Unnamed: 0,Zip Code,Price,Beds,Baths,Living Space,Address,City,State,Zip Code Population,Zip Code Density,County,Median Household Income,Latitude,Longitude,price_label,county_num,city_num,state_num,address_num
23021,64112,219900.0,2,1,891,1111 W 46TH ST APT 22,Kansas City,Missouri,8545,2248.8,Jackson,140745.0,39.03599,-94.59529,1,28,40,16,22345
12516,64114,352500.0,3,2,1396,7125 PENNSYLVANIA AVE,Kansas City,Missouri,24700,1347.8,Jackson,91489.0,38.9581,-94.59715,2,28,40,16,12113
12607,64153,305000.0,3,2,1666,8500 N WINAN AVE,Kansas City,Missouri,6095,64.6,Platte,97764.0,39.27999,-94.73148,2,30,40,16,12203
12571,64133,275000.0,3,3,2501,6200 MOATS DR,Kansas City,Missouri,36700,834.1,Jackson,75093.0,39.01406,-94.45689,2,28,40,16,12168
35646,64134,84900.0,2,2,914,11575 FOOD LN,Kansas City,Missouri,22749,737.5,Jackson,66922.0,38.9308,-94.48667,0,28,40,16,34625
29763,64114,450000.0,3,3,2356,7740 MERCIER ST,Kansas City,Missouri,24700,1347.8,Jackson,91489.0,38.9581,-94.59715,3,28,40,16,28896
12525,64114,339000.0,3,2,1489,8813 BELLEVIEW AVE,Kansas City,Missouri,24700,1347.8,Jackson,91489.0,38.9581,-94.59715,2,28,40,16,12122
23127,64129,220000.0,3,3,1770,5008 BOOTH CT,Kansas City,Missouri,8768,327.3,Jackson,67280.0,39.04935,-94.49682,1,28,40,16,22451
12508,64113,285000.0,2,1,976,6316 OAK ST,Kansas City,Missouri,12323,1880.7,Jackson,220032.0,39.01414,-94.5956,2,28,40,16,12105
23061,64118,230000.0,3,1,1560,720 NE 82ND TER,Kansas City,Missouri,43305,1308.7,Clay,80932.0,39.21301,-94.57497,1,29,40,16,22385
29798,64152,420000.0,4,4,3952,7650 N POMONA AVE,Kansas City,Missouri,31560,394.5,Platte,148658.0,39.21278,-94.72271,3,30,40,16,28931
12578,64137,295500.0,4,2,2075,11203 NORTON AVE,Kansas City,Missouri,10901,729.4,Jackson,73492.0,38.93196,-94.54287,2,28,40,16,12174
23049,64117,229000.0,4,2,1400,7116 NE 46TH ST,Kansas City,Missouri,14677,938.2,Clay,66848.0,39.16522,-94.52251,1,29,40,16,22373
23277,66102,140000.0,3,2,1353,1511 TAUROMEE AVE,Kansas City,Kansas,30874,1038.0,Wyandotte,61534.0,39.11246,-94.68842,1,80,40,17,22601
35597,64130,65000.0,3,1,864,4613 LAWN AVE,Kansas City,Missouri,19355,1054.8,Jackson,52129.0,39.03345,-94.54119,0,28,40,16,34576
6216,64124,625000.0,6,5,4192,509 GLADSTONE BLVD,Kansas City,Missouri,11039,2529.8,Jackson,50653.0,39.10718,-94.5391,4,28,40,16,5980
12579,64137,340000.0,5,3,2595,10407 ASKEW AVE,Kansas City,Missouri,10901,729.4,Jackson,73492.0,38.93196,-94.54287,2,28,40,16,12175
23154,64131,175000.0,3,2,1478,1162 E 75TH TER,Kansas City,Missouri,22901,1035.3,Jackson,76640.0,38.95723,-94.57449,1,28,40,16,22478
23293,66102,165000.0,2,2,1470,626 N 37TH ST,Kansas City,Kansas,30874,1038.0,Wyandotte,61534.0,39.11246,-94.68842,1,80,40,17,22617
29828,64157,394900.0,3,3,2760,10316 N LANE AVE,Kansas City,Missouri,21539,769.5,Clay,165544.0,39.27657,-94.47103,3,29,40,16,28961
12498,64111,315000.0,2,1,1626,4227 MERCIER ST,Kansas City,Missouri,17039,2428.2,Jackson,84478.0,39.05707,-94.59393,2,28,40,16,12095
850,64151,675000.0,3,3,2190,7031 N ANITA AVE,Kansas City,Missouri,27653,813.9,Platte,106458.0,39.21494,-94.63115,5,30,40,16,819
23254,64151,229900.0,3,2,1488,4809 NW WOODY CREEK LN,Kansas City,Missouri,27653,813.9,Platte,106458.0,39.21494,-94.63115,1,30,40,16,22578
23230,64137,173000.0,3,1,912,10002 OAKLEY AVE,Kansas City,Missouri,10901,729.4,Jackson,73492.0,38.93196,-94.54287,1,28,40,16,22554
23313,66104,159950.0,3,2,1188,3401 N 59TH TER,Kansas City,Kansas,26638,636.5,Wyandotte,63194.0,39.15043,-94.68861,1,80,40,17,22637
23136,64130,229000.0,4,4,3506,6014 AGNES AVE,Kansas City,Missouri,19355,1054.8,Jackson,52129.0,39.03345,-94.54119,1,28,40,16,22460
23351,66111,245000.0,3,2,2148,51 N 73RD ST,Kansas City,Kansas,10600,176.5,Wyandotte,75733.0,39.08529,-94.79621,1,80,40,17,22675
23007,64110,235000.0,3,1,2041,1312 E 59TH TER,Kansas City,Missouri,17400,2249.2,Jackson,80574.0,39.03445,-94.57265,1,28,40,16,22331
23243,64138,169999.0,2,1,936,8610 E 79TH ST,Kansas City,Missouri,24185,700.7,Jackson,69700.0,38.96852,-94.47088,1,28,40,16,22567
29832,66106,400000.0,4,2,2304,1450 S 51ST ST,Kansas City,Kansas,23817,485.5,Wyandotte,72169.0,39.06631,-94.70384,3,80,40,17,28965
35579,64127,74950.0,2,1,676,1610 ELMWOOD AVE,Kansas City,Missouri,17360,1604.0,Jackson,43395.0,39.08912,-94.53837,0,28,40,16,34558
23355,66112,230000.0,3,3,1524,7816 ORVILLE AVE,Kansas City,Kansas,12868,904.7,Wyandotte,66323.0,39.11494,-94.7701,1,80,40,17,22679
23004,64110,225000.0,3,1,1190,5125 FOREST AVE,Kansas City,Missouri,17400,2249.2,Jackson,80574.0,39.03445,-94.57265,1,28,40,16,22328
6258,64157,510000.0,5,4,2862,8003 NE 100TH TER,Kansas City,Missouri,21539,769.5,Clay,165544.0,39.27657,-94.47103,4,29,40,16,6022
12483,64105,299999.0,1,2,1386,609 CENTRAL ST APT 1105,Kansas City,Missouri,5168,2494.2,Jackson,83063.0,39.10599,-94.58985,2,28,40,16,12080
29750,64111,445000.0,4,3,3056,3708 CENTRAL ST,Kansas City,Missouri,17039,2428.2,Jackson,84478.0,39.05707,-94.59393,3,28,40,16,28883
6205,64113,584000.0,4,4,2550,1210 W 67TH TER,Kansas City,Missouri,12323,1880.7,Jackson,220032.0,39.01414,-94.5956,4,28,40,16,5969
12658,66109,285000.0,4,2,2200,7220 WAVERLY AVE,Kansas City,Kansas,27507,231.6,Wyandotte,108222.0,39.16367,-94.8283,2,80,40,17,12254
23217,64134,150000.0,4,2,2748,10700 NEWTON AVE,Kansas City,Missouri,22749,737.5,Jackson,66922.0,38.9308,-94.48667,1,28,40,16,22541
23180,64133,245000.0,3,2,1586,9501 E 43RD ST,Kansas City,Missouri,36700,834.1,Jackson,75093.0,39.01406,-94.45689,1,28,40,16,22504
6204,64113,549000.0,3,3,2172,6620 LINDEN RD,Kansas City,Missouri,12323,1880.7,Jackson,220032.0,39.01414,-94.5956,4,28,40,16,5968
23324,66106,150000.0,3,2,1440,4731 GIBBS RD,Kansas City,Kansas,23817,485.5,Wyandotte,72169.0,39.06631,-94.70384,1,80,40,17,22648
6210,64113,549000.0,3,3,1780,5525 WORNALL RD,Kansas City,Missouri,12323,1880.7,Jackson,220032.0,39.01414,-94.5956,4,28,40,16,5974
23065,64119,239900.0,3,2,1536,5028 NE 57TH TER,Kansas City,Missouri,32461,864.3,Clay,91061.0,39.21137,-94.5186,1,29,40,16,22389
23265,66101,205000.0,3,2,1572,10 N 9TH ST,Kansas City,Kansas,12410,1480.6,Wyandotte,49815.0,39.11871,-94.62592,1,80,40,17,22589
35622,64131,70000.0,2,1,982,8212 HOLMES RD,Kansas City,Missouri,22901,1035.3,Jackson,76640.0,38.95723,-94.57449,0,28,40,16,34601
23051,64118,200000.0,3,2,1871,5440 N TRACY AVE,Kansas City,Missouri,43305,1308.7,Clay,80932.0,39.21301,-94.57497,1,29,40,16,22375
23112,64128,199000.0,4,2,1572,3428 COLLEGE AVE,Kansas City,Missouri,12076,1551.0,Jackson,47545.0,39.06555,-94.53484,1,28,40,16,22436
22987,64106,170000.0,2,2,748,600 E 8TH ST APT 5T,Kansas City,Missouri,10830,2599.1,Jackson,72015.0,39.10526,-94.57013,1,28,40,16,22311
12557,64128,284900.0,5,4,2500,3027 MONTGALL AVE,Kansas City,Missouri,12076,1551.0,Jackson,47545.0,39.06555,-94.53484,2,28,40,16,12154
12492,64110,259800.0,5,3,2815,1112 E 42ND ST,Kansas City,Missouri,17400,2249.2,Jackson,80574.0,39.03445,-94.57265,2,28,40,16,12089
12567,64131,309900.0,3,2,1743,415 E 70TH ST,Kansas City,Missouri,22901,1035.3,Jackson,76640.0,38.95723,-94.57449,2,28,40,16,12164
35583,64128,99500.0,2,1,1102,2833 ASKEW AVE,Kansas City,Missouri,12076,1551.0,Jackson,47545.0,39.06555,-94.53484,0,28,40,16,34562
12613,64155,284500.0,3,3,2109,8503 N WOODLAND CT,Kansas City,Missouri,28091,742.9,Clay,106449.0,39.28031,-94.56801,2,29,40,16,12209
12647,66103,298000.0,3,2,1120,4123 SPRINGFIELD ST,Kansas City,Kansas,13471,1114.6,Wyandotte,61950.0,39.06045,-94.62707,2,80,40,17,12243
12648,66104,284900.0,5,2,2300,2358 N 63RD ST,Kansas City,Kansas,26638,636.5,Wyandotte,63194.0,39.15043,-94.68861,2,80,40,17,12244
23204,64134,140000.0,4,1,1176,7704 E 110TH ST,Kansas City,Missouri,22749,737.5,Jackson,66922.0,38.9308,-94.48667,1,28,40,16,22528
12556,64127,259900.0,3,3,1434,2106 OLIVE ST,Kansas City,Missouri,17360,1604.0,Jackson,43395.0,39.08912,-94.53837,2,28,40,16,12153
23343,66109,247900.0,3,2,1968,7320 SLOAN AVE,Kansas City,Kansas,27507,231.6,Wyandotte,108222.0,39.16367,-94.8283,1,80,40,17,22667
12652,66106,300000.0,3,3,1848,5430 DOUGLAS AVE,Kansas City,Kansas,23817,485.5,Wyandotte,72169.0,39.06631,-94.70384,2,80,40,17,12248
23260,64155,225000.0,2,2,1207,605 NE 96TH TER,Kansas City,Missouri,28091,742.9,Clay,106449.0,39.28031,-94.56801,1,29,40,16,22584
23036,64116,165000.0,2,1,821,1100 NE 44TH TER,Kansas City,Missouri,16977,604.8,Clay,76921.0,39.14875,-94.57444,1,29,40,16,22360
23337,66106,199995.0,3,2,1384,2920 S 45TH TER,Kansas City,Kansas,23817,485.5,Wyandotte,72169.0,39.06631,-94.70384,1,80,40,17,22661
12568,64131,300000.0,3,2,1850,6716 ROCKHILL RD,Kansas City,Missouri,22901,1035.3,Jackson,76640.0,38.95723,-94.57449,2,28,40,16,12165
12489,64109,269000.0,4,2,2234,2739 GARFIELD AVE,Kansas City,Missouri,9919,1792.0,Jackson,69515.0,39.06646,-94.56709,2,28,40,16,12086
12509,64113,350000.0,3,1,1854,6106 OAK ST,Kansas City,Missouri,12323,1880.7,Jackson,220032.0,39.01414,-94.5956,2,28,40,16,12106
23045,64117,187995.0,2,1,880,4828 NE 46TH TER,Kansas City,Missouri,14677,938.2,Clay,66848.0,39.16522,-94.52251,1,29,40,16,22369
23310,66104,175000.0,3,2,2310,2522 N 34TH ST,Kansas City,Kansas,26638,636.5,Wyandotte,63194.0,39.15043,-94.68861,1,80,40,17,22634
6199,64108,625000.0,2,1,1254,1619 JEFFERSON ST,Kansas City,Missouri,9057,957.9,Jackson,98291.0,39.08413,-94.58449,4,28,40,16,5963
35639,64132,95000.0,4,1,1377,4018 E 67TH TER,Kansas City,Missouri,13100,469.6,Jackson,48962.0,38.98551,-94.5396,0,28,40,16,34618
23115,64128,169000.0,3,2,2014,3043 COLLEGE AVE,Kansas City,Missouri,12076,1551.0,Jackson,47545.0,39.06555,-94.53484,1,28,40,16,22439
35628,64132,85000.0,2,1,1680,6818 MONROE AVE,Kansas City,Missouri,13100,469.6,Jackson,48962.0,38.98551,-94.5396,0,28,40,16,34607
23018,64111,225000.0,4,3,1850,3901 CENTRAL ST,Kansas City,Missouri,17039,2428.2,Jackson,84478.0,39.05707,-94.59393,1,28,40,16,22342
23139,64130,197000.0,3,2,1203,4027 OLIVE ST,Kansas City,Missouri,19355,1054.8,Jackson,52129.0,39.03345,-94.54119,1,28,40,16,22463
847,64123,659000.0,4,4,4189,3426 SAINT JOHN AVE,Kansas City,Missouri,11285,2424.0,Jackson,59780.0,39.11436,-94.52167,5,28,40,16,816
35635,64132,90000.0,3,1,1000,7235 S BENTON AVE,Kansas City,Missouri,13100,469.6,Jackson,48962.0,38.98551,-94.5396,0,28,40,16,34614
12565,64131,270000.0,3,2,1622,7536 CHARLOTTE ST,Kansas City,Missouri,22901,1035.3,Jackson,76640.0,38.95723,-94.57449,2,28,40,16,12162
12499,64111,290000.0,1,1,892,4141 PENNSYLVANIA AVE APT 206,Kansas City,Missouri,17039,2428.2,Jackson,84478.0,39.05707,-94.59393,2,28,40,16,12096
12535,64118,290000.0,3,4,2368,1104 NW 62ND TER,Kansas City,Missouri,43305,1308.7,Clay,80932.0,39.21301,-94.57497,2,29,40,16,12132
23050,64117,130000.0,2,1,788,2806 NE RUSSELL RD,Kansas City,Missouri,14677,938.2,Clay,66848.0,39.16522,-94.52251,1,29,40,16,22374
6232,64155,530000.0,4,3,2854,2401 NE 112TH ST,Kansas City,Missouri,28091,742.9,Clay,106449.0,39.28031,-94.56801,4,29,40,16,5996
12530,64116,315000.0,3,2,1404,119 NE EVANSDALE RD,Kansas City,Missouri,16977,604.8,Clay,76921.0,39.14875,-94.57444,2,29,40,16,12127
23257,64152,210000.0,3,2,1840,7107 NW CHAPEL WOODS LN,Kansas City,Missouri,31560,394.5,Platte,148658.0,39.21278,-94.72271,1,30,40,16,22581
23135,64130,243000.0,3,3,2359,5115 LAWN AVE,Kansas City,Missouri,19355,1054.8,Jackson,52129.0,39.03345,-94.54119,1,28,40,16,22459
23094,64124,179000.0,3,2,1434,411 LAWN AVE,Kansas City,Missouri,11039,2529.8,Jackson,50653.0,39.10718,-94.5391,1,28,40,16,22418
35633,64132,85000.0,2,1,1194,2029 E GREGORY BLVD,Kansas City,Missouri,13100,469.6,Jackson,48962.0,38.98551,-94.5396,0,28,40,16,34612
35599,64130,74950.0,2,1,690,4620 CHELSEA AVE,Kansas City,Missouri,19355,1054.8,Jackson,52129.0,39.03345,-94.54119,0,28,40,16,34578
23072,64119,165000.0,2,2,970,8010 N DRURY AVE UNIT 1C,Kansas City,Missouri,32461,864.3,Clay,91061.0,39.21137,-94.5186,1,29,40,16,22396
23169,64132,170000.0,3,2,963,2415 E 77TH ST,Kansas City,Missouri,13100,469.6,Jackson,48962.0,38.98551,-94.5396,1,28,40,16,22493
23215,64134,159000.0,3,2,1092,7511 E 110TH ST,Kansas City,Missouri,22749,737.5,Jackson,66922.0,38.9308,-94.48667,1,28,40,16,22539
23345,66109,240000.0,3,3,2156,7905 ROWLAND AVE,Kansas City,Kansas,27507,231.6,Wyandotte,108222.0,39.16367,-94.8283,1,80,40,17,22669
12488,64108,299900.0,3,1,1250,1102 W 24TH ST,Kansas City,Missouri,9057,957.9,Jackson,98291.0,39.08413,-94.58449,2,28,40,16,12085
12534,64117,269950.0,4,3,1706,3901 N KENSINGTON AVE,Kansas City,Missouri,14677,938.2,Clay,66848.0,39.16522,-94.52251,2,29,40,16,12131
23032,64114,215000.0,2,1,792,1 W POCAHONTAS LN,Kansas City,Missouri,24700,1347.8,Jackson,91489.0,38.9581,-94.59715,1,28,40,16,22356
12585,64151,359900.0,3,3,2396,5300 NW 59TH TER,Kansas City,Missouri,27653,813.9,Platte,106458.0,39.21494,-94.63115,2,30,40,16,12181
23163,64132,239500.0,5,3,3333,6927 PASEO BLVD,Kansas City,Missouri,13100,469.6,Jackson,48962.0,38.98551,-94.5396,1,28,40,16,22487
2845,64111,1100000.0,3,3,3861,4506 SUMMIT ST,Kansas City,Missouri,17039,2428.2,Jackson,84478.0,39.05707,-94.59393,8,28,40,16,2730
23335,66106,165000.0,2,1,713,5101 CREST DR,Kansas City,Kansas,23817,485.5,Wyandotte,72169.0,39.06631,-94.70384,1,80,40,17,22659
29800,64154,404722.0,2,2,1401,3926 NW 95TH ST,Kansas City,Missouri,12863,383.8,Platte,119795.0,39.27653,-94.62967,3,30,40,16,28933
23308,66104,250000.0,4,3,1624,3024 N 56TH ST,Kansas City,Kansas,26638,636.5,Wyandotte,63194.0,39.15043,-94.68861,1,80,40,17,22632
12641,66102,285000.0,3,3,1455,1725 N 57TH TER,Kansas City,Kansas,30874,1038.0,Wyandotte,61534.0,39.11246,-94.68842,2,80,40,17,12237
12643,66103,325000.0,2,3,1234,4475 RAINBOW BLVD,Kansas City,Kansas,13471,1114.6,Wyandotte,61950.0,39.06045,-94.62707,2,80,40,17,12239
29820,64157,439950.0,4,4,2603,8809 NE 100TH ST,Kansas City,Missouri,21539,769.5,Clay,165544.0,39.27657,-94.47103,3,29,40,16,28953
29806,64155,500000.0,5,4,3200,2111 NE 114TH ST,Kansas City,Missouri,28091,742.9,Clay,106449.0,39.28031,-94.56801,3,29,40,16,28939
6231,64155,518500.0,4,3,2275,812 NW 94TH TER,Kansas City,Missouri,28091,742.9,Clay,106449.0,39.28031,-94.56801,4,29,40,16,5995
23108,64127,230000.0,5,2,1900,2546 PARK AVE,Kansas City,Missouri,17360,1604.0,Jackson,43395.0,39.08912,-94.53837,1,28,40,16,22432
6206,64113,529000.0,3,2,1882,222 E 56TH ST,Kansas City,Missouri,12323,1880.7,Jackson,220032.0,39.01414,-94.5956,4,28,40,16,5970
35596,64130,110000.0,2,1,818,3212 E 60TH ST,Kansas City,Missouri,19355,1054.8,Jackson,52129.0,39.03345,-94.54119,0,28,40,16,34575
12514,64114,350000.0,3,2,1254,7525 WALNUT ST,Kansas City,Missouri,24700,1347.8,Jackson,91489.0,38.9581,-94.59715,2,28,40,16,12111
843,64108,699000.0,3,5,2600,2451 TRACY AVE,Kansas City,Missouri,9057,957.9,Jackson,98291.0,39.08413,-94.58449,5,28,40,16,812
12633,64157,295000.0,3,3,1601,8644 NE 115TH TER,Kansas City,Missouri,21539,769.5,Clay,165544.0,39.27657,-94.47103,2,29,40,16,12229
23055,64118,245000.0,4,2,2046,2109 NE 78TH ST,Kansas City,Missouri,43305,1308.7,Clay,80932.0,39.21301,-94.57497,1,29,40,16,22379
35655,66101,75000.0,4,1,1277,610 PARALLEL AVE,Kansas City,Kansas,12410,1480.6,Wyandotte,49815.0,39.11871,-94.62592,0,80,40,17,34634
23146,64130,185000.0,3,2,1400,2013 E 61ST ST,Kansas City,Missouri,19355,1054.8,Jackson,52129.0,39.03345,-94.54119,1,28,40,16,22470
12536,64118,259900.0,3,3,2052,411 NW 71ST TER,Kansas City,Missouri,43305,1308.7,Clay,80932.0,39.21301,-94.57497,2,29,40,16,12133
23319,66104,164900.0,3,1,1540,1831 WALKER AVE,Kansas City,Kansas,26638,636.5,Wyandotte,63194.0,39.15043,-94.68861,1,80,40,17,22643
23314,66104,239000.0,3,1,1092,3631 N 65TH ST,Kansas City,Kansas,26638,636.5,Wyandotte,63194.0,39.15043,-94.68861,1,80,40,17,22638
12564,64131,315000.0,3,2,1424,928 E 77TH TER,Kansas City,Missouri,22901,1035.3,Jackson,76640.0,38.95723,-94.57449,2,28,40,16,12161
12542,64118,315000.0,5,3,2147,1900 NE 80TH ST,Kansas City,Missouri,43305,1308.7,Clay,80932.0,39.21301,-94.57497,2,29,40,16,12139
29764,64114,475000.0,3,3,1982,1259 W GREGORY BLVD,Kansas City,Missouri,24700,1347.8,Jackson,91489.0,38.9581,-94.59715,3,28,40,16,28897
23316,66104,195000.0,5,2,1350,2939 N 27TH ST,Kansas City,Kansas,26638,636.5,Wyandotte,63194.0,39.15043,-94.68861,1,80,40,17,22640
23096,64124,145000.0,3,2,1952,3410 THOMPSON AVE,Kansas City,Missouri,11039,2529.8,Jackson,50653.0,39.10718,-94.5391,1,28,40,16,22420
23237,64138,155000.0,3,2,3290,9417 PALMER AVE,Kansas City,Missouri,24185,700.7,Jackson,69700.0,38.96852,-94.47088,1,28,40,16,22561
35588,64128,95000.0,4,2,2071,3422 COLLEGE AVE,Kansas City,Missouri,12076,1551.0,Jackson,47545.0,39.06555,-94.53484,0,28,40,16,34567
23120,64128,130000.0,3,2,1378,3039 COLLEGE AVE,Kansas City,Missouri,12076,1551.0,Jackson,47545.0,39.06555,-94.53484,1,28,40,16,22444
23087,64123,139900.0,3,1,1584,334 N WHEELING AVE,Kansas City,Missouri,11285,2424.0,Jackson,59780.0,39.11436,-94.52167,1,28,40,16,22411
23117,64128,219000.0,5,3,3194,3722 INDIANA AVE,Kansas City,Missouri,12076,1551.0,Jackson,47545.0,39.06555,-94.53484,1,28,40,16,22441
12624,64155,375000.0,4,3,2505,3 NE 90TH TER,Kansas City,Missouri,28091,742.9,Clay,106449.0,39.28031,-94.56801,2,29,40,16,12220
23304,66104,180000.0,2,2,1760,2926 N BALTIMORE ST,Kansas City,Kansas,26638,636.5,Wyandotte,63194.0,39.15043,-94.68861,1,80,40,17,22628
23162,64132,190000.0,3,2,1100,7207 NORTON AVE,Kansas City,Missouri,13100,469.6,Jackson,48962.0,38.98551,-94.5396,1,28,40,16,22486
35611,64130,115000.0,2,1,683,5702 EUCLID AVE,Kansas City,Missouri,19355,1054.8,Jackson,52129.0,39.03345,-94.54119,0,28,40,16,34590
12518,64114,277500.0,2,1,1032,8826 DANIEL BOONE RD,Kansas City,Missouri,24700,1347.8,Jackson,91489.0,38.9581,-94.59715,2,28,40,16,12115
12484,64105,295000.0,2,2,1085,999 PENNSYLVANIA AVE # 999,Kansas City,Missouri,5168,2494.2,Jackson,83063.0,39.10599,-94.58985,2,28,40,16,12081
29817,64156,449900.0,4,3,2100,5101 NE 102ND STREET,Kansas City,Missouri,6101,217.6,Clay,139247.0,39.2762,-94.5195,3,29,40,16,28950
23284,66102,174500.0,3,2,1460,1009 N 62ND ST,Kansas City,Kansas,30874,1038.0,Wyandotte,61534.0,39.11246,-94.68842,1,80,40,17,22608
23311,66104,147000.0,2,1,1924,1027 GREELEY AVE,Kansas City,Kansas,26638,636.5,Wyandotte,63194.0,39.15043,-94.68861,1,80,40,17,22635
23046,64117,215000.0,3,2,1384,4148 N CLEVELAND AVE,Kansas City,Missouri,14677,938.2,Clay,66848.0,39.16522,-94.52251,1,29,40,16,22370
35650,64134,94900.0,4,2,1128,10715 EWING DR,Kansas City,Missouri,22749,737.5,Jackson,66922.0,38.9308,-94.48667,0,28,40,16,34629
23279,66102,255000.0,3,2,1165,1816 N 60TH ST,Kansas City,Kansas,30874,1038.0,Wyandotte,61534.0,39.11246,-94.68842,1,80,40,17,22603
12550,64123,319500.0,5,3,2750,116 N VAN BRUNT BLVD,Kansas City,Missouri,11285,2424.0,Jackson,59780.0,39.11436,-94.52167,2,28,40,16,12147
23328,66106,199000.0,2,2,1176,6121 HOLLIDAY DR,Kansas City,Kansas,23817,485.5,Wyandotte,72169.0,39.06631,-94.70384,1,80,40,17,22652
6213,64116,565000.0,5,4,4700,3910 N CENTRAL ST,Kansas City,Missouri,16977,604.8,Clay,76921.0,39.14875,-94.57444,4,29,40,16,5977
23266,66102,147950.0,3,1,1040,1717 N 30TH ST,Kansas City,Kansas,30874,1038.0,Wyandotte,61534.0,39.11246,-94.68842,1,80,40,17,22590
29788,64145,499000.0,4,4,2253,12704 HIGHLAND AVE,Kansas City,Missouri,5054,350.9,Jackson,120748.0,38.88046,-94.59652,3,28,40,16,28921
12591,64151,375000.0,4,3,2122,5811 N AMES AVE,Kansas City,Missouri,27653,813.9,Platte,106458.0,39.21494,-94.63115,2,30,40,16,12187
6223,64154,545000.0,5,5,3540,5511 NW 93RD ST,Kansas City,Missouri,12863,383.8,Platte,119795.0,39.27653,-94.62967,4,30,40,16,5987
23157,64131,174900.0,3,2,2102,1417 E 72ND ST,Kansas City,Missouri,22901,1035.3,Jackson,76640.0,38.95723,-94.57449,1,28,40,16,22481
6219,64145,550000.0,4,4,3326,12545 MCGEE ST,Kansas City,Missouri,5054,350.9,Jackson,120748.0,38.88046,-94.59652,4,28,40,16,5983
23124,64129,175000.0,3,1,1224,2413 BOOTH AVE,Kansas City,Missouri,8768,327.3,Jackson,67280.0,39.04935,-94.49682,1,28,40,16,22448
6254,64157,545000.0,4,4,3872,7607 NE 86TH CT,Kansas City,Missouri,21539,769.5,Clay,165544.0,39.27657,-94.47103,4,29,40,16,6018
23037,64117,174450.0,2,1,1496,5108 NE 45TH ST,Kansas City,Missouri,14677,938.2,Clay,66848.0,39.16522,-94.52251,1,29,40,16,22361
2847,64155,1122142.0,5,5,4075,10211 N BELLEFONTAINE AVE,Kansas City,Missouri,28091,742.9,Clay,106449.0,39.28031,-94.56801,8,29,40,16,2732
23106,64127,149900.0,4,2,3120,2117 BROOKLYN AVE,Kansas City,Missouri,17360,1604.0,Jackson,43395.0,39.08912,-94.53837,1,28,40,16,22430
23289,66102,240000.0,4,2,1968,1827 HOMER AVE,Kansas City,Kansas,30874,1038.0,Wyandotte,61534.0,39.11246,-94.68842,1,80,40,17,22613
23114,64128,185000.0,3,3,2165,2926 BALES AVE,Kansas City,Missouri,12076,1551.0,Jackson,47545.0,39.06555,-94.53484,1,28,40,16,22438
12594,64151,299000.0,3,3,3222,5625 N MAYVIEW AVE,Kansas City,Missouri,27653,813.9,Platte,106458.0,39.21494,-94.63115,2,30,40,16,12190
35664,66106,120000.0,5,1,1759,1302 S 45TH TER,Kansas City,Kansas,23817,485.5,Wyandotte,72169.0,39.06631,-94.70384,0,80,40,17,34643
23256,64152,169900.0,2,2,912,7504 N AVALON ST,Kansas City,Missouri,31560,394.5,Platte,148658.0,39.21278,-94.72271,1,30,40,16,22580
23276,66102,191000.0,3,2,1584,4814 RICHMOND AVE,Kansas City,Kansas,30874,1038.0,Wyandotte,61534.0,39.11246,-94.68842,1,80,40,17,22600
12573,64133,265000.0,3,3,2023,13900 E 50TH ST,Kansas City,Missouri,36700,834.1,Jackson,75093.0,39.01406,-94.45689,2,28,40,16,12170
23185,64134,155000.0,3,1,912,11415 DELMAR AVE,Kansas City,Missouri,22749,737.5,Jackson,66922.0,38.9308,-94.48667,1,28,40,16,22509
22992,64108,180000.0,1,2,900,2107 GRAND BLVD APT 1207,Kansas City,Missouri,9057,957.9,Jackson,98291.0,39.08413,-94.58449,1,28,40,16,22316
851,64153,660000.0,4,3,3011,8315 NW 90TH ST,Kansas City,Missouri,6095,64.6,Platte,97764.0,39.27999,-94.73148,5,30,40,16,820
12539,64118,280000.0,3,2,1488,6800 JASON SMITH CT,Kansas City,Missouri,43305,1308.7,Clay,80932.0,39.21301,-94.57497,2,29,40,16,12136
23081,64119,238900.0,3,2,1128,5119 N WINCHESTER AVE,Kansas City,Missouri,32461,864.3,Clay,91061.0,39.21137,-94.5186,1,29,40,16,22405
35577,64127,74950.0,2,1,866,1621 CYPRESS AVE,Kansas City,Missouri,17360,1604.0,Jackson,43395.0,39.08912,-94.53837,0,28,40,16,34556
858,64163,750000.0,5,5,4020,13648 ELLEN LN,Kansas City,Missouri,1011,43.3,Platte,65130.0,39.33674,-94.68922,5,30,40,16,827
12570,64131,275000.0,3,1,1489,701 E GREGORY BLVD,Kansas City,Missouri,22901,1035.3,Jackson,76640.0,38.95723,-94.57449,2,28,40,16,12167
23299,66103,245000.0,3,3,1446,1702 LAKE AVE,Kansas City,Kansas,13471,1114.6,Wyandotte,61950.0,39.06045,-94.62707,1,80,40,17,22623
29785,64139,400000.0,4,3,2636,15909 E 78TH ST,Kansas City,Missouri,2656,214.3,Jackson,127460.0,38.96832,-94.40677,3,28,40,16,28918
12627,64156,354900.0,3,2,2572,8509 N KENSINGTON AVE,Kansas City,Missouri,6101,217.6,Clay,139247.0,39.2762,-94.5195,2,29,40,16,12223
29767,64114,419950.0,3,2,1470,8241 MAIN ST,Kansas City,Missouri,24700,1347.8,Jackson,91489.0,38.9581,-94.59715,3,28,40,16,28900
35618,64131,120000.0,2,1,900,1124 E 79TH ST,Kansas City,Missouri,22901,1035.3,Jackson,76640.0,38.95723,-94.57449,0,28,40,16,34597
23186,64134,159500.0,3,1,1176,11001 BENNINGTON AVE,Kansas City,Missouri,22749,737.5,Jackson,66922.0,38.9308,-94.48667,1,28,40,16,22510
29758,64113,450000.0,3,2,2053,21 E DARTMOUTH RD,Kansas City,Missouri,12323,1880.7,Jackson,220032.0,39.01414,-94.5956,3,28,40,16,28891
23161,64132,165000.0,3,1,1166,6654 INDIANA AVE,Kansas City,Missouri,13100,469.6,Jackson,48962.0,38.98551,-94.5396,1,28,40,16,22485
23011,64111,141000.0,1,1,815,4521 MADISON AVE # 203,Kansas City,Missouri,17039,2428.2,Jackson,84478.0,39.05707,-94.59393,1,28,40,16,22335
12617,64155,284975.0,3,3,1730,10119 N MCGEE CT,Kansas City,Missouri,28091,742.9,Clay,106449.0,39.28031,-94.56801,2,29,40,16,12213
6215,64119,549000.0,4,3,2693,6141 N CHELSEA AVE,Kansas City,Missouri,32461,864.3,Clay,91061.0,39.21137,-94.5186,4,29,40,16,5979
23089,64123,155000.0,3,2,2410,501 LAWNDALE AVE,Kansas City,Missouri,11285,2424.0,Jackson,59780.0,39.11436,-94.52167,1,28,40,16,22413
6225,64154,635000.0,4,4,3350,5904 NW 107TH ST,Kansas City,Missouri,12863,383.8,Platte,119795.0,39.27653,-94.62967,4,30,40,16,5989
12592,64151,352500.0,4,3,2564,8143 NW TWIN OAKS DR,Kansas City,Missouri,27653,813.9,Platte,106458.0,39.21494,-94.63115,2,30,40,16,12188
12645,66103,340000.0,4,3,1878,3236 W 42ND AVE,Kansas City,Kansas,13471,1114.6,Wyandotte,61950.0,39.06045,-94.62707,2,80,40,17,12241
26948,64111,1195000.0,3,3,3281,300 W 45TH TER UNIT 301,Kansas City,Missouri,17039,2428.2,Jackson,84478.0,39.05707,-94.59393,9,28,40,16,26178
23070,64119,195000.0,3,2,1586,8148 NE 50TH ST,Kansas City,Missouri,32461,864.3,Clay,91061.0,39.21137,-94.5186,1,29,40,16,22394
29821,64157,495000.0,5,3,2696,11811 N MANNING AVE,Kansas City,Missouri,21539,769.5,Clay,165544.0,39.27657,-94.47103,3,29,40,16,28954
35593,64130,85000.0,2,1,840,4330 BALES AVE,Kansas City,Missouri,19355,1054.8,Jackson,52129.0,39.03345,-94.54119,0,28,40,16,34572
23145,64130,175000.0,2,2,1360,4207 BENTON BLVD,Kansas City,Missouri,19355,1054.8,Jackson,52129.0,39.03345,-94.54119,1,28,40,16,22469
23212,64134,150000.0,3,2,960,10108 WHITE AVE,Kansas City,Missouri,22749,737.5,Jackson,66922.0,38.9308,-94.48667,1,28,40,16,22536
23242,64138,225000.0,3,2,1982,8807 STARK AVE,Kansas City,Missouri,24185,700.7,Jackson,69700.0,38.96852,-94.47088,1,28,40,16,22566
29752,64111,495000.0,4,4,3027,3707 WALNUT ST,Kansas City,Missouri,17039,2428.2,Jackson,84478.0,39.05707,-94.59393,3,28,40,16,28885
35594,64130,69000.0,2,1,642,4435 NORTON AVE,Kansas City,Missouri,19355,1054.8,Jackson,52129.0,39.03345,-94.54119,0,28,40,16,34573
12493,64110,354950.0,4,2,2033,4235 HARRISON ST,Kansas City,Missouri,17400,2249.2,Jackson,80574.0,39.03445,-94.57265,2,28,40,16,12090
12600,64151,299950.0,4,3,3476,5209 NW 58TH TER,Kansas City,Missouri,27653,813.9,Platte,106458.0,39.21494,-94.63115,2,30,40,16,12196
6233,64156,535000.0,4,3,2700,8816 N ELMWOOD AVE,Kansas City,Missouri,6101,217.6,Clay,139247.0,39.2762,-94.5195,4,29,40,16,5997
35573,64125,115000.0,3,2,1912,8319 MORRELL AVE,Kansas City,Missouri,2506,630.1,Jackson,56539.0,39.1065,-94.49388,0,28,40,16,34552
23222,64134,129000.0,3,1,936,11322 SYCAMORE TER,Kansas City,Missouri,22749,737.5,Jackson,66922.0,38.9308,-94.48667,1,28,40,16,22546
23003,64110,167500.0,3,3,2204,3915 PASEO BLVD,Kansas City,Missouri,17400,2249.2,Jackson,80574.0,39.03445,-94.57265,1,28,40,16,22327
23325,66106,134900.0,2,1,933,3513 RUBY AVE,Kansas City,Kansas,23817,485.5,Wyandotte,72169.0,39.06631,-94.70384,1,80,40,17,22649
23099,64125,145000.0,2,1,932,733 DITMAN AVE,Kansas City,Missouri,2506,630.1,Jackson,56539.0,39.1065,-94.49388,1,28,40,16,22423
23188,64134,165000.0,3,2,1636,6706 E 100TH TER,Kansas City,Missouri,22749,737.5,Jackson,66922.0,38.9308,-94.48667,1,28,40,16,22512
12615,64155,275000.0,3,3,2100,9621 N LOCUST DR,Kansas City,Missouri,28091,742.9,Clay,106449.0,39.28031,-94.56801,2,29,40,16,12211
12586,64151,359900.0,4,3,2488,6830 N PONTIAC AVE,Kansas City,Missouri,27653,813.9,Platte,106458.0,39.21494,-94.63115,2,30,40,16,12182
846,64123,659000.0,5,4,5777,3422 SAINT JOHN AVE,Kansas City,Missouri,11285,2424.0,Jackson,59780.0,39.11436,-94.52167,5,28,40,16,815
12546,64119,359000.0,4,3,3000,7823 N LISTER AVE,Kansas City,Missouri,32461,864.3,Clay,91061.0,39.21137,-94.5186,2,29,40,16,12143
12511,64114,265000.0,3,2,1128,7845 SUMMIT ST,Kansas City,Missouri,24700,1347.8,Jackson,91489.0,38.9581,-94.59715,2,28,40,16,12108
12543,64118,329000.0,3,3,1776,1515 NE 77TH TER,Kansas City,Missouri,43305,1308.7,Clay,80932.0,39.21301,-94.57497,2,29,40,16,12140
23030,64114,168000.0,2,2,1007,11305 MINOR DR APT 1,Kansas City,Missouri,24700,1347.8,Jackson,91489.0,38.9581,-94.59715,1,28,40,16,22354
23172,64133,199999.0,3,3,2564,11800 E 61ST ST,Kansas City,Missouri,36700,834.1,Jackson,75093.0,39.01406,-94.45689,1,28,40,16,22496
29783,64133,415000.0,4,3,2484,4515 HEINTZ AVE,Kansas City,Missouri,36700,834.1,Jackson,75093.0,39.01406,-94.45689,3,28,40,16,28916
23193,64134,160000.0,3,2,2006,11014 HERRICK AVE,Kansas City,Missouri,22749,737.5,Jackson,66922.0,38.9308,-94.48667,1,28,40,16,22517
23250,64146,195000.0,2,2,1336,723 E 122ND PL,Kansas City,Missouri,1345,97.4,Jackson,78215.0,38.87888,-94.57436,1,28,40,16,22574
12582,64145,274950.0,3,2,1600,12807 MCGEE ST,Kansas City,Missouri,5054,350.9,Jackson,120748.0,38.88046,-94.59652,2,28,40,16,12178
23233,64137,179999.0,3,2,1260,11716 DRURY AVE,Kansas City,Missouri,10901,729.4,Jackson,73492.0,38.93196,-94.54287,1,28,40,16,22557
23326,66106,160000.0,3,1,1053,1307 S 34TH ST,Kansas City,Kansas,23817,485.5,Wyandotte,72169.0,39.06631,-94.70384,1,80,40,17,22650
23043,64117,250000.0,3,1,960,4011 NE ANTIOCH RD,Kansas City,Missouri,14677,938.2,Clay,66848.0,39.16522,-94.52251,1,29,40,16,22367
6201,64112,599000.0,3,3,2191,51 E 53RD TER,Kansas City,Missouri,8545,2248.8,Jackson,140745.0,39.03599,-94.59529,4,28,40,16,5965
12644,66103,275000.0,3,2,1944,2114 BRISTOW ST,Kansas City,Kansas,13471,1114.6,Wyandotte,61950.0,39.06045,-94.62707,2,80,40,17,12240
23024,64112,180000.0,1,1,600,700 W 48TH ST APT 303,Kansas City,Missouri,8545,2248.8,Jackson,140745.0,39.03599,-94.59529,1,28,40,16,22348
29812,64156,449900.0,4,3,2251,11825 N BELLAIRE AVE,Kansas City,Missouri,6101,217.6,Clay,139247.0,39.2762,-94.5195,3,29,40,16,28945
12505,64112,259900.0,2,1,1020,221 W 48TH ST UNIT #603 STREET # 603,Kansas City,Missouri,8545,2248.8,Jackson,140745.0,39.03599,-94.59529,2,28,40,16,12102
23031,64114,180000.0,2,1,768,8025 WASHINGTON ST,Kansas City,Missouri,24700,1347.8,Jackson,91489.0,38.9581,-94.59715,1,28,40,16,22355
22984,64105,150000.0,1,1,582,609 CENTRAL ST APT 1505,Kansas City,Missouri,5168,2494.2,Jackson,83063.0,39.10599,-94.58985,1,28,40,16,22308
35566,64117,119900.0,3,2,1231,5302 NE 46TH TER,Kansas City,Missouri,14677,938.2,Clay,66848.0,39.16522,-94.52251,0,29,40,16,34545
23082,64123,180000.0,3,2,1524,111 N DRURY AVE,Kansas City,Missouri,11285,2424.0,Jackson,59780.0,39.11436,-94.52167,1,28,40,16,22406
29739,64105,385000.0,2,2,1224,712 BROADWAY BLVD # 403,Kansas City,Missouri,5168,2494.2,Jackson,83063.0,39.10599,-94.58985,3,28,40,16,28872
23084,64123,240000.0,4,2,2060,4231 WINDSOR AVE,Kansas City,Missouri,11285,2424.0,Jackson,59780.0,39.11436,-94.52167,1,28,40,16,22408
29775,64119,475000.0,4,4,3475,4308 NE 64TH TER,Kansas City,Missouri,32461,864.3,Clay,91061.0,39.21137,-94.5186,3,29,40,16,28908
29826,64157,419900.0,4,3,1898,8900 NE 118TH CT,Kansas City,Missouri,21539,769.5,Clay,165544.0,39.27657,-94.47103,3,29,40,16,28959
23292,66102,165000.0,3,2,2450,27 S 24TH ST,Kansas City,Kansas,30874,1038.0,Wyandotte,61534.0,39.11246,-94.68842,1,80,40,17,22616
23105,64127,169000.0,4,3,1884,1228 BENTON BLVD,Kansas City,Missouri,17360,1604.0,Jackson,43395.0,39.08912,-94.53837,1,28,40,16,22429
23142,64130,215000.0,4,4,2350,2420 E 42ND ST,Kansas City,Missouri,19355,1054.8,Jackson,52129.0,39.03345,-94.54119,1,28,40,16,22466
23048,64117,159900.0,2,1,1100,4444 N CYPRESS AVE,Kansas City,Missouri,14677,938.2,Clay,66848.0,39.16522,-94.52251,1,29,40,16,22372
35571,64124,125000.0,4,1,1926,521 HARDESTY AVE,Kansas City,Missouri,11039,2529.8,Jackson,50653.0,39.10718,-94.5391,0,28,40,16,34550
23130,64130,179500.0,3,2,1824,3822 E 63RD ST,Kansas City,Missouri,19355,1054.8,Jackson,52129.0,39.03345,-94.54119,1,28,40,16,22454
23312,66104,160000.0,3,1,888,6125 NOGARD AVE,Kansas City,Kansas,26638,636.5,Wyandotte,63194.0,39.15043,-94.68861,1,80,40,17,22636
35604,64130,105000.0,2,1,761,5912 PARK AVE,Kansas City,Missouri,19355,1054.8,Jackson,52129.0,39.03345,-94.54119,0,28,40,16,34583
23327,66106,169000.0,2,1,690,5022 VISTA ST,Kansas City,Kansas,23817,485.5,Wyandotte,72169.0,39.06631,-94.70384,1,80,40,17,22651
12523,64114,269000.0,3,2,1032,9100 WESTERN HILLS DR,Kansas City,Missouri,24700,1347.8,Jackson,91489.0,38.9581,-94.59715,2,28,40,16,12120
23339,66109,210000.0,3,3,1536,2320 N 73RD TER,Kansas City,Kansas,27507,231.6,Wyandotte,108222.0,39.16367,-94.8283,1,80,40,17,22663
12630,64157,330000.0,3,2,1929,10816 N SKILES AVE,Kansas City,Missouri,21539,769.5,Clay,165544.0,39.27657,-94.47103,2,29,40,16,12226
23078,64119,165000.0,2,2,995,8010 N DRURY AVE UNIT 3C,Kansas City,Missouri,32461,864.3,Clay,91061.0,39.21137,-94.5186,1,29,40,16,22402
23269,66102,250000.0,4,3,1966,1810 FREEMAN AVE,Kansas City,Kansas,30874,1038.0,Wyandotte,61534.0,39.11246,-94.68842,1,80,40,17,22593
35662,66104,115000.0,3,1,1300,3027 FARROW AVE,Kansas City,Kansas,26638,636.5,Wyandotte,63194.0,39.15043,-94.68861,0,80,40,17,34641
35617,64131,79900.0,2,2,1109,8133 HOLMES RD APT 102,Kansas City,Missouri,22901,1035.3,Jackson,76640.0,38.95723,-94.57449,0,28,40,16,34596
23194,64134,217000.0,5,2,1632,11222 CORRINGTON AVE,Kansas City,Missouri,22749,737.5,Jackson,66922.0,38.9308,-94.48667,1,28,40,16,22518
23111,64127,155000.0,5,3,1760,3011 E 27TH ST,Kansas City,Missouri,17360,1604.0,Jackson,43395.0,39.08912,-94.53837,1,28,40,16,22435
845,64116,679000.0,4,5,4805,1306 NW 47TH ST,Kansas City,Missouri,16977,604.8,Clay,76921.0,39.14875,-94.57444,5,29,40,16,814
35607,64130,115000.0,2,1,900,3218 E 61ST ST,Kansas City,Missouri,19355,1054.8,Jackson,52129.0,39.03345,-94.54119,0,28,40,16,34586
12634,64157,375000.0,4,4,2955,7523 NE 109TH TER,Kansas City,Missouri,21539,769.5,Clay,165544.0,39.27657,-94.47103,2,29,40,16,12230
29825,64157,419900.0,4,3,2250,10417 N DONNELLY AVE,Kansas City,Missouri,21539,769.5,Clay,165544.0,39.27657,-94.47103,3,29,40,16,28958
12533,64117,280000.0,3,2,1866,4428 N MONROE AVE,Kansas City,Missouri,14677,938.2,Clay,66848.0,39.16522,-94.52251,2,29,40,16,12130
23334,66106,168000.0,2,1,690,4922 WOODEND AVE,Kansas City,Kansas,23817,485.5,Wyandotte,72169.0,39.06631,-94.70384,1,80,40,17,22658
23056,64118,219999.0,3,2,1300,8103 N JEFFERSON ST,Kansas City,Missouri,43305,1308.7,Clay,80932.0,39.21301,-94.57497,1,29,40,16,22380
29819,64157,475000.0,4,4,2574,10308 N FARLEY AVE,Kansas City,Missouri,21539,769.5,Clay,165544.0,39.27657,-94.47103,3,29,40,16,28952
29773,64119,476890.0,4,3,2431,6820 NE 70TH ST,Kansas City,Missouri,32461,864.3,Clay,91061.0,39.21137,-94.5186,3,29,40,16,28906
12559,64130,290000.0,4,4,2470,4120 BENTON BLVD,Kansas City,Missouri,19355,1054.8,Jackson,52129.0,39.03345,-94.54119,2,28,40,16,12156
35580,64127,84900.0,2,1,900,2647 DENVER AVE,Kansas City,Missouri,17360,1604.0,Jackson,43395.0,39.08912,-94.53837,0,28,40,16,34559
29740,64106,455900.0,2,2,1520,1101 WALNUT ST UNIT 1201,Kansas City,Missouri,10830,2599.1,Jackson,72015.0,39.10526,-94.57013,3,28,40,16,28873
23340,66109,215999.0,3,1,1104,7936 WAVERLY AVE,Kansas City,Kansas,27507,231.6,Wyandotte,108222.0,39.16367,-94.8283,1,80,40,17,22664
22998,64110,150000.0,4,2,1595,5227 HIGHLAND AVE,Kansas City,Missouri,17400,2249.2,Jackson,80574.0,39.03445,-94.57265,1,28,40,16,22322
35620,64131,80000.0,2,1,882,8119 WAYNE AVE,Kansas City,Missouri,22901,1035.3,Jackson,76640.0,38.95723,-94.57449,0,28,40,16,34599
12598,64151,309900.0,5,3,2128,7807 N OREGON AVE,Kansas City,Missouri,27653,813.9,Platte,106458.0,39.21494,-94.63115,2,30,40,16,12194
23058,64118,195000.0,3,1,1152,5015 N EUCLID AVE,Kansas City,Missouri,43305,1308.7,Clay,80932.0,39.21301,-94.57497,1,29,40,16,22382
29759,64113,489000.0,3,2,2154,610 W 62ND ST,Kansas City,Missouri,12323,1880.7,Jackson,220032.0,39.01414,-94.5956,3,28,40,16,28892
6260,64165,529900.0,4,3,2211,12213 N VIRGINIA AVE,Kansas City,Missouri,276,26.8,Clay,157693.0,39.32081,-94.57749,4,29,40,16,6024
6203,64112,600000.0,2,2,1621,221 W 48TH ST APT 1701,Kansas City,Missouri,8545,2248.8,Jackson,140745.0,39.03599,-94.59529,4,28,40,16,5967
23167,64132,159900.0,3,2,2300,6646 BALES AVE,Kansas City,Missouri,13100,469.6,Jackson,48962.0,38.98551,-94.5396,1,28,40,16,22491
18581,64111,995000.0,6,4,6287,912 VALENTINE RD,Kansas City,Missouri,17039,2428.2,Jackson,84478.0,39.05707,-94.59393,7,28,40,16,17995
12490,64109,289900.0,5,4,2838,3626 MICHIGAN AVE,Kansas City,Missouri,9919,1792.0,Jackson,69515.0,39.06646,-94.56709,2,28,40,16,12087
12580,64138,269750.0,3,3,1762,8926 EVANSTON AVE,Kansas City,Missouri,24185,700.7,Jackson,69700.0,38.96852,-94.47088,2,28,40,16,12176
23179,64133,179000.0,3,3,1374,10541 E 46TH TER,Kansas City,Missouri,36700,834.1,Jackson,75093.0,39.01406,-94.45689,1,28,40,16,22503
23147,64130,140000.0,3,2,1400,5609 OLIVE ST,Kansas City,Missouri,19355,1054.8,Jackson,52129.0,39.03345,-94.54119,1,28,40,16,22471
23322,66104,194500.0,3,1,1354,3106 N 23RD ST,Kansas City,Kansas,26638,636.5,Wyandotte,63194.0,39.15043,-94.68861,1,80,40,17,22646
6238,64156,535000.0,5,4,2700,8800 N ELMWOOD AVE,Kansas City,Missouri,6101,217.6,Clay,139247.0,39.2762,-94.5195,4,29,40,16,6002
23228,64134,167500.0,3,1,1032,9908 BELMONT AVE,Kansas City,Missouri,22749,737.5,Jackson,66922.0,38.9308,-94.48667,1,28,40,16,22552
23272,66102,210000.0,3,2,1480,224 N 13TH ST,Kansas City,Kansas,30874,1038.0,Wyandotte,61534.0,39.11246,-94.68842,1,80,40,17,22596
23329,66106,185000.0,3,2,1194,3604 STRONG AVE,Kansas City,Kansas,23817,485.5,Wyandotte,72169.0,39.06631,-94.70384,1,80,40,17,22653
35570,64124,125000.0,3,1,1086,5011 E 8TH ST,Kansas City,Missouri,11039,2529.8,Jackson,50653.0,39.10718,-94.5391,0,28,40,16,34549
35623,64131,115000.0,2,1,792,7113 TRACY AVE,Kansas City,Missouri,22901,1035.3,Jackson,76640.0,38.95723,-94.57449,0,28,40,16,34602
23000,64110,179000.0,3,2,1650,4306 HIGHLAND AVE,Kansas City,Missouri,17400,2249.2,Jackson,80574.0,39.03445,-94.57265,1,28,40,16,22324
29803,64155,469000.0,4,4,2591,10917 N BROOKLYN AVE,Kansas City,Missouri,28091,742.9,Clay,106449.0,39.28031,-94.56801,3,29,40,16,28936
6251,64157,554950.0,5,4,2498,10301 N OAKLAND AVE,Kansas City,Missouri,21539,769.5,Clay,165544.0,39.27657,-94.47103,4,29,40,16,6015
22996,64109,160000.0,4,2,1900,3229 WAYNE AVE,Kansas City,Missouri,9919,1792.0,Jackson,69515.0,39.06646,-94.56709,1,28,40,16,22320
29797,64152,409700.0,4,3,2440,7706 NW 74TH ST,Kansas City,Missouri,31560,394.5,Platte,148658.0,39.21278,-94.72271,3,30,40,16,28930
23060,64118,250000.0,4,3,1456,1308 NE 74TH ST,Kansas City,Missouri,43305,1308.7,Clay,80932.0,39.21301,-94.57497,1,29,40,16,22384
23026,64114,149900.0,3,2,1824,9024 WALNUT ST,Kansas City,Missouri,24700,1347.8,Jackson,91489.0,38.9581,-94.59715,1,28,40,16,22350
29748,64110,439000.0,4,2,1752,6231 ROCKHILL RD,Kansas City,Missouri,17400,2249.2,Jackson,80574.0,39.03445,-94.57265,3,28,40,16,28881
12487,64108,275000.0,2,2,1087,2940 BALTIMORE AVE APT 1401,Kansas City,Missouri,9057,957.9,Jackson,98291.0,39.08413,-94.58449,2,28,40,16,12084
23093,64123,220000.0,4,2,3448,4237 WINDSOR AVE,Kansas City,Missouri,11285,2424.0,Jackson,59780.0,39.11436,-94.52167,1,28,40,16,22417
23095,64124,145000.0,3,2,1296,458 MONTGALL AVE,Kansas City,Missouri,11039,2529.8,Jackson,50653.0,39.10718,-94.5391,1,28,40,16,22419
12507,64113,379950.0,3,2,1761,631 W 70TH ST,Kansas City,Missouri,12323,1880.7,Jackson,220032.0,39.01414,-94.5956,2,28,40,16,12104
22986,64106,220000.0,2,2,984,600 ADMIRAL BLVD APT 603,Kansas City,Missouri,10830,2599.1,Jackson,72015.0,39.10526,-94.57013,1,28,40,16,22310
23259,64155,210000.0,3,2,880,217 NE 88TH ST,Kansas City,Missouri,28091,742.9,Clay,106449.0,39.28031,-94.56801,1,29,40,16,22583
35615,64131,100000.0,4,1,1222,1219 E 79TH ST,Kansas City,Missouri,22901,1035.3,Jackson,76640.0,38.95723,-94.57449,0,28,40,16,34594
36488,64112,1350000.0,2,3,2144,609 W 49TH ST # 1,Kansas City,Missouri,8545,2248.8,Jackson,140745.0,39.03599,-94.59529,10,28,40,16,35442
29827,64157,449900.0,4,3,3012,9014 NE 111TH ST,Kansas City,Missouri,21539,769.5,Clay,165544.0,39.27657,-94.47103,3,29,40,16,28960
3797,64154,820000.0,4,6,8448,6127 NW 104TH TER,Kansas City,Missouri,12863,383.8,Platte,119795.0,39.27653,-94.62967,6,30,40,16,3647
23025,64114,225000.0,2,1,980,307 W 96TH TER,Kansas City,Missouri,24700,1347.8,Jackson,91489.0,38.9581,-94.59715,1,28,40,16,22349
12628,64156,359900.0,3,3,1780,10026 N LAWN AVE,Kansas City,Missouri,6101,217.6,Clay,139247.0,39.2762,-94.5195,2,29,40,16,12224
35648,64134,105000.0,3,1,888,10800 EWING AVE,Kansas City,Missouri,22749,737.5,Jackson,66922.0,38.9308,-94.48667,0,28,40,16,34627
23085,64123,140000.0,2,2,1276,212 JACKSON AVE,Kansas City,Missouri,11285,2424.0,Jackson,59780.0,39.11436,-94.52167,1,28,40,16,22409
23170,64133,165000.0,2,1,690,6711 MANCHESTER AVE,Kansas City,Missouri,36700,834.1,Jackson,75093.0,39.01406,-94.45689,1,28,40,16,22494
12589,64151,270000.0,3,2,1481,1929 NW 62ND TER,Kansas City,Missouri,27653,813.9,Platte,106458.0,39.21494,-94.63115,2,30,40,16,12185
3794,64113,840000.0,4,3,4081,1251 W 63RD ST,Kansas City,Missouri,12323,1880.7,Jackson,220032.0,39.01414,-94.5956,6,28,40,16,3644
29831,66104,499900.0,4,3,2000,3812 N 49TH DR,Kansas City,Kansas,26638,636.5,Wyandotte,63194.0,39.15043,-94.68861,3,80,40,17,28964
12575,64133,270000.0,3,3,2310,12108 E 62ND TER,Kansas City,Missouri,36700,834.1,Jackson,75093.0,39.01406,-94.45689,2,28,40,16,12171
6221,64151,550000.0,5,5,4080,7811 NW DALTON CT,Kansas City,Missouri,27653,813.9,Platte,106458.0,39.21494,-94.63115,4,30,40,16,5985
23338,66106,205000.0,3,2,1012,5009 HARMONY DR,Kansas City,Kansas,23817,485.5,Wyandotte,72169.0,39.06631,-94.70384,1,80,40,17,22662
35612,64130,87000.0,3,1,1100,4135 GARFIELD AVE,Kansas City,Missouri,19355,1054.8,Jackson,52129.0,39.03345,-94.54119,0,28,40,16,34591
23002,64110,250000.0,3,1,2334,3935 TROOST AVE,Kansas City,Missouri,17400,2249.2,Jackson,80574.0,39.03445,-94.57265,1,28,40,16,22326
23300,66103,239000.0,5,3,2656,1319 RUBY AVE,Kansas City,Kansas,13471,1114.6,Wyandotte,61950.0,39.06045,-94.62707,1,80,40,17,22624
23174,64133,179000.0,2,2,1591,9313 E 36TH TER,Kansas City,Missouri,36700,834.1,Jackson,75093.0,39.01406,-94.45689,1,28,40,16,22498
29811,64156,399900.0,4,3,1950,4808 NE 102ND ST,Kansas City,Missouri,6101,217.6,Clay,139247.0,39.2762,-94.5195,3,29,40,16,28944
6217,64139,510000.0,5,5,4244,14215 E 95TH TER,Kansas City,Missouri,2656,214.3,Jackson,127460.0,38.96832,-94.40677,4,28,40,16,5981
6246,64156,620690.0,5,4,3256,10344 N CORRINGTON AVE,Kansas City,Missouri,6101,217.6,Clay,139247.0,39.2762,-94.5195,4,29,40,16,6010
12581,64145,265000.0,3,3,1818,529 WOODBRIDGE LN,Kansas City,Missouri,5054,350.9,Jackson,120748.0,38.88046,-94.59652,2,28,40,16,12177
12601,64151,350000.0,3,3,3235,8204 NW HARDEN DR,Kansas City,Missouri,27653,813.9,Platte,106458.0,39.21494,-94.63115,2,30,40,16,12197
23129,64130,150000.0,3,2,2004,5217 NORTON AVE,Kansas City,Missouri,19355,1054.8,Jackson,52129.0,39.03345,-94.54119,1,28,40,16,22453
12574,64133,260000.0,3,3,2094,12302 E 54TH TER,Kansas City,Missouri,36700,834.1,Jackson,75093.0,39.01406,-94.45689,2,28,40,16,12169
23092,64123,195000.0,3,2,1376,330 N BRIGHTON AVE,Kansas City,Missouri,11285,2424.0,Jackson,59780.0,39.11436,-94.52167,1,28,40,16,22416
23053,64118,239950.0,3,2,1260,435 NW 78TH TER,Kansas City,Missouri,43305,1308.7,Clay,80932.0,39.21301,-94.57497,1,29,40,16,22377
840,64106,676950.0,2,2,1500,700 E 8TH ST # PH5,Kansas City,Missouri,10830,2599.1,Jackson,72015.0,39.10526,-94.57013,5,28,40,16,809
23176,64133,165000.0,3,2,1396,4415 NORWOOD AVE,Kansas City,Missouri,36700,834.1,Jackson,75093.0,39.01406,-94.45689,1,28,40,16,22500
12521,64114,300000.0,3,1,1050,8020 JEFFERSON ST,Kansas City,Missouri,24700,1347.8,Jackson,91489.0,38.9581,-94.59715,2,28,40,16,12118
23137,64130,225000.0,3,3,1800,4024 AGNES AVE,Kansas City,Missouri,19355,1054.8,Jackson,52129.0,39.03345,-94.54119,1,28,40,16,22461
23234,64137,154000.0,3,2,1247,11304 ELMWOOD CT,Kansas City,Missouri,10901,729.4,Jackson,73492.0,38.93196,-94.54287,1,28,40,16,22558
23160,64131,155000.0,3,2,3000,8032 PASEO BLVD,Kansas City,Missouri,22901,1035.3,Jackson,76640.0,38.95723,-94.57449,1,28,40,16,22484
29823,64157,485000.0,4,3,2474,11721 N LANE AVE,Kansas City,Missouri,21539,769.5,Clay,165544.0,39.27657,-94.47103,3,29,40,16,28956
23226,64134,169900.0,4,1,1432,11212 CORRINGTON AVE,Kansas City,Missouri,22749,737.5,Jackson,66922.0,38.9308,-94.48667,1,28,40,16,22550
12595,64151,269000.0,3,3,1980,2203 NW 65TH ST,Kansas City,Missouri,27653,813.9,Platte,106458.0,39.21494,-94.63115,2,30,40,16,12191
23107,64127,140000.0,3,1,1262,1220 PARK AVE,Kansas City,Missouri,17360,1604.0,Jackson,43395.0,39.08912,-94.53837,1,28,40,16,22431
23101,64126,185000.0,3,1,1342,6026 E 12TH TER,Kansas City,Missouri,5613,835.2,Jackson,41309.0,39.09095,-94.49581,1,28,40,16,22425
23141,64130,164900.0,2,1,966,5120 OLIVE ST,Kansas City,Missouri,19355,1054.8,Jackson,52129.0,39.03345,-94.54119,1,28,40,16,22465
35605,64130,75000.0,2,1,814,5206 OLIVE ST,Kansas City,Missouri,19355,1054.8,Jackson,52129.0,39.03345,-94.54119,0,28,40,16,34584
12547,64119,325000.0,3,2,2305,8216 N MERSINGTON AVE,Kansas City,Missouri,32461,864.3,Clay,91061.0,39.21137,-94.5186,2,29,40,16,12144
12545,64118,257000.0,3,3,2360,1114 NW 70TH CT,Kansas City,Missouri,43305,1308.7,Clay,80932.0,39.21301,-94.57497,2,29,40,16,12142
6207,64113,550000.0,3,3,2407,444 W 70TH TER,Kansas City,Missouri,12323,1880.7,Jackson,220032.0,39.01414,-94.5956,4,28,40,16,5971
23168,64132,150000.0,3,1,910,8032 GARFIELD AVE,Kansas City,Missouri,13100,469.6,Jackson,48962.0,38.98551,-94.5396,1,28,40,16,22492
23042,64117,195000.0,4,3,1776,5121 NE 42ND TER,Kansas City,Missouri,14677,938.2,Clay,66848.0,39.16522,-94.52251,1,29,40,16,22366
12655,66106,375000.0,3,3,1978,6300 OAK GROVE RD,Kansas City,Kansas,23817,485.5,Wyandotte,72169.0,39.06631,-94.70384,2,80,40,17,12251
12604,64152,315000.0,3,3,2545,6509 NW VALLEY VIEW ST,Kansas City,Missouri,31560,394.5,Platte,148658.0,39.21278,-94.72271,2,30,40,16,12200
23196,64134,165000.0,3,1,864,11314 DITMAN AVE,Kansas City,Missouri,22749,737.5,Jackson,66922.0,38.9308,-94.48667,1,28,40,16,22520
23177,64133,249000.0,3,3,2613,7235 WALLACE AVE,Kansas City,Missouri,36700,834.1,Jackson,75093.0,39.01406,-94.45689,1,28,40,16,22501
6255,64157,525000.0,5,4,3691,9101 NE 97TH ST,Kansas City,Missouri,21539,769.5,Clay,165544.0,39.27657,-94.47103,4,29,40,16,6019
35567,64123,79950.0,2,1,1668,401 N TOPPING AVE,Kansas City,Missouri,11285,2424.0,Jackson,59780.0,39.11436,-94.52167,0,28,40,16,34546
23104,64127,143000.0,3,1,887,2412 AGNES AVE,Kansas City,Missouri,17360,1604.0,Jackson,43395.0,39.08912,-94.53837,1,28,40,16,22428
23118,64128,169000.0,3,3,1210,3010 MONROE AVE,Kansas City,Missouri,12076,1551.0,Jackson,47545.0,39.06555,-94.53484,1,28,40,16,22442
6230,64155,599000.0,4,3,2643,1729 NW 107TH TER,Kansas City,Missouri,28091,742.9,Clay,106449.0,39.28031,-94.56801,4,29,40,16,5994
12605,64152,350000.0,4,3,2704,5802 NW ASPEN LN,Kansas City,Missouri,31560,394.5,Platte,148658.0,39.21278,-94.72271,2,30,40,16,12201
23156,64131,169000.0,3,2,1014,1221 E 66TH TER,Kansas City,Missouri,22901,1035.3,Jackson,76640.0,38.95723,-94.57449,1,28,40,16,22480
12513,64114,299000.0,3,3,1588,1108 W 75TH TER,Kansas City,Missouri,24700,1347.8,Jackson,91489.0,38.9581,-94.59715,2,28,40,16,12110
23029,64114,215000.0,3,2,1857,1009 W 100TH ST,Kansas City,Missouri,24700,1347.8,Jackson,91489.0,38.9581,-94.59715,1,28,40,16,22353
12527,64114,275000.0,4,3,1876,8652 MINNEHAHA LN,Kansas City,Missouri,24700,1347.8,Jackson,91489.0,38.9581,-94.59715,2,28,40,16,12124
35663,66104,79000.0,2,1,886,3106 GREELEY AVE,Kansas City,Kansas,26638,636.5,Wyandotte,63194.0,39.15043,-94.68861,0,80,40,17,34642
35652,64134,104900.0,4,3,1998,8634 E 96TH PL,Kansas City,Missouri,22749,737.5,Jackson,66922.0,38.9308,-94.48667,0,28,40,16,34631
23305,66104,154900.0,3,3,1448,3141 E BARKER CIR,Kansas City,Kansas,26638,636.5,Wyandotte,63194.0,39.15043,-94.68861,1,80,40,17,22629
12635,64158,350000.0,4,3,2196,8308 NE 75TH TER,Kansas City,Missouri,6302,1059.6,Clay,128333.0,39.23493,-94.47839,2,29,40,16,12231
35578,64127,67900.0,3,1,840,2302 MONTGALL AVE,Kansas City,Missouri,17360,1604.0,Jackson,43395.0,39.08912,-94.53837,0,28,40,16,34557
29807,64155,415000.0,4,3,2282,11108 N JEFFERSON ST,Kansas City,Missouri,28091,742.9,Clay,106449.0,39.28031,-94.56801,3,29,40,16,28940
35562,64110,120000.0,3,1,1148,1309 E 59TH TER,Kansas City,Missouri,17400,2249.2,Jackson,80574.0,39.03445,-94.57265,0,28,40,16,34541
23239,64138,175000.0,2,1,1514,7808 BLUE RIDGE BLVD,Kansas City,Missouri,24185,700.7,Jackson,69700.0,38.96852,-94.47088,1,28,40,16,22563
22985,64105,154900.0,1,1,700,425 W 9TH ST APT 204,Kansas City,Missouri,5168,2494.2,Jackson,83063.0,39.10599,-94.58985,1,28,40,16,22309
29776,64119,416500.0,3,3,2560,4808 NE 73RD ST,Kansas City,Missouri,32461,864.3,Clay,91061.0,39.21137,-94.5186,3,29,40,16,28909
852,64154,759900.0,5,5,4408,5920 NW 107TH ST,Kansas City,Missouri,12863,383.8,Platte,119795.0,39.27653,-94.62967,5,30,40,16,821
29818,64157,419900.0,4,3,2250,8413 NE 104TH TER,Kansas City,Missouri,21539,769.5,Clay,165544.0,39.27657,-94.47103,3,29,40,16,28951
23098,64124,165000.0,4,3,1992,310 KENSINGTON AVE,Kansas City,Missouri,11039,2529.8,Jackson,50653.0,39.10718,-94.5391,1,28,40,16,22422
23074,64119,194500.0,2,1,774,5112 NE 60TH TER,Kansas City,Missouri,32461,864.3,Clay,91061.0,39.21137,-94.5186,1,29,40,16,22398
23166,64132,134900.0,2,1,976,6915 S BENTON AVE,Kansas City,Missouri,13100,469.6,Jackson,48962.0,38.98551,-94.5396,1,28,40,16,22490
23221,64134,179900.0,4,2,1176,11221 BRISTOL TER,Kansas City,Missouri,22749,737.5,Jackson,66922.0,38.9308,-94.48667,1,28,40,16,22545
35660,66104,69000.0,2,1,858,2106 N 30TH ST,Kansas City,Kansas,26638,636.5,Wyandotte,63194.0,39.15043,-94.68861,0,80,40,17,34639
6200,64111,600000.0,5,4,3500,3724 JEFFERSON ST,Kansas City,Missouri,17039,2428.2,Jackson,84478.0,39.05707,-94.59393,4,28,40,16,5964
23010,64111,229000.0,2,1,1046,3625 STATE LINE RD,Kansas City,Missouri,17039,2428.2,Jackson,84478.0,39.05707,-94.59393,1,28,40,16,22334
23097,64124,200000.0,4,3,2000,4418 E 9TH ST,Kansas City,Missouri,11039,2529.8,Jackson,50653.0,39.10718,-94.5391,1,28,40,16,22421
29815,64156,399900.0,4,3,1950,4800 NE 102ND ST,Kansas City,Missouri,6101,217.6,Clay,139247.0,39.2762,-94.5195,3,29,40,16,28948
29770,64119,399000.0,3,3,2798,4411 NE 61ST CT,Kansas City,Missouri,32461,864.3,Clay,91061.0,39.21137,-94.5186,3,29,40,16,28903
23301,66103,234000.0,3,2,996,3020 PUCKETT RD,Kansas City,Kansas,13471,1114.6,Wyandotte,61950.0,39.06045,-94.62707,1,80,40,17,22625
23330,66106,235000.0,2,1,1100,1021 S 57TH TER,Kansas City,Kansas,23817,485.5,Wyandotte,72169.0,39.06631,-94.70384,1,80,40,17,22654
23341,66109,215000.0,3,1,1308,2101 N 79TH ST,Kansas City,Kansas,27507,231.6,Wyandotte,108222.0,39.16367,-94.8283,1,80,40,17,22665
12653,66106,265000.0,3,3,2688,4515 SUTTON CT,Kansas City,Kansas,23817,485.5,Wyandotte,72169.0,39.06631,-94.70384,2,80,40,17,12249
23280,66102,149500.0,3,2,1428,56 S 17TH ST,Kansas City,Kansas,30874,1038.0,Wyandotte,61534.0,39.11246,-94.68842,1,80,40,17,22604
12517,64114,310000.0,3,3,1161,8120 MADISON AVE,Kansas City,Missouri,24700,1347.8,Jackson,91489.0,38.9581,-94.59715,2,28,40,16,12114
12538,64118,300000.0,3,2,1702,1511 NW 79TH TER,Kansas City,Missouri,43305,1308.7,Clay,80932.0,39.21301,-94.57497,2,29,40,16,12135
6229,64155,534500.0,4,3,2498,904 NW 94TH TER,Kansas City,Missouri,28091,742.9,Clay,106449.0,39.28031,-94.56801,4,29,40,16,5993
23144,64130,150000.0,2,1,828,5031 BROOKLYN AVE,Kansas City,Missouri,19355,1054.8,Jackson,52129.0,39.03345,-94.54119,1,28,40,16,22468
23184,64133,179900.0,2,2,1083,12005 E 47TH TER,Kansas City,Missouri,36700,834.1,Jackson,75093.0,39.01406,-94.45689,1,28,40,16,22508
23258,64152,175000.0,2,2,920,8203 NW MACE RD,Kansas City,Missouri,31560,394.5,Platte,148658.0,39.21278,-94.72271,1,30,40,16,22582
23201,64134,169000.0,3,1,912,11405 CORRINGTON AVE,Kansas City,Missouri,22749,737.5,Jackson,66922.0,38.9308,-94.48667,1,28,40,16,22525
29771,64119,425000.0,3,3,3125,7623 N LAWN AVE,Kansas City,Missouri,32461,864.3,Clay,91061.0,39.21137,-94.5186,3,29,40,16,28904
29830,66102,425000.0,4,2,2500,2813 ORVILLE AVE,Kansas City,Kansas,30874,1038.0,Wyandotte,61534.0,39.11246,-94.68842,3,80,40,17,28963
29751,64111,389000.0,3,3,2388,3917 TERRACE ST,Kansas City,Missouri,17039,2428.2,Jackson,84478.0,39.05707,-94.59393,3,28,40,16,28884
12603,64152,285000.0,3,2,1274,7640 NW MILREY DR,Kansas City,Missouri,31560,394.5,Platte,148658.0,39.21278,-94.72271,2,30,40,16,12199
23225,64134,160000.0,4,1,912,8308 E 111TH TER,Kansas City,Missouri,22749,737.5,Jackson,66922.0,38.9308,-94.48667,1,28,40,16,22549
35590,64128,120000.0,3,1,1142,3307 ASKEW AVE,Kansas City,Missouri,12076,1551.0,Jackson,47545.0,39.06555,-94.53484,0,28,40,16,34569
35595,64130,75000.0,2,1,812,4514 OLIVE ST,Kansas City,Missouri,19355,1054.8,Jackson,52129.0,39.03345,-94.54119,0,28,40,16,34574
23350,66111,175000.0,2,1,864,207 S 65TH ST,Kansas City,Kansas,10600,176.5,Wyandotte,75733.0,39.08529,-94.79621,1,80,40,17,22674
29766,64114,400000.0,3,3,1739,9804 MERCIER ST,Kansas City,Missouri,24700,1347.8,Jackson,91489.0,38.9581,-94.59715,3,28,40,16,28899
12515,64114,315000.0,3,2,1408,7349 WALNUT ST,Kansas City,Missouri,24700,1347.8,Jackson,91489.0,38.9581,-94.59715,2,28,40,16,12112
35627,64132,109000.0,4,1,1128,7128 WABASH AVE,Kansas City,Missouri,13100,469.6,Jackson,48962.0,38.98551,-94.5396,0,28,40,16,34606
23240,64138,210000.0,2,1,1187,7840 SMALLEY AVE,Kansas City,Missouri,24185,700.7,Jackson,69700.0,38.96852,-94.47088,1,28,40,16,22564
12638,66102,309999.0,5,2,2788,2116 LOMBARDY DR,Kansas City,Kansas,30874,1038.0,Wyandotte,61534.0,39.11246,-94.68842,2,80,40,17,12234
23353,66112,145000.0,3,2,1532,849 N 70TH TER,Kansas City,Kansas,12868,904.7,Wyandotte,66323.0,39.11494,-94.7701,1,80,40,17,22677
35598,64130,80000.0,2,1,1500,5014 COLLEGE AVE,Kansas City,Missouri,19355,1054.8,Jackson,52129.0,39.03345,-94.54119,0,28,40,16,34577
23122,64129,165000.0,4,2,1600,8705 E 53RD TER,Kansas City,Missouri,8768,327.3,Jackson,67280.0,39.04935,-94.49682,1,28,40,16,22446
841,64108,675000.0,3,4,2411,2230 TRACY AVE,Kansas City,Missouri,9057,957.9,Jackson,98291.0,39.08413,-94.58449,5,28,40,16,810
6218,64145,545000.0,4,3,2464,1710 E 127TH TER,Kansas City,Missouri,5054,350.9,Jackson,120748.0,38.88046,-94.59652,4,28,40,16,5982
12532,64117,329900.0,5,3,2829,4526 N TOPPING AVE,Kansas City,Missouri,14677,938.2,Clay,66848.0,39.16522,-94.52251,2,29,40,16,12129
23128,64129,159500.0,3,1,1142,3500 HUNTER AVE,Kansas City,Missouri,8768,327.3,Jackson,67280.0,39.04935,-94.49682,1,28,40,16,22452
3795,64113,830000.0,3,4,3165,1202 W 62ND ST,Kansas City,Missouri,12323,1880.7,Jackson,220032.0,39.01414,-94.5956,6,28,40,16,3645
35574,64126,59000.0,1,1,1576,6812 E 13TH ST,Kansas City,Missouri,5613,835.2,Jackson,41309.0,39.09095,-94.49581,0,28,40,16,34553
23264,66101,175999.0,3,1,992,518 BARNETT AVE,Kansas City,Kansas,12410,1480.6,Wyandotte,49815.0,39.11871,-94.62592,1,80,40,17,22588
29799,64153,495000.0,4,4,3631,9400 NW 86TH ST,Kansas City,Missouri,6095,64.6,Platte,97764.0,39.27999,-94.73148,3,30,40,16,28932
18582,64112,985000.0,4,4,5562,4609 JARBOE STREET STREET # #5,Kansas City,Missouri,8545,2248.8,Jackson,140745.0,39.03599,-94.59529,7,28,40,16,17996
23323,66106,235000.0,3,3,1527,1925 S 29TH ST,Kansas City,Kansas,23817,485.5,Wyandotte,72169.0,39.06631,-94.70384,1,80,40,17,22647
23344,66109,230000.0,3,3,2828,8008 CLEVELAND AVE,Kansas City,Kansas,27507,231.6,Wyandotte,108222.0,39.16367,-94.8283,1,80,40,17,22668
23298,66103,190000.0,2,1,912,27 S IOWA ST,Kansas City,Kansas,13471,1114.6,Wyandotte,61950.0,39.06045,-94.62707,1,80,40,17,22622
29814,64156,450000.0,3,2,1600,9228 N POPLAR AVE,Kansas City,Missouri,6101,217.6,Clay,139247.0,39.2762,-94.5195,3,29,40,16,28947
23047,64117,165000.0,3,1,810,2924 NE 39TH ST,Kansas City,Missouri,14677,938.2,Clay,66848.0,39.16522,-94.52251,1,29,40,16,22371
23347,66109,209999.0,3,1,928,7840 WAVERLY AVE,Kansas City,Kansas,27507,231.6,Wyandotte,108222.0,39.16367,-94.8283,1,80,40,17,22671
35614,64130,114900.0,4,2,1215,4034 BROOKLYN AVE,Kansas City,Missouri,19355,1054.8,Jackson,52129.0,39.03345,-94.54119,0,28,40,16,34593
35643,64134,115000.0,3,1,888,10722 CAMBRIDGE AVE,Kansas City,Missouri,22749,737.5,Jackson,66922.0,38.9308,-94.48667,0,28,40,16,34622
23071,64119,250000.0,3,2,2426,6611 NE 52ND ST,Kansas City,Missouri,32461,864.3,Clay,91061.0,39.21137,-94.5186,1,29,40,16,22395
35585,64128,89900.0,4,2,1577,2959 E 28TH ST,Kansas City,Missouri,12076,1551.0,Jackson,47545.0,39.06555,-94.53484,0,28,40,16,34564
23126,64129,189000.0,2,1,1008,6715 E 58TH ST,Kansas City,Missouri,8768,327.3,Jackson,67280.0,39.04935,-94.49682,1,28,40,16,22450
12631,64157,309950.0,3,2,1637,10819 N MANCHESTER AVE,Kansas City,Missouri,21539,769.5,Clay,165544.0,39.27657,-94.47103,2,29,40,16,12227
23175,64133,232000.0,3,2,1260,12920 E 54TH ST,Kansas City,Missouri,36700,834.1,Jackson,75093.0,39.01406,-94.45689,1,28,40,16,22499
23315,66104,239950.0,3,2,1126,5225 GEORGIA AVE,Kansas City,Kansas,26638,636.5,Wyandotte,63194.0,39.15043,-94.68861,1,80,40,17,22639
29810,64155,410000.0,3,3,2744,534 NW 110TH ST,Kansas City,Missouri,28091,742.9,Clay,106449.0,39.28031,-94.56801,3,29,40,16,28943
23034,64114,200000.0,2,1,813,1009 W 81ST ST,Kansas City,Missouri,24700,1347.8,Jackson,91489.0,38.9581,-94.59715,1,28,40,16,22358
23206,64134,165000.0,3,2,1386,7908 E 99TH TER,Kansas City,Missouri,22749,737.5,Jackson,66922.0,38.9308,-94.48667,1,28,40,16,22530
23016,64111,240000.0,2,1,963,4517 JARBOE ST,Kansas City,Missouri,17039,2428.2,Jackson,84478.0,39.05707,-94.59393,1,28,40,16,22340
23275,66102,165000.0,3,2,1216,3410 OAKLAND AVE,Kansas City,Kansas,30874,1038.0,Wyandotte,61534.0,39.11246,-94.68842,1,80,40,17,22599
35638,64132,69000.0,2,1,715,7133 AGNES AVE,Kansas City,Missouri,13100,469.6,Jackson,48962.0,38.98551,-94.5396,0,28,40,16,34617
6250,64157,624950.0,4,4,3008,9838 NE 104TH TER,Kansas City,Missouri,21539,769.5,Clay,165544.0,39.27657,-94.47103,4,29,40,16,6014
12616,64155,349900.0,5,3,2024,606 NE 113TH ST,Kansas City,Missouri,28091,742.9,Clay,106449.0,39.28031,-94.56801,2,29,40,16,12212
23227,64134,240000.0,3,2,1356,10708 HILLCREST RD,Kansas City,Missouri,22749,737.5,Jackson,66922.0,38.9308,-94.48667,1,28,40,16,22551
23192,64134,150000.0,3,2,1541,7824 E 105TH ST,Kansas City,Missouri,22749,737.5,Jackson,66922.0,38.9308,-94.48667,1,28,40,16,22516
23333,66106,200000.0,2,1,1122,5340 DODSON AVE,Kansas City,Kansas,23817,485.5,Wyandotte,72169.0,39.06631,-94.70384,1,80,40,17,22657
23307,66104,140000.0,4,2,1416,2108 N 30TH ST,Kansas City,Kansas,26638,636.5,Wyandotte,63194.0,39.15043,-94.68861,1,80,40,17,22631
12524,64114,275000.0,3,2,1361,8815 MINNEHAHA LN,Kansas City,Missouri,24700,1347.8,Jackson,91489.0,38.9581,-94.59715,2,28,40,16,12121
12622,64155,265000.0,3,2,1584,10409 N CAMPBELL CT,Kansas City,Missouri,28091,742.9,Clay,106449.0,39.28031,-94.56801,2,29,40,16,12218
35592,64129,94900.0,3,1,1528,5132 SKILES AVE,Kansas City,Missouri,8768,327.3,Jackson,67280.0,39.04935,-94.49682,0,28,40,16,34571
29792,64151,425000.0,4,5,3350,7808 N BRADFORD AVE,Kansas City,Missouri,27653,813.9,Platte,106458.0,39.21494,-94.63115,3,30,40,16,28925
12519,64114,375000.0,4,2,1908,11512 WALNUT ST,Kansas City,Missouri,24700,1347.8,Jackson,91489.0,38.9581,-94.59715,2,28,40,16,12116
23251,64151,235000.0,3,2,1566,6580 NW 50TH ST,Kansas City,Missouri,27653,813.9,Platte,106458.0,39.21494,-94.63115,1,30,40,16,22575
23317,66104,170000.0,3,2,1272,6416 ROSWELL AVE,Kansas City,Kansas,26638,636.5,Wyandotte,63194.0,39.15043,-94.68861,1,80,40,17,22641
29808,64155,462345.0,3,2,1496,1105 NW 106TH ST,Kansas City,Missouri,28091,742.9,Clay,106449.0,39.28031,-94.56801,3,29,40,16,28941
6202,64112,625000.0,2,3,2100,4542 J C NICHOLS PKWY,Kansas City,Missouri,8545,2248.8,Jackson,140745.0,39.03599,-94.59529,4,28,40,16,5966
23294,66102,249900.0,5,2,2744,259 N 31ST ST,Kansas City,Kansas,30874,1038.0,Wyandotte,61534.0,39.11246,-94.68842,1,80,40,17,22618
23073,64119,240000.0,3,3,1876,5601 N MANCHESTER AVE,Kansas City,Missouri,32461,864.3,Clay,91061.0,39.21137,-94.5186,1,29,40,16,22397
12500,64111,320000.0,3,2,1990,3629 STATE LINE RD,Kansas City,Missouri,17039,2428.2,Jackson,84478.0,39.05707,-94.59393,2,28,40,16,12097
23354,66112,249900.0,3,2,2058,1735 N 75TH DR,Kansas City,Kansas,12868,904.7,Wyandotte,66323.0,39.11494,-94.7701,1,80,40,17,22678
844,64113,699000.0,3,4,2645,2 E 55TH TER,Kansas City,Missouri,12323,1880.7,Jackson,220032.0,39.01414,-94.5956,5,28,40,16,813
6243,64156,545000.0,5,4,2700,4909 NE 88TH ST,Kansas City,Missouri,6101,217.6,Clay,139247.0,39.2762,-94.5195,4,29,40,16,6007
23088,64123,145000.0,4,2,1729,445 N QUINCY AVE,Kansas City,Missouri,11285,2424.0,Jackson,59780.0,39.11436,-94.52167,1,28,40,16,22412
6236,64156,580000.0,5,5,4470,9019 N BALES AVE,Kansas City,Missouri,6101,217.6,Clay,139247.0,39.2762,-94.5195,4,29,40,16,6000
23283,66102,185000.0,4,2,1566,4500 WOOD AVE,Kansas City,Kansas,30874,1038.0,Wyandotte,61534.0,39.11246,-94.68842,1,80,40,17,22607
12612,64155,310000.0,3,2,2136,10309 N BALTIMORE AVE,Kansas City,Missouri,28091,742.9,Clay,106449.0,39.28031,-94.56801,2,29,40,16,12208
29779,64131,399000.0,5,4,3661,611 E 107TH TER,Kansas City,Missouri,22901,1035.3,Jackson,76640.0,38.95723,-94.57449,3,28,40,16,28912
23109,64127,170000.0,3,1,1200,2516 OAKLEY AVE,Kansas City,Missouri,17360,1604.0,Jackson,43395.0,39.08912,-94.53837,1,28,40,16,22433
23302,66103,145000.0,3,1,936,2122 BRISTOW ST,Kansas City,Kansas,13471,1114.6,Wyandotte,61950.0,39.06045,-94.62707,1,80,40,17,22626
23249,64146,184900.0,3,2,1329,811 E 121ST TER,Kansas City,Missouri,1345,97.4,Jackson,78215.0,38.87888,-94.57436,1,28,40,16,22573
12611,64155,275000.0,3,2,2245,309 NE 88TH TER,Kansas City,Missouri,28091,742.9,Clay,106449.0,39.28031,-94.56801,2,29,40,16,12207
23153,64131,194900.0,3,1,1064,1337 E 76TH ST,Kansas City,Missouri,22901,1035.3,Jackson,76640.0,38.95723,-94.57449,1,28,40,16,22477
6234,64156,519900.0,4,4,2700,8812 N LISTER CT,Kansas City,Missouri,6101,217.6,Clay,139247.0,39.2762,-94.5195,4,29,40,16,5998
6244,64156,535000.0,5,4,2700,8725 N CYPRESS CT,Kansas City,Missouri,6101,217.6,Clay,139247.0,39.2762,-94.5195,4,29,40,16,6008
6253,64157,519900.0,4,4,2450,9301 NE 98TH TER,Kansas City,Missouri,21539,769.5,Clay,165544.0,39.27657,-94.47103,4,29,40,16,6017
35601,64130,125000.0,2,1,780,4112 MONROE AVE,Kansas City,Missouri,19355,1054.8,Jackson,52129.0,39.03345,-94.54119,0,28,40,16,34580
23318,66104,220000.0,3,2,1056,4211 LEAVENWORTH RD,Kansas City,Kansas,26638,636.5,Wyandotte,63194.0,39.15043,-94.68861,1,80,40,17,22642
29786,64139,480000.0,4,5,3442,16004 E 76TH ST,Kansas City,Missouri,2656,214.3,Jackson,127460.0,38.96832,-94.40677,3,28,40,16,28919
23273,66102,215000.0,2,2,980,907 N 61ST TER,Kansas City,Kansas,30874,1038.0,Wyandotte,61534.0,39.11246,-94.68842,1,80,40,17,22597
23348,66109,245000.0,3,3,1478,7311 WAVERLY AVE,Kansas City,Kansas,27507,231.6,Wyandotte,108222.0,39.16367,-94.8283,1,80,40,17,22672
23083,64123,140000.0,3,1,1153,5507 SMART AVE,Kansas City,Missouri,11285,2424.0,Jackson,59780.0,39.11436,-94.52167,1,28,40,16,22407
23150,64131,235000.0,3,2,1344,1169 E 77TH ST,Kansas City,Missouri,22901,1035.3,Jackson,76640.0,38.95723,-94.57449,1,28,40,16,22474
12503,64111,345000.0,3,2,1994,4159 ROANOKE RD,Kansas City,Missouri,17039,2428.2,Jackson,84478.0,39.05707,-94.59393,2,28,40,16,12100
23151,64131,163999.0,3,1,1035,916 E 78TH ST,Kansas City,Missouri,22901,1035.3,Jackson,76640.0,38.95723,-94.57449,1,28,40,16,22475
22994,64108,235000.0,3,1,1752,2829 MADISON AVE,Kansas City,Missouri,9057,957.9,Jackson,98291.0,39.08413,-94.58449,1,28,40,16,22318
29829,64158,400000.0,4,4,3352,7517 N BOOTH AVE,Kansas City,Missouri,6302,1059.6,Clay,128333.0,39.23493,-94.47839,3,29,40,16,28962
35608,64130,65000.0,3,1,983,5705 PARK AVE,Kansas City,Missouri,19355,1054.8,Jackson,52129.0,39.03345,-94.54119,0,28,40,16,34587
35631,64132,110000.0,3,2,1054,2308 E 72ND ST,Kansas City,Missouri,13100,469.6,Jackson,48962.0,38.98551,-94.5396,0,28,40,16,34610
23208,64134,145000.0,4,2,936,11361 SYCAMORE TER,Kansas City,Missouri,22749,737.5,Jackson,66922.0,38.9308,-94.48667,1,28,40,16,22532
23247,64138,250000.0,3,3,2122,8332 BLUE RIDGE BLVD,Kansas City,Missouri,24185,700.7,Jackson,69700.0,38.96852,-94.47088,1,28,40,16,22571
23022,64112,175000.0,1,1,505,700 W 48TH ST APT 304,Kansas City,Missouri,8545,2248.8,Jackson,140745.0,39.03599,-94.59529,1,28,40,16,22346
12599,64151,365000.0,4,3,1803,5717 N OVERLAND DR,Kansas City,Missouri,27653,813.9,Platte,106458.0,39.21494,-94.63115,2,30,40,16,12195
23235,64137,209500.0,3,1,1092,4602 E 114TH TER,Kansas City,Missouri,10901,729.4,Jackson,73492.0,38.93196,-94.54287,1,28,40,16,22559
29755,64113,399950.0,4,2,1799,1241 W 70TH ST,Kansas City,Missouri,12323,1880.7,Jackson,220032.0,39.01414,-94.5956,3,28,40,16,28888
35636,64132,78000.0,2,1,487,7430 CHESTNUT AVE,Kansas City,Missouri,13100,469.6,Jackson,48962.0,38.98551,-94.5396,0,28,40,16,34615
23033,64114,220000.0,2,1,875,8660 GRANDE PAS,Kansas City,Missouri,24700,1347.8,Jackson,91489.0,38.9581,-94.59715,1,28,40,16,22357
12629,64157,269000.0,3,2,1626,8641 NE 110TH TER,Kansas City,Missouri,21539,769.5,Clay,165544.0,39.27657,-94.47103,2,29,40,16,12225
29746,64110,415000.0,5,3,2050,5000 VIRGINIA AVE,Kansas City,Missouri,17400,2249.2,Jackson,80574.0,39.03445,-94.57265,3,28,40,16,28879
29747,64110,389995.0,3,2,1304,6140 CHERRY ST,Kansas City,Missouri,17400,2249.2,Jackson,80574.0,39.03445,-94.57265,3,28,40,16,28880
12485,64106,369000.0,2,2,1383,522 LOCUST LN UNIT 107,Kansas City,Missouri,10830,2599.1,Jackson,72015.0,39.10526,-94.57013,2,28,40,16,12082
23182,64133,140999.0,3,1,816,9138 E 43RD TER,Kansas City,Missouri,36700,834.1,Jackson,75093.0,39.01406,-94.45689,1,28,40,16,22506
29757,64113,429000.0,3,3,1997,605 W 61ST ST,Kansas City,Missouri,12323,1880.7,Jackson,220032.0,39.01414,-94.5956,3,28,40,16,28890
12608,64153,325000.0,4,3,1928,9912 NW 86TH ST,Kansas City,Missouri,6095,64.6,Platte,97764.0,39.27999,-94.73148,2,30,40,16,12204
23288,66102,179999.0,3,1,1248,3807 WASHINGTON AVE,Kansas City,Kansas,30874,1038.0,Wyandotte,61534.0,39.11246,-94.68842,1,80,40,17,22612
23246,64138,159000.0,3,2,2150,8603 E 93RD ST,Kansas City,Missouri,24185,700.7,Jackson,69700.0,38.96852,-94.47088,1,28,40,16,22570
6208,64113,515000.0,4,2,2979,620 W 61ST ST,Kansas City,Missouri,12323,1880.7,Jackson,220032.0,39.01414,-94.5956,4,28,40,16,5972
35586,64128,90000.0,2,1,976,3835 AGNES AVE,Kansas City,Missouri,12076,1551.0,Jackson,47545.0,39.06555,-94.53484,0,28,40,16,34565
29749,64111,395000.0,3,3,2310,4315 FAIRMOUNT AVE,Kansas City,Missouri,17039,2428.2,Jackson,84478.0,39.05707,-94.59393,3,28,40,16,28882
29753,64112,479000.0,3,2,1563,4740 ROANOKE PKWY APT 601,Kansas City,Missouri,8545,2248.8,Jackson,140745.0,39.03599,-94.59529,3,28,40,16,28886
29778,64124,425000.0,6,2,4239,3010 E 6TH ST,Kansas City,Missouri,11039,2529.8,Jackson,50653.0,39.10718,-94.5391,3,28,40,16,28911
22999,64110,190000.0,4,2,2196,3921 TROOST AVE,Kansas City,Missouri,17400,2249.2,Jackson,80574.0,39.03445,-94.57265,1,28,40,16,22323
29809,64155,420000.0,3,2,1529,10624 N BELL ST,Kansas City,Missouri,28091,742.9,Clay,106449.0,39.28031,-94.56801,3,29,40,16,28942
12563,64131,339000.0,3,4,3920,1113 E 118TH ST,Kansas City,Missouri,22901,1035.3,Jackson,76640.0,38.95723,-94.57449,2,28,40,16,12160
23218,64134,139900.0,3,1,1056,9910 BELMONT AVE,Kansas City,Missouri,22749,737.5,Jackson,66922.0,38.9308,-94.48667,1,28,40,16,22542
6252,64157,625000.0,5,5,4667,9611 N OXFORD CT,Kansas City,Missouri,21539,769.5,Clay,165544.0,39.27657,-94.47103,4,29,40,16,6016
29741,64106,420000.0,2,3,1136,1101 WALNUT ST UNIT 2003,Kansas City,Missouri,10830,2599.1,Jackson,72015.0,39.10526,-94.57013,3,28,40,16,28874
23181,64133,129900.0,3,1,1440,9230 HUHN BLVD,Kansas City,Missouri,36700,834.1,Jackson,75093.0,39.01406,-94.45689,1,28,40,16,22505
23040,64117,200000.0,4,1,1728,3622 NE CYPRESS DR,Kansas City,Missouri,14677,938.2,Clay,66848.0,39.16522,-94.52251,1,29,40,16,22364
35560,64106,127500.0,1,1,571,600 E 8TH ST APT 8D,Kansas City,Missouri,10830,2599.1,Jackson,72015.0,39.10526,-94.57013,0,28,40,16,34539
12482,64105,274000.0,2,3,1191,431 W 10TH ST,Kansas City,Missouri,5168,2494.2,Jackson,83063.0,39.10599,-94.58985,2,28,40,16,12079
12496,64110,350000.0,3,2,1947,6132 HARRISON ST,Kansas City,Missouri,17400,2249.2,Jackson,80574.0,39.03445,-94.57265,2,28,40,16,12093
12650,66104,300000.0,3,3,1793,3327 N 55TH ST,Kansas City,Kansas,26638,636.5,Wyandotte,63194.0,39.15043,-94.68861,2,80,40,17,12246
6226,64155,550150.0,4,3,2431,10620 N BELLEVIEW AVE,Kansas City,Missouri,28091,742.9,Clay,106449.0,39.28031,-94.56801,4,29,40,16,5990
842,64108,675000.0,3,3,2372,111 E 30TH ST,Kansas City,Missouri,9057,957.9,Jackson,98291.0,39.08413,-94.58449,5,28,40,16,811
12541,64118,285000.0,3,3,2000,1610 NW 62ND TER,Kansas City,Missouri,43305,1308.7,Clay,80932.0,39.21301,-94.57497,2,29,40,16,12138
12590,64151,330000.0,3,3,2205,5801 N AVA AVE,Kansas City,Missouri,27653,813.9,Platte,106458.0,39.21494,-94.63115,2,30,40,16,12186
23116,64128,179900.0,4,3,1568,3302 KENSINGTON AVE,Kansas City,Missouri,12076,1551.0,Jackson,47545.0,39.06555,-94.53484,1,28,40,16,22440
29805,64155,500000.0,3,3,2600,11127 N EUCLID AVE,Kansas City,Missouri,28091,742.9,Clay,106449.0,39.28031,-94.56801,3,29,40,16,28938
12549,64123,259950.0,4,2,2128,141 N VAN BRUNT BLVD,Kansas City,Missouri,11285,2424.0,Jackson,59780.0,39.11436,-94.52167,2,28,40,16,12146
12569,64131,345000.0,4,2,2166,7635 HOLMES RD,Kansas City,Missouri,22901,1035.3,Jackson,76640.0,38.95723,-94.57449,2,28,40,16,12166
35656,66101,102000.0,2,1,768,713 TENNY AVE,Kansas City,Kansas,12410,1480.6,Wyandotte,49815.0,39.11871,-94.62592,0,80,40,17,34635
12558,64130,350000.0,3,3,1819,1804 E 60TH TER,Kansas City,Missouri,19355,1054.8,Jackson,52129.0,39.03345,-94.54119,2,28,40,16,12155
23019,64112,245000.0,2,2,913,5008 BALTIMORE AVE APT 201,Kansas City,Missouri,8545,2248.8,Jackson,140745.0,39.03599,-94.59529,1,28,40,16,22343
23232,64137,140000.0,4,3,1850,3209 E 95TH ST,Kansas City,Missouri,10901,729.4,Jackson,73492.0,38.93196,-94.54287,1,28,40,16,22556
2846,64151,1080000.0,4,5,3615,6305 NW 58TH TER,Kansas City,Missouri,27653,813.9,Platte,106458.0,39.21494,-94.63115,8,30,40,16,2731
22988,64108,195000.0,2,2,858,2533 FLORA AVE,Kansas City,Missouri,9057,957.9,Jackson,98291.0,39.08413,-94.58449,1,28,40,16,22312
23268,66102,249950.0,3,2,1540,1117 N 19TH ST,Kansas City,Kansas,30874,1038.0,Wyandotte,61534.0,39.11246,-94.68842,1,80,40,17,22592
35602,64130,60000.0,2,1,784,2314 E 59TH ST,Kansas City,Missouri,19355,1054.8,Jackson,52129.0,39.03345,-94.54119,0,28,40,16,34581
23149,64131,149900.0,3,1,1396,440 E 75TH ST,Kansas City,Missouri,22901,1035.3,Jackson,76640.0,38.95723,-94.57449,1,28,40,16,22473
6214,64119,630000.0,4,4,2400,7700 N SPRUCE AVE,Kansas City,Missouri,32461,864.3,Clay,91061.0,39.21137,-94.5186,4,29,40,16,5978
12491,64110,350000.0,3,2,1853,5737 CHERRY ST,Kansas City,Missouri,17400,2249.2,Jackson,80574.0,39.03445,-94.57265,2,28,40,16,12088
29742,64108,495000.0,3,4,1663,1821 MERCIER ST,Kansas City,Missouri,9057,957.9,Jackson,98291.0,39.08413,-94.58449,3,28,40,16,28875
35565,64114,125000.0,2,2,1104,9202 CENTRAL ST,Kansas City,Missouri,24700,1347.8,Jackson,91489.0,38.9581,-94.59715,0,28,40,16,34544
12576,64134,265000.0,4,3,2620,11016 BEACON AVE,Kansas City,Missouri,22749,737.5,Jackson,66922.0,38.9308,-94.48667,2,28,40,16,12172
35665,66106,119000.0,2,1,916,1805 RUBY AVE,Kansas City,Kansas,23817,485.5,Wyandotte,72169.0,39.06631,-94.70384,0,80,40,17,34644
23103,64127,129000.0,3,2,1610,2409 OAKLEY AVE,Kansas City,Missouri,17360,1604.0,Jackson,43395.0,39.08912,-94.53837,1,28,40,16,22427
12494,64110,325000.0,3,3,2447,6010 ROCKHILL RD,Kansas City,Missouri,17400,2249.2,Jackson,80574.0,39.03445,-94.57265,2,28,40,16,12091
12540,64118,319900.0,3,3,1313,7929 N HARRISON ST,Kansas City,Missouri,43305,1308.7,Clay,80932.0,39.21301,-94.57497,2,29,40,16,12137
35575,64127,119900.0,3,2,1357,2512 MYRTLE AVE,Kansas City,Missouri,17360,1604.0,Jackson,43395.0,39.08912,-94.53837,0,28,40,16,34554
6224,64154,539900.0,5,5,3612,10405 N FISK AVE,Kansas City,Missouri,12863,383.8,Platte,119795.0,39.27653,-94.62967,4,30,40,16,5988
23286,66102,150000.0,3,2,1250,600 N 34TH ST,Kansas City,Kansas,30874,1038.0,Wyandotte,61534.0,39.11246,-94.68842,1,80,40,17,22610
12502,64111,267470.0,2,1,918,4433 FAIRMOUNT AVE,Kansas City,Missouri,17039,2428.2,Jackson,84478.0,39.05707,-94.59393,2,28,40,16,12099
23295,66103,254900.0,3,2,1298,4203 BOOTH ST,Kansas City,Kansas,13471,1114.6,Wyandotte,61950.0,39.06045,-94.62707,1,80,40,17,22619
23296,66103,239000.0,3,2,2520,1818 S VALLEY ST,Kansas City,Kansas,13471,1114.6,Wyandotte,61950.0,39.06045,-94.62707,1,80,40,17,22620
23044,64117,150000.0,1,1,576,3744 N PROSPECT ST,Kansas City,Missouri,14677,938.2,Clay,66848.0,39.16522,-94.52251,1,29,40,16,22368
12520,64114,299000.0,4,3,2168,11138 MCGEE ST,Kansas City,Missouri,24700,1347.8,Jackson,91489.0,38.9581,-94.59715,2,28,40,16,12117
29796,64151,475000.0,4,4,3010,4211 NW 75TH ST,Kansas City,Missouri,27653,813.9,Platte,106458.0,39.21494,-94.63115,3,30,40,16,28929
23224,64134,170000.0,3,1,1680,10736 BLUE RIDGE BLVD,Kansas City,Missouri,22749,737.5,Jackson,66922.0,38.9308,-94.48667,1,28,40,16,22548
23152,64131,237500.0,3,2,1463,1008 E 73RD ST,Kansas City,Missouri,22901,1035.3,Jackson,76640.0,38.95723,-94.57449,1,28,40,16,22476
12504,64112,345000.0,2,2,1021,221 W 48TH ST APT 1903,Kansas City,Missouri,8545,2248.8,Jackson,140745.0,39.03599,-94.59529,2,28,40,16,12101
12610,64154,315000.0,3,2,2492,2609 NW 88TH ST,Kansas City,Missouri,12863,383.8,Platte,119795.0,39.27653,-94.62967,2,30,40,16,12206
12552,64124,310000.0,4,2,1490,2606 SMART AVE,Kansas City,Missouri,11039,2529.8,Jackson,50653.0,39.10718,-94.5391,2,28,40,16,12149
23198,64134,159900.0,4,1,1176,11216 EASTERN AVE,Kansas City,Missouri,22749,737.5,Jackson,66922.0,38.9308,-94.48667,1,28,40,16,22522
23039,64117,199900.0,3,1,1512,5317 NE 43RD ST,Kansas City,Missouri,14677,938.2,Clay,66848.0,39.16522,-94.52251,1,29,40,16,22363
12656,66106,279900.0,4,3,1906,1426 S 33RD ST,Kansas City,Kansas,23817,485.5,Wyandotte,72169.0,39.06631,-94.70384,2,80,40,17,12252
854,64157,725000.0,5,5,3866,9211 N OVERTON AVE,Kansas City,Missouri,21539,769.5,Clay,165544.0,39.27657,-94.47103,5,29,40,16,823
23001,64110,225000.0,4,2,1968,5345 WOODLAND AVE,Kansas City,Missouri,17400,2249.2,Jackson,80574.0,39.03445,-94.57265,1,28,40,16,22325
6235,64156,525000.0,3,2,1832,10329 N CORRINGTON AVE,Kansas City,Missouri,6101,217.6,Clay,139247.0,39.2762,-94.5195,4,29,40,16,5999
23195,64134,208999.0,3,3,1054,8306 E 105TH ST,Kansas City,Missouri,22749,737.5,Jackson,66922.0,38.9308,-94.48667,1,28,40,16,22519
35582,64128,69950.0,3,1,2270,3330 BALES AVE,Kansas City,Missouri,12076,1551.0,Jackson,47545.0,39.06555,-94.53484,0,28,40,16,34561
29768,64116,399900.0,3,3,3239,4018 NW CLAYMONT DR,Kansas City,Missouri,16977,604.8,Clay,76921.0,39.14875,-94.57444,3,29,40,16,28901
6259,64158,515000.0,5,5,3665,7419 N CHAS DR,Kansas City,Missouri,6302,1059.6,Clay,128333.0,39.23493,-94.47839,4,29,40,16,6023
23320,66104,185000.0,4,2,1504,1337 WAVERLY AVE,Kansas City,Kansas,26638,636.5,Wyandotte,63194.0,39.15043,-94.68861,1,80,40,17,22644
23231,64137,169500.0,3,2,1303,9514 PARKWOOD ST,Kansas City,Missouri,10901,729.4,Jackson,73492.0,38.93196,-94.54287,1,28,40,16,22555
3796,64116,875000.0,4,7,5662,713 WHITE OAK LN,Kansas City,Missouri,16977,604.8,Clay,76921.0,39.14875,-94.57444,6,29,40,16,3646
35609,64130,92000.0,3,1,902,3937 MYRTLE AVE,Kansas City,Missouri,19355,1054.8,Jackson,52129.0,39.03345,-94.54119,0,28,40,16,34588
23210,64134,230000.0,3,2,1928,9503 FREMONT AVE,Kansas City,Missouri,22749,737.5,Jackson,66922.0,38.9308,-94.48667,1,28,40,16,22534
23140,64130,169000.0,4,1,1536,5205 S BENTON AVE,Kansas City,Missouri,19355,1054.8,Jackson,52129.0,39.03345,-94.54119,1,28,40,16,22464
6220,64151,620000.0,4,3,2683,4804 NW 71ST ST,Kansas City,Missouri,27653,813.9,Platte,106458.0,39.21494,-94.63115,4,30,40,16,5984
29781,64133,389900.0,4,3,3704,6708 PROCTOR AVE,Kansas City,Missouri,36700,834.1,Jackson,75093.0,39.01406,-94.45689,3,28,40,16,28914
36489,64156,1314700.0,6,7,4979,4505 NE 101ST ST,Kansas City,Missouri,6101,217.6,Clay,139247.0,39.2762,-94.5195,10,29,40,16,35443
23028,64114,250000.0,3,2,1672,7501 BALTIMORE AVE,Kansas City,Missouri,24700,1347.8,Jackson,91489.0,38.9581,-94.59715,1,28,40,16,22352
23211,64134,190000.0,3,2,1092,9506 FREMONT AVE,Kansas City,Missouri,22749,737.5,Jackson,66922.0,38.9308,-94.48667,1,28,40,16,22535
23245,64138,165000.0,3,1,936,8513 BLUE RIDGE BLVD,Kansas City,Missouri,24185,700.7,Jackson,69700.0,38.96852,-94.47088,1,28,40,16,22569
23131,64130,130000.0,3,1,1152,3904 BALES AVE,Kansas City,Missouri,19355,1054.8,Jackson,52129.0,39.03345,-94.54119,1,28,40,16,22455
35649,64134,90000.0,3,1,912,11202 CRYSTAL AVE,Kansas City,Missouri,22749,737.5,Jackson,66922.0,38.9308,-94.48667,0,28,40,16,34628
23244,64138,205000.0,3,2,2560,9028 HUNTER ST,Kansas City,Missouri,24185,700.7,Jackson,69700.0,38.96852,-94.47088,1,28,40,16,22568
12526,64114,299000.0,3,2,1466,525 W COUNTRY LN,Kansas City,Missouri,24700,1347.8,Jackson,91489.0,38.9581,-94.59715,2,28,40,16,12123
23202,64134,140000.0,3,1,912,11402 PALMER AVE,Kansas City,Missouri,22749,737.5,Jackson,66922.0,38.9308,-94.48667,1,28,40,16,22526
23006,64110,249999.0,3,3,2000,5841 WAYNE AVE,Kansas City,Missouri,17400,2249.2,Jackson,80574.0,39.03445,-94.57265,1,28,40,16,22330
23102,64126,199500.0,3,3,1276,1808 FULLER AVE,Kansas City,Missouri,5613,835.2,Jackson,41309.0,39.09095,-94.49581,1,28,40,16,22426
35610,64130,90000.0,2,1,1031,5508 GARFIELD AVE,Kansas City,Missouri,19355,1054.8,Jackson,52129.0,39.03345,-94.54119,0,28,40,16,34589
12481,64105,315000.0,1,2,1399,609 CENTRAL ST APT 1107,Kansas City,Missouri,5168,2494.2,Jackson,83063.0,39.10599,-94.58985,2,28,40,16,12078
23012,64111,188000.0,2,1,869,4542 JARBOE ST APT 4,Kansas City,Missouri,17039,2428.2,Jackson,84478.0,39.05707,-94.59393,1,28,40,16,22336
23252,64151,195000.0,3,2,1252,6914 N FISK AVE,Kansas City,Missouri,27653,813.9,Platte,106458.0,39.21494,-94.63115,1,30,40,16,22576
23332,66106,170000.0,2,1,850,2806 S 36TH ST,Kansas City,Kansas,23817,485.5,Wyandotte,72169.0,39.06631,-94.70384,1,80,40,17,22656
35658,66104,65600.0,2,1,1102,1316 CLEVELAND AVE,Kansas City,Kansas,26638,636.5,Wyandotte,63194.0,39.15043,-94.68861,0,80,40,17,34637
12642,66102,298000.0,3,3,1547,1736 N 57TH TER,Kansas City,Kansas,30874,1038.0,Wyandotte,61534.0,39.11246,-94.68842,2,80,40,17,12238
23205,64134,209900.0,4,2,1490,8208 E 116TH ST,Kansas City,Missouri,22749,737.5,Jackson,66922.0,38.9308,-94.48667,1,28,40,16,22529
35634,64132,85000.0,2,1,792,7949 AGNES AVE,Kansas City,Missouri,13100,469.6,Jackson,48962.0,38.98551,-94.5396,0,28,40,16,34613
12555,64124,259000.0,3,2,1264,349 MAPLE BLVD,Kansas City,Missouri,11039,2529.8,Jackson,50653.0,39.10718,-94.5391,2,28,40,16,12152
12544,64118,379900.0,3,3,2190,5712 N WYOMING AVE,Kansas City,Missouri,43305,1308.7,Clay,80932.0,39.21301,-94.57497,2,29,40,16,12141
23219,64134,140000.0,3,2,1032,10520 SKILES AVE,Kansas City,Missouri,22749,737.5,Jackson,66922.0,38.9308,-94.48667,1,28,40,16,22543
35666,66106,115000.0,2,1,690,5122 FOREST AVE,Kansas City,Kansas,23817,485.5,Wyandotte,72169.0,39.06631,-94.70384,0,80,40,17,34645
29780,64131,435000.0,3,3,2396,608 E 73RD ST,Kansas City,Missouri,22901,1035.3,Jackson,76640.0,38.95723,-94.57449,3,28,40,16,28913
23214,64134,165000.0,3,2,986,7209 E 112TH ST,Kansas City,Missouri,22749,737.5,Jackson,66922.0,38.9308,-94.48667,1,28,40,16,22538
29761,64114,389000.0,3,2,1683,7127 SUMMIT ST,Kansas City,Missouri,24700,1347.8,Jackson,91489.0,38.9581,-94.59715,3,28,40,16,28894
35647,64134,107900.0,3,1,912,7805 E 108TH ST,Kansas City,Missouri,22749,737.5,Jackson,66922.0,38.9308,-94.48667,0,28,40,16,34626
12657,66106,270000.0,4,2,1200,1833 S 49TH ST,Kansas City,Kansas,23817,485.5,Wyandotte,72169.0,39.06631,-94.70384,2,80,40,17,12253
22991,64108,250000.0,2,1,2346,2608 W PASEO BLVD,Kansas City,Missouri,9057,957.9,Jackson,98291.0,39.08413,-94.58449,1,28,40,16,22315
23062,64118,200000.0,3,2,1158,500 NE POPLAR DR,Kansas City,Missouri,43305,1308.7,Clay,80932.0,39.21301,-94.57497,1,29,40,16,22386
23077,64119,225000.0,3,3,2064,5331 N WHITE AVE,Kansas City,Missouri,32461,864.3,Clay,91061.0,39.21137,-94.5186,1,29,40,16,22401
12637,64166,338000.0,3,3,1500,6211 NE 120TH ST,Kansas City,Missouri,381,29.9,Clay,125598.0,39.32215,-94.52301,2,29,40,16,12233
29804,64155,469900.0,4,3,2093,1105 NW 94TH TER,Kansas City,Missouri,28091,742.9,Clay,106449.0,39.28031,-94.56801,3,29,40,16,28937
3798,64155,875000.0,6,6,4875,10755 N HICKORY CT,Kansas City,Missouri,28091,742.9,Clay,106449.0,39.28031,-94.56801,6,29,40,16,3648
23331,66106,210000.0,3,1,1100,2130 S 35TH ST,Kansas City,Kansas,23817,485.5,Wyandotte,72169.0,39.06631,-94.70384,1,80,40,17,22655
35625,64131,125000.0,2,2,939,8151 HOLMES RD APT 101,Kansas City,Missouri,22901,1035.3,Jackson,76640.0,38.95723,-94.57449,0,28,40,16,34604
12560,64131,320000.0,3,3,3066,418 E GREGORY BLVD,Kansas City,Missouri,22901,1035.3,Jackson,76640.0,38.95723,-94.57449,2,28,40,16,12157
23309,66104,215000.0,3,3,2484,3174 CLEVELAND AVE,Kansas City,Kansas,26638,636.5,Wyandotte,63194.0,39.15043,-94.68861,1,80,40,17,22633
23068,64119,250000.0,3,3,1720,3910 NE 51ST TER,Kansas City,Missouri,32461,864.3,Clay,91061.0,39.21137,-94.5186,1,29,40,16,22392
23066,64119,205000.0,4,2,2000,4842 N WHITE AVE,Kansas City,Missouri,32461,864.3,Clay,91061.0,39.21137,-94.5186,1,29,40,16,22390
23057,64118,245000.0,3,3,1387,5308 N MICHIGAN AVE,Kansas City,Missouri,43305,1308.7,Clay,80932.0,39.21301,-94.57497,1,29,40,16,22381
29801,64154,425000.0,4,3,2265,9610 N LENOX PL,Kansas City,Missouri,12863,383.8,Platte,119795.0,39.27653,-94.62967,3,30,40,16,28934
23086,64123,130000.0,3,1,1696,4204 WINDSOR AVE,Kansas City,Missouri,11285,2424.0,Jackson,59780.0,39.11436,-94.52167,1,28,40,16,22410
23263,66101,169900.0,2,1,777,523 ANN AVE,Kansas City,Kansas,12410,1480.6,Wyandotte,49815.0,39.11871,-94.62592,1,80,40,17,22587
18583,64112,999000.0,4,4,3428,4607 LIBERTY ST,Kansas City,Missouri,8545,2248.8,Jackson,140745.0,39.03599,-94.59529,7,28,40,16,17997
29743,64108,449500.0,2,3,2162,2923 GRAND AVE,Kansas City,Missouri,9057,957.9,Jackson,98291.0,39.08413,-94.58449,3,28,40,16,28876
12623,64155,265000.0,3,3,1085,8 NW 102ND ST,Kansas City,Missouri,28091,742.9,Clay,106449.0,39.28031,-94.56801,2,29,40,16,12219
23009,64111,197000.0,1,1,683,4532 BROADWAY APT 3N,Kansas City,Missouri,17039,2428.2,Jackson,84478.0,39.05707,-94.59393,1,28,40,16,22333
35661,66104,85000.0,3,2,2182,2414 N 10TH ST,Kansas City,Kansas,26638,636.5,Wyandotte,63194.0,39.15043,-94.68861,0,80,40,17,34640
23052,64118,198000.0,2,3,1362,5548 N FAIRMOUNT AVE,Kansas City,Missouri,43305,1308.7,Clay,80932.0,39.21301,-94.57497,1,29,40,16,22376
35642,64134,119900.0,3,2,1308,10500 CORRINGTON AVE,Kansas City,Missouri,22749,737.5,Jackson,66922.0,38.9308,-94.48667,0,28,40,16,34621
23267,66102,254950.0,4,2,2889,6601 GARFIELD AVE,Kansas City,Kansas,30874,1038.0,Wyandotte,61534.0,39.11246,-94.68842,1,80,40,17,22591
23165,64132,250000.0,4,2,1808,3821 E 72ND ST,Kansas City,Missouri,13100,469.6,Jackson,48962.0,38.98551,-94.5396,1,28,40,16,22489
35653,64138,125000.0,2,1,960,8021 E 88TH ST,Kansas City,Missouri,24185,700.7,Jackson,69700.0,38.96852,-94.47088,0,28,40,16,34632
23346,66109,235000.0,4,3,2108,8014 CLEVELAND AVE,Kansas City,Kansas,27507,231.6,Wyandotte,108222.0,39.16367,-94.8283,1,80,40,17,22670
35563,64111,125000.0,1,1,501,4308 OAK ST # 1N,Kansas City,Missouri,17039,2428.2,Jackson,84478.0,39.05707,-94.59393,0,28,40,16,34542
29824,64157,490000.0,4,3,2482,9330 N DITZLER AVE,Kansas City,Missouri,21539,769.5,Clay,165544.0,39.27657,-94.47103,3,29,40,16,28957
35591,64129,125000.0,3,2,1064,7423 E 51ST ST,Kansas City,Missouri,8768,327.3,Jackson,67280.0,39.04935,-94.49682,0,28,40,16,34570
23069,64119,169900.0,2,2,1742,6529 NE 54TH ST,Kansas City,Missouri,32461,864.3,Clay,91061.0,39.21137,-94.5186,1,29,40,16,22393
23080,64119,190000.0,4,2,1628,7909 NE 51ST ST,Kansas City,Missouri,32461,864.3,Clay,91061.0,39.21137,-94.5186,1,29,40,16,22404
6211,64114,614500.0,3,3,2179,9520 MADISON AVE,Kansas City,Missouri,24700,1347.8,Jackson,91489.0,38.9581,-94.59715,4,28,40,16,5975
6247,64157,565000.0,4,4,2850,10518 N HAWTHORNE AVE,Kansas City,Missouri,21539,769.5,Clay,165544.0,39.27657,-94.47103,4,29,40,16,6011
12510,64113,300000.0,3,3,2320,116 W 61ST TER,Kansas City,Missouri,12323,1880.7,Jackson,220032.0,39.01414,-94.5956,2,28,40,16,12107
12588,64151,369977.0,4,4,3146,6625 N LONDON DR,Kansas City,Missouri,27653,813.9,Platte,106458.0,39.21494,-94.63115,2,30,40,16,12184
23076,64119,200000.0,3,2,1152,5036 NE 57TH ST,Kansas City,Missouri,32461,864.3,Clay,91061.0,39.21137,-94.5186,1,29,40,16,22400
23027,64114,210000.0,2,1,900,211 W 77TH TER,Kansas City,Missouri,24700,1347.8,Jackson,91489.0,38.9581,-94.59715,1,28,40,16,22351
12646,66103,325000.0,3,1,1210,2105 W 43RD AVE,Kansas City,Kansas,13471,1114.6,Wyandotte,61950.0,39.06045,-94.62707,2,80,40,17,12242
29822,64157,424950.0,4,4,3260,7719 NE 108TH TER,Kansas City,Missouri,21539,769.5,Clay,165544.0,39.27657,-94.47103,3,29,40,16,28955
6227,64155,597500.0,3,3,2500,1724 NW 107TH TER,Kansas City,Missouri,28091,742.9,Clay,106449.0,39.28031,-94.56801,4,29,40,16,5991
35619,64131,115000.0,2,1,676,8516 HIGHLAND AVE,Kansas City,Missouri,22901,1035.3,Jackson,76640.0,38.95723,-94.57449,0,28,40,16,34598
29754,64113,395000.0,3,2,1540,100 W 67TH TER,Kansas City,Missouri,12323,1880.7,Jackson,220032.0,39.01414,-94.5956,3,28,40,16,28887
26949,64112,1250000.0,3,3,2933,5012 SUMMIT ST,Kansas City,Missouri,8545,2248.8,Jackson,140745.0,39.03599,-94.59529,9,28,40,16,26179
23241,64138,129900.0,2,1,640,7108 E 92ND ST,Kansas City,Missouri,24185,700.7,Jackson,69700.0,38.96852,-94.47088,1,28,40,16,22565
12566,64131,265000.0,4,3,2038,9812 WINSLOW PL,Kansas City,Missouri,22901,1035.3,Jackson,76640.0,38.95723,-94.57449,2,28,40,16,12163
23220,64134,219950.0,3,2,1734,10112 BELLAIRE AVE,Kansas City,Missouri,22749,737.5,Jackson,66922.0,38.9308,-94.48667,1,28,40,16,22544
6241,64156,585000.0,5,5,3655,4321 NE 88TH ST,Kansas City,Missouri,6101,217.6,Clay,139247.0,39.2762,-94.5195,4,29,40,16,6005
29769,64118,420000.0,4,4,3467,5303 N PENNSYLVANIA AVE,Kansas City,Missouri,43305,1308.7,Clay,80932.0,39.21301,-94.57497,3,29,40,16,28902
23100,64126,130000.0,2,1,792,6024 E 16TH ST,Kansas City,Missouri,5613,835.2,Jackson,41309.0,39.09095,-94.49581,1,28,40,16,22424
23290,66102,150000.0,2,1,828,4111 TROUP AVE,Kansas City,Kansas,30874,1038.0,Wyandotte,61534.0,39.11246,-94.68842,1,80,40,17,22614
23236,64137,140000.0,3,1,912,5705 E 100TH TER,Kansas City,Missouri,10901,729.4,Jackson,73492.0,38.93196,-94.54287,1,28,40,16,22560
12584,64145,349900.0,3,3,2870,34 WOODBRIDGE LN,Kansas City,Missouri,5054,350.9,Jackson,120748.0,38.88046,-94.59652,2,28,40,16,12180
29794,64151,470000.0,4,4,3750,8112 N COSBY AVE,Kansas City,Missouri,27653,813.9,Platte,106458.0,39.21494,-94.63115,3,30,40,16,28927
23262,66101,165000.0,4,2,1920,603 LOWELL AVE,Kansas City,Kansas,12410,1480.6,Wyandotte,49815.0,39.11871,-94.62592,1,80,40,17,22586
23014,64111,210000.0,3,2,2020,4014 ROANOKE RD,Kansas City,Missouri,17039,2428.2,Jackson,84478.0,39.05707,-94.59393,1,28,40,16,22338
23113,64128,129900.0,2,1,1938,3518 BELLEFONTAINE AVE,Kansas City,Missouri,12076,1551.0,Jackson,47545.0,39.06555,-94.53484,1,28,40,16,22437
35584,64128,120000.0,2,1,700,3420 COLORADO AVE,Kansas City,Missouri,12076,1551.0,Jackson,47545.0,39.06555,-94.53484,0,28,40,16,34563
22993,64108,170000.0,3,2,848,2616 BELLEVIEW AVE,Kansas City,Missouri,9057,957.9,Jackson,98291.0,39.08413,-94.58449,1,28,40,16,22317
35569,64124,115000.0,3,2,1664,509 HARDESTY AVE,Kansas City,Missouri,11039,2529.8,Jackson,50653.0,39.10718,-94.5391,0,28,40,16,34548
