{"New York": 0, "Staten Island": 1, "Bronx": 2, "Floral Park": 3, "Glen Oaks": 4, "Astoria": 5, "Sunnyside": 6, "Long Island City": 7, "Brooklyn": 8, "Flushing": 9, "College Point": 10, "Whitestone": 11, "Bayside": 12, "Little Neck": 13, "Oakland Gardens": 14, "Fresh Meadows": 15, "Corona": 16, "East Elmhurst": 17, "Jackson Heights": 18, "Elmhurst": 19, "Rego Park": 20, "Forest Hills": 21, "Woodside": 22, "Maspeth": 23, "Middle Village": 24, "Cambria Heights": 25, "Springfield Gardens": 26, "Howard Beach": 27, "Kew Gardens": 28, "Ozone Park": 29, "South Richmond Hill": 30, "South Ozone Park": 31, "Rosedale": 32, "Hollis": 33, "Bellerose": 34, "Queens Village": 35, "Jamaica": 36, "Far Rockaway": 37, "Arverne": 38, "Rockaway Park": 39, "Philadelphia": 40, "Washington": 41, "Baltimore": 42, "Towson": 43, "Gwynn Oak": 44, "Pikesville": 45, "Essex": 46, "Dundalk": 47, "Curtis Bay": 48, "Catonsville": 49, "Parkville": 50, "Chesapeake": 51, "Virginia Beach": 52, "Garner": 53, "Knightdale": 54, "Wake Forest": 55, "Raleigh": 56, "Durham": 57, "Huntersville": 58, "Matthews": 59, "Charlotte": 60, "Atlanta": 61, "Ponte Vedra": 62, "Jacksonville": 63, "Atlantic Beach": 64, "Jacksonville Beach": 65, "Saint Johns": 66, "Miami Beach": 67, "Miami": 68, "Madison": 69, "Nashville": 70, "Cordova": 71, "Memphis": 72, "Fisherville": 73, "Prospect": 74, "Fairdale": 75, "Shepherdsville": 76, "Louisville": 77, "Blacklick": 78, "Dublin": 79, "Hilliard": 80, "Lewis Center": 81, "New Albany": 82, "Powell": 83, "Reynoldsburg": 84, "Westerville": 85, "Columbus": 86, "Canal Winchester": 87, "Galloway": 88, "Grove City": 89, "Groveport": 90, "Lockbourne": 91, "Pickerington": 92, "Westfield": 93, "Brownsburg": 94, "Greenfield": 95, "Indianapolis": 96, "Detroit": 97, "Highland Park": 98, "Hamtramck": 99, "Harper Woods": 100, "Grosse Pointe": 101, "Redford": 102, "Greendale": 103, "Milwaukee": 104, "Saint Francis": 105, "Minneapolis": 106, "Chicago": 107, "Elmwood Park": 108, "Kansas City": 109, "Haysville": 110, "Maize": 111, "Wichita": 112, "Bennington": 113, "Elkhorn": 114, "Gretna": 115, "Omaha": 116, "Bellevue": 117, "New Orleans": 118, "Edmond": 119, "Choctaw": 120, "Jones": 121, "Mustang": 122, "Piedmont": 123, "Spencer": 124, "Yukon": 125, "Oklahoma City": 126, "Broken Arrow": 127, "Tulsa": 128, "Newalla": 129, "Grand Prairie": 130, "Dallas": 131, "Arlington": 132, "Aledo": 133, "Burleson": 134, "Crowley": 135, "Euless": 136, "Haslet": 137, "Fort Worth": 138, "Keller": 139, "Justin": 140, "Roanoke": 141, "Houston": 142, "Huffman": 143, "Stafford": 144, "Missouri City": 145, "Webster": 146, "Atascosa": 147, "Boerne": 148, "Poteet": 149, "Converse": 150, "Schertz": 151, "San Antonio": 152, "Manchaca": 153, "Manor": 154, "Spicewood": 155, "Austin": 156, "Clint": 157, "El Paso": 158, "Englewood": 159, "Littleton": 160, "Denver": 161, "Calhan": 162, "Colorado Springs": 163, "Phoenix": 164, "New River": 165, "Apache Junction": 166, "Queen Creek": 167, "Mesa": 168, "Scottsdale": 169, "Paradise Valley": 170, "Glendale": 171, "Cave Creek": 172, "Laveen": 173, "Tolleson": 174, "Tucson": 175, "Albuquerque": 176, "Henderson": 177, "North Las Vegas": 178, "Las Vegas": 179, "Los Angeles": 180, "West Hollywood": 181, "Playa Vista": 182, "Beverly Hills": 183, "Culver City": 184, "Pacific Palisades": 185, "Venice": 186, "Marina Del Rey": 187, "Playa Del Rey": 188, "Santa Monica": 189, "Harbor City": 190, "Lakewood": 191, "San Pedro": 192, "Wilmington": 193, "Long Beach": 194, "Sunland": 195, "Tujunga": 196, "Canoga Park": 197, "Winnetka": 198, "West Hills": 199, "Chatsworth": 200, "Encino": 201, "Northridge": 202, "Porter Ranch": 203, "Pacoima": 204, "Reseda": 205, "San Fernando": 206, "Sylmar": 207, "North Hills": 208, "Granada Hills": 209, "Mission Hills": 210, "Sun Valley": 211, "Tarzana": 212, "Woodland Hills": 213, "Van Nuys": 214, "Panorama City": 215, "Sherman Oaks": 216, "Burbank": 217, "North Hollywood": 218, "Studio City": 219, "Valley Village": 220, "National City": 221, "Del Mar": 222, "La Jolla": 223, "San Diego": 224, "San Ysidro": 225, "Hanford": 226, "Friant": 227, "Kerman": 228, "Fresno": 229, "San Francisco": 230, "San Leandro": 231, "Oakland": 232, "Emeryville": 233, "Berkeley": 234, "Campbell": 235, "Milpitas": 236, "Santa Clara": 237, "San Jose": 238, "Mount Hamilton": 239, "Sacramento": 240, "Portland": 241, "Seattle": 242}