{"New York": 0, "Richmond": 1, "Bronx": 2, "Nassau": 3, "Queens": 4, "Kings": 5, "Philadelphia": 6, "District of Columbia": 7, "Baltimore": 8, "Anne Arundel": 9, "Chesapeake": 10, "Virginia Beach": 11, "Wake": 12, "Durham": 13, "Mecklenburg": 14, "Union": 15, "Fulton": 16, "DeKalb": 17, "Cobb": 18, "St. Johns": 19, "Duval": 20, "Miami-Dade": 21, "Davidson": 22, "Shelby": 23, "Jefferson": 24, "Oldham": 25, "Bullitt": 26, "Franklin": 27, "Delaware": 28, "Fairfield": 29, "Hamilton": 30, "Hendricks": 31, "Hancock": 32, "Marion": 33, "Wayne": 34, "Milwaukee": 35, "Hennepin": 36, "Anoka": 37, "Cook": 38, "Jackson": 39, "Clay": 40, "Platte": 41, "Wyandotte": 42, "Sedgwick": 43, "Douglas": 44, "Sarpy": 45, "Orleans": 46, "Oklahoma": 47, "Canadian": 48, "Cleveland": 49, "Wagoner": 50, "Tulsa": 51, "Osage": 52, "Creek": 53, "Dallas": 54, "Collin": 55, "Tarrant": 56, "Parker": 57, "Johnson": 58, "Denton": 59, "Harris": 60, "Fort Bend": 61, "Bexar": 62, "Kendall": 63, "Atascosa": 64, "Travis": 65, "Williamson": 66, "Hays": 67, "El Paso": 68, "Arapahoe": 69, "Denver": 70, "Adams": 71, "Maricopa": 72, "Pinal": 73, "Pima": 74, "Bernalillo": 75, "Clark": 76, "Los Angeles": 77, "San Diego": 78, "Madera": 79, "Fresno": 80, "San Francisco": 81, "Alameda": 82, "Santa Clara": 83, "Sacramento": 84, "Multnomah": 85, "Washington": 86, "King": 87}