Zip Code,Price,Beds,Baths,Living Space,Address,City,State,Zip Code Population,Zip Code Density,County,Median Household Income,Latitude,Longitude,county_num,city_num,state_num,address_num
40211,80000.0,2,1,720,3302 W KENTUCKY ST,Louisville,Kentucky,22167,1170.9,Jefferson,47381.0,38.23425,-85.82147,24,77,9,9478
40207,350000.0,3,3,2177,910 CANNONS LN,Louisville,Kentucky,29359,965.8,Jefferson,144750.0,38.26357,-85.65543,24,77,9,9433
40291,460000.0,4,2,2404,7708 CEDAR CREEK RD,Louisville,Kentucky,39447,673.0,Jefferson,100587.0,38.1275,-85.57823,24,77,9,10076
40219,275000.0,2,2,1323,4100 BELLFLOWER DR,Louisville,Kentucky,38589,1002.7,Jefferson,66115.0,38.13907,-85.68877,24,77,9,9731
40291,198500.0,2,2,1292,9500 MAGNOLIA RIDGE DR UNIT 104,Louisville,Kentucky,39447,673.0,Jefferson,100587.0,38.1275,-85.57823,24,77,9,10102
40219,255000.0,2,2,1953,6013 ROBINHOOD LN,Louisville,Kentucky,38589,1002.7,Jefferson,66115.0,38.13907,-85.68877,24,77,9,9746
40210,65000.0,3,1,816,1814 W LEE ST,Louisville,Kentucky,14746,1793.6,Jefferson,44767.0,38.23161,-85.78592,24,77,9,9465
40207,309900.0,3,2,1215,6705 GREEN MEADOW CT,Louisville,Kentucky,29359,965.8,Jefferson,144750.0,38.26357,-85.65543,24,77,9,9417
40272,187500.0,3,2,1700,13303 MEADOWLAWN DR,Louisville,Kentucky,38815,450.3,Jefferson,76458.0,38.08291,-85.85315,24,77,9,10037
40207,524900.0,4,3,2664,817 ALDEN RD,Louisville,Kentucky,29359,965.8,Jefferson,144750.0,38.26357,-85.65543,24,77,9,9390
40258,200000.0,3,2,1572,7711 KENHURST DR,Louisville,Kentucky,27430,907.0,Jefferson,77563.0,38.14514,-85.87253,24,77,9,9993
40217,239900.0,3,2,1200,1010 LYDIA ST,Louisville,Kentucky,12029,1936.4,Jefferson,100051.0,38.21689,-85.73725,24,77,9,9683
40245,399900.0,3,3,2152,1108 MILES VIEW CT,Louisville,Kentucky,37503,444.7,Jefferson,157305.0,38.26574,-85.45327,24,77,9,9951
40245,390000.0,5,3,2654,17015 BOWLINE VIEW TRL,Louisville,Kentucky,37503,444.7,Jefferson,157305.0,38.26574,-85.45327,24,77,9,9950
40245,150000.0,2,2,937,12605 WESTPORT RIDGE WAY,Louisville,Kentucky,37503,444.7,Jefferson,157305.0,38.26574,-85.45327,24,77,9,9975
40299,425000.0,4,3,3464,4405 SARATOGA HILL RD,Louisville,Kentucky,41448,296.5,Jefferson,103618.0,38.16319,-85.51613,24,77,9,10110
40223,469900.0,4,3,2045,10105 FALLING TREE WAY,Louisville,Kentucky,23739,760.3,Jefferson,130317.0,38.26153,-85.54328,24,77,9,9818
40208,125000.0,2,1,1050,1228 WELLER AVE,Louisville,Kentucky,15270,2259.6,Jefferson,49805.0,38.2176,-85.7659,24,77,9,9449
40243,425000.0,4,4,3335,10707 SUNDERLAND RD,Louisville,Kentucky,11953,1123.4,Jefferson,104800.0,38.23917,-85.53188,24,77,9,9941
40214,315000.0,4,3,4536,5346 ROLLINGWOOD TRL,Louisville,Kentucky,47339,1221.1,Jefferson,73925.0,38.15141,-85.78285,24,77,9,9549
40215,199900.0,3,2,1164,3600 WOODRUFF AVE,Louisville,Kentucky,20042,2216.9,Jefferson,50338.0,38.19052,-85.78555,24,77,9,9607
40223,120000.0,2,2,985,1101 LA FONTENAY CT,Louisville,Kentucky,23739,760.3,Jefferson,130317.0,38.26153,-85.54328,24,77,9,9816
40213,174900.0,4,1,1470,5211 ILEX AVE,Louisville,Kentucky,15749,634.8,Jefferson,74959.0,38.177,-85.71571,24,77,9,9546
40216,164900.0,2,1,1129,1955 LEWISTON DR,Louisville,Kentucky,43749,1079.1,Jefferson,66379.0,38.18707,-85.83738,24,77,9,9673
40299,189000.0,3,3,1050,2401 OLD HICKORY RD,Louisville,Kentucky,41448,296.5,Jefferson,103618.0,38.16319,-85.51613,24,77,9,10157
40211,130000.0,3,1,1238,1119 S 36TH ST,Louisville,Kentucky,22167,1170.9,Jefferson,47381.0,38.23425,-85.82147,24,77,9,9482
40215,95000.0,2,1,880,3729 CENTER ST,Louisville,Kentucky,20042,2216.9,Jefferson,50338.0,38.19052,-85.78555,24,77,9,9613
40215,125000.0,2,1,1090,1412 WALTER AVE,Louisville,Kentucky,20042,2216.9,Jefferson,50338.0,38.19052,-85.78555,24,77,9,9626
40203,289500.0,4,3,2065,1213 S 6TH ST,Louisville,Kentucky,17263,2302.1,Jefferson,48118.0,38.24722,-85.765,24,77,9,9309
40299,315000.0,3,2,2293,2213 JANLYN RD,Louisville,Kentucky,41448,296.5,Jefferson,103618.0,38.16319,-85.51613,24,77,9,10155
40211,149999.0,2,2,1680,4509 SUNSET AVE,Louisville,Kentucky,22167,1170.9,Jefferson,47381.0,38.23425,-85.82147,24,77,9,9493
40206,475000.0,3,3,2100,260 CORAL AVE,Louisville,Kentucky,20836,1377.0,Jefferson,101617.0,38.25788,-85.70205,24,77,9,9362
40204,249900.0,2,1,1389,1204 FISCHER AVE,Louisville,Kentucky,14591,1775.1,Jefferson,97965.0,38.23873,-85.7208,24,77,9,9322
40211,220000.0,3,4,1632,1663 RUSSELL LEE DR,Louisville,Kentucky,22167,1170.9,Jefferson,47381.0,38.23425,-85.82147,24,77,9,9507
40222,699900.0,4,4,4169,711 BEDFORDSHIRE RD,Louisville,Kentucky,21622,883.0,Jefferson,119525.0,38.26436,-85.61173,24,77,9,9796
40222,250000.0,4,2,1443,1213 ORMSBY LN,Louisville,Kentucky,21622,883.0,Jefferson,119525.0,38.26436,-85.61173,24,77,9,9810
40299,449000.0,2,2,1703,14615 RESERVE PARK PL,Louisville,Kentucky,41448,296.5,Jefferson,103618.0,38.16319,-85.51613,24,77,9,10151
40291,420000.0,4,3,4146,11111 HERRING CT,Louisville,Kentucky,39447,673.0,Jefferson,100587.0,38.1275,-85.57823,24,77,9,10098
40205,300000.0,2,2,2252,3014 SHERBROOKE RD,Louisville,Kentucky,25161,1410.6,Jefferson,125520.0,38.22313,-85.68275,24,77,9,9354
40202,250000.0,1,1,1008,711 W MAIN ST APT D,Louisville,Kentucky,7444,1780.0,Jefferson,56871.0,38.25288,-85.75205,24,77,9,9290
40299,319900.0,4,2,2557,4222 WILLOWVIEW BLVD,Louisville,Kentucky,41448,296.5,Jefferson,103618.0,38.16319,-85.51613,24,77,9,10149
40207,450000.0,3,3,2899,5510 TECUMSEH CIR,Louisville,Kentucky,29359,965.8,Jefferson,144750.0,38.26357,-85.65543,24,77,9,9434
40291,250000.0,3,3,2493,8414 CABIN HILL RD,Louisville,Kentucky,39447,673.0,Jefferson,100587.0,38.1275,-85.57823,24,77,9,10065
40223,190000.0,2,2,1077,10727 COLONIAL WOODS CT,Louisville,Kentucky,23739,760.3,Jefferson,130317.0,38.26153,-85.54328,24,77,9,9845
40228,482000.0,4,4,3535,6621 WOODROW WAY,Louisville,Kentucky,17852,795.7,Jefferson,91928.0,38.13931,-85.62947,24,77,9,9857
40216,210000.0,2,1,1412,4437 SAVAGE DR,Louisville,Kentucky,43749,1079.1,Jefferson,66379.0,38.18707,-85.83738,24,77,9,9637
40207,349900.0,3,3,1925,3924 KENNISON AVE,Louisville,Kentucky,29359,965.8,Jefferson,144750.0,38.26357,-85.65543,24,77,9,9399
40215,140000.0,3,2,1117,717 W EVELYN AVE,Louisville,Kentucky,20042,2216.9,Jefferson,50338.0,38.19052,-85.78555,24,77,9,9608
40212,125000.0,3,2,4200,2501 W MARKET ST,Louisville,Kentucky,16548,1668.5,Jefferson,43887.0,38.26787,-85.80256,24,77,9,9517
40220,475000.0,4,3,3391,8417 BIGGIN HILL LN,Louisville,Kentucky,34723,1750.6,Jefferson,89236.0,38.21535,-85.61794,24,77,9,9755
40217,185000.0,2,1,718,2505 EMIL AVE,Louisville,Kentucky,12029,1936.4,Jefferson,100051.0,38.21689,-85.73725,24,77,9,9686
40229,339771.0,4,3,2336,8104 GATEWAY RUN RD,Louisville,Kentucky,39658,874.5,Jefferson,86966.0,38.09074,-85.65597,24,77,9,9884
40258,275000.0,3,3,1630,7213 ALAMETER CT,Louisville,Kentucky,27430,907.0,Jefferson,77563.0,38.14514,-85.87253,24,77,9,10003
40207,799000.0,4,4,3182,529 CLUB LN,Louisville,Kentucky,29359,965.8,Jefferson,144750.0,38.26357,-85.65543,24,77,9,9419
40299,331000.0,3,2,2394,2428 MERRIWOOD DR,Louisville,Kentucky,41448,296.5,Jefferson,103618.0,38.16319,-85.51613,24,77,9,10146
40212,25900.0,3,1,1496,2523 ROWAN ST,Louisville,Kentucky,16548,1668.5,Jefferson,43887.0,38.26787,-85.80256,24,77,9,9512
40222,298000.0,3,2,1595,1220 WITAWANGA AVE,Louisville,Kentucky,21622,883.0,Jefferson,119525.0,38.26436,-85.61173,24,77,9,9793
40299,250000.0,2,2,1317,8910 STONY FALLS WAY,Louisville,Kentucky,41448,296.5,Jefferson,103618.0,38.16319,-85.51613,24,77,9,10138
40218,149900.0,3,1,894,234 BONNIE LN,Louisville,Kentucky,33779,1449.2,Jefferson,68470.0,38.19036,-85.65698,24,77,9,9709
40222,205000.0,2,1,896,605 WASHBURN AVE,Louisville,Kentucky,21622,883.0,Jefferson,119525.0,38.26436,-85.61173,24,77,9,9794
40258,205000.0,2,1,1437,7019 GREENWOOD RD,Louisville,Kentucky,27430,907.0,Jefferson,77563.0,38.14514,-85.87253,24,77,9,10014
40272,131500.0,3,1,1035,9802 GANDY RD,Louisville,Kentucky,38815,450.3,Jefferson,76458.0,38.08291,-85.85315,24,77,9,10033
40213,173000.0,3,1,925,5705 MARIGOLD CT,Louisville,Kentucky,15749,634.8,Jefferson,74959.0,38.177,-85.71571,24,77,9,9537
40220,135000.0,2,2,1176,3030 BRECKENRIDGE LN APT 422,Louisville,Kentucky,34723,1750.6,Jefferson,89236.0,38.21535,-85.61794,24,77,9,9774
40229,169900.0,3,2,1050,419 MAJESTIC BLVD,Louisville,Kentucky,39658,874.5,Jefferson,86966.0,38.09074,-85.65597,24,77,9,9890
40203,219900.0,3,2,1400,1258 S PRESTON ST,Louisville,Kentucky,17263,2302.1,Jefferson,48118.0,38.24722,-85.765,24,77,9,9305
40218,259990.0,3,3,1440,3716 SELMA AVE,Louisville,Kentucky,33779,1449.2,Jefferson,68470.0,38.19036,-85.65698,24,77,9,9706
40214,190000.0,2,1,1230,8302 TOLLS LN,Louisville,Kentucky,47339,1221.1,Jefferson,73925.0,38.15141,-85.78285,24,77,9,9565
40258,234900.0,2,2,2126,8000 CARNATION DR,Louisville,Kentucky,27430,907.0,Jefferson,77563.0,38.14514,-85.87253,24,77,9,9999
40242,399000.0,3,2,1624,9312 NEW LA GRANGE RD,Louisville,Kentucky,10982,1482.8,Jefferson,101584.0,38.27639,-85.59042,24,77,9,9933
40242,229900.0,3,3,1328,9007 RILEY AVE,Louisville,Kentucky,10982,1482.8,Jefferson,101584.0,38.27639,-85.59042,24,77,9,9930
40213,299900.0,3,3,2549,1204 LARUE AVE,Louisville,Kentucky,15749,634.8,Jefferson,74959.0,38.177,-85.71571,24,77,9,9540
40214,130000.0,2,1,920,4826 S 4TH ST,Louisville,Kentucky,47339,1221.1,Jefferson,73925.0,38.15141,-85.78285,24,77,9,9569
40203,160000.0,1,1,992,717 E ORMSBY AVE,Louisville,Kentucky,17263,2302.1,Jefferson,48118.0,38.24722,-85.765,24,77,9,9292
40218,280000.0,3,2,2430,1912 ELBA DR,Louisville,Kentucky,33779,1449.2,Jefferson,68470.0,38.19036,-85.65698,24,77,9,9702
40243,485000.0,4,3,2783,709 URTON WOODS WAY,Louisville,Kentucky,11953,1123.4,Jefferson,104800.0,38.23917,-85.53188,24,77,9,9936
40219,215900.0,3,2,2380,4401 LAMBERT RD,Louisville,Kentucky,38589,1002.7,Jefferson,66115.0,38.13907,-85.68877,24,77,9,9743
40213,249900.0,2,1,981,3302 EAGLE PASS,Louisville,Kentucky,15749,634.8,Jefferson,74959.0,38.177,-85.71571,24,77,9,9543
40205,365000.0,4,3,1932,2124 WINSTON AVE,Louisville,Kentucky,25161,1410.6,Jefferson,125520.0,38.22313,-85.68275,24,77,9,9334
40223,759900.0,4,4,3317,605 N ARBOR DR,Louisville,Kentucky,23739,760.3,Jefferson,130317.0,38.26153,-85.54328,24,77,9,9824
40213,269995.0,3,3,1776,1234 SPRINGDALE DR,Louisville,Kentucky,15749,634.8,Jefferson,74959.0,38.177,-85.71571,24,77,9,9544
40211,32000.0,2,1,966,3629 GREENWOOD AVE,Louisville,Kentucky,22167,1170.9,Jefferson,47381.0,38.23425,-85.82147,24,77,9,9497
40207,625000.0,3,3,3100,3206 FIVE OAKS PL,Louisville,Kentucky,29359,965.8,Jefferson,144750.0,38.26357,-85.65543,24,77,9,9398
40211,110000.0,3,3,1472,2730 GARLAND AVE,Louisville,Kentucky,22167,1170.9,Jefferson,47381.0,38.23425,-85.82147,24,77,9,9503
40203,75000.0,5,2,1982,512 N 19TH ST,Louisville,Kentucky,17263,2302.1,Jefferson,48118.0,38.24722,-85.765,24,77,9,9291
40291,239900.0,3,2,1166,8706 MOUNT EASTES LN,Louisville,Kentucky,39447,673.0,Jefferson,100587.0,38.1275,-85.57823,24,77,9,10091
40206,350000.0,3,2,1026,3228 INGLE AVE,Louisville,Kentucky,20836,1377.0,Jefferson,101617.0,38.25788,-85.70205,24,77,9,9385
40222,625000.0,4,4,6780,917 COLONEL ANDERSON PKWY,Louisville,Kentucky,21622,883.0,Jefferson,119525.0,38.26436,-85.61173,24,77,9,9802
40211,179900.0,4,2,1520,645 CECIL AVE,Louisville,Kentucky,22167,1170.9,Jefferson,47381.0,38.23425,-85.82147,24,77,9,9485
40217,269900.0,2,2,1100,2803 DELOR AVE,Louisville,Kentucky,12029,1936.4,Jefferson,100051.0,38.21689,-85.73725,24,77,9,9680
40223,640000.0,3,4,2622,2105 MEADOW LANE CT,Louisville,Kentucky,23739,760.3,Jefferson,130317.0,38.26153,-85.54328,24,77,9,9832
40223,235000.0,3,2,1721,1903 MARICOPA CT,Louisville,Kentucky,23739,760.3,Jefferson,130317.0,38.26153,-85.54328,24,77,9,9839
40241,230000.0,2,2,1047,4214 BAY POINTE DR,Louisville,Kentucky,30189,890.1,Jefferson,127378.0,38.30339,-85.5774,24,77,9,9902
40207,509900.0,3,3,3127,906 BARRINGTON CT,Louisville,Kentucky,29359,965.8,Jefferson,144750.0,38.26357,-85.65543,24,77,9,9431
40212,50000.0,1,1,722,2316 TYLER AVE,Louisville,Kentucky,16548,1668.5,Jefferson,43887.0,38.26787,-85.80256,24,77,9,9532
40242,316900.0,4,2,2344,9309 HABERSHAM DR,Louisville,Kentucky,10982,1482.8,Jefferson,101584.0,38.27639,-85.59042,24,77,9,9932
40207,375000.0,3,2,2722,3600 HILLSBORO RD,Louisville,Kentucky,29359,965.8,Jefferson,144750.0,38.26357,-85.65543,24,77,9,9404
40228,285000.0,3,3,1678,6509 DAVERMAN CT,Louisville,Kentucky,17852,795.7,Jefferson,91928.0,38.13931,-85.62947,24,77,9,9851
40213,180000.0,3,1,925,2803 ELAM DR,Louisville,Kentucky,15749,634.8,Jefferson,74959.0,38.177,-85.71571,24,77,9,9536
40258,165000.0,3,1,1080,5804 CROCKETT DR,Louisville,Kentucky,27430,907.0,Jefferson,77563.0,38.14514,-85.87253,24,77,9,10013
40204,220000.0,1,2,1328,1521 CHRISTY AVE,Louisville,Kentucky,14591,1775.1,Jefferson,97965.0,38.23873,-85.7208,24,77,9,9317
40222,315000.0,3,3,1721,1806 EAGLE CREEK PL,Louisville,Kentucky,21622,883.0,Jefferson,119525.0,38.26436,-85.61173,24,77,9,9798
40223,374900.0,2,4,2649,114 PROMENADE CT,Louisville,Kentucky,23739,760.3,Jefferson,130317.0,38.26153,-85.54328,24,77,9,9830
40218,365000.0,3,4,2077,7611 GADWALL WAY,Louisville,Kentucky,33779,1449.2,Jefferson,68470.0,38.19036,-85.65698,24,77,9,9719
40217,299900.0,3,2,1950,1000 CLARKS LN,Louisville,Kentucky,12029,1936.4,Jefferson,100051.0,38.21689,-85.73725,24,77,9,9675
40206,254500.0,2,1,1406,167 POPE ST,Louisville,Kentucky,20836,1377.0,Jefferson,101617.0,38.25788,-85.70205,24,77,9,9370
40204,233500.0,2,2,1278,1105 RAMMERS AVE,Louisville,Kentucky,14591,1775.1,Jefferson,97965.0,38.23873,-85.7208,24,77,9,9321
40299,269000.0,3,1,1215,9609 SUE HELEN DR,Louisville,Kentucky,41448,296.5,Jefferson,103618.0,38.16319,-85.51613,24,77,9,10150
40216,125000.0,2,1,825,2406 ELMORE ST,Louisville,Kentucky,43749,1079.1,Jefferson,66379.0,38.18707,-85.83738,24,77,9,9642
40214,349900.0,3,5,3877,4206 SOUTHERN PKWY,Louisville,Kentucky,47339,1221.1,Jefferson,73925.0,38.15141,-85.78285,24,77,9,9572
40243,239900.0,2,1,986,11907 LOCUST RD,Louisville,Kentucky,11953,1123.4,Jefferson,104800.0,38.23917,-85.53188,24,77,9,9938
40219,185000.0,3,2,1025,4810 ROSSMOOR DR,Louisville,Kentucky,38589,1002.7,Jefferson,66115.0,38.13907,-85.68877,24,77,9,9748
40291,279900.0,4,2,1750,7804 DAVHAL DR,Louisville,Kentucky,39447,673.0,Jefferson,100587.0,38.1275,-85.57823,24,77,9,10062
40241,199900.0,2,2,1400,3121 BUSHMILL PARK,Louisville,Kentucky,30189,890.1,Jefferson,127378.0,38.30339,-85.5774,24,77,9,9896
40299,275000.0,3,3,1269,10302 EASUM RD,Louisville,Kentucky,41448,296.5,Jefferson,103618.0,38.16319,-85.51613,24,77,9,10145
40218,135000.0,4,2,1125,2007 AYARS CT,Louisville,Kentucky,33779,1449.2,Jefferson,68470.0,38.19036,-85.65698,24,77,9,9716
40218,84000.0,1,1,687,3508 LODGE LN APT 123,Louisville,Kentucky,33779,1449.2,Jefferson,68470.0,38.19036,-85.65698,24,77,9,9720
40203,140000.0,3,2,1260,520 S 20TH ST,Louisville,Kentucky,17263,2302.1,Jefferson,48118.0,38.24722,-85.765,24,77,9,9294
40205,525000.0,4,4,4197,1413 SYLVAN WAY,Louisville,Kentucky,25161,1410.6,Jefferson,125520.0,38.22313,-85.68275,24,77,9,9342
40291,475000.0,3,3,2659,11000 LAVENDER WAY,Louisville,Kentucky,39447,673.0,Jefferson,100587.0,38.1275,-85.57823,24,77,9,10063
40215,219000.0,3,3,1800,1709 S WHEATMORE DR,Louisville,Kentucky,20042,2216.9,Jefferson,50338.0,38.19052,-85.78555,24,77,9,9619
40215,149900.0,2,1,820,541 BRENTWOOD AVE,Louisville,Kentucky,20042,2216.9,Jefferson,50338.0,38.19052,-85.78555,24,77,9,9615
40210,100000.0,3,1,1100,2700 ALGONQUIN PKWY,Louisville,Kentucky,14746,1793.6,Jefferson,44767.0,38.23161,-85.78592,24,77,9,9473
40207,359000.0,2,2,1650,407 DEERFIELD LN,Louisville,Kentucky,29359,965.8,Jefferson,144750.0,38.26357,-85.65543,24,77,9,9389
40214,175000.0,3,1,1100,208 MARYTENA DR,Louisville,Kentucky,47339,1221.1,Jefferson,73925.0,38.15141,-85.78285,24,77,9,9582
40215,125000.0,2,1,999,4313 MALCOLM AVE,Louisville,Kentucky,20042,2216.9,Jefferson,50338.0,38.19052,-85.78555,24,77,9,9618
40272,355000.0,3,3,3243,3717 WHITEHALL CT,Louisville,Kentucky,38815,450.3,Jefferson,76458.0,38.08291,-85.85315,24,77,9,10057
40206,350000.0,3,3,1765,750 ZORN AVE APT 25,Louisville,Kentucky,20836,1377.0,Jefferson,101617.0,38.25788,-85.70205,24,77,9,9373
40212,69999.0,2,1,725,4136 W MUHAMMAD ALI BLVD,Louisville,Kentucky,16548,1668.5,Jefferson,43887.0,38.26787,-85.80256,24,77,9,9513
40216,219000.0,3,1,1775,6414 BLACK OAK LN,Louisville,Kentucky,43749,1079.1,Jefferson,66379.0,38.18707,-85.83738,24,77,9,9664
40206,379900.0,3,2,1930,164 PENNSYLVANIA AVE,Louisville,Kentucky,20836,1377.0,Jefferson,101617.0,38.25788,-85.70205,24,77,9,9380
40223,509000.0,4,3,3616,623 HARRIS RIDGE RD,Louisville,Kentucky,23739,760.3,Jefferson,130317.0,38.26153,-85.54328,24,77,9,9844
40212,49995.0,1,1,744,3845 W MUHAMMAD ALI BLVD,Louisville,Kentucky,16548,1668.5,Jefferson,43887.0,38.26787,-85.80256,24,77,9,9514
40258,275000.0,3,2,2404,8406 DALTON RIDGE PL,Louisville,Kentucky,27430,907.0,Jefferson,77563.0,38.14514,-85.87253,24,77,9,10011
40214,129900.0,2,2,988,3200 RENWOOD BLVD APT 301,Louisville,Kentucky,47339,1221.1,Jefferson,73925.0,38.15141,-85.78285,24,77,9,9581
40241,163500.0,2,2,975,3809 CHAMBERLAIN LN APT D,Louisville,Kentucky,30189,890.1,Jefferson,127378.0,38.30339,-85.5774,24,77,9,9899
40222,359900.0,3,2,1500,124 ARTERBURN DR,Louisville,Kentucky,21622,883.0,Jefferson,119525.0,38.26436,-85.61173,24,77,9,9792
40241,335000.0,2,2,1445,3525 SAINT ANDREWS VILLAGE CIR,Louisville,Kentucky,30189,890.1,Jefferson,127378.0,38.30339,-85.5774,24,77,9,9916
40210,64950.0,1,1,927,1786 W GAULBERT AVE,Louisville,Kentucky,14746,1793.6,Jefferson,44767.0,38.23161,-85.78592,24,77,9,9471
40228,190000.0,2,2,1210,7327 FOX HOLLOW WAY,Louisville,Kentucky,17852,795.7,Jefferson,91928.0,38.13931,-85.62947,24,77,9,9854
40291,350000.0,4,3,2080,7919 CULTIVATOR CT,Louisville,Kentucky,39447,673.0,Jefferson,100587.0,38.1275,-85.57823,24,77,9,10071
40211,150000.0,2,1,878,1043 CECIL AVE,Louisville,Kentucky,22167,1170.9,Jefferson,47381.0,38.23425,-85.82147,24,77,9,9491
40245,550000.0,3,3,1932,416 BUCKLAND TRCE,Louisville,Kentucky,37503,444.7,Jefferson,157305.0,38.26574,-85.45327,24,77,9,9962
40241,375000.0,4,3,2594,3706 OLD BROWNSBORO HILLS RD,Louisville,Kentucky,30189,890.1,Jefferson,127378.0,38.30339,-85.5774,24,77,9,9920
40217,165000.0,3,2,1612,905 GOSS AVE,Louisville,Kentucky,12029,1936.4,Jefferson,100051.0,38.21689,-85.73725,24,77,9,9685
40210,159900.0,4,1,1384,2518 W KENTUCKY ST,Louisville,Kentucky,14746,1793.6,Jefferson,44767.0,38.23161,-85.78592,24,77,9,9458
40212,165000.0,4,3,1670,4138 LARKWOOD AVE,Louisville,Kentucky,16548,1668.5,Jefferson,43887.0,38.26787,-85.80256,24,77,9,9510
40299,475000.0,4,3,2430,14605 RESERVE PARK PL,Louisville,Kentucky,41448,296.5,Jefferson,103618.0,38.16319,-85.51613,24,77,9,10115
40228,220000.0,2,2,1124,8200 DELTA CIR,Louisville,Kentucky,17852,795.7,Jefferson,91928.0,38.13931,-85.62947,24,77,9,9850
40219,304500.0,4,3,2250,1027 SARAH DR,Louisville,Kentucky,38589,1002.7,Jefferson,66115.0,38.13907,-85.68877,24,77,9,9735
40216,122900.0,2,1,705,5409 BRAMERS CT,Louisville,Kentucky,43749,1079.1,Jefferson,66379.0,38.18707,-85.83738,24,77,9,9634
40214,199900.0,2,1,1682,1 MAPLE CT,Louisville,Kentucky,47339,1221.1,Jefferson,73925.0,38.15141,-85.78285,24,77,9,9563
40258,191900.0,3,2,1247,6113 MANSE DR,Louisville,Kentucky,27430,907.0,Jefferson,77563.0,38.14514,-85.87253,24,77,9,10012
40203,209900.0,2,1,1109,503 E OAK ST,Louisville,Kentucky,17263,2302.1,Jefferson,48118.0,38.24722,-85.765,24,77,9,9302
40207,525000.0,3,3,2241,4101 WINCHESTER RD,Louisville,Kentucky,29359,965.8,Jefferson,144750.0,38.26357,-85.65543,24,77,9,9413
40299,297000.0,2,2,1594,12302 WILDCAT WAY,Louisville,Kentucky,41448,296.5,Jefferson,103618.0,38.16319,-85.51613,24,77,9,10131
40214,435000.0,4,3,3750,2811 WINDSOR LAKES PKWY,Louisville,Kentucky,47339,1221.1,Jefferson,73925.0,38.15141,-85.78285,24,77,9,9556
40218,220000.0,3,3,1665,7103 GREENWICH RD,Louisville,Kentucky,33779,1449.2,Jefferson,68470.0,38.19036,-85.65698,24,77,9,9705
40207,600000.0,3,4,4045,5104 CHARBDIN CT,Louisville,Kentucky,29359,965.8,Jefferson,144750.0,38.26357,-85.65543,24,77,9,9411
40219,75000.0,3,1,1378,6205 HANSES DR,Louisville,Kentucky,38589,1002.7,Jefferson,66115.0,38.13907,-85.68877,24,77,9,9745
40220,390000.0,3,4,3236,8606 CHELMER LN,Louisville,Kentucky,34723,1750.6,Jefferson,89236.0,38.21535,-85.61794,24,77,9,9759
40207,916000.0,5,3,5274,1506 NORTHWIND RD,Louisville,Kentucky,29359,965.8,Jefferson,144750.0,38.26357,-85.65543,24,77,9,9403
40216,134900.0,3,1,945,1920 GARRS LN,Louisville,Kentucky,43749,1079.1,Jefferson,66379.0,38.18707,-85.83738,24,77,9,9647
40228,290000.0,4,3,2377,6407 OCHO RIOS CT,Louisville,Kentucky,17852,795.7,Jefferson,91928.0,38.13931,-85.62947,24,77,9,9852
40220,360000.0,3,3,3313,4304 MOUNT VERNON RD,Louisville,Kentucky,34723,1750.6,Jefferson,89236.0,38.21535,-85.61794,24,77,9,9783
40222,310000.0,3,2,2062,523 VINELEAF DR,Louisville,Kentucky,21622,883.0,Jefferson,119525.0,38.26436,-85.61173,24,77,9,9809
40291,299000.0,4,2,1470,5808 JANET LEE DR,Louisville,Kentucky,39447,673.0,Jefferson,100587.0,38.1275,-85.57823,24,77,9,10105
40272,118500.0,3,1,981,5207 BENSON CT,Louisville,Kentucky,38815,450.3,Jefferson,76458.0,38.08291,-85.85315,24,77,9,10046
40205,430000.0,3,3,3148,3115 KIPLING WAY,Louisville,Kentucky,25161,1410.6,Jefferson,125520.0,38.22313,-85.68275,24,77,9,9356
40299,450000.0,3,4,2329,11301 TRITON SPRING CT,Louisville,Kentucky,41448,296.5,Jefferson,103618.0,38.16319,-85.51613,24,77,9,10113
40210,110000.0,4,2,1326,2114 GREENWOOD AVE,Louisville,Kentucky,14746,1793.6,Jefferson,44767.0,38.23161,-85.78592,24,77,9,9476
40219,279900.0,3,2,1950,8303 SMITHTON RD,Louisville,Kentucky,38589,1002.7,Jefferson,66115.0,38.13907,-85.68877,24,77,9,9730
40228,174900.0,2,2,1152,7908 GRAND CASCADE DR,Louisville,Kentucky,17852,795.7,Jefferson,91928.0,38.13931,-85.62947,24,77,9,9849
40299,200000.0,2,2,1072,8401 AMBROSSE LN UNIT 208,Louisville,Kentucky,41448,296.5,Jefferson,103618.0,38.16319,-85.51613,24,77,9,10132
40214,265000.0,3,2,2577,171 E FRANCIS AVE,Louisville,Kentucky,47339,1221.1,Jefferson,73925.0,38.15141,-85.78285,24,77,9,9550
40219,259900.0,3,2,1346,5017 LEA ANN WAY,Louisville,Kentucky,38589,1002.7,Jefferson,66115.0,38.13907,-85.68877,24,77,9,9750
40206,725000.0,4,4,3000,2252 PAYNE ST,Louisville,Kentucky,20836,1377.0,Jefferson,101617.0,38.25788,-85.70205,24,77,9,9369
40218,300000.0,4,2,2080,3825 DOWNING WAY,Louisville,Kentucky,33779,1449.2,Jefferson,68470.0,38.19036,-85.65698,24,77,9,9727
40205,449000.0,4,3,2740,2038 TYLER LN,Louisville,Kentucky,25161,1410.6,Jefferson,125520.0,38.22313,-85.68275,24,77,9,9347
40215,149900.0,2,1,820,541 BRENTWOOD AVE,Louisville,Kentucky,20042,2216.9,Jefferson,50338.0,38.19052,-85.78555,24,77,9,9615
40215,229000.0,3,3,2057,1660 ALMA AVE,Louisville,Kentucky,20042,2216.9,Jefferson,50338.0,38.19052,-85.78555,24,77,9,9596
40272,215000.0,3,2,1620,6422 SOUTH DR,Louisville,Kentucky,38815,450.3,Jefferson,76458.0,38.08291,-85.85315,24,77,9,10055
40242,475000.0,4,3,3224,9007 WILLOW SPRINGS DR,Louisville,Kentucky,10982,1482.8,Jefferson,101584.0,38.27639,-85.59042,24,77,9,9929
40299,350000.0,4,3,2200,5030 FLORA SPRINGS CIR,Louisville,Kentucky,41448,296.5,Jefferson,103618.0,38.16319,-85.51613,24,77,9,10154
40299,475000.0,4,3,2430,14607 RESERVE PARK PL,Louisville,Kentucky,41448,296.5,Jefferson,103618.0,38.16319,-85.51613,24,77,9,10121
40229,289000.0,4,3,1814,9810 RIVER TRAIL DR,Louisville,Kentucky,39658,874.5,Jefferson,86966.0,38.09074,-85.65597,24,77,9,9879
40216,220000.0,3,1,2068,2327 LINDSEY DR,Louisville,Kentucky,43749,1079.1,Jefferson,66379.0,38.18707,-85.83738,24,77,9,9655
40299,467000.0,4,3,3450,8626 OAKS WAY,Louisville,Kentucky,41448,296.5,Jefferson,103618.0,38.16319,-85.51613,24,77,9,10156
40299,209900.0,2,2,1095,12202 REDSPIRE DR UNIT 101,Louisville,Kentucky,41448,296.5,Jefferson,103618.0,38.16319,-85.51613,24,77,9,10140
40212,165000.0,4,2,2154,2423 DUNCAN ST,Louisville,Kentucky,16548,1668.5,Jefferson,43887.0,38.26787,-85.80256,24,77,9,9519
40218,344900.0,4,3,2061,3626 BRECKENRIDGE LN,Louisville,Kentucky,33779,1449.2,Jefferson,68470.0,38.19036,-85.65698,24,77,9,9710
40258,245000.0,3,2,2115,6610 GABRIEL DR,Louisville,Kentucky,27430,907.0,Jefferson,77563.0,38.14514,-85.87253,24,77,9,10009
40210,160000.0,3,1,2278,2115 OREGON AVE,Louisville,Kentucky,14746,1793.6,Jefferson,44767.0,38.23161,-85.78592,24,77,9,9456
40207,549000.0,4,3,4331,105 SWEETBRIAR LN,Louisville,Kentucky,29359,965.8,Jefferson,144750.0,38.26357,-85.65543,24,77,9,9426
40219,186000.0,3,1,1011,3907 CANOPUS CT,Louisville,Kentucky,38589,1002.7,Jefferson,66115.0,38.13907,-85.68877,24,77,9,9752
40245,290000.0,4,2,1958,4709 WOODED OAK CIR,Louisville,Kentucky,37503,444.7,Jefferson,157305.0,38.26574,-85.45327,24,77,9,9986
40209,99000.0,2,2,900,210 E WAMPUM AVE,Louisville,Kentucky,465,41.5,Jefferson,45203.0,38.18492,-85.74372,24,77,9,9454
40203,279900.0,3,2,1371,1100 S SHELBY ST,Louisville,Kentucky,17263,2302.1,Jefferson,48118.0,38.24722,-85.765,24,77,9,9299
40212,130000.0,3,3,2517,213 N 36TH ST,Louisville,Kentucky,16548,1668.5,Jefferson,43887.0,38.26787,-85.80256,24,77,9,9529
40241,250000.0,3,2,1414,11315 PRINCE GEORGE CT,Louisville,Kentucky,30189,890.1,Jefferson,127378.0,38.30339,-85.5774,24,77,9,9918
40206,146500.0,2,1,756,114 CRESCENT AVE APT A1,Louisville,Kentucky,20836,1377.0,Jefferson,101617.0,38.25788,-85.70205,24,77,9,9375
40218,230000.0,3,2,1508,3751 ROUGE WAY,Louisville,Kentucky,33779,1449.2,Jefferson,68470.0,38.19036,-85.65698,24,77,9,9711
40223,300000.0,3,2,1771,127 BLUE RIDGE RD,Louisville,Kentucky,23739,760.3,Jefferson,130317.0,38.26153,-85.54328,24,77,9,9834
40206,310000.0,3,2,1708,115 S BAYLY AVE,Louisville,Kentucky,20836,1377.0,Jefferson,101617.0,38.25788,-85.70205,24,77,9,9365
40207,240000.0,3,1,1238,6928 AMBRIDGE CIR,Louisville,Kentucky,29359,965.8,Jefferson,144750.0,38.26357,-85.65543,24,77,9,9396
40215,130000.0,2,1,1364,3684 PARTHENIA AVE,Louisville,Kentucky,20042,2216.9,Jefferson,50338.0,38.19052,-85.78555,24,77,9,9604
40216,228000.0,3,3,2029,2802 LENCOTT DR,Louisville,Kentucky,43749,1079.1,Jefferson,66379.0,38.18707,-85.83738,24,77,9,9663
40245,350000.0,3,2,2020,1907 CARABINER WAY,Louisville,Kentucky,37503,444.7,Jefferson,157305.0,38.26574,-85.45327,24,77,9,9988
40218,259990.0,3,3,1440,3714 SELMA AVE,Louisville,Kentucky,33779,1449.2,Jefferson,68470.0,38.19036,-85.65698,24,77,9,9700
40203,125000.0,2,1,854,1250 S PRESTON ST,Louisville,Kentucky,17263,2302.1,Jefferson,48118.0,38.24722,-85.765,24,77,9,9293
40209,134995.0,3,1,983,4418 ALLMOND AVE,Louisville,Kentucky,465,41.5,Jefferson,45203.0,38.18492,-85.74372,24,77,9,9455
40291,338000.0,3,3,1992,10242 PINE GLEN CIR,Louisville,Kentucky,39447,673.0,Jefferson,100587.0,38.1275,-85.57823,24,77,9,10066
40229,230000.0,3,2,1124,9509 COOPER CHASE CT,Louisville,Kentucky,39658,874.5,Jefferson,86966.0,38.09074,-85.65597,24,77,9,9871
40223,185000.0,2,2,992,400 ROSEWOOD CT,Louisville,Kentucky,23739,760.3,Jefferson,130317.0,38.26153,-85.54328,24,77,9,9846
40291,489000.0,5,3,3057,10400 GLENMARY FARM DR,Louisville,Kentucky,39447,673.0,Jefferson,100587.0,38.1275,-85.57823,24,77,9,10074
40299,400000.0,3,2,1996,13715 REHL RD,Louisville,Kentucky,41448,296.5,Jefferson,103618.0,38.16319,-85.51613,24,77,9,10129
40291,244900.0,3,3,1530,5906 LAKE HURON CT,Louisville,Kentucky,39447,673.0,Jefferson,100587.0,38.1275,-85.57823,24,77,9,10068
40211,24995.0,2,1,728,4402 EXLEY CT,Louisville,Kentucky,22167,1170.9,Jefferson,47381.0,38.23425,-85.82147,24,77,9,9496
40212,199900.0,3,2,1064,2403 ROWAN ST,Louisville,Kentucky,16548,1668.5,Jefferson,43887.0,38.26787,-85.80256,24,77,9,9534
40217,275000.0,3,1,1755,3018 GREENUP RD,Louisville,Kentucky,12029,1936.4,Jefferson,100051.0,38.21689,-85.73725,24,77,9,9687
40217,284900.0,3,2,1428,943 EASTERN PKWY,Louisville,Kentucky,12029,1936.4,Jefferson,100051.0,38.21689,-85.73725,24,77,9,9694
40210,89900.0,2,1,765,1627 BERNHEIM LN,Louisville,Kentucky,14746,1793.6,Jefferson,44767.0,38.23161,-85.78592,24,77,9,9460
40215,130000.0,2,1,816,1326 HASKIN AVE,Louisville,Kentucky,20042,2216.9,Jefferson,50338.0,38.19052,-85.78555,24,77,9,9600
40245,395000.0,4,3,2269,1876 CARABINER WAY,Louisville,Kentucky,37503,444.7,Jefferson,157305.0,38.26574,-85.45327,24,77,9,9979
40208,139900.0,2,1,896,515 IOWA AVE,Louisville,Kentucky,15270,2259.6,Jefferson,49805.0,38.2176,-85.7659,24,77,9,9448
40291,269000.0,4,3,1980,8820 FERNDALE RD,Louisville,Kentucky,39447,673.0,Jefferson,100587.0,38.1275,-85.57823,24,77,9,10103
40217,180000.0,3,1,1074,629 RAWLINGS ST,Louisville,Kentucky,12029,1936.4,Jefferson,100051.0,38.21689,-85.73725,24,77,9,9692
40219,239000.0,3,1,1723,8218 DENISE DR,Louisville,Kentucky,38589,1002.7,Jefferson,66115.0,38.13907,-85.68877,24,77,9,9753
40291,269999.0,3,3,1636,9050 FERN CREEK RD,Louisville,Kentucky,39447,673.0,Jefferson,100587.0,38.1275,-85.57823,24,77,9,10093
40216,215000.0,4,2,1962,5610 AXBRIDGE RD,Louisville,Kentucky,43749,1079.1,Jefferson,66379.0,38.18707,-85.83738,24,77,9,9658
40206,349900.0,2,2,1662,2718 MACMORE PL,Louisville,Kentucky,20836,1377.0,Jefferson,101617.0,38.25788,-85.70205,24,77,9,9382
40218,160000.0,3,1,900,5514 RIPPLE LN,Louisville,Kentucky,33779,1449.2,Jefferson,68470.0,38.19036,-85.65698,24,77,9,9703
40205,154900.0,2,2,1163,1815 GARDINER LN APT K84,Louisville,Kentucky,25161,1410.6,Jefferson,125520.0,38.22313,-85.68275,24,77,9,9353
40220,365000.0,4,3,3054,3320 BREAUX DR,Louisville,Kentucky,34723,1750.6,Jefferson,89236.0,38.21535,-85.61794,24,77,9,9771
40245,269000.0,3,2,1344,5108 MIDDLESEX DR,Louisville,Kentucky,37503,444.7,Jefferson,157305.0,38.26574,-85.45327,24,77,9,9980
40229,345000.0,3,3,2391,9445 MOSSY CREEK WAY,Louisville,Kentucky,39658,874.5,Jefferson,86966.0,38.09074,-85.65597,24,77,9,9865
40219,140000.0,2,2,1018,5309 CAROLINA CROSSINGS WAY UNIT 104,Louisville,Kentucky,38589,1002.7,Jefferson,66115.0,38.13907,-85.68877,24,77,9,9740
40213,179900.0,2,1,1012,1241 SPRINGDALE DR,Louisville,Kentucky,15749,634.8,Jefferson,74959.0,38.177,-85.71571,24,77,9,9539
40205,324900.0,3,2,1867,2219 HAWTHORNE AVE,Louisville,Kentucky,25161,1410.6,Jefferson,125520.0,38.22313,-85.68275,24,77,9,9336
40203,223000.0,2,1,1296,510 E ORMSBY AVE,Louisville,Kentucky,17263,2302.1,Jefferson,48118.0,38.24722,-85.765,24,77,9,9297
40245,389000.0,3,3,2556,14308 MICAWBER WAY,Louisville,Kentucky,37503,444.7,Jefferson,157305.0,38.26574,-85.45327,24,77,9,9969
40220,295000.0,3,2,1635,8807 BRITTANY DR,Louisville,Kentucky,34723,1750.6,Jefferson,89236.0,38.21535,-85.61794,24,77,9,9788
40272,156000.0,3,2,1002,9802 VALLEY FAIR WAY,Louisville,Kentucky,38815,450.3,Jefferson,76458.0,38.08291,-85.85315,24,77,9,10022
40218,322900.0,3,2,2120,1928 BUECHEL BANK RD,Louisville,Kentucky,33779,1449.2,Jefferson,68470.0,38.19036,-85.65698,24,77,9,9723
40218,365000.0,4,4,3071,6009 SIX MILE LN,Louisville,Kentucky,33779,1449.2,Jefferson,68470.0,38.19036,-85.65698,24,77,9,9698
40299,675000.0,3,4,2494,13504 RIGGS LAKE LN,Louisville,Kentucky,41448,296.5,Jefferson,103618.0,38.16319,-85.51613,24,77,9,10137
40207,720000.0,3,4,3134,4004 SAINT GERMAINE CT,Louisville,Kentucky,29359,965.8,Jefferson,144750.0,38.26357,-85.65543,24,77,9,9428
40207,425000.0,3,2,1382,439 BAUER AVE,Louisville,Kentucky,29359,965.8,Jefferson,144750.0,38.26357,-85.65543,24,77,9,9407
40210,110000.0,2,1,1075,2028 S 16TH ST,Louisville,Kentucky,14746,1793.6,Jefferson,44767.0,38.23161,-85.78592,24,77,9,9463
40219,369900.0,4,3,3209,5816 PIKEWOOD RD,Louisville,Kentucky,38589,1002.7,Jefferson,66115.0,38.13907,-85.68877,24,77,9,9737
40211,165000.0,3,2,1000,1335 OLIVE ST,Louisville,Kentucky,22167,1170.9,Jefferson,47381.0,38.23425,-85.82147,24,77,9,9508
40208,250000.0,2,1,1296,1433 SAINT JAMES CT APT 5,Louisville,Kentucky,15270,2259.6,Jefferson,49805.0,38.2176,-85.7659,24,77,9,9437
40204,155000.0,1,1,776,945 SAMUEL ST,Louisville,Kentucky,14591,1775.1,Jefferson,97965.0,38.23873,-85.7208,24,77,9,9325
40213,525000.0,4,3,3408,3308 AUDUBON RIDGE DR,Louisville,Kentucky,15749,634.8,Jefferson,74959.0,38.177,-85.71571,24,77,9,9547
40229,199900.0,3,1,1055,6515 BURLWOOD DR,Louisville,Kentucky,39658,874.5,Jefferson,86966.0,38.09074,-85.65597,24,77,9,9889
40245,650000.0,5,4,2447,1605 MEREMONT RIDGE RD,Louisville,Kentucky,37503,444.7,Jefferson,157305.0,38.26574,-85.45327,24,77,9,9985
40216,159900.0,3,1,1025,4406 RAVEN RIDGE DR,Louisville,Kentucky,43749,1079.1,Jefferson,66379.0,38.18707,-85.83738,24,77,9,9665
40214,229900.0,2,2,1789,9021 SPLIT WILLOW DR,Louisville,Kentucky,47339,1221.1,Jefferson,73925.0,38.15141,-85.78285,24,77,9,9568
40216,229999.0,3,2,2000,6200 DERRICK DR,Louisville,Kentucky,43749,1079.1,Jefferson,66379.0,38.18707,-85.83738,24,77,9,9667
40272,285000.0,3,3,2230,9005 ANNLOU DR,Louisville,Kentucky,38815,450.3,Jefferson,76458.0,38.08291,-85.85315,24,77,9,10051
40215,69500.0,1,1,644,512 DRESDEN AVE,Louisville,Kentucky,20042,2216.9,Jefferson,50338.0,38.19052,-85.78555,24,77,9,9628
40243,295000.0,3,2,2228,12109 SAINT CLAIR DR,Louisville,Kentucky,11953,1123.4,Jefferson,104800.0,38.23917,-85.53188,24,77,9,9939
40218,131000.0,2,2,1350,1926 GOLDSMITH LN UNIT 72,Louisville,Kentucky,33779,1449.2,Jefferson,68470.0,38.19036,-85.65698,24,77,9,9708
40299,312000.0,3,3,2129,9705 LYRIC LN,Louisville,Kentucky,41448,296.5,Jefferson,103618.0,38.16319,-85.51613,24,77,9,10125
40215,195000.0,3,2,2040,1204 LARCHMONT AVE,Louisville,Kentucky,20042,2216.9,Jefferson,50338.0,38.19052,-85.78555,24,77,9,9630
40245,674990.0,3,2,2439,15714 SHADOWALK DR,Louisville,Kentucky,37503,444.7,Jefferson,157305.0,38.26574,-85.45327,24,77,9,9987
40220,240000.0,3,1,1175,2827 DELL BROOKE AVE,Louisville,Kentucky,34723,1750.6,Jefferson,89236.0,38.21535,-85.61794,24,77,9,9761
40214,169900.0,2,1,728,8010 TOLLS LN,Louisville,Kentucky,47339,1221.1,Jefferson,73925.0,38.15141,-85.78285,24,77,9,9584
40211,189000.0,4,2,1328,4319 HALE AVE,Louisville,Kentucky,22167,1170.9,Jefferson,47381.0,38.23425,-85.82147,24,77,9,9498
40223,440000.0,4,4,3004,10100 TIMBERWOOD CIR,Louisville,Kentucky,23739,760.3,Jefferson,130317.0,38.26153,-85.54328,24,77,9,9817
40220,162500.0,2,2,1176,3030 BRECKENRIDGE LN APT 120,Louisville,Kentucky,34723,1750.6,Jefferson,89236.0,38.21535,-85.61794,24,77,9,9757
40215,79000.0,2,1,700,3463 GLENDALE AVE,Louisville,Kentucky,20042,2216.9,Jefferson,50338.0,38.19052,-85.78555,24,77,9,9603
40291,299000.0,4,2,1633,8309 AUTUMNWOOD WAY,Louisville,Kentucky,39447,673.0,Jefferson,100587.0,38.1275,-85.57823,24,77,9,10069
40212,119500.0,3,1,1166,610 N 39TH ST,Louisville,Kentucky,16548,1668.5,Jefferson,43887.0,38.26787,-85.80256,24,77,9,9518
40291,145000.0,2,2,892,7088 WILDWOOD CIR APT 48,Louisville,Kentucky,39447,673.0,Jefferson,100587.0,38.1275,-85.57823,24,77,9,10082
40214,160000.0,2,1,936,5500 WESTHALL AVE,Louisville,Kentucky,47339,1221.1,Jefferson,73925.0,38.15141,-85.78285,24,77,9,9553
40229,235000.0,2,2,1331,9010 WHIPPOORWILL RD,Louisville,Kentucky,39658,874.5,Jefferson,86966.0,38.09074,-85.65597,24,77,9,9873
40229,345000.0,3,3,2391,9445 MOSSY CREEK WAY,Louisville,Kentucky,39658,874.5,Jefferson,86966.0,38.09074,-85.65597,24,77,9,9865
40223,475000.0,4,3,2850,9812 TAMARISK PKWY,Louisville,Kentucky,23739,760.3,Jefferson,130317.0,38.26153,-85.54328,24,77,9,9838
40216,82800.0,3,2,980,4203 SEARCY DR,Louisville,Kentucky,43749,1079.1,Jefferson,66379.0,38.18707,-85.83738,24,77,9,9645
40207,270000.0,2,2,2229,4197 BLENHEIM RD,Louisville,Kentucky,29359,965.8,Jefferson,144750.0,38.26357,-85.65543,24,77,9,9391
40218,130000.0,2,2,1005,205 FLANDERS CT APT 8,Louisville,Kentucky,33779,1449.2,Jefferson,68470.0,38.19036,-85.65698,24,77,9,9721
40228,379900.0,4,3,2706,9001 CROOKED ARROW CT,Louisville,Kentucky,17852,795.7,Jefferson,91928.0,38.13931,-85.62947,24,77,9,9862
40245,175000.0,3,2,1203,12423 KIAWAH CT,Louisville,Kentucky,37503,444.7,Jefferson,157305.0,38.26574,-85.45327,24,77,9,9959
40220,359000.0,4,3,2716,7507 JENNIFER PL,Louisville,Kentucky,34723,1750.6,Jefferson,89236.0,38.21535,-85.61794,24,77,9,9784
40215,142950.0,4,2,2223,3355 TAYLOR BLVD,Louisville,Kentucky,20042,2216.9,Jefferson,50338.0,38.19052,-85.78555,24,77,9,9605
40272,127000.0,3,1,975,10806 MILWAUKEE WAY,Louisville,Kentucky,38815,450.3,Jefferson,76458.0,38.08291,-85.85315,24,77,9,10052
40222,254900.0,3,2,1316,7103 LYDGATE DR,Louisville,Kentucky,21622,883.0,Jefferson,119525.0,38.26436,-85.61173,24,77,9,9790
40272,187000.0,3,1,1308,10205 MOONLIGHT WAY,Louisville,Kentucky,38815,450.3,Jefferson,76458.0,38.08291,-85.85315,24,77,9,10026
40222,325000.0,3,2,1921,7500 ADLER WAY,Louisville,Kentucky,21622,883.0,Jefferson,119525.0,38.26436,-85.61173,24,77,9,9791
40272,259900.0,3,2,2382,10301 S DODGE LN,Louisville,Kentucky,38815,450.3,Jefferson,76458.0,38.08291,-85.85315,24,77,9,10047
40212,25000.0,1,1,850,2813 GRIFFITHS AVE,Louisville,Kentucky,16548,1668.5,Jefferson,43887.0,38.26787,-85.80256,24,77,9,9533
40217,288000.0,2,2,1366,2605 DELOR AVE,Louisville,Kentucky,12029,1936.4,Jefferson,100051.0,38.21689,-85.73725,24,77,9,9684
40217,164000.0,2,1,1024,914 ASH ST,Louisville,Kentucky,12029,1936.4,Jefferson,100051.0,38.21689,-85.73725,24,77,9,9674
40272,324900.0,3,3,2825,12123 PLEASURE LN,Louisville,Kentucky,38815,450.3,Jefferson,76458.0,38.08291,-85.85315,24,77,9,10035
40212,90000.0,2,1,1582,129 S 39TH ST,Louisville,Kentucky,16548,1668.5,Jefferson,43887.0,38.26787,-85.80256,24,77,9,9528
40203,250000.0,3,3,1350,509 E ORMSBY AVE,Louisville,Kentucky,17263,2302.1,Jefferson,48118.0,38.24722,-85.765,24,77,9,9304
40220,280000.0,3,2,1206,3015 VELDEN DR,Louisville,Kentucky,34723,1750.6,Jefferson,89236.0,38.21535,-85.61794,24,77,9,9786
40206,240000.0,2,1,1056,2260 PAYNE ST,Louisville,Kentucky,20836,1377.0,Jefferson,101617.0,38.25788,-85.70205,24,77,9,9384
40223,155000.0,2,3,1320,213 LA FONTENAY CT,Louisville,Kentucky,23739,760.3,Jefferson,130317.0,38.26153,-85.54328,24,77,9,9843
40214,217000.0,3,2,1847,5343 NEW CUT RD,Louisville,Kentucky,47339,1221.1,Jefferson,73925.0,38.15141,-85.78285,24,77,9,9593
40291,255000.0,3,2,1934,8309 RANDOMWOOD CT,Louisville,Kentucky,39447,673.0,Jefferson,100587.0,38.1275,-85.57823,24,77,9,10090
40241,444900.0,3,4,3078,3523 SORRENTO AVE,Louisville,Kentucky,30189,890.1,Jefferson,127378.0,38.30339,-85.5774,24,77,9,9908
40272,250000.0,3,3,3056,4500 E PAGES LN,Louisville,Kentucky,38815,450.3,Jefferson,76458.0,38.08291,-85.85315,24,77,9,10039
40213,229900.0,2,1,1870,1624 EHRLER DR,Louisville,Kentucky,15749,634.8,Jefferson,74959.0,38.177,-85.71571,24,77,9,9545
40258,190000.0,3,2,1214,6313 MARAVIAN DR,Louisville,Kentucky,27430,907.0,Jefferson,77563.0,38.14514,-85.87253,24,77,9,10015
40291,254000.0,4,2,2200,9423 FAIRGROUND RD,Louisville,Kentucky,39447,673.0,Jefferson,100587.0,38.1275,-85.57823,24,77,9,10081
40229,242000.0,4,2,1747,5307 HAVENTREE PL,Louisville,Kentucky,39658,874.5,Jefferson,86966.0,38.09074,-85.65597,24,77,9,9867
40291,230000.0,3,1,1100,8002 WOODFERN WAY,Louisville,Kentucky,39447,673.0,Jefferson,100587.0,38.1275,-85.57823,24,77,9,10084
40211,150000.0,3,2,1320,1348 CYPRESS ST,Louisville,Kentucky,22167,1170.9,Jefferson,47381.0,38.23425,-85.82147,24,77,9,9494
40228,315000.0,3,3,1922,7409 ROME BEAUTY PL,Louisville,Kentucky,17852,795.7,Jefferson,91928.0,38.13931,-85.62947,24,77,9,9855
40217,274900.0,4,2,1732,2706 PINDELL AVE,Louisville,Kentucky,12029,1936.4,Jefferson,100051.0,38.21689,-85.73725,24,77,9,9696
40228,235000.0,3,3,1516,5925 BRANDON DUNES DR,Louisville,Kentucky,17852,795.7,Jefferson,91928.0,38.13931,-85.62947,24,77,9,9856
40242,357450.0,4,3,2096,1706 JEFFERSON AVE,Louisville,Kentucky,10982,1482.8,Jefferson,101584.0,38.27639,-85.59042,24,77,9,9934
40245,799990.0,5,5,4747,1908 ARNOLD PALMER BLVD,Louisville,Kentucky,37503,444.7,Jefferson,157305.0,38.26574,-85.45327,24,77,9,9982
40207,695000.0,3,4,4901,806 STARLITE DR,Louisville,Kentucky,29359,965.8,Jefferson,144750.0,38.26357,-85.65543,24,77,9,9412
40229,184900.0,3,1,900,121 BEECHLAND RD,Louisville,Kentucky,39658,874.5,Jefferson,86966.0,38.09074,-85.65597,24,77,9,9885
40206,365000.0,2,2,2897,1968 PAYNE ST,Louisville,Kentucky,20836,1377.0,Jefferson,101617.0,38.25788,-85.70205,24,77,9,9374
40205,655000.0,3,4,2709,2423 BOULEVARD NAPOLEON,Louisville,Kentucky,25161,1410.6,Jefferson,125520.0,38.22313,-85.68275,24,77,9,9335
40213,229500.0,2,3,2436,3508 NELLIE BLY DR,Louisville,Kentucky,15749,634.8,Jefferson,74959.0,38.177,-85.71571,24,77,9,9548
40216,230000.0,3,2,1233,3139 NORTHLAND DR,Louisville,Kentucky,43749,1079.1,Jefferson,66379.0,38.18707,-85.83738,24,77,9,9640
40223,369900.0,4,3,2364,10206 STAUNTON RD,Louisville,Kentucky,23739,760.3,Jefferson,130317.0,38.26153,-85.54328,24,77,9,9835
40211,209900.0,5,2,1926,3612 RIVER PARK DR,Louisville,Kentucky,22167,1170.9,Jefferson,47381.0,38.23425,-85.82147,24,77,9,9499
40218,180000.0,3,2,1730,4033 LAMBERT AVE,Louisville,Kentucky,33779,1449.2,Jefferson,68470.0,38.19036,-85.65698,24,77,9,9701
40272,190000.0,3,2,1160,5004 VENTURA LN,Louisville,Kentucky,38815,450.3,Jefferson,76458.0,38.08291,-85.85315,24,77,9,10024
40216,199500.0,2,2,2374,2241 AMBOY DR,Louisville,Kentucky,43749,1079.1,Jefferson,66379.0,38.18707,-85.83738,24,77,9,9657
40291,265000.0,3,2,2255,5306 IDLEWOOD LN,Louisville,Kentucky,39447,673.0,Jefferson,100587.0,38.1275,-85.57823,24,77,9,10073
40299,690000.0,5,3,4100,3022 GRAND LAKES DR,Louisville,Kentucky,41448,296.5,Jefferson,103618.0,38.16319,-85.51613,24,77,9,10114
40210,139900.0,2,1,780,1663 HAROLD AVE,Louisville,Kentucky,14746,1793.6,Jefferson,44767.0,38.23161,-85.78592,24,77,9,9461
40204,400000.0,3,3,1711,1319 BELLWOOD AVE,Louisville,Kentucky,14591,1775.1,Jefferson,97965.0,38.23873,-85.7208,24,77,9,9318
40245,540000.0,4,3,4201,11706 HANCOCK TRACE CT,Louisville,Kentucky,37503,444.7,Jefferson,157305.0,38.26574,-85.45327,24,77,9,9967
40213,299900.0,2,2,2231,1400 FALCON DR,Louisville,Kentucky,15749,634.8,Jefferson,74959.0,38.177,-85.71571,24,77,9,9541
40206,177900.0,1,1,571,110 S CAMPBELL ST UNIT 407,Louisville,Kentucky,20836,1377.0,Jefferson,101617.0,38.25788,-85.70205,24,77,9,9364
40210,22000.0,2,1,1250,1650 GALLAGHER ST,Louisville,Kentucky,14746,1793.6,Jefferson,44767.0,38.23161,-85.78592,24,77,9,9469
40205,325000.0,3,2,2008,1814 FLEMING RD,Louisville,Kentucky,25161,1410.6,Jefferson,125520.0,38.22313,-85.68275,24,77,9,9339
40245,419900.0,4,2,3225,2116 MEADOWS EDGE LN,Louisville,Kentucky,37503,444.7,Jefferson,157305.0,38.26574,-85.45327,24,77,9,9978
40214,650000.0,5,5,6078,7439 ARNOLDTOWN RD,Louisville,Kentucky,47339,1221.1,Jefferson,73925.0,38.15141,-85.78285,24,77,9,9567
40291,205000.0,3,2,1185,6207 BIG BEN DR,Louisville,Kentucky,39447,673.0,Jefferson,100587.0,38.1275,-85.57823,24,77,9,10099
40211,65000.0,3,1,1210,3420 DEL PARK TER,Louisville,Kentucky,22167,1170.9,Jefferson,47381.0,38.23425,-85.82147,24,77,9,9486
40210,67000.0,2,1,1076,1124 S 26TH ST,Louisville,Kentucky,14746,1793.6,Jefferson,44767.0,38.23161,-85.78592,24,77,9,9468
40220,399000.0,4,4,2770,7604 CHARRON RD,Louisville,Kentucky,34723,1750.6,Jefferson,89236.0,38.21535,-85.61794,24,77,9,9778
40210,55000.0,3,2,1439,2315 W GAULBERT AVE,Louisville,Kentucky,14746,1793.6,Jefferson,44767.0,38.23161,-85.78592,24,77,9,9474
40207,284500.0,3,1,1299,3908 SPRINGHILL RD,Louisville,Kentucky,29359,965.8,Jefferson,144750.0,38.26357,-85.65543,24,77,9,9392
40272,199900.0,3,2,2015,6605 SKYLINE DR,Louisville,Kentucky,38815,450.3,Jefferson,76458.0,38.08291,-85.85315,24,77,9,10044
40291,349900.0,3,2,1630,10108 CEDAR GARDEN DR,Louisville,Kentucky,39447,673.0,Jefferson,100587.0,38.1275,-85.57823,24,77,9,10089
40211,75000.0,2,1,1008,827 HAZEL ST,Louisville,Kentucky,22167,1170.9,Jefferson,47381.0,38.23425,-85.82147,24,77,9,9492
40243,219500.0,2,2,1393,1304 PICKINGS PL UNIT 102,Louisville,Kentucky,11953,1123.4,Jefferson,104800.0,38.23917,-85.53188,24,77,9,9937
40272,315000.0,3,2,2276,2310 WINDSOR FOREST DR,Louisville,Kentucky,38815,450.3,Jefferson,76458.0,38.08291,-85.85315,24,77,9,10043
40299,329500.0,3,3,2577,3420 HURSTBOURNE RIDGE BLVD,Louisville,Kentucky,41448,296.5,Jefferson,103618.0,38.16319,-85.51613,24,77,9,10136
40211,45000.0,2,1,1135,1420 HAZEL ST,Louisville,Kentucky,22167,1170.9,Jefferson,47381.0,38.23425,-85.82147,24,77,9,9502
40211,89900.0,3,1,1436,3414 RIVER PARK DR,Louisville,Kentucky,22167,1170.9,Jefferson,47381.0,38.23425,-85.82147,24,77,9,9495
40212,100000.0,3,1,1056,2309 ROWAN ST,Louisville,Kentucky,16548,1668.5,Jefferson,43887.0,38.26787,-85.80256,24,77,9,9531
40215,154900.0,2,1,1321,4850 BELLEVUE AVE,Louisville,Kentucky,20042,2216.9,Jefferson,50338.0,38.19052,-85.78555,24,77,9,9624
40245,879500.0,6,5,7451,603 WOODLAKE DR,Louisville,Kentucky,37503,444.7,Jefferson,157305.0,38.26574,-85.45327,24,77,9,9990
40207,285000.0,2,2,1517,5601 COACH GATE WYNDE APT 6,Louisville,Kentucky,29359,965.8,Jefferson,144750.0,38.26357,-85.65543,24,77,9,9435
40214,585000.0,5,5,6309,1205 HERITAGE PL,Louisville,Kentucky,47339,1221.1,Jefferson,73925.0,38.15141,-85.78285,24,77,9,9591
40245,549000.0,4,4,4206,15203 ABINGTON RIDGE PL,Louisville,Kentucky,37503,444.7,Jefferson,157305.0,38.26574,-85.45327,24,77,9,9970
40272,125000.0,4,1,1016,7115 ETHAN ALLEN WAY,Louisville,Kentucky,38815,450.3,Jefferson,76458.0,38.08291,-85.85315,24,77,9,10023
40208,73000.0,3,1,912,2111 7TH STREET RD,Louisville,Kentucky,15270,2259.6,Jefferson,49805.0,38.2176,-85.7659,24,77,9,9453
40220,275000.0,3,3,1830,8008 CLOUDCROFT LN,Louisville,Kentucky,34723,1750.6,Jefferson,89236.0,38.21535,-85.61794,24,77,9,9787
40258,250000.0,2,2,1900,5008 FURY WAY,Louisville,Kentucky,27430,907.0,Jefferson,77563.0,38.14514,-85.87253,24,77,9,10007
40216,220000.0,2,1,1189,3202 POPLAR VIEW DR,Louisville,Kentucky,43749,1079.1,Jefferson,66379.0,38.18707,-85.83738,24,77,9,9671
40241,40000.0,3,2,1040,11316 DEHAM DR,Louisville,Kentucky,30189,890.1,Jefferson,127378.0,38.30339,-85.5774,24,77,9,9926
40215,224999.0,4,2,1163,4744 S RUTLAND AVE,Louisville,Kentucky,20042,2216.9,Jefferson,50338.0,38.19052,-85.78555,24,77,9,9625
40219,220000.0,5,2,2980,4308 SHADY VILLA DR,Louisville,Kentucky,38589,1002.7,Jefferson,66115.0,38.13907,-85.68877,24,77,9,9734
40228,415000.0,3,2,1547,7507 FEGENBUSH LN,Louisville,Kentucky,17852,795.7,Jefferson,91928.0,38.13931,-85.62947,24,77,9,9859
40299,325000.0,3,2,2849,3004 GLEESON LN,Louisville,Kentucky,41448,296.5,Jefferson,103618.0,38.16319,-85.51613,24,77,9,10158
40212,249900.0,3,2,1873,123 FONTAINE LANDING CT,Louisville,Kentucky,16548,1668.5,Jefferson,43887.0,38.26787,-85.80256,24,77,9,9516
40299,375000.0,4,2,3060,2304 TUCKER STATION RD,Louisville,Kentucky,41448,296.5,Jefferson,103618.0,38.16319,-85.51613,24,77,9,10147
40222,165000.0,2,2,1081,1224 WESTLYNNE WAY,Louisville,Kentucky,21622,883.0,Jefferson,119525.0,38.26436,-85.61173,24,77,9,9812
40291,144900.0,2,1,1044,6904 HOLLY LAKE DR,Louisville,Kentucky,39447,673.0,Jefferson,100587.0,38.1275,-85.57823,24,77,9,10087
40215,122400.0,3,2,950,1639 LONGFIELD AVE,Louisville,Kentucky,20042,2216.9,Jefferson,50338.0,38.19052,-85.78555,24,77,9,9601
40223,367000.0,4,3,2268,10305 HARTLEY DR,Louisville,Kentucky,23739,760.3,Jefferson,130317.0,38.26153,-85.54328,24,77,9,9821
40204,169500.0,1,2,945,1038 BRENT ST UNIT 102,Louisville,Kentucky,14591,1775.1,Jefferson,97965.0,38.23873,-85.7208,24,77,9,9316
40220,300000.0,3,2,2358,3107 MARLIN RD,Louisville,Kentucky,34723,1750.6,Jefferson,89236.0,38.21535,-85.61794,24,77,9,9768
40219,189950.0,3,1,1100,1635 RANGELAND RD,Louisville,Kentucky,38589,1002.7,Jefferson,66115.0,38.13907,-85.68877,24,77,9,9733
40245,169900.0,2,2,945,12417 KIAWAH CT,Louisville,Kentucky,37503,444.7,Jefferson,157305.0,38.26574,-85.45327,24,77,9,9955
40228,215000.0,3,1,1100,7604 MICHAEL DR,Louisville,Kentucky,17852,795.7,Jefferson,91928.0,38.13931,-85.62947,24,77,9,9847
40299,450000.0,3,4,2329,11301 TRITON SPRING CT,Louisville,Kentucky,41448,296.5,Jefferson,103618.0,38.16319,-85.51613,24,77,9,10113
40220,75000.0,1,1,728,233 EL CONQUISTADOR PL # 233,Louisville,Kentucky,34723,1750.6,Jefferson,89236.0,38.21535,-85.61794,24,77,9,9766
40210,145000.0,3,2,1250,2315 GREENWOOD AVE,Louisville,Kentucky,14746,1793.6,Jefferson,44767.0,38.23161,-85.78592,24,77,9,9457
40207,398900.0,3,3,1714,221 CORNELL PL,Louisville,Kentucky,29359,965.8,Jefferson,144750.0,38.26357,-85.65543,24,77,9,9424
40206,485000.0,4,3,3171,342 HILLCREST AVE,Louisville,Kentucky,20836,1377.0,Jefferson,101617.0,38.25788,-85.70205,24,77,9,9379
40216,191900.0,3,1,1050,1526 CORNETTE WAY,Louisville,Kentucky,43749,1079.1,Jefferson,66379.0,38.18707,-85.83738,24,77,9,9666
40207,307000.0,3,2,1696,234 NORBOURNE BLVD,Louisville,Kentucky,29359,965.8,Jefferson,144750.0,38.26357,-85.65543,24,77,9,9406
40222,695000.0,4,3,4430,6205 ORION RD,Louisville,Kentucky,21622,883.0,Jefferson,119525.0,38.26436,-85.61173,24,77,9,9803
40207,399000.0,4,2,3547,4317 FOEBURN LN,Louisville,Kentucky,29359,965.8,Jefferson,144750.0,38.26357,-85.65543,24,77,9,9397
40291,355000.0,3,2,2418,7616 STONE LEDGE RD,Louisville,Kentucky,39447,673.0,Jefferson,100587.0,38.1275,-85.57823,24,77,9,10083
40291,106500.0,1,1,643,7068 WILDWOOD CIR APT 149,Louisville,Kentucky,39447,673.0,Jefferson,100587.0,38.1275,-85.57823,24,77,9,10060
40245,565000.0,4,4,3874,3516 WOODMONT PARK LN,Louisville,Kentucky,37503,444.7,Jefferson,157305.0,38.26574,-85.45327,24,77,9,9954
40210,99000.0,3,1,1100,1332 S 26TH ST,Louisville,Kentucky,14746,1793.6,Jefferson,44767.0,38.23161,-85.78592,24,77,9,9464
40222,170000.0,2,2,1115,1364 HERR LN,Louisville,Kentucky,21622,883.0,Jefferson,119525.0,38.26436,-85.61173,24,77,9,9807
40215,99999.0,1,1,1021,1520 SALE AVE,Louisville,Kentucky,20042,2216.9,Jefferson,50338.0,38.19052,-85.78555,24,77,9,9606
40272,114000.0,2,1,988,6022 DUTSCHKE RD,Louisville,Kentucky,38815,450.3,Jefferson,76458.0,38.08291,-85.85315,24,77,9,10029
40229,214900.0,3,1,1050,4201 KURTZ AVE,Louisville,Kentucky,39658,874.5,Jefferson,86966.0,38.09074,-85.65597,24,77,9,9892
40205,410000.0,3,2,2538,1610 SUTHERLAND DR,Louisville,Kentucky,25161,1410.6,Jefferson,125520.0,38.22313,-85.68275,24,77,9,9344
40214,120000.0,1,1,865,7315 SAINT ANDREWS WOODS CIR UNIT 103,Louisville,Kentucky,47339,1221.1,Jefferson,73925.0,38.15141,-85.78285,24,77,9,9551
40223,420000.0,4,3,3049,418 MOSER RD,Louisville,Kentucky,23739,760.3,Jefferson,130317.0,38.26153,-85.54328,24,77,9,9827
40216,80000.0,3,1,896,3200 JUDY LN,Louisville,Kentucky,43749,1079.1,Jefferson,66379.0,38.18707,-85.83738,24,77,9,9662
40245,1000000.0,6,6,7214,14502 ASH GROVE PL,Louisville,Kentucky,37503,444.7,Jefferson,157305.0,38.26574,-85.45327,24,77,9,9961
40205,495000.0,3,2,2504,1819 FLEMING RD,Louisville,Kentucky,25161,1410.6,Jefferson,125520.0,38.22313,-85.68275,24,77,9,9352
40272,119500.0,3,1,1081,9902 APPOLLO LN,Louisville,Kentucky,38815,450.3,Jefferson,76458.0,38.08291,-85.85315,24,77,9,10045
40291,227000.0,4,2,1410,7012 MONTY LN,Louisville,Kentucky,39447,673.0,Jefferson,100587.0,38.1275,-85.57823,24,77,9,10106
40272,338500.0,4,3,2257,6902 TRAIN STATION WAY,Louisville,Kentucky,38815,450.3,Jefferson,76458.0,38.08291,-85.85315,24,77,9,10040
40214,184950.0,3,2,1815,208 IROQUOIS AVE,Louisville,Kentucky,47339,1221.1,Jefferson,73925.0,38.15141,-85.78285,24,77,9,9592
40241,339900.0,3,3,2300,4721 BROWNSBORO GARDENS DR,Louisville,Kentucky,30189,890.1,Jefferson,127378.0,38.30339,-85.5774,24,77,9,9924
40291,280000.0,3,3,1896,8002 AVANTI WAY,Louisville,Kentucky,39447,673.0,Jefferson,100587.0,38.1275,-85.57823,24,77,9,10085
40214,550000.0,3,4,4800,5410 NEW CUT RD,Louisville,Kentucky,47339,1221.1,Jefferson,73925.0,38.15141,-85.78285,24,77,9,9566
40207,350000.0,3,2,2114,231 BROWN AVE,Louisville,Kentucky,29359,965.8,Jefferson,144750.0,38.26357,-85.65543,24,77,9,9401
40207,389000.0,3,2,2477,311 BRECKENRIDGE LN,Louisville,Kentucky,29359,965.8,Jefferson,144750.0,38.26357,-85.65543,24,77,9,9395
40207,145000.0,2,1,714,4104 STONEVIEW DR APT 1,Louisville,Kentucky,29359,965.8,Jefferson,144750.0,38.26357,-85.65543,24,77,9,9415
40203,77500.0,3,1,1184,1919 DUNCAN ST,Louisville,Kentucky,17263,2302.1,Jefferson,48118.0,38.24722,-85.765,24,77,9,9308
40215,154000.0,3,2,1200,1319 OAKWOOD AVE,Louisville,Kentucky,20042,2216.9,Jefferson,50338.0,38.19052,-85.78555,24,77,9,9612
40217,135000.0,3,2,1058,945 GOSS AVE,Louisville,Kentucky,12029,1936.4,Jefferson,100051.0,38.21689,-85.73725,24,77,9,9682
40215,139950.0,2,1,1000,3659 WHEELER AVE,Louisville,Kentucky,20042,2216.9,Jefferson,50338.0,38.19052,-85.78555,24,77,9,9627
40245,375000.0,4,3,2129,17118 MEANDER WAY,Louisville,Kentucky,37503,444.7,Jefferson,157305.0,38.26574,-85.45327,24,77,9,9972
40241,359000.0,3,3,2319,4524 BILES CT,Louisville,Kentucky,30189,890.1,Jefferson,127378.0,38.30339,-85.5774,24,77,9,9925
40229,366950.0,4,3,2043,11914 CASCADE FALLS TRL,Louisville,Kentucky,39658,874.5,Jefferson,86966.0,38.09074,-85.65597,24,77,9,9872
40291,410000.0,3,2,1625,7913 CULTIVATOR CT,Louisville,Kentucky,39447,673.0,Jefferson,100587.0,38.1275,-85.57823,24,77,9,10067
40258,259900.0,3,2,1312,8408 SUMMER HAVEN CT,Louisville,Kentucky,27430,907.0,Jefferson,77563.0,38.14514,-85.87253,24,77,9,9994
40203,85900.0,2,1,1190,1928 W JEFFERSON ST,Louisville,Kentucky,17263,2302.1,Jefferson,48118.0,38.24722,-85.765,24,77,9,9306
40206,745000.0,2,2,2098,2832 FRANKFORT AVE # A13,Louisville,Kentucky,20836,1377.0,Jefferson,101617.0,38.25788,-85.70205,24,77,9,9366
40245,435000.0,3,3,2605,4637 GOLDEN EAGLE DR,Louisville,Kentucky,37503,444.7,Jefferson,157305.0,38.26574,-85.45327,24,77,9,9945
40207,550000.0,3,4,3062,1225 NAVAJO CT,Louisville,Kentucky,29359,965.8,Jefferson,144750.0,38.26357,-85.65543,24,77,9,9405
40220,275000.0,3,2,1527,3127 KAYE LAWN DR,Louisville,Kentucky,34723,1750.6,Jefferson,89236.0,38.21535,-85.61794,24,77,9,9772
40206,149000.0,1,1,734,2411 BROWNSBORO RD APT 305,Louisville,Kentucky,20836,1377.0,Jefferson,101617.0,38.25788,-85.70205,24,77,9,9372
40299,170000.0,2,2,1076,8408 AMBROSSE LN UNIT 205,Louisville,Kentucky,41448,296.5,Jefferson,103618.0,38.16319,-85.51613,24,77,9,10116
40258,220000.0,4,3,1446,8115 KERRY RD,Louisville,Kentucky,27430,907.0,Jefferson,77563.0,38.14514,-85.87253,24,77,9,10002
40215,169000.0,3,2,1150,4338 LONSDALE AVE,Louisville,Kentucky,20042,2216.9,Jefferson,50338.0,38.19052,-85.78555,24,77,9,9602
40241,225000.0,2,2,1067,5309 ROLLING ROCK CT APT 102,Louisville,Kentucky,30189,890.1,Jefferson,127378.0,38.30339,-85.5774,24,77,9,9927
40202,350000.0,2,2,1478,639 E JEFFERSON ST UNIT 202,Louisville,Kentucky,7444,1780.0,Jefferson,56871.0,38.25288,-85.75205,24,77,9,9288
40216,233900.0,3,2,1605,1712 TEMPEST WAY,Louisville,Kentucky,43749,1079.1,Jefferson,66379.0,38.18707,-85.83738,24,77,9,9643
40291,455000.0,4,3,2257,7915 CULTIVATOR CT,Louisville,Kentucky,39447,673.0,Jefferson,100587.0,38.1275,-85.57823,24,77,9,10072
40217,200000.0,3,1,902,2128 BRADLEY AVE,Louisville,Kentucky,12029,1936.4,Jefferson,100051.0,38.21689,-85.73725,24,77,9,9677
40241,318750.0,3,2,1911,5028 KAMES SQ,Louisville,Kentucky,30189,890.1,Jefferson,127378.0,38.30339,-85.5774,24,77,9,9912
40205,225000.0,3,1,1066,2645 GARDINER LN,Louisville,Kentucky,25161,1410.6,Jefferson,125520.0,38.22313,-85.68275,24,77,9,9337
40203,250000.0,6,3,4554,1026 S BROOK ST,Louisville,Kentucky,17263,2302.1,Jefferson,48118.0,38.24722,-85.765,24,77,9,9303
40215,224900.0,3,2,1484,1706 COLSTERWORTH LN,Louisville,Kentucky,20042,2216.9,Jefferson,50338.0,38.19052,-85.78555,24,77,9,9597
40222,359900.0,3,2,2288,7813 FAIRMEADOWS LN,Louisville,Kentucky,21622,883.0,Jefferson,119525.0,38.26436,-85.61173,24,77,9,9815
40299,225000.0,3,1,1582,3625 DELL RD,Louisville,Kentucky,41448,296.5,Jefferson,103618.0,38.16319,-85.51613,24,77,9,10144
40215,137000.0,2,1,1038,1716 BERRY BLVD,Louisville,Kentucky,20042,2216.9,Jefferson,50338.0,38.19052,-85.78555,24,77,9,9598
40241,565000.0,3,4,4188,7807 WOLFCREEK CT,Louisville,Kentucky,30189,890.1,Jefferson,127378.0,38.30339,-85.5774,24,77,9,9921
40216,249900.0,3,2,2470,2303 BURRELL DR,Louisville,Kentucky,43749,1079.1,Jefferson,66379.0,38.18707,-85.83738,24,77,9,9635
40205,334900.0,3,2,2001,2201 SHEFFIELD BLVD,Louisville,Kentucky,25161,1410.6,Jefferson,125520.0,38.22313,-85.68275,24,77,9,9341
40217,255000.0,4,2,1539,1331 MCHENRY ST,Louisville,Kentucky,12029,1936.4,Jefferson,100051.0,38.21689,-85.73725,24,77,9,9678
40223,172000.0,2,1,910,12614 HIAWATHA AVE,Louisville,Kentucky,23739,760.3,Jefferson,130317.0,38.26153,-85.54328,24,77,9,9820
40223,290000.0,3,3,1664,2202 EASTBRIDGE CT,Louisville,Kentucky,23739,760.3,Jefferson,130317.0,38.26153,-85.54328,24,77,9,9828
40229,212000.0,3,1,1148,4009 HISPANYOLA CT,Louisville,Kentucky,39658,874.5,Jefferson,86966.0,38.09074,-85.65597,24,77,9,9895
40220,284900.0,3,2,1740,3012 KAYE LAWN DR,Louisville,Kentucky,34723,1750.6,Jefferson,89236.0,38.21535,-85.61794,24,77,9,9781
40241,389900.0,3,3,3122,4510 DEEPWOOD DR,Louisville,Kentucky,30189,890.1,Jefferson,127378.0,38.30339,-85.5774,24,77,9,9903
40203,80000.0,2,2,891,12 COLLEGE CT,Louisville,Kentucky,17263,2302.1,Jefferson,48118.0,38.24722,-85.765,24,77,9,9301
40216,249900.0,3,2,2017,3230 POPLAR VIEW DR,Louisville,Kentucky,43749,1079.1,Jefferson,66379.0,38.18707,-85.83738,24,77,9,9638
40272,253000.0,3,2,1919,9714 NORDIC DR,Louisville,Kentucky,38815,450.3,Jefferson,76458.0,38.08291,-85.85315,24,77,9,10053
40220,339000.0,3,3,2000,3226 HURSTBOURNE SPRINGS DR,Louisville,Kentucky,34723,1750.6,Jefferson,89236.0,38.21535,-85.61794,24,77,9,9764
40203,425000.0,5,4,4500,1260 S BROOK ST,Louisville,Kentucky,17263,2302.1,Jefferson,48118.0,38.24722,-85.765,24,77,9,9307
40215,128500.0,3,2,1274,902 W WHITNEY AVE,Louisville,Kentucky,20042,2216.9,Jefferson,50338.0,38.19052,-85.78555,24,77,9,9617
40222,1100000.0,4,4,4639,3802 LIME KILN LN,Louisville,Kentucky,21622,883.0,Jefferson,119525.0,38.26436,-85.61173,24,77,9,9804
40243,410000.0,4,4,2989,11705 CHERRY POINT CIR,Louisville,Kentucky,11953,1123.4,Jefferson,104800.0,38.23917,-85.53188,24,77,9,9943
40210,135000.0,3,1,1599,2333 GREENWOOD AVE,Louisville,Kentucky,14746,1793.6,Jefferson,44767.0,38.23161,-85.78592,24,77,9,9467
40272,165000.0,3,2,2141,7011 ASHBY LN,Louisville,Kentucky,38815,450.3,Jefferson,76458.0,38.08291,-85.85315,24,77,9,10020
40204,270000.0,2,1,1214,932 ELLISON AVE,Louisville,Kentucky,14591,1775.1,Jefferson,97965.0,38.23873,-85.7208,24,77,9,9332
40210,45000.0,2,1,1128,1624 DUMESNIL ST,Louisville,Kentucky,14746,1793.6,Jefferson,44767.0,38.23161,-85.78592,24,77,9,9475
40272,525000.0,4,3,4024,3403 GATECREEK RD,Louisville,Kentucky,38815,450.3,Jefferson,76458.0,38.08291,-85.85315,24,77,9,10025
40207,164900.0,2,2,1162,4700 TROWBRIDGE TER APT 102,Louisville,Kentucky,29359,965.8,Jefferson,144750.0,38.26357,-85.65543,24,77,9,9420
40219,228000.0,3,1,2076,5112 MONACO DR,Louisville,Kentucky,38589,1002.7,Jefferson,66115.0,38.13907,-85.68877,24,77,9,9742
40208,179995.0,2,2,1439,715 COMPTON ST,Louisville,Kentucky,15270,2259.6,Jefferson,49805.0,38.2176,-85.7659,24,77,9,9441
40207,289000.0,2,2,1832,5701 COACH GATE WYNDE APT 44,Louisville,Kentucky,29359,965.8,Jefferson,144750.0,38.26357,-85.65543,24,77,9,9388
40217,200000.0,2,2,910,614 ATWOOD ST,Louisville,Kentucky,12029,1936.4,Jefferson,100051.0,38.21689,-85.73725,24,77,9,9679
40291,365000.0,4,3,2709,10107 RIMFIRE RD,Louisville,Kentucky,39447,673.0,Jefferson,100587.0,38.1275,-85.57823,24,77,9,10095
40207,155000.0,1,1,770,4718 WEYBRIDGE GDNS # 102,Louisville,Kentucky,29359,965.8,Jefferson,144750.0,38.26357,-85.65543,24,77,9,9432
40214,125000.0,3,1,1046,159 E ASHLAND AVE,Louisville,Kentucky,47339,1221.1,Jefferson,73925.0,38.15141,-85.78285,24,77,9,9587
40242,420000.0,4,3,3672,9105 GLOVER LN,Louisville,Kentucky,10982,1482.8,Jefferson,101584.0,38.27639,-85.59042,24,77,9,9928
40291,285000.0,4,3,1800,8103 KEIRA RIDGE CT,Louisville,Kentucky,39447,673.0,Jefferson,100587.0,38.1275,-85.57823,24,77,9,10108
40241,310777.0,3,2,1621,10604 MELCHESTER PL,Louisville,Kentucky,30189,890.1,Jefferson,127378.0,38.30339,-85.5774,24,77,9,9914
40217,294900.0,3,2,1526,1033 DIXON AVE,Louisville,Kentucky,12029,1936.4,Jefferson,100051.0,38.21689,-85.73725,24,77,9,9691
40214,259900.0,3,2,1868,7409 AUTUMN TRACE DR,Louisville,Kentucky,47339,1221.1,Jefferson,73925.0,38.15141,-85.78285,24,77,9,9578
40205,265000.0,2,2,1089,1601 SPRING DR APT 6,Louisville,Kentucky,25161,1410.6,Jefferson,125520.0,38.22313,-85.68275,24,77,9,9333
40222,79900.0,1,1,836,8139 LAKE AVE APT C7,Louisville,Kentucky,21622,883.0,Jefferson,119525.0,38.26436,-85.61173,24,77,9,9800
40220,240000.0,3,2,1686,3425 BRYAN WAY,Louisville,Kentucky,34723,1750.6,Jefferson,89236.0,38.21535,-85.61794,24,77,9,9762
40245,565000.0,4,4,3874,3516 WOODMONT PARK LN,Louisville,Kentucky,37503,444.7,Jefferson,157305.0,38.26574,-85.45327,24,77,9,9954
40241,224500.0,2,2,1390,5301 PACER LN APT 103,Louisville,Kentucky,30189,890.1,Jefferson,127378.0,38.30339,-85.5774,24,77,9,9898
40245,270000.0,2,2,1429,106 CHARLTON WYNDE DR,Louisville,Kentucky,37503,444.7,Jefferson,157305.0,38.26574,-85.45327,24,77,9,9947
40291,359900.0,4,3,2792,6200 HUDSON CREEK DR,Louisville,Kentucky,39447,673.0,Jefferson,100587.0,38.1275,-85.57823,24,77,9,10104
40214,289900.0,3,3,2602,7606 NOTTOWAY CIR,Louisville,Kentucky,47339,1221.1,Jefferson,73925.0,38.15141,-85.78285,24,77,9,9564
40206,315000.0,1,1,1113,129 N BIRCHWOOD AVE,Louisville,Kentucky,20836,1377.0,Jefferson,101617.0,38.25788,-85.70205,24,77,9,9368
40220,304900.0,3,2,1665,2819 BROWNS LN,Louisville,Kentucky,34723,1750.6,Jefferson,89236.0,38.21535,-85.61794,24,77,9,9770
40220,200000.0,2,1,1136,3606 KINGS HWY,Louisville,Kentucky,34723,1750.6,Jefferson,89236.0,38.21535,-85.61794,24,77,9,9767
40229,375000.0,5,3,2716,981 SHADY BROOK LN,Louisville,Kentucky,39658,874.5,Jefferson,86966.0,38.09074,-85.65597,24,77,9,9875
40291,565000.0,3,2,2053,10419 MARTINSIDE DR,Louisville,Kentucky,39447,673.0,Jefferson,100587.0,38.1275,-85.57823,24,77,9,10058
40299,794000.0,3,3,2308,13114 TRUMP AVE,Louisville,Kentucky,41448,296.5,Jefferson,103618.0,38.16319,-85.51613,24,77,9,10112
40216,179900.0,3,1,925,2436 WEBER LN,Louisville,Kentucky,43749,1079.1,Jefferson,66379.0,38.18707,-85.83738,24,77,9,9633
40204,250000.0,1,1,1100,1412 WILLOW AVE APT 65,Louisville,Kentucky,14591,1775.1,Jefferson,97965.0,38.23873,-85.7208,24,77,9,9319
40241,399000.0,3,3,2998,8805 CRANBORNE CT,Louisville,Kentucky,30189,890.1,Jefferson,127378.0,38.30339,-85.5774,24,77,9,9905
40207,285000.0,3,2,2536,202 MARSHALL DR,Louisville,Kentucky,29359,965.8,Jefferson,144750.0,38.26357,-85.65543,24,77,9,9408
40212,169900.0,3,2,1347,2431 PORTLAND AVE,Louisville,Kentucky,16548,1668.5,Jefferson,43887.0,38.26787,-85.80256,24,77,9,9525
40204,775000.0,3,5,4850,76 VALLEY RD,Louisville,Kentucky,14591,1775.1,Jefferson,97965.0,38.23873,-85.7208,24,77,9,9311
40258,205000.0,3,3,1865,8200 SEAFORTH DR,Louisville,Kentucky,27430,907.0,Jefferson,77563.0,38.14514,-85.87253,24,77,9,10006
40204,209900.0,2,1,1105,962 SAMUEL ST,Louisville,Kentucky,14591,1775.1,Jefferson,97965.0,38.23873,-85.7208,24,77,9,9320
40214,225000.0,2,2,1520,5101 SOUTHERN PKWY,Louisville,Kentucky,47339,1221.1,Jefferson,73925.0,38.15141,-85.78285,24,77,9,9570
40217,110000.0,2,1,918,901 GOSS AVE,Louisville,Kentucky,12029,1936.4,Jefferson,100051.0,38.21689,-85.73725,24,77,9,9681
40228,274500.0,4,3,1908,6403 OCHO RIOS CT,Louisville,Kentucky,17852,795.7,Jefferson,91928.0,38.13931,-85.62947,24,77,9,9848
40207,246000.0,2,2,1297,3812 WASHINGTON SQ APT 4,Louisville,Kentucky,29359,965.8,Jefferson,144750.0,38.26357,-85.65543,24,77,9,9393
40213,199900.0,2,1,971,1215 HART AVE,Louisville,Kentucky,15749,634.8,Jefferson,74959.0,38.177,-85.71571,24,77,9,9538
40258,200000.0,3,2,1363,5306 W PAGES LN,Louisville,Kentucky,27430,907.0,Jefferson,77563.0,38.14514,-85.87253,24,77,9,10017
40217,269499.0,2,2,1700,610 HARRISON AVE,Louisville,Kentucky,12029,1936.4,Jefferson,100051.0,38.21689,-85.73725,24,77,9,9689
40220,289000.0,3,2,2044,3311 ENRIDGE DR,Louisville,Kentucky,34723,1750.6,Jefferson,89236.0,38.21535,-85.61794,24,77,9,9777
40211,65000.0,3,2,1292,727 LOUIS COLEMAN JR DR,Louisville,Kentucky,22167,1170.9,Jefferson,47381.0,38.23425,-85.82147,24,77,9,9477
40299,379000.0,5,4,2963,11202 ARBOR WOOD DR,Louisville,Kentucky,41448,296.5,Jefferson,103618.0,38.16319,-85.51613,24,77,9,10119
40217,187900.0,2,1,900,2062 ALLENE AVE,Louisville,Kentucky,12029,1936.4,Jefferson,100051.0,38.21689,-85.73725,24,77,9,9695
40291,415000.0,4,3,2286,10310 LONG BARN CT,Louisville,Kentucky,39447,673.0,Jefferson,100587.0,38.1275,-85.57823,24,77,9,10078
40205,1075000.0,6,5,5372,1747 SPRING DR,Louisville,Kentucky,25161,1410.6,Jefferson,125520.0,38.22313,-85.68275,24,77,9,9340
40206,165000.0,2,2,855,311 CRESCENT SPRING DR,Louisville,Kentucky,20836,1377.0,Jefferson,101617.0,38.25788,-85.70205,24,77,9,9381
40241,589000.0,3,3,2230,8619 BROECKER BLVD,Louisville,Kentucky,30189,890.1,Jefferson,127378.0,38.30339,-85.5774,24,77,9,9897
40272,118500.0,3,1,934,11009 BENSON LN,Louisville,Kentucky,38815,450.3,Jefferson,76458.0,38.08291,-85.85315,24,77,9,10036
40272,127500.0,3,1,864,10911 GRAFTON HALL RD,Louisville,Kentucky,38815,450.3,Jefferson,76458.0,38.08291,-85.85315,24,77,9,10038
40207,599000.0,3,2,2462,518 COUNTRY LN,Louisville,Kentucky,29359,965.8,Jefferson,144750.0,38.26357,-85.65543,24,77,9,9402
40229,169000.0,3,1,1014,5500 HASBROOK DR,Louisville,Kentucky,39658,874.5,Jefferson,86966.0,38.09074,-85.65597,24,77,9,9877
40214,279000.0,4,3,2700,2401 HIGH PINE DR,Louisville,Kentucky,47339,1221.1,Jefferson,73925.0,38.15141,-85.78285,24,77,9,9559
40215,150000.0,3,2,2142,3422 DEARCY AVE,Louisville,Kentucky,20042,2216.9,Jefferson,50338.0,38.19052,-85.78555,24,77,9,9623
40229,249900.0,3,2,1141,332 BUTTERFLY LN,Louisville,Kentucky,39658,874.5,Jefferson,86966.0,38.09074,-85.65597,24,77,9,9864
40202,201500.0,1,1,836,639 E JEFFERSON ST UNIT 108,Louisville,Kentucky,7444,1780.0,Jefferson,56871.0,38.25288,-85.75205,24,77,9,9289
40291,285000.0,4,2,2530,8001 MARY SUE DR,Louisville,Kentucky,39447,673.0,Jefferson,100587.0,38.1275,-85.57823,24,77,9,10096
40222,299000.0,4,2,1600,1312 ETAWAH AVE,Louisville,Kentucky,21622,883.0,Jefferson,119525.0,38.26436,-85.61173,24,77,9,9795
40214,185000.0,2,1,850,5402 WESTHALL AVE,Louisville,Kentucky,47339,1221.1,Jefferson,73925.0,38.15141,-85.78285,24,77,9,9589
40291,209500.0,2,1,1046,7015 LITTLE OAK CT,Louisville,Kentucky,39447,673.0,Jefferson,100587.0,38.1275,-85.57823,24,77,9,10079
40272,175500.0,3,1,1060,9805 EAST AVE,Louisville,Kentucky,38815,450.3,Jefferson,76458.0,38.08291,-85.85315,24,77,9,10018
40214,240000.0,3,2,2507,7220 HILLSIDE DR,Louisville,Kentucky,47339,1221.1,Jefferson,73925.0,38.15141,-85.78285,24,77,9,9586
40245,195000.0,3,3,1488,4536 MEADOWLARK MANOR LN,Louisville,Kentucky,37503,444.7,Jefferson,157305.0,38.26574,-85.45327,24,77,9,9981
40216,169900.0,3,2,1660,2007 YOUNGLAND AVE,Louisville,Kentucky,43749,1079.1,Jefferson,66379.0,38.18707,-85.83738,24,77,9,9650
40218,200000.0,3,1,1109,3509 TERRIER LN,Louisville,Kentucky,33779,1449.2,Jefferson,68470.0,38.19036,-85.65698,24,77,9,9717
40291,565000.0,3,2,2080,10505 FAIRMOUNT FALLS WAY,Louisville,Kentucky,39447,673.0,Jefferson,100587.0,38.1275,-85.57823,24,77,9,10061
40215,82000.0,1,1,800,4137 LA SALLE AVE,Louisville,Kentucky,20042,2216.9,Jefferson,50338.0,38.19052,-85.78555,24,77,9,9622
40258,189900.0,3,1,1320,4604 CRAWFORD AVE,Louisville,Kentucky,27430,907.0,Jefferson,77563.0,38.14514,-85.87253,24,77,9,10001
40222,178000.0,2,2,1003,4820 WESTMAR TER APT 7,Louisville,Kentucky,21622,883.0,Jefferson,119525.0,38.26436,-85.61173,24,77,9,9806
40203,192500.0,3,3,1741,1821 W CHESTNUT ST,Louisville,Kentucky,17263,2302.1,Jefferson,48118.0,38.24722,-85.765,24,77,9,9296
40214,187500.0,3,1,1618,422 W SOUTHSIDE CT,Louisville,Kentucky,47339,1221.1,Jefferson,73925.0,38.15141,-85.78285,24,77,9,9590
40216,189000.0,3,2,1372,4412 MALCOLM RD,Louisville,Kentucky,43749,1079.1,Jefferson,66379.0,38.18707,-85.83738,24,77,9,9660
40219,265000.0,5,2,1525,5112 BARNES DR,Louisville,Kentucky,38589,1002.7,Jefferson,66115.0,38.13907,-85.68877,24,77,9,9739
40291,399000.0,3,2,1737,9341 CROSS MEADOWS CIR,Louisville,Kentucky,39447,673.0,Jefferson,100587.0,38.1275,-85.57823,24,77,9,10080
40205,335900.0,2,1,1527,1923 RICHMOND DR,Louisville,Kentucky,25161,1410.6,Jefferson,125520.0,38.22313,-85.68275,24,77,9,9360
40205,599000.0,5,3,3340,1719 FRASER DR,Louisville,Kentucky,25161,1410.6,Jefferson,125520.0,38.22313,-85.68275,24,77,9,9350
40272,239000.0,3,2,1757,6415 RIVERDALE RD,Louisville,Kentucky,38815,450.3,Jefferson,76458.0,38.08291,-85.85315,24,77,9,10056
40220,255000.0,3,2,1779,4208 LYNNBROOK DR,Louisville,Kentucky,34723,1750.6,Jefferson,89236.0,38.21535,-85.61794,24,77,9,9785
40218,164950.0,3,1,900,5308 REGENT WAY,Louisville,Kentucky,33779,1449.2,Jefferson,68470.0,38.19036,-85.65698,24,77,9,9707
40214,260000.0,4,3,2150,7408 ARAPAHO DR,Louisville,Kentucky,47339,1221.1,Jefferson,73925.0,38.15141,-85.78285,24,77,9,9573
40299,335000.0,3,2,1633,4008 HURSTBOURNE WOODS DR,Louisville,Kentucky,41448,296.5,Jefferson,103618.0,38.16319,-85.51613,24,77,9,10134
40216,169999.0,3,2,2123,2307 ROCKFORD LN,Louisville,Kentucky,43749,1079.1,Jefferson,66379.0,38.18707,-85.83738,24,77,9,9646
40243,242500.0,3,2,1397,12207 LEDGES DR,Louisville,Kentucky,11953,1123.4,Jefferson,104800.0,38.23917,-85.53188,24,77,9,9940
40229,370000.0,3,3,3293,7011 BLACK WALNUT CIR,Louisville,Kentucky,39658,874.5,Jefferson,86966.0,38.09074,-85.65597,24,77,9,9868
40212,135000.0,2,1,1360,306 N 41ST ST,Louisville,Kentucky,16548,1668.5,Jefferson,43887.0,38.26787,-85.80256,24,77,9,9526
40241,310000.0,3,2,1547,10605 FARM OAKS CT,Louisville,Kentucky,30189,890.1,Jefferson,127378.0,38.30339,-85.5774,24,77,9,9907
40245,472360.0,4,3,2485,4617 GOLDEN EAGLE DR,Louisville,Kentucky,37503,444.7,Jefferson,157305.0,38.26574,-85.45327,24,77,9,9952
40291,275000.0,2,2,1615,10718 GLENMARY SPRINGS DR,Louisville,Kentucky,39447,673.0,Jefferson,100587.0,38.1275,-85.57823,24,77,9,10075
40211,220000.0,3,3,2068,806 S 39TH ST,Louisville,Kentucky,22167,1170.9,Jefferson,47381.0,38.23425,-85.82147,24,77,9,9484
40299,274000.0,3,2,1200,2800 GLEESON LN,Louisville,Kentucky,41448,296.5,Jefferson,103618.0,38.16319,-85.51613,24,77,9,10141
40245,200000.0,3,2,1143,12109 EASTBAY CT,Louisville,Kentucky,37503,444.7,Jefferson,157305.0,38.26574,-85.45327,24,77,9,9957
40219,359900.0,3,3,2254,8018 SHEPHERDSVILLE RD,Louisville,Kentucky,38589,1002.7,Jefferson,66115.0,38.13907,-85.68877,24,77,9,9738
40258,250000.0,3,2,1900,5226 PLANET DR,Louisville,Kentucky,27430,907.0,Jefferson,77563.0,38.14514,-85.87253,24,77,9,10008
40218,219999.0,3,2,1158,4223 LAMBERT AVE,Louisville,Kentucky,33779,1449.2,Jefferson,68470.0,38.19036,-85.65698,24,77,9,9724
40204,1375000.0,5,4,5236,1315 CHEROKEE RD,Louisville,Kentucky,14591,1775.1,Jefferson,97965.0,38.23873,-85.7208,24,77,9,9329
40299,325000.0,4,3,2852,8601 CODINGTON CT,Louisville,Kentucky,41448,296.5,Jefferson,103618.0,38.16319,-85.51613,24,77,9,10153
40299,539900.0,3,3,2190,1417 SWAN CREEK PL,Louisville,Kentucky,41448,296.5,Jefferson,103618.0,38.16319,-85.51613,24,77,9,10126
40208,120000.0,2,1,1100,1131 LINCOLN AVE,Louisville,Kentucky,15270,2259.6,Jefferson,49805.0,38.2176,-85.7659,24,77,9,9451
40223,375000.0,3,3,1950,12515 LILLY LN,Louisville,Kentucky,23739,760.3,Jefferson,130317.0,38.26153,-85.54328,24,77,9,9836
40217,110000.0,2,1,896,903 GOSS AVE,Louisville,Kentucky,12029,1936.4,Jefferson,100051.0,38.21689,-85.73725,24,77,9,9676
40204,515000.0,5,2,2565,1315 HIGHLAND AVE,Louisville,Kentucky,14591,1775.1,Jefferson,97965.0,38.23873,-85.7208,24,77,9,9313
40245,779000.0,5,5,5914,700 WOLFORD RIDGE CT,Louisville,Kentucky,37503,444.7,Jefferson,157305.0,38.26574,-85.45327,24,77,9,9946
40207,989000.0,4,5,3908,2109 STARMONT RD,Louisville,Kentucky,29359,965.8,Jefferson,144750.0,38.26357,-85.65543,24,77,9,9410
40211,84900.0,2,1,946,737 S 37TH ST,Louisville,Kentucky,22167,1170.9,Jefferson,47381.0,38.23425,-85.82147,24,77,9,9483
40219,259900.0,3,2,1194,3808 SONOMA LN,Louisville,Kentucky,38589,1002.7,Jefferson,66115.0,38.13907,-85.68877,24,77,9,9741
40220,235000.0,2,1,1108,3104 DEBERA WAY,Louisville,Kentucky,34723,1750.6,Jefferson,89236.0,38.21535,-85.61794,24,77,9,9763
40218,259990.0,3,3,1440,3712 SELMA AVE,Louisville,Kentucky,33779,1449.2,Jefferson,68470.0,38.19036,-85.65698,24,77,9,9699
40241,400000.0,3,2,2550,3101 DORILTON CT,Louisville,Kentucky,30189,890.1,Jefferson,127378.0,38.30339,-85.5774,24,77,9,9923
40245,599000.0,5,5,3994,57 PERSIMMON RIDGE DR,Louisville,Kentucky,37503,444.7,Jefferson,157305.0,38.26574,-85.45327,24,77,9,9949
40220,310000.0,4,3,2867,3310 EASTSIDE DR,Louisville,Kentucky,34723,1750.6,Jefferson,89236.0,38.21535,-85.61794,24,77,9,9776
40218,235000.0,3,2,2008,6210 CUTTER DR,Louisville,Kentucky,33779,1449.2,Jefferson,68470.0,38.19036,-85.65698,24,77,9,9722
40245,380000.0,4,3,2352,16504 TAUNTON VALE RD,Louisville,Kentucky,37503,444.7,Jefferson,157305.0,38.26574,-85.45327,24,77,9,9948
40216,190000.0,3,2,1094,2508 LEGENE DR,Louisville,Kentucky,43749,1079.1,Jefferson,66379.0,38.18707,-85.83738,24,77,9,9669
40218,259000.0,4,3,2435,2504 CHARLES CT,Louisville,Kentucky,33779,1449.2,Jefferson,68470.0,38.19036,-85.65698,24,77,9,9713
40272,325000.0,3,3,1971,4607 ANDALUSIA LN,Louisville,Kentucky,38815,450.3,Jefferson,76458.0,38.08291,-85.85315,24,77,9,10049
40205,425000.0,3,3,1964,2034 LAKESIDE DR,Louisville,Kentucky,25161,1410.6,Jefferson,125520.0,38.22313,-85.68275,24,77,9,9338
40299,485000.0,2,2,1703,14610 RESERVE PARK PL,Louisville,Kentucky,41448,296.5,Jefferson,103618.0,38.16319,-85.51613,24,77,9,10130
40245,735000.0,3,3,3400,2140 LONG RUN RD,Louisville,Kentucky,37503,444.7,Jefferson,157305.0,38.26574,-85.45327,24,77,9,9963
40223,179500.0,2,3,1164,10323 SHELBYVILLE RD,Louisville,Kentucky,23739,760.3,Jefferson,130317.0,38.26153,-85.54328,24,77,9,9819
40210,65000.0,2,1,754,2801 CONESTOGA AVE,Louisville,Kentucky,14746,1793.6,Jefferson,44767.0,38.23161,-85.78592,24,77,9,9466
40204,379500.0,3,3,1498,1222 FISCHER AVE,Louisville,Kentucky,14591,1775.1,Jefferson,97965.0,38.23873,-85.7208,24,77,9,9315
40207,315000.0,3,1,1385,4209 WINCHESTER RD,Louisville,Kentucky,29359,965.8,Jefferson,144750.0,38.26357,-85.65543,24,77,9,9394
40220,182000.0,3,2,1236,3017 SOMBER WAY,Louisville,Kentucky,34723,1750.6,Jefferson,89236.0,38.21535,-85.61794,24,77,9,9782
40291,225000.0,3,2,1562,8615 GLASER LN,Louisville,Kentucky,39447,673.0,Jefferson,100587.0,38.1275,-85.57823,24,77,9,10107
40214,159900.0,3,1,925,103 MACKIE LN,Louisville,Kentucky,47339,1221.1,Jefferson,73925.0,38.15141,-85.78285,24,77,9,9576
40211,139900.0,2,2,1760,1406 WILLS CT,Louisville,Kentucky,22167,1170.9,Jefferson,47381.0,38.23425,-85.82147,24,77,9,9487
40245,310000.0,3,4,2346,11904 WIDE SPRING CT,Louisville,Kentucky,37503,444.7,Jefferson,157305.0,38.26574,-85.45327,24,77,9,9953
40204,215000.0,2,2,821,1310 CHEROKEE RD APT B5,Louisville,Kentucky,14591,1775.1,Jefferson,97965.0,38.23873,-85.7208,24,77,9,9326
40223,425000.0,2,2,1907,10603 WATERLOO WAY,Louisville,Kentucky,23739,760.3,Jefferson,130317.0,38.26153,-85.54328,24,77,9,9833
40212,86000.0,2,1,909,449 LOUIS COLEMAN JR DR,Louisville,Kentucky,16548,1668.5,Jefferson,43887.0,38.26787,-85.80256,24,77,9,9524
40228,235000.0,3,2,1644,6605 MOORHAVEN DR,Louisville,Kentucky,17852,795.7,Jefferson,91928.0,38.13931,-85.62947,24,77,9,9858
40222,1550000.0,5,7,5494,6004 GLEN HILL RD,Louisville,Kentucky,21622,883.0,Jefferson,119525.0,38.26436,-85.61173,24,77,9,9799
40216,199900.0,3,1,1125,6129 ARLONE CT,Louisville,Kentucky,43749,1079.1,Jefferson,66379.0,38.18707,-85.83738,24,77,9,9648
40272,182000.0,3,1,1147,5412 CEDARWOOD DR,Louisville,Kentucky,38815,450.3,Jefferson,76458.0,38.08291,-85.85315,24,77,9,10021
40205,395000.0,4,3,2450,1877 PRINCETON DR,Louisville,Kentucky,25161,1410.6,Jefferson,125520.0,38.22313,-85.68275,24,77,9,9348
40218,259900.0,3,3,1440,3716H SELMA AVE,Louisville,Kentucky,33779,1449.2,Jefferson,68470.0,38.19036,-85.65698,24,77,9,9712
40211,215000.0,3,2,1430,3012 LIKENS AVE,Louisville,Kentucky,22167,1170.9,Jefferson,47381.0,38.23425,-85.82147,24,77,9,9504
40207,400000.0,4,2,3194,4016 BROWNLEE RD,Louisville,Kentucky,29359,965.8,Jefferson,144750.0,38.26357,-85.65543,24,77,9,9386
40291,389990.0,4,3,2606,7606 FAIR LN # 0,Louisville,Kentucky,39447,673.0,Jefferson,100587.0,38.1275,-85.57823,24,77,9,10070
40216,165000.0,4,1,1169,4801 JOY LOVENE DR,Louisville,Kentucky,43749,1079.1,Jefferson,66379.0,38.18707,-85.83738,24,77,9,9668
40291,260000.0,2,2,1368,9036 SIDNEY WAY,Louisville,Kentucky,39447,673.0,Jefferson,100587.0,38.1275,-85.57823,24,77,9,10064
40215,120000.0,4,1,1418,3423 GLENDALE AVE,Louisville,Kentucky,20042,2216.9,Jefferson,50338.0,38.19052,-85.78555,24,77,9,9599
40204,185000.0,2,1,1054,1080 BAXTER AVE APT 4,Louisville,Kentucky,14591,1775.1,Jefferson,97965.0,38.23873,-85.7208,24,77,9,9314
40208,210000.0,2,2,957,1629 S 3RD ST APT 104,Louisville,Kentucky,15270,2259.6,Jefferson,49805.0,38.2176,-85.7659,24,77,9,9446
40216,219900.0,3,1,1890,4120 ALANA DR,Louisville,Kentucky,43749,1079.1,Jefferson,66379.0,38.18707,-85.83738,24,77,9,9670
40220,390000.0,4,2,2477,4109 BERKSHIRE AVE,Louisville,Kentucky,34723,1750.6,Jefferson,89236.0,38.21535,-85.61794,24,77,9,9773
40214,149000.0,2,1,700,5332 BUCKNER AVE,Louisville,Kentucky,47339,1221.1,Jefferson,73925.0,38.15141,-85.78285,24,77,9,9552
40223,479000.0,3,3,3172,10601 GLENEAGLE PL,Louisville,Kentucky,23739,760.3,Jefferson,130317.0,38.26153,-85.54328,24,77,9,9837
40212,189900.0,1,1,720,2543 OWEN ST,Louisville,Kentucky,16548,1668.5,Jefferson,43887.0,38.26787,-85.80256,24,77,9,9522
40215,115000.0,2,1,708,832 CAMDEN AVE,Louisville,Kentucky,20042,2216.9,Jefferson,50338.0,38.19052,-85.78555,24,77,9,9609
40291,225000.0,4,2,1375,7917 EDSEL LN,Louisville,Kentucky,39447,673.0,Jefferson,100587.0,38.1275,-85.57823,24,77,9,10086
40206,145500.0,2,1,750,114 CRESCENT AVE APT F1,Louisville,Kentucky,20836,1377.0,Jefferson,101617.0,38.25788,-85.70205,24,77,9,9367
40207,3200000.0,4,5,7161,15 MOCKINGBIRD VALLEY TRL,Louisville,Kentucky,29359,965.8,Jefferson,144750.0,38.26357,-85.65543,24,77,9,9422
40245,900000.0,6,5,6768,309 LOCUST CREEK BLVD,Louisville,Kentucky,37503,444.7,Jefferson,157305.0,38.26574,-85.45327,24,77,9,9973
40242,235000.0,2,2,1174,8718 DEER POINT CT,Louisville,Kentucky,10982,1482.8,Jefferson,101584.0,38.27639,-85.59042,24,77,9,9935
40212,100000.0,1,1,727,3120 W JEFFERSON ST,Louisville,Kentucky,16548,1668.5,Jefferson,43887.0,38.26787,-85.80256,24,77,9,9523
40208,215000.0,2,1,1213,1481 SAINT JAMES CT UNIT 7,Louisville,Kentucky,15270,2259.6,Jefferson,49805.0,38.2176,-85.7659,24,77,9,9440
40241,997000.0,6,6,5744,2903 CLIFFWYNDE TRCE,Louisville,Kentucky,30189,890.1,Jefferson,127378.0,38.30339,-85.5774,24,77,9,9900
40220,285000.0,3,2,2289,2803 SHEILA DR,Louisville,Kentucky,34723,1750.6,Jefferson,89236.0,38.21535,-85.61794,24,77,9,9775
40206,2450000.0,4,5,7575,500 FAIRFIELD DR,Louisville,Kentucky,20836,1377.0,Jefferson,101617.0,38.25788,-85.70205,24,77,9,9383
40211,185000.0,4,2,2007,2100 GARLAND AVE,Louisville,Kentucky,22167,1170.9,Jefferson,47381.0,38.23425,-85.82147,24,77,9,9490
40245,899000.0,4,6,5104,2601 LOCUST HILL PL,Louisville,Kentucky,37503,444.7,Jefferson,157305.0,38.26574,-85.45327,24,77,9,9964
40206,389950.0,4,3,2101,2829 WESTMINSTER CT,Louisville,Kentucky,20836,1377.0,Jefferson,101617.0,38.25788,-85.70205,24,77,9,9377
40217,310000.0,4,3,1951,3007 ASHVIEW TER,Louisville,Kentucky,12029,1936.4,Jefferson,100051.0,38.21689,-85.73725,24,77,9,9693
40215,150000.0,2,1,708,1024 DRESDEN AVE,Louisville,Kentucky,20042,2216.9,Jefferson,50338.0,38.19052,-85.78555,24,77,9,9611
40216,140000.0,2,1,800,4310 LYNNVIEW DR,Louisville,Kentucky,43749,1079.1,Jefferson,66379.0,38.18707,-85.83738,24,77,9,9644
40241,725000.0,3,3,2833,3204 TEN BROECK WAY,Louisville,Kentucky,30189,890.1,Jefferson,127378.0,38.30339,-85.5774,24,77,9,9911
40205,269900.0,2,2,1945,1600 GARDINER LN APT 208,Louisville,Kentucky,25161,1410.6,Jefferson,125520.0,38.22313,-85.68275,24,77,9,9359
40229,184900.0,3,1,925,9527 MAPLE RD,Louisville,Kentucky,39658,874.5,Jefferson,86966.0,38.09074,-85.65597,24,77,9,9869
40206,435000.0,3,2,1800,327 S BAYLY AVE,Louisville,Kentucky,20836,1377.0,Jefferson,101617.0,38.25788,-85.70205,24,77,9,9371
40299,424900.0,3,2,1692,6120 OLD HEADY RD,Louisville,Kentucky,41448,296.5,Jefferson,103618.0,38.16319,-85.51613,24,77,9,10133
40216,200000.0,2,1,1090,6313 KRAUSE AVE,Louisville,Kentucky,43749,1079.1,Jefferson,66379.0,38.18707,-85.83738,24,77,9,9639
40219,219900.0,3,1,1020,4610 MILES LN,Louisville,Kentucky,38589,1002.7,Jefferson,66115.0,38.13907,-85.68877,24,77,9,9744
40241,515000.0,4,3,2966,6706 SYCAMORE WOODS DR,Louisville,Kentucky,30189,890.1,Jefferson,127378.0,38.30339,-85.5774,24,77,9,9910
40241,469000.0,4,3,3054,8614 GLENFIELD WAY,Louisville,Kentucky,30189,890.1,Jefferson,127378.0,38.30339,-85.5774,24,77,9,9917
40299,204900.0,3,1,1072,10017 CARDIGAN DR,Louisville,Kentucky,41448,296.5,Jefferson,103618.0,38.16319,-85.51613,24,77,9,10127
40212,39900.0,5,1,1620,320 N 27TH ST,Louisville,Kentucky,16548,1668.5,Jefferson,43887.0,38.26787,-85.80256,24,77,9,9521
40215,147500.0,2,2,1592,516 W EVELYN AVE,Louisville,Kentucky,20042,2216.9,Jefferson,50338.0,38.19052,-85.78555,24,77,9,9595
40229,314900.0,3,3,1731,6707 BROOK BEND WAY,Louisville,Kentucky,39658,874.5,Jefferson,86966.0,38.09074,-85.65597,24,77,9,9883
40213,198900.0,3,1,950,5312 TUPELO PASS,Louisville,Kentucky,15749,634.8,Jefferson,74959.0,38.177,-85.71571,24,77,9,9535
40213,169900.0,3,2,1053,3502 E INDIAN TRL,Louisville,Kentucky,15749,634.8,Jefferson,74959.0,38.177,-85.71571,24,77,9,9542
40219,179000.0,2,1,1002,3517 OLIVE RD,Louisville,Kentucky,38589,1002.7,Jefferson,66115.0,38.13907,-85.68877,24,77,9,9747
40228,260000.0,3,4,2080,8403 ZELMA FIELDS AVE,Louisville,Kentucky,17852,795.7,Jefferson,91928.0,38.13931,-85.62947,24,77,9,9860
40216,100000.0,2,1,910,2509 RALPH AVE,Louisville,Kentucky,43749,1079.1,Jefferson,66379.0,38.18707,-85.83738,24,77,9,9649
40219,299000.0,4,3,2545,8404 LOU CT,Louisville,Kentucky,38589,1002.7,Jefferson,66115.0,38.13907,-85.68877,24,77,9,9754
40215,79900.0,1,1,966,3738 POWELL AVE,Louisville,Kentucky,20042,2216.9,Jefferson,50338.0,38.19052,-85.78555,24,77,9,9614
40229,229900.0,4,2,1800,9703 TURNPIKE VIEW DR,Louisville,Kentucky,39658,874.5,Jefferson,86966.0,38.09074,-85.65597,24,77,9,9881
40245,199900.0,4,2,1788,4101 NORTHUMBERLAND DR,Louisville,Kentucky,37503,444.7,Jefferson,157305.0,38.26574,-85.45327,24,77,9,9971
40245,749000.0,5,5,3950,1701 MEREMONT RIDGE RD,Louisville,Kentucky,37503,444.7,Jefferson,157305.0,38.26574,-85.45327,24,77,9,9958
40229,294500.0,3,3,1570,7009 BLACK WALNUT CIR,Louisville,Kentucky,39658,874.5,Jefferson,86966.0,38.09074,-85.65597,24,77,9,9886
40258,199900.0,3,1,1713,5250 JULIA RD,Louisville,Kentucky,27430,907.0,Jefferson,77563.0,38.14514,-85.87253,24,77,9,9995
40207,465000.0,4,2,2511,511 FAIRLAWN RD,Louisville,Kentucky,29359,965.8,Jefferson,144750.0,38.26357,-85.65543,24,77,9,9429
40220,178000.0,2,2,1292,4208 BROWNS LN UNIT 301,Louisville,Kentucky,34723,1750.6,Jefferson,89236.0,38.21535,-85.61794,24,77,9,9765
40245,574900.0,5,3,3720,622 DAVENPORT DR,Louisville,Kentucky,37503,444.7,Jefferson,157305.0,38.26574,-85.45327,24,77,9,9966
40208,339900.0,4,2,2845,1485 S 4TH ST,Louisville,Kentucky,15270,2259.6,Jefferson,49805.0,38.2176,-85.7659,24,77,9,9445
40299,615000.0,4,4,4500,13802 HIGH TRAIL CT,Louisville,Kentucky,41448,296.5,Jefferson,103618.0,38.16319,-85.51613,24,77,9,10117
40245,325000.0,4,3,1755,17924 CLOVERFIELD WAY,Louisville,Kentucky,37503,444.7,Jefferson,157305.0,38.26574,-85.45327,24,77,9,9960
40272,207000.0,2,1,1160,6004 ASHBY LN,Louisville,Kentucky,38815,450.3,Jefferson,76458.0,38.08291,-85.85315,24,77,9,10028
40229,225000.0,4,2,1510,11503 BROOKLEY DR,Louisville,Kentucky,39658,874.5,Jefferson,86966.0,38.09074,-85.65597,24,77,9,9880
40222,485000.0,4,4,3352,7314 WESBORO RD,Louisville,Kentucky,21622,883.0,Jefferson,119525.0,38.26436,-85.61173,24,77,9,9811
40220,229000.0,4,2,2259,3138 SUDBURY LN,Louisville,Kentucky,34723,1750.6,Jefferson,89236.0,38.21535,-85.61794,24,77,9,9779
40203,825000.0,5,5,6417,432 W ORMSBY AVE,Louisville,Kentucky,17263,2302.1,Jefferson,48118.0,38.24722,-85.765,24,77,9,9310
40241,275000.0,4,2,1950,4741 SHENANDOAH DR,Louisville,Kentucky,30189,890.1,Jefferson,127378.0,38.30339,-85.5774,24,77,9,9922
40208,35000.0,2,1,672,816 WINKLER AVE,Louisville,Kentucky,15270,2259.6,Jefferson,49805.0,38.2176,-85.7659,24,77,9,9438
40203,345000.0,4,3,2157,708 BARONESS AVE,Louisville,Kentucky,17263,2302.1,Jefferson,48118.0,38.24722,-85.765,24,77,9,9300
40216,175500.0,3,1,1575,3428 RICHMONT RD,Louisville,Kentucky,43749,1079.1,Jefferson,66379.0,38.18707,-85.83738,24,77,9,9653
40223,143900.0,2,2,1137,712 LA FONTENAY CT,Louisville,Kentucky,23739,760.3,Jefferson,130317.0,38.26153,-85.54328,24,77,9,9829
40212,90000.0,1,1,943,421 N 38TH ST,Louisville,Kentucky,16548,1668.5,Jefferson,43887.0,38.26787,-85.80256,24,77,9,9530
40207,450000.0,2,2,1965,5900 CREIGHTON HILL RD APT 223,Louisville,Kentucky,29359,965.8,Jefferson,144750.0,38.26357,-85.65543,24,77,9,9425
40245,239900.0,2,2,1200,110 CHARLTON WYNDE DR,Louisville,Kentucky,37503,444.7,Jefferson,157305.0,38.26574,-85.45327,24,77,9,9968
40216,115000.0,3,1,1275,1830 MARY CATHERINE DR,Louisville,Kentucky,43749,1079.1,Jefferson,66379.0,38.18707,-85.83738,24,77,9,9651
40218,169900.0,3,1,1044,3233 WELLINGMOOR AVE,Louisville,Kentucky,33779,1449.2,Jefferson,68470.0,38.19036,-85.65698,24,77,9,9726
40214,227500.0,3,2,1668,3508 DORSET RD,Louisville,Kentucky,47339,1221.1,Jefferson,73925.0,38.15141,-85.78285,24,77,9,9583
40211,125000.0,4,2,1957,1361 CYPRESS ST,Louisville,Kentucky,22167,1170.9,Jefferson,47381.0,38.23425,-85.82147,24,77,9,9509
40214,298500.0,4,2,2441,4628 S 3RD ST,Louisville,Kentucky,47339,1221.1,Jefferson,73925.0,38.15141,-85.78285,24,77,9,9562
40222,456000.0,3,2,2780,7107 WESBORO RD,Louisville,Kentucky,21622,883.0,Jefferson,119525.0,38.26436,-85.61173,24,77,9,9805
40291,415000.0,4,4,2943,10329 VENADO DR,Louisville,Kentucky,39447,673.0,Jefferson,100587.0,38.1275,-85.57823,24,77,9,10059
40214,239000.0,3,2,1620,7516 PONY HAVEN DR,Louisville,Kentucky,47339,1221.1,Jefferson,73925.0,38.15141,-85.78285,24,77,9,9555
40241,290000.0,2,2,1410,4938 MERTON SQ,Louisville,Kentucky,30189,890.1,Jefferson,127378.0,38.30339,-85.5774,24,77,9,9904
40299,644900.0,6,5,5000,5510 VALLEY PARK DR,Louisville,Kentucky,41448,296.5,Jefferson,103618.0,38.16319,-85.51613,24,77,9,10139
40211,179500.0,4,2,1773,619 S 43RD ST,Louisville,Kentucky,22167,1170.9,Jefferson,47381.0,38.23425,-85.82147,24,77,9,9488
40299,599900.0,5,4,4153,13902 FANCY GAP DR,Louisville,Kentucky,41448,296.5,Jefferson,103618.0,38.16319,-85.51613,24,77,9,10135
40291,149999.0,2,2,876,7054 WILDWOOD CIR APT 114,Louisville,Kentucky,39447,673.0,Jefferson,100587.0,38.1275,-85.57823,24,77,9,10094
40245,165000.0,2,2,863,12601 WESTPORT RIDGE WAY,Louisville,Kentucky,37503,444.7,Jefferson,157305.0,38.26574,-85.45327,24,77,9,9956
40229,595000.0,3,3,2160,390 RISEN RD,Louisville,Kentucky,39658,874.5,Jefferson,86966.0,38.09074,-85.65597,24,77,9,9876
40229,379900.0,4,4,3538,5305 OLDSHIRE RD,Louisville,Kentucky,39658,874.5,Jefferson,86966.0,38.09074,-85.65597,24,77,9,9888
40218,65000.0,2,1,888,3507 PARAGON CT UNIT 11,Louisville,Kentucky,33779,1449.2,Jefferson,68470.0,38.19036,-85.65698,24,77,9,9715
40229,308000.0,4,4,2716,5119 OLDSHIRE RD,Louisville,Kentucky,39658,874.5,Jefferson,86966.0,38.09074,-85.65597,24,77,9,9882
40214,325000.0,3,3,2600,7006 AUSTINWOOD RD,Louisville,Kentucky,47339,1221.1,Jefferson,73925.0,38.15141,-85.78285,24,77,9,9585
40205,345000.0,3,2,2207,2511 WENDELL AVE,Louisville,Kentucky,25161,1410.6,Jefferson,125520.0,38.22313,-85.68275,24,77,9,9349
