Zip Code,Price,Beds,Baths,Living Space,Address,City,State,Zip Code Population,Zip Code Density,County,Median Household Income,Latitude,Longitude,county_num,city_num,state_num,address_num
21230,1495000.0,4,4,4319,801 KEY HWY UNIT 322,Baltimore,Maryland,33995,2077.5,Baltimore,130270.0,39.26651,-76.62213,8,42,3,2741
21218,215000.0,3,3,1188,733 ARGONNE DR,Baltimore,Maryland,47081,4198.8,Baltimore,88921.0,39.33031,-76.60235,8,42,3,2508
21212,389000.0,3,2,1451,7039 HEATHFIELD RD,Baltimore,Maryland,34525,2906.8,Baltimore,154547.0,39.3678,-76.61456,8,42,3,2291
21224,272500.0,3,2,1460,206 N KENWOOD AVE,Baltimore,Maryland,46110,1908.9,Baltimore,116132.0,39.28309,-76.54088,8,42,3,2628
21215,149000.0,3,3,1900,4212 REISTERSTOWN RD,Baltimore,Maryland,52550,2978.7,Baltimore,73244.0,39.34578,-76.68367,8,42,3,2392
21206,330000.0,4,3,1373,4508 RASPE AVE,Baltimore,Maryland,51643,2749.3,Baltimore,80189.0,39.33932,-76.53706,8,42,3,2174
21212,15000.0,3,1,1344,4707 OLD YORK RD,Baltimore,Maryland,34525,2906.8,Baltimore,154547.0,39.3678,-76.61456,8,42,3,2326
21216,155000.0,3,2,1080,3904 FAIRFAX RD,Baltimore,Maryland,27643,3231.9,Baltimore,57575.0,39.3108,-76.67145,8,42,3,2426
21214,249900.0,3,2,1650,2214 HAMILTON AVE,Baltimore,Maryland,21924,3029.4,Baltimore,92265.0,39.35217,-76.5644,8,42,3,2382
21202,159900.0,1,1,637,414 WATER ST APT 1410,Baltimore,Maryland,21314,5093.5,Baltimore,83102.0,39.29705,-76.60747,8,42,3,2146
21230,599000.0,3,4,2204,1308 BENJAMIN ST,Baltimore,Maryland,33995,2077.5,Baltimore,130270.0,39.26651,-76.62213,8,42,3,2788
21214,215000.0,3,2,1120,5623 PIONEER DR,Baltimore,Maryland,21924,3029.4,Baltimore,92265.0,39.35217,-76.5644,8,42,3,2383
21216,269000.0,4,4,2854,3302 MONDAWMIN AVE,Baltimore,Maryland,27643,3231.9,Baltimore,57575.0,39.3108,-76.67145,8,42,3,2435
21230,280000.0,2,2,1220,1443 PATAPSCO ST,Baltimore,Maryland,33995,2077.5,Baltimore,130270.0,39.26651,-76.62213,8,42,3,2804
21218,350000.0,3,2,2008,4100 WESTVIEW RD,Baltimore,Maryland,47081,4198.8,Baltimore,88921.0,39.33031,-76.60235,8,42,3,2530
21218,223900.0,3,2,1767,1629 NORTHWICK RD,Baltimore,Maryland,47081,4198.8,Baltimore,88921.0,39.33031,-76.60235,8,42,3,2522
21224,299900.0,2,1,984,609 S CURLEY ST,Baltimore,Maryland,46110,1908.9,Baltimore,116132.0,39.28309,-76.54088,8,42,3,2652
21201,269900.0,4,3,2396,833 W LOMBARD ST,Baltimore,Maryland,17773,5405.4,Baltimore,66437.0,39.29487,-76.62237,8,42,3,2121
21230,130000.0,2,2,960,2120 PARKSLEY AVE,Baltimore,Maryland,33995,2077.5,Baltimore,130270.0,39.26651,-76.62213,8,42,3,2722
21205,75000.0,3,1,1212,2910 MCELDERRY ST,Baltimore,Maryland,15319,2883.4,Baltimore,55022.0,39.30227,-76.56413,8,42,3,2158
21230,134900.0,3,1,1024,2831 GANLEY DR,Baltimore,Maryland,33995,2077.5,Baltimore,130270.0,39.26651,-76.62213,8,42,3,2763
21214,289900.0,4,2,1724,3105 ECHODALE AVE,Baltimore,Maryland,21924,3029.4,Baltimore,92265.0,39.35217,-76.5644,8,42,3,2370
21216,59000.0,2,1,840,959 ELLICOTT DR,Baltimore,Maryland,27643,3231.9,Baltimore,57575.0,39.3108,-76.67145,8,42,3,2427
21216,239000.0,4,4,1360,2309 N ELLAMONT ST,Baltimore,Maryland,27643,3231.9,Baltimore,57575.0,39.3108,-76.67145,8,42,3,2450
21218,359900.0,3,4,2024,915 CATOR AVE,Baltimore,Maryland,47081,4198.8,Baltimore,88921.0,39.33031,-76.60235,8,42,3,2513
21206,349900.0,4,4,2250,5406 PARKSIDE PL,Baltimore,Maryland,51643,2749.3,Baltimore,80189.0,39.33932,-76.53706,8,42,3,2182
21224,250000.0,2,2,1066,127 S CURLEY ST,Baltimore,Maryland,46110,1908.9,Baltimore,116132.0,39.28309,-76.54088,8,42,3,2631
21215,275000.0,3,3,2400,4806 NURTON AVE,Baltimore,Maryland,52550,2978.7,Baltimore,73244.0,39.34578,-76.68367,8,42,3,2406
21231,295000.0,2,3,1008,230 S CASTLE ST,Baltimore,Maryland,15746,7008.7,Baltimore,115116.0,39.28775,-76.592,8,42,3,2819
21231,204900.0,3,1,1320,212 N COLLINGTON AVE,Baltimore,Maryland,15746,7008.7,Baltimore,115116.0,39.28775,-76.592,8,42,3,2817
21213,69900.0,3,1,1371,2803 E PRESTON ST,Baltimore,Maryland,29579,3327.9,Baltimore,61034.0,39.31501,-76.57723,8,42,3,2336
21224,215000.0,3,1,1104,644 S LAKEWOOD AVE,Baltimore,Maryland,46110,1908.9,Baltimore,116132.0,39.28309,-76.54088,8,42,3,2629
21205,250000.0,3,2,1584,901 N KRESSON ST,Baltimore,Maryland,15319,2883.4,Baltimore,55022.0,39.30227,-76.56413,8,42,3,2159
21212,475000.0,3,2,2064,637 REGESTER AVE,Baltimore,Maryland,34525,2906.8,Baltimore,154547.0,39.3678,-76.61456,8,42,3,2294
21218,40000.0,4,1,1844,411 VENABLE AVE,Baltimore,Maryland,47081,4198.8,Baltimore,88921.0,39.33031,-76.60235,8,42,3,2509
21211,459500.0,3,3,1260,3434 HICKORY AVE,Baltimore,Maryland,16420,2211.2,Baltimore,99117.0,39.32857,-76.6389,8,42,3,2285
21230,319900.0,2,2,2070,1000 S CHARLES ST APT 302,Baltimore,Maryland,33995,2077.5,Baltimore,130270.0,39.26651,-76.62213,8,42,3,2721
21215,49900.0,2,1,1467,5344 MAPLE AVE,Baltimore,Maryland,52550,2978.7,Baltimore,73244.0,39.34578,-76.68367,8,42,3,2423
21239,277500.0,3,2,1330,1438 WALKER AVE,Baltimore,Maryland,29619,3902.2,Baltimore,90400.0,39.36517,-76.58709,8,42,3,2849
21231,189000.0,2,1,780,712 S DURHAM ST,Baltimore,Maryland,15746,7008.7,Baltimore,115116.0,39.28775,-76.592,8,42,3,2808
21229,174900.0,2,2,1105,1000 JOH AVE,Baltimore,Maryland,43933,2857.5,Baltimore,68602.0,39.28509,-76.69083,8,42,3,2712
21206,339900.0,4,3,1968,4201 PRAGUE AVE,Baltimore,Maryland,51643,2749.3,Baltimore,80189.0,39.33932,-76.53706,8,42,3,2208
21213,175000.0,4,4,1600,1321 E BIDDLE ST,Baltimore,Maryland,29579,3327.9,Baltimore,61034.0,39.31501,-76.57723,8,42,3,2337
21230,200000.0,2,1,1176,1518 S HANOVER ST,Baltimore,Maryland,33995,2077.5,Baltimore,130270.0,39.26651,-76.62213,8,42,3,2751
21218,375000.0,5,4,2826,4320 LOCH RAVEN BLVD,Baltimore,Maryland,47081,4198.8,Baltimore,88921.0,39.33031,-76.60235,8,42,3,2516
21209,172000.0,2,1,1233,3 SUNTOP CT UNIT T1,Baltimore,Maryland,30146,1802.3,Baltimore,129887.0,39.37261,-76.66802,8,42,3,2235
21215,349900.0,3,2,2025,3301 BARRINGTON RD,Baltimore,Maryland,52550,2978.7,Baltimore,73244.0,39.34578,-76.68367,8,42,3,2425
21212,300000.0,3,2,1572,609 WALKER AVE,Baltimore,Maryland,34525,2906.8,Baltimore,154547.0,39.3678,-76.61456,8,42,3,2300
21224,169900.0,3,1,1050,6321 BROWN AVE,Baltimore,Maryland,46110,1908.9,Baltimore,116132.0,39.28309,-76.54088,8,42,3,2632
21223,150000.0,3,2,1246,2528 LAURETTA AVE,Baltimore,Maryland,20531,3018.9,Baltimore,52088.0,39.28421,-76.65323,8,42,3,2552
21230,309000.0,2,2,1270,511 E FORT AVE,Baltimore,Maryland,33995,2077.5,Baltimore,130270.0,39.26651,-76.62213,8,42,3,2750
21223,170000.0,3,1,1300,1638 COLE ST,Baltimore,Maryland,20531,3018.9,Baltimore,52088.0,39.28421,-76.65323,8,42,3,2553
21224,395000.0,3,5,2232,846 OLDHAM ST,Baltimore,Maryland,46110,1908.9,Baltimore,116132.0,39.28309,-76.54088,8,42,3,2655
21213,129900.0,3,2,1120,4032 BALFERN AVE,Baltimore,Maryland,29579,3327.9,Baltimore,61034.0,39.31501,-76.57723,8,42,3,2364
21211,249500.0,2,3,1152,2262 DRUID PARK DR,Baltimore,Maryland,16420,2211.2,Baltimore,99117.0,39.32857,-76.6389,8,42,3,2264
21212,375000.0,4,2,1404,702 WALKER AVE,Baltimore,Maryland,34525,2906.8,Baltimore,154547.0,39.3678,-76.61456,8,42,3,2310
21212,185000.0,3,2,1540,810 REVERDY RD,Baltimore,Maryland,34525,2906.8,Baltimore,154547.0,39.3678,-76.61456,8,42,3,2295
21212,775000.0,4,4,2472,107 WITHERSPOON RD,Baltimore,Maryland,34525,2906.8,Baltimore,154547.0,39.3678,-76.61456,8,42,3,2329
21223,160000.0,6,2,2300,110 S MOUNT ST,Baltimore,Maryland,20531,3018.9,Baltimore,52088.0,39.28421,-76.65323,8,42,3,2549
21214,399000.0,5,3,2648,4505 WALTHER AVE,Baltimore,Maryland,21924,3029.4,Baltimore,92265.0,39.35217,-76.5644,8,42,3,2385
21218,275000.0,3,2,1710,308 ILCHESTER AVE,Baltimore,Maryland,47081,4198.8,Baltimore,88921.0,39.33031,-76.60235,8,42,3,2500
21215,219900.0,3,3,1600,4008 EMMART AVE,Baltimore,Maryland,52550,2978.7,Baltimore,73244.0,39.34578,-76.68367,8,42,3,2394
21212,249900.0,4,2,2398,724 E 43RD ST,Baltimore,Maryland,34525,2906.8,Baltimore,154547.0,39.3678,-76.61456,8,42,3,2331
21230,239900.0,3,4,1440,1246 WASHINGTON BLVD,Baltimore,Maryland,33995,2077.5,Baltimore,130270.0,39.26651,-76.62213,8,42,3,2756
21231,553000.0,4,3,2665,1933 FLEET ST,Baltimore,Maryland,15746,7008.7,Baltimore,115116.0,39.28775,-76.592,8,42,3,2816
21211,250000.0,2,1,780,3449 HICKORY AVE,Baltimore,Maryland,16420,2211.2,Baltimore,99117.0,39.32857,-76.6389,8,42,3,2282
21223,69900.0,2,1,858,2222 EAGLE ST,Baltimore,Maryland,20531,3018.9,Baltimore,52088.0,39.28421,-76.65323,8,42,3,2547
21211,219900.0,3,2,1442,1401 W 36TH ST,Baltimore,Maryland,16420,2211.2,Baltimore,99117.0,39.32857,-76.6389,8,42,3,2274
21211,459000.0,3,3,1935,3532 ROLAND AVE,Baltimore,Maryland,16420,2211.2,Baltimore,99117.0,39.32857,-76.6389,8,42,3,2277
21224,179000.0,3,1,1162,3726 GOUGH ST,Baltimore,Maryland,46110,1908.9,Baltimore,116132.0,39.28309,-76.54088,8,42,3,2598
21224,299900.0,3,2,1280,524 S STREEPER ST,Baltimore,Maryland,46110,1908.9,Baltimore,116132.0,39.28309,-76.54088,8,42,3,2638
21205,185000.0,3,3,2100,521 N STREEPER ST,Baltimore,Maryland,15319,2883.4,Baltimore,55022.0,39.30227,-76.56413,8,42,3,2154
21217,115000.0,4,1,1592,2008 WHITTIER AVE,Baltimore,Maryland,31694,5771.7,Baltimore,60880.0,39.30701,-76.63833,8,42,3,2481
21202,325000.0,4,2,1638,416 E BIDDLE ST,Baltimore,Maryland,21314,5093.5,Baltimore,83102.0,39.29705,-76.60747,8,42,3,2143
21216,45000.0,3,1,1406,3020 BRIGHTON ST,Baltimore,Maryland,27643,3231.9,Baltimore,57575.0,39.3108,-76.67145,8,42,3,2431
21211,435000.0,3,3,1845,3532 CHESTNUT AVE,Baltimore,Maryland,16420,2211.2,Baltimore,99117.0,39.32857,-76.6389,8,42,3,2276
21231,250000.0,2,2,1344,130 S CHAPEL ST,Baltimore,Maryland,15746,7008.7,Baltimore,115116.0,39.28775,-76.592,8,42,3,2809
21218,169900.0,2,2,1150,1 E UNIVERSITY PKWY UNIT 611,Baltimore,Maryland,47081,4198.8,Baltimore,88921.0,39.33031,-76.60235,8,42,3,2515
21224,200000.0,2,1,1272,108 N DECKER AVE,Baltimore,Maryland,46110,1908.9,Baltimore,116132.0,39.28309,-76.54088,8,42,3,2582
21209,229900.0,2,2,1063,2322 FALLS GABLE LN APT I,Baltimore,Maryland,30146,1802.3,Baltimore,129887.0,39.37261,-76.66802,8,42,3,2233
21230,169900.0,2,2,800,855 REINHART ST,Baltimore,Maryland,33995,2077.5,Baltimore,130270.0,39.26651,-76.62213,8,42,3,2752
21206,275000.0,3,3,1948,5705 MCCORMICK AVE,Baltimore,Maryland,51643,2749.3,Baltimore,80189.0,39.33932,-76.53706,8,42,3,2194
21230,539900.0,4,5,3118,1336 S HANOVER ST,Baltimore,Maryland,33995,2077.5,Baltimore,130270.0,39.26651,-76.62213,8,42,3,2782
21215,60000.0,2,2,840,2855 EDGECOMBE CIR S,Baltimore,Maryland,52550,2978.7,Baltimore,73244.0,39.34578,-76.68367,8,42,3,2419
21209,259000.0,2,2,1437,3 PIPE HILL CT # 3A,Baltimore,Maryland,30146,1802.3,Baltimore,129887.0,39.37261,-76.66802,8,42,3,2232
21216,175000.0,3,2,1176,1121 ASHBURTON ST,Baltimore,Maryland,27643,3231.9,Baltimore,57575.0,39.3108,-76.67145,8,42,3,2429
21231,385500.0,2,2,1102,1500 THAMES ST UNIT 203,Baltimore,Maryland,15746,7008.7,Baltimore,115116.0,39.28775,-76.592,8,42,3,2829
21230,249950.0,4,2,1216,1912 CASADEL AVE,Baltimore,Maryland,33995,2077.5,Baltimore,130270.0,39.26651,-76.62213,8,42,3,2783
21224,60000.0,2,2,840,3811 MOUNT PLEASANT AVE,Baltimore,Maryland,46110,1908.9,Baltimore,116132.0,39.28309,-76.54088,8,42,3,2617
21230,585000.0,4,4,2280,1322 LOWMAN ST,Baltimore,Maryland,33995,2077.5,Baltimore,130270.0,39.26651,-76.62213,8,42,3,2795
21230,349900.0,3,2,1760,1121 BATTERY AVE,Baltimore,Maryland,33995,2077.5,Baltimore,130270.0,39.26651,-76.62213,8,42,3,2760
21224,400000.0,3,3,1566,609 S LAKEWOOD AVE,Baltimore,Maryland,46110,1908.9,Baltimore,116132.0,39.28309,-76.54088,8,42,3,2639
21206,90000.0,3,3,2080,7905 LANGDON LN,Baltimore,Maryland,51643,2749.3,Baltimore,80189.0,39.33932,-76.53706,8,42,3,2191
21215,85000.0,2,2,868,5514 NOME AVE,Baltimore,Maryland,52550,2978.7,Baltimore,73244.0,39.34578,-76.68367,8,42,3,2391
21230,10000.0,2,1,960,1248 WASHINGTON BLVD,Baltimore,Maryland,33995,2077.5,Baltimore,130270.0,39.26651,-76.62213,8,42,3,2726
21213,110000.0,3,2,1230,1316 N ELLWOOD AVE,Baltimore,Maryland,29579,3327.9,Baltimore,61034.0,39.31501,-76.57723,8,42,3,2341
21209,600000.0,3,3,1768,6515 EDENVALE RD,Baltimore,Maryland,30146,1802.3,Baltimore,129887.0,39.37261,-76.66802,8,42,3,2245
21209,949900.0,4,5,4616,6811 NEWSTEAD LN,Baltimore,Maryland,30146,1802.3,Baltimore,129887.0,39.37261,-76.66802,8,42,3,2239
21230,469000.0,2,2,1649,801 KEY HWY UNIT 315,Baltimore,Maryland,33995,2077.5,Baltimore,130270.0,39.26651,-76.62213,8,42,3,2747
21229,181000.0,3,2,1657,105 COLLINS AVE,Baltimore,Maryland,43933,2857.5,Baltimore,68602.0,39.28509,-76.69083,8,42,3,2683
21211,275000.0,3,2,1280,4248 ELSA TER,Baltimore,Maryland,16420,2211.2,Baltimore,99117.0,39.32857,-76.6389,8,42,3,2278
21230,89900.0,3,1,1372,1121 W OSTEND ST,Baltimore,Maryland,33995,2077.5,Baltimore,130270.0,39.26651,-76.62213,8,42,3,2774
21230,220000.0,3,4,1621,844 WASHINGTON BLVD,Baltimore,Maryland,33995,2077.5,Baltimore,130270.0,39.26651,-76.62213,8,42,3,2780
21229,174999.0,2,1,1088,23 1/2 COBBER LN,Baltimore,Maryland,43933,2857.5,Baltimore,68602.0,39.28509,-76.69083,8,42,3,2691
21205,288958.0,3,3,1725,711 N BELNORD AVE,Baltimore,Maryland,15319,2883.4,Baltimore,55022.0,39.30227,-76.56413,8,42,3,2155
21205,219997.0,3,3,2099,2602 BERYL AVE,Baltimore,Maryland,15319,2883.4,Baltimore,55022.0,39.30227,-76.56413,8,42,3,2153
21205,195000.0,3,1,990,2514 JEFFERSON ST,Baltimore,Maryland,15319,2883.4,Baltimore,55022.0,39.30227,-76.56413,8,42,3,2156
21224,225000.0,3,2,1338,3011 HUDSON ST,Baltimore,Maryland,46110,1908.9,Baltimore,116132.0,39.28309,-76.54088,8,42,3,2574
21229,200000.0,3,1,1140,446 S CHAPEL GATE LN,Baltimore,Maryland,43933,2857.5,Baltimore,68602.0,39.28509,-76.69083,8,42,3,2669
21224,375000.0,3,3,1344,706 S HIGHLAND AVE,Baltimore,Maryland,46110,1908.9,Baltimore,116132.0,39.28309,-76.54088,8,42,3,2648
21212,699000.0,5,4,3412,803 CHUMLEIGH RD,Baltimore,Maryland,34525,2906.8,Baltimore,154547.0,39.3678,-76.61456,8,42,3,2314
21224,175000.0,2,3,860,1612 JOPLIN ST,Baltimore,Maryland,46110,1908.9,Baltimore,116132.0,39.28309,-76.54088,8,42,3,2583
21218,50000.0,3,2,1360,1309 LAKESIDE AVE,Baltimore,Maryland,47081,4198.8,Baltimore,88921.0,39.33031,-76.60235,8,42,3,2514
21230,315000.0,3,2,1112,31 E HAMBURG ST,Baltimore,Maryland,33995,2077.5,Baltimore,130270.0,39.26651,-76.62213,8,42,3,2769
21223,119900.0,5,2,2250,2203 W SARATOGA ST,Baltimore,Maryland,20531,3018.9,Baltimore,52088.0,39.28421,-76.65323,8,42,3,2550
21212,660000.0,4,3,2355,502 HATHERLEIGH RD,Baltimore,Maryland,34525,2906.8,Baltimore,154547.0,39.3678,-76.61456,8,42,3,2299
21209,215000.0,2,2,1133,7202 ROCKLAND HILLS DR UNIT 504,Baltimore,Maryland,30146,1802.3,Baltimore,129887.0,39.37261,-76.66802,8,42,3,2226
21218,330000.0,6,2,2640,2636 N CHARLES ST,Baltimore,Maryland,47081,4198.8,Baltimore,88921.0,39.33031,-76.60235,8,42,3,2523
21213,40000.0,3,2,1500,3505 CHESTERFIELD AVE,Baltimore,Maryland,29579,3327.9,Baltimore,61034.0,39.31501,-76.57723,8,42,3,2346
21215,149999.0,3,3,1280,3218 YOSEMITE AVE,Baltimore,Maryland,52550,2978.7,Baltimore,73244.0,39.34578,-76.68367,8,42,3,2399
21214,375000.0,3,3,2829,2817 AILSA AVE,Baltimore,Maryland,21924,3029.4,Baltimore,92265.0,39.35217,-76.5644,8,42,3,2381
21216,205000.0,6,3,2273,2904 N LOUDON AVE,Baltimore,Maryland,27643,3231.9,Baltimore,57575.0,39.3108,-76.67145,8,42,3,2445
21211,239000.0,2,1,944,1111 W 40TH ST,Baltimore,Maryland,16420,2211.2,Baltimore,99117.0,39.32857,-76.6389,8,42,3,2281
21218,344900.0,2,2,1344,2639 N HOWARD ST,Baltimore,Maryland,47081,4198.8,Baltimore,88921.0,39.33031,-76.60235,8,42,3,2488
21239,249900.0,4,2,1716,1200 GLENWOOD AVE,Baltimore,Maryland,29619,3902.2,Baltimore,90400.0,39.36517,-76.58709,8,42,3,2837
21230,1075000.0,4,6,3125,333 E HAMBURG ST,Baltimore,Maryland,33995,2077.5,Baltimore,130270.0,39.26651,-76.62213,8,42,3,2767
21209,430000.0,3,2,1324,1713 REGENT RD,Baltimore,Maryland,30146,1802.3,Baltimore,129887.0,39.37261,-76.66802,8,42,3,2231
21202,215000.0,2,2,977,414 WATER ST APT 1708,Baltimore,Maryland,21314,5093.5,Baltimore,83102.0,39.29705,-76.60747,8,42,3,2137
21239,379999.0,3,3,1650,1411 GLENDALE RD,Baltimore,Maryland,29619,3902.2,Baltimore,90400.0,39.36517,-76.58709,8,42,3,2851
21215,499900.0,4,4,2923,6506 MOUNT VERNON AVE,Baltimore,Maryland,52550,2978.7,Baltimore,73244.0,39.34578,-76.68367,8,42,3,2411
21224,400000.0,2,2,1668,709 S LINWOOD AVE,Baltimore,Maryland,46110,1908.9,Baltimore,116132.0,39.28309,-76.54088,8,42,3,2573
21229,280000.0,3,3,1961,5252 WYNDHOLME CIR # 53,Baltimore,Maryland,43933,2857.5,Baltimore,68602.0,39.28509,-76.69083,8,42,3,2677
21217,495000.0,6,3,4200,2501 LINDEN AVE,Baltimore,Maryland,31694,5771.7,Baltimore,60880.0,39.30701,-76.63833,8,42,3,2482
21224,349000.0,3,3,1938,35 N ELLWOOD AVE,Baltimore,Maryland,46110,1908.9,Baltimore,116132.0,39.28309,-76.54088,8,42,3,2567
21229,199900.0,3,2,1504,819 UNETTA AVE,Baltimore,Maryland,43933,2857.5,Baltimore,68602.0,39.28509,-76.69083,8,42,3,2678
21230,389900.0,3,3,1400,307 E WEST ST,Baltimore,Maryland,33995,2077.5,Baltimore,130270.0,39.26651,-76.62213,8,42,3,2757
21212,329900.0,4,4,2151,310 EASTWAY CT,Baltimore,Maryland,34525,2906.8,Baltimore,154547.0,39.3678,-76.61456,8,42,3,2303
21231,249900.0,2,3,1515,1610 EASTERN AVE,Baltimore,Maryland,15746,7008.7,Baltimore,115116.0,39.28775,-76.592,8,42,3,2828
21209,245000.0,2,2,1443,2217 WOODBOX LN # 2217A,Baltimore,Maryland,30146,1802.3,Baltimore,129887.0,39.37261,-76.66802,8,42,3,2236
21209,359900.0,3,4,1605,6325 RED CEDAR PL,Baltimore,Maryland,30146,1802.3,Baltimore,129887.0,39.37261,-76.66802,8,42,3,2238
21230,250000.0,2,1,1044,1711 PATAPSCO ST,Baltimore,Maryland,33995,2077.5,Baltimore,130270.0,39.26651,-76.62213,8,42,3,2749
21224,375000.0,3,2,1450,1109 S BOULDIN ST,Baltimore,Maryland,46110,1908.9,Baltimore,116132.0,39.28309,-76.54088,8,42,3,2565
21213,225000.0,3,2,1540,3503 WOODSTOCK AVE,Baltimore,Maryland,29579,3327.9,Baltimore,61034.0,39.31501,-76.57723,8,42,3,2352
21224,105000.0,3,2,1260,3404 E FAIRMOUNT AVE,Baltimore,Maryland,46110,1908.9,Baltimore,116132.0,39.28309,-76.54088,8,42,3,2613
21215,85000.0,3,1,1440,5508 RUBIN AVE,Baltimore,Maryland,52550,2978.7,Baltimore,73244.0,39.34578,-76.68367,8,42,3,2398
21216,125000.0,3,2,1200,2431 W MOSHER ST,Baltimore,Maryland,27643,3231.9,Baltimore,57575.0,39.3108,-76.67145,8,42,3,2428
21230,329000.0,2,3,1092,1432 PATAPSCO ST,Baltimore,Maryland,33995,2077.5,Baltimore,130270.0,39.26651,-76.62213,8,42,3,2792
21218,474900.0,2,3,1524,3801 CANTERBURY RD UNIT 710,Baltimore,Maryland,47081,4198.8,Baltimore,88921.0,39.33031,-76.60235,8,42,3,2505
21229,30000.0,2,1,840,709 DENISON ST,Baltimore,Maryland,43933,2857.5,Baltimore,68602.0,39.28509,-76.69083,8,42,3,2676
21209,415000.0,2,2,1480,7401 TRAVERTINE DR UNIT 205,Baltimore,Maryland,30146,1802.3,Baltimore,129887.0,39.37261,-76.66802,8,42,3,2248
21231,99900.0,2,1,624,2004 SPARK CT,Baltimore,Maryland,15746,7008.7,Baltimore,115116.0,39.28775,-76.592,8,42,3,2806
21202,320000.0,2,3,2771,1120 SAINT PAUL ST # 41,Baltimore,Maryland,21314,5093.5,Baltimore,83102.0,39.29705,-76.60747,8,42,3,2132
21223,139000.0,3,3,1200,2704 EDMONDSON AVE,Baltimore,Maryland,20531,3018.9,Baltimore,52088.0,39.28421,-76.65323,8,42,3,2539
21217,225000.0,5,2,2304,2519 BROOKFIELD AVE,Baltimore,Maryland,31694,5771.7,Baltimore,60880.0,39.30701,-76.63833,8,42,3,2484
21214,245000.0,3,2,1376,6110 OLD HARFORD RD,Baltimore,Maryland,21924,3029.4,Baltimore,92265.0,39.35217,-76.5644,8,42,3,2374
21229,150000.0,3,1,1152,4249 ROKEBY RD,Baltimore,Maryland,43933,2857.5,Baltimore,68602.0,39.28509,-76.69083,8,42,3,2698
21215,50000.0,3,2,1350,2903 WOODLAND AVE,Baltimore,Maryland,52550,2978.7,Baltimore,73244.0,39.34578,-76.68367,8,42,3,2405
21217,8000.0,3,1,2256,939 N STRICKER ST,Baltimore,Maryland,31694,5771.7,Baltimore,60880.0,39.30701,-76.63833,8,42,3,2468
21212,699000.0,4,4,3555,5220 TILBURY WAY,Baltimore,Maryland,34525,2906.8,Baltimore,154547.0,39.3678,-76.61456,8,42,3,2290
21217,625000.0,5,3,2736,1213 JOHN ST,Baltimore,Maryland,31694,5771.7,Baltimore,60880.0,39.30701,-76.63833,8,42,3,2469
21223,323000.0,3,3,2460,902 RAMSAY ST,Baltimore,Maryland,20531,3018.9,Baltimore,52088.0,39.28421,-76.65323,8,42,3,2561
21224,150500.0,2,1,1344,112 N KENWOOD AVE,Baltimore,Maryland,46110,1908.9,Baltimore,116132.0,39.28309,-76.54088,8,42,3,2581
21216,130000.0,4,2,1330,3004 PRESSTMAN ST,Baltimore,Maryland,27643,3231.9,Baltimore,57575.0,39.3108,-76.67145,8,42,3,2454
21213,344900.0,5,4,3200,1224 N BROADWAY,Baltimore,Maryland,29579,3327.9,Baltimore,61034.0,39.31501,-76.57723,8,42,3,2366
21223,8000.0,3,1,1260,2717 WILKENS AVE,Baltimore,Maryland,20531,3018.9,Baltimore,52088.0,39.28421,-76.65323,8,42,3,2551
21205,100000.0,3,2,2800,917 N JANNEY ST,Baltimore,Maryland,15319,2883.4,Baltimore,55022.0,39.30227,-76.56413,8,42,3,2151
21206,349900.0,4,4,2954,6424 ROSEMONT AVE,Baltimore,Maryland,51643,2749.3,Baltimore,80189.0,39.33932,-76.53706,8,42,3,2206
21202,109000.0,1,1,645,1011 HUNTER ST APT I3,Baltimore,Maryland,21314,5093.5,Baltimore,83102.0,39.29705,-76.60747,8,42,3,2145
21216,146900.0,3,1,1116,957 N ROSEDALE ST,Baltimore,Maryland,27643,3231.9,Baltimore,57575.0,39.3108,-76.67145,8,42,3,2436
21224,349900.0,2,2,1150,3005 ELLIOTT ST,Baltimore,Maryland,46110,1908.9,Baltimore,116132.0,39.28309,-76.54088,8,42,3,2619
21229,215000.0,3,2,1800,714 MOUNT HOLLY ST,Baltimore,Maryland,43933,2857.5,Baltimore,68602.0,39.28509,-76.69083,8,42,3,2696
21230,565000.0,4,4,2000,1408 COOKSIE ST,Baltimore,Maryland,33995,2077.5,Baltimore,130270.0,39.26651,-76.62213,8,42,3,2723
21230,349000.0,3,3,1990,1702 S HANOVER ST,Baltimore,Maryland,33995,2077.5,Baltimore,130270.0,39.26651,-76.62213,8,42,3,2765
21224,324900.0,3,3,1564,2436 FLEET ST,Baltimore,Maryland,46110,1908.9,Baltimore,116132.0,39.28309,-76.54088,8,42,3,2653
21216,235000.0,3,2,1464,4110 FAIRVIEW AVE,Baltimore,Maryland,27643,3231.9,Baltimore,57575.0,39.3108,-76.67145,8,42,3,2456
21212,179900.0,3,2,1330,854 BENNINGHAUS RD,Baltimore,Maryland,34525,2906.8,Baltimore,154547.0,39.3678,-76.61456,8,42,3,2317
21212,1195000.0,2,3,3394,12 MEADOW RD,Baltimore,Maryland,34525,2906.8,Baltimore,154547.0,39.3678,-76.61456,8,42,3,2289
21231,144900.0,3,3,1876,17 N EDEN ST,Baltimore,Maryland,15746,7008.7,Baltimore,115116.0,39.28775,-76.592,8,42,3,2825
21211,310000.0,2,2,1751,1411 UNION AVE,Baltimore,Maryland,16420,2211.2,Baltimore,99117.0,39.32857,-76.6389,8,42,3,2269
21230,199999.0,2,1,960,807 WOODWARD ST,Baltimore,Maryland,33995,2077.5,Baltimore,130270.0,39.26651,-76.62213,8,42,3,2773
21229,184900.0,3,1,1280,4311 ELDONE RD,Baltimore,Maryland,43933,2857.5,Baltimore,68602.0,39.28509,-76.69083,8,42,3,2716
21239,269900.0,3,2,1216,1336 SILVERTHORNE RD,Baltimore,Maryland,29619,3902.2,Baltimore,90400.0,39.36517,-76.58709,8,42,3,2854
21213,134900.0,3,2,1456,3106 KENTUCKY AVE,Baltimore,Maryland,29579,3327.9,Baltimore,61034.0,39.31501,-76.57723,8,42,3,2342
21230,529000.0,3,5,2080,813 S CHARLES ST,Baltimore,Maryland,33995,2077.5,Baltimore,130270.0,39.26651,-76.62213,8,42,3,2764
21224,169000.0,2,2,1176,6823 CONLEY ST,Baltimore,Maryland,46110,1908.9,Baltimore,116132.0,39.28309,-76.54088,8,42,3,2654
21224,1100000.0,3,4,3300,2901 BOSTON ST APT 102,Baltimore,Maryland,46110,1908.9,Baltimore,116132.0,39.28309,-76.54088,8,42,3,2580
21213,85000.0,3,1,1024,3727 LYNDALE AVE,Baltimore,Maryland,29579,3327.9,Baltimore,61034.0,39.31501,-76.57723,8,42,3,2362
21216,190000.0,3,2,1707,3026 POPLAR TER,Baltimore,Maryland,27643,3231.9,Baltimore,57575.0,39.3108,-76.67145,8,42,3,2459
21230,300000.0,2,3,1200,1303 PATAPSCO ST,Baltimore,Maryland,33995,2077.5,Baltimore,130270.0,39.26651,-76.62213,8,42,3,2744
21224,475000.0,4,3,1890,3818 HUDSON ST,Baltimore,Maryland,46110,1908.9,Baltimore,116132.0,39.28309,-76.54088,8,42,3,2637
21206,329900.0,3,2,1575,6513 ALTA AVE,Baltimore,Maryland,51643,2749.3,Baltimore,80189.0,39.33932,-76.53706,8,42,3,2166
21231,280000.0,3,3,1446,2209 E FAYETTE ST,Baltimore,Maryland,15746,7008.7,Baltimore,115116.0,39.28775,-76.592,8,42,3,2823
21213,269999.0,4,4,1204,2721 E PRESTON ST,Baltimore,Maryland,29579,3327.9,Baltimore,61034.0,39.31501,-76.57723,8,42,3,2350
21202,399900.0,2,3,1670,1100 N CALVERT ST APT 3,Baltimore,Maryland,21314,5093.5,Baltimore,83102.0,39.29705,-76.60747,8,42,3,2144
21209,379000.0,3,2,1472,5916 SMITH AVE,Baltimore,Maryland,30146,1802.3,Baltimore,129887.0,39.37261,-76.66802,8,42,3,2228
21215,100000.0,3,2,1178,5451 FAIRLAWN AVE,Baltimore,Maryland,52550,2978.7,Baltimore,73244.0,39.34578,-76.68367,8,42,3,2415
21202,185000.0,1,1,850,234 HOLLIDAY ST APT 303,Baltimore,Maryland,21314,5093.5,Baltimore,83102.0,39.29705,-76.60747,8,42,3,2141
21229,190000.0,3,2,1280,642 STAMFORD RD,Baltimore,Maryland,43933,2857.5,Baltimore,68602.0,39.28509,-76.69083,8,42,3,2710
21224,539800.0,4,3,1890,3711 HUDSON ST,Baltimore,Maryland,46110,1908.9,Baltimore,116132.0,39.28309,-76.54088,8,42,3,2612
21201,439000.0,1,1,1114,700 CATHEDRAL ST APT 101,Baltimore,Maryland,17773,5405.4,Baltimore,66437.0,39.29487,-76.62237,8,42,3,2122
21230,349000.0,3,3,1736,25 E RANDALL ST,Baltimore,Maryland,33995,2077.5,Baltimore,130270.0,39.26651,-76.62213,8,42,3,2745
21224,495000.0,4,3,1600,640 S STREEPER ST,Baltimore,Maryland,46110,1908.9,Baltimore,116132.0,39.28309,-76.54088,8,42,3,2570
21201,224900.0,3,3,1660,42 S POPPLETON ST,Baltimore,Maryland,17773,5405.4,Baltimore,66437.0,39.29487,-76.62237,8,42,3,2126
21212,659900.0,3,3,2216,328 TAPLOW RD,Baltimore,Maryland,34525,2906.8,Baltimore,154547.0,39.3678,-76.61456,8,42,3,2288
21218,185000.0,2,2,940,3046 MATHEWS ST,Baltimore,Maryland,47081,4198.8,Baltimore,88921.0,39.33031,-76.60235,8,42,3,2527
21230,249900.0,3,2,1260,1573 RIDGELY ST,Baltimore,Maryland,33995,2077.5,Baltimore,130270.0,39.26651,-76.62213,8,42,3,2733
21209,549900.0,4,3,2342,2910 LIGHTFOOT DR,Baltimore,Maryland,30146,1802.3,Baltimore,129887.0,39.37261,-76.66802,8,42,3,2230
21230,667640.0,4,5,2581,1571 LOWMAN ST,Baltimore,Maryland,33995,2077.5,Baltimore,130270.0,39.26651,-76.62213,8,42,3,2748
21224,289900.0,2,2,1264,1115 S BOULDIN ST,Baltimore,Maryland,46110,1908.9,Baltimore,116132.0,39.28309,-76.54088,8,42,3,2605
21217,639999.0,5,6,5124,1418 MADISON AVE,Baltimore,Maryland,31694,5771.7,Baltimore,60880.0,39.30701,-76.63833,8,42,3,2463
21202,80000.0,2,1,2890,1047 HILLEN ST,Baltimore,Maryland,21314,5093.5,Baltimore,83102.0,39.29705,-76.60747,8,42,3,2138
21211,250000.0,3,2,1222,3900 FALLS RD,Baltimore,Maryland,16420,2211.2,Baltimore,99117.0,39.32857,-76.6389,8,42,3,2275
21224,300000.0,4,2,1855,414 S NEWKIRK ST,Baltimore,Maryland,46110,1908.9,Baltimore,116132.0,39.28309,-76.54088,8,42,3,2568
21211,459900.0,3,4,2056,918 W 37TH ST,Baltimore,Maryland,16420,2211.2,Baltimore,99117.0,39.32857,-76.6389,8,42,3,2287
21218,199979.0,3,1,1316,711 ARGONNE DR,Baltimore,Maryland,47081,4198.8,Baltimore,88921.0,39.33031,-76.60235,8,42,3,2498
21218,215000.0,3,2,1638,4008 THE ALAMEDA,Baltimore,Maryland,47081,4198.8,Baltimore,88921.0,39.33031,-76.60235,8,42,3,2528
21239,265000.0,3,2,1364,1130 ELBANK AVE,Baltimore,Maryland,29619,3902.2,Baltimore,90400.0,39.36517,-76.58709,8,42,3,2850
21230,350000.0,2,2,1032,630 E CLEMENT ST,Baltimore,Maryland,33995,2077.5,Baltimore,130270.0,39.26651,-76.62213,8,42,3,2739
21216,99900.0,2,1,840,1115 WHEELER AVE,Baltimore,Maryland,27643,3231.9,Baltimore,57575.0,39.3108,-76.67145,8,42,3,2453
21212,975000.0,5,5,3535,7116 WARDMAN RD,Baltimore,Maryland,34525,2906.8,Baltimore,154547.0,39.3678,-76.61456,8,42,3,2312
21224,310000.0,3,2,1432,213 S ROBINSON ST,Baltimore,Maryland,46110,1908.9,Baltimore,116132.0,39.28309,-76.54088,8,42,3,2644
21224,199000.0,2,3,984,233 N ROSE ST,Baltimore,Maryland,46110,1908.9,Baltimore,116132.0,39.28309,-76.54088,8,42,3,2627
21229,285000.0,5,4,1895,152 COLLINS AVE,Baltimore,Maryland,43933,2857.5,Baltimore,68602.0,39.28509,-76.69083,8,42,3,2715
21218,114900.0,2,2,1400,3408 OLD YORK RD,Baltimore,Maryland,47081,4198.8,Baltimore,88921.0,39.33031,-76.60235,8,42,3,2493
21224,489900.0,3,3,2171,2319 E FAIRMOUNT AVE,Baltimore,Maryland,46110,1908.9,Baltimore,116132.0,39.28309,-76.54088,8,42,3,2599
21211,280000.0,3,2,1374,707 BERRY ST,Baltimore,Maryland,16420,2211.2,Baltimore,99117.0,39.32857,-76.6389,8,42,3,2261
21218,185000.0,2,2,986,732 E 37TH ST,Baltimore,Maryland,47081,4198.8,Baltimore,88921.0,39.33031,-76.60235,8,42,3,2497
21213,115000.0,3,2,140,2607 MURA ST,Baltimore,Maryland,29579,3327.9,Baltimore,61034.0,39.31501,-76.57723,8,42,3,2356
21230,79000.0,3,1,960,2507 SIDNEY AVE,Baltimore,Maryland,33995,2077.5,Baltimore,130270.0,39.26651,-76.62213,8,42,3,2724
21239,390000.0,3,2,2189,6655 LOCH HILL RD,Baltimore,Maryland,29619,3902.2,Baltimore,90400.0,39.36517,-76.58709,8,42,3,2847
21230,455000.0,3,4,2053,1508 S HANOVER ST,Baltimore,Maryland,33995,2077.5,Baltimore,130270.0,39.26651,-76.62213,8,42,3,2758
21229,270000.0,3,3,1472,4103 OLD FREDERICK RD,Baltimore,Maryland,43933,2857.5,Baltimore,68602.0,39.28509,-76.69083,8,42,3,2681
21206,200000.0,3,1,1367,5705 PLAINFIELD AVE,Baltimore,Maryland,51643,2749.3,Baltimore,80189.0,39.33932,-76.53706,8,42,3,2200
21229,225000.0,4,2,1260,653 BRISBANE RD,Baltimore,Maryland,43933,2857.5,Baltimore,68602.0,39.28509,-76.69083,8,42,3,2671
21206,149900.0,3,1,1280,4353 SHELDON AVE,Baltimore,Maryland,51643,2749.3,Baltimore,80189.0,39.33932,-76.53706,8,42,3,2188
21230,95000.0,3,1,1260,1800 SPENCE ST,Baltimore,Maryland,33995,2077.5,Baltimore,130270.0,39.26651,-76.62213,8,42,3,2770
21230,195000.0,3,2,1225,2455 WESTPORT ST,Baltimore,Maryland,33995,2077.5,Baltimore,130270.0,39.26651,-76.62213,8,42,3,2762
21224,265000.0,3,3,1518,6724 GRACELAND AVE,Baltimore,Maryland,46110,1908.9,Baltimore,116132.0,39.28309,-76.54088,8,42,3,2630
21216,140000.0,3,1,1206,2715 W LAFAYETTE AVE,Baltimore,Maryland,27643,3231.9,Baltimore,57575.0,39.3108,-76.67145,8,42,3,2449
21229,365000.0,3,3,1600,3119 STAFFORD ST,Baltimore,Maryland,43933,2857.5,Baltimore,68602.0,39.28509,-76.69083,8,42,3,2687
21206,335000.0,4,3,1660,4619 SOUTHWOOD AVE,Baltimore,Maryland,51643,2749.3,Baltimore,80189.0,39.33932,-76.53706,8,42,3,2199
21230,259900.0,4,3,1300,1125 WASHINGTON BLVD,Baltimore,Maryland,33995,2077.5,Baltimore,130270.0,39.26651,-76.62213,8,42,3,2768
21224,174900.0,4,2,1274,821 UMBRA ST,Baltimore,Maryland,46110,1908.9,Baltimore,116132.0,39.28309,-76.54088,8,42,3,2594
21224,225000.0,3,2,1200,7847 GOUGH ST,Baltimore,Maryland,46110,1908.9,Baltimore,116132.0,39.28309,-76.54088,8,42,3,2602
21215,119900.0,2,2,1395,6317 PARK HEIGHTS AVE APT 410,Baltimore,Maryland,52550,2978.7,Baltimore,73244.0,39.34578,-76.68367,8,42,3,2404
21217,799000.0,4,4,4810,1605 BOLTON ST,Baltimore,Maryland,31694,5771.7,Baltimore,60880.0,39.30701,-76.63833,8,42,3,2477
21229,200000.0,4,2,1280,706 N GRANTLEY ST,Baltimore,Maryland,43933,2857.5,Baltimore,68602.0,39.28509,-76.69083,8,42,3,2688
21229,79800.0,4,2,1360,724 N EDGEWOOD ST,Baltimore,Maryland,43933,2857.5,Baltimore,68602.0,39.28509,-76.69083,8,42,3,2679
21229,180000.0,3,2,1020,3508 MACTAVISH AVE,Baltimore,Maryland,43933,2857.5,Baltimore,68602.0,39.28509,-76.69083,8,42,3,2701
21224,349000.0,3,1,1748,2639 EASTERN AVE,Baltimore,Maryland,46110,1908.9,Baltimore,116132.0,39.28309,-76.54088,8,42,3,2650
21218,225000.0,3,4,1328,529 E 38TH ST,Baltimore,Maryland,47081,4198.8,Baltimore,88921.0,39.33031,-76.60235,8,42,3,2511
21216,220000.0,4,3,1631,4017 WOODHAVEN AVE,Baltimore,Maryland,27643,3231.9,Baltimore,57575.0,39.3108,-76.67145,8,42,3,2434
21206,290000.0,3,3,2330,4313 GLENARM AVE,Baltimore,Maryland,51643,2749.3,Baltimore,80189.0,39.33932,-76.53706,8,42,3,2195
21224,50000.0,2,2,814,17 S CONKLING ST,Baltimore,Maryland,46110,1908.9,Baltimore,116132.0,39.28309,-76.54088,8,42,3,2601
21212,934900.0,3,3,2594,6904 BELLONA AVE,Baltimore,Maryland,34525,2906.8,Baltimore,154547.0,39.3678,-76.61456,8,42,3,2301
21223,120000.0,3,1,1086,2614 LAURETTA AVE,Baltimore,Maryland,20531,3018.9,Baltimore,52088.0,39.28421,-76.65323,8,42,3,2558
21229,125000.0,3,1,1224,4439 PEN LUCY RD,Baltimore,Maryland,43933,2857.5,Baltimore,68602.0,39.28509,-76.69083,8,42,3,2684
21223,30000.0,2,1,784,514 S LONGWOOD ST,Baltimore,Maryland,20531,3018.9,Baltimore,52088.0,39.28421,-76.65323,8,42,3,2544
21230,90000.0,3,2,1100,2445 WASHINGTON BLVD,Baltimore,Maryland,33995,2077.5,Baltimore,130270.0,39.26651,-76.62213,8,42,3,2731
21230,389000.0,3,2,1576,213 E CROSS ST,Baltimore,Maryland,33995,2077.5,Baltimore,130270.0,39.26651,-76.62213,8,42,3,2766
21206,209900.0,4,1,2469,5520 RADECKE AVE,Baltimore,Maryland,51643,2749.3,Baltimore,80189.0,39.33932,-76.53706,8,42,3,2185
21218,350000.0,7,6,2550,109 E 33RD ST,Baltimore,Maryland,47081,4198.8,Baltimore,88921.0,39.33031,-76.60235,8,42,3,2496
21224,352000.0,2,3,1036,901 S STREEPER ST,Baltimore,Maryland,46110,1908.9,Baltimore,116132.0,39.28309,-76.54088,8,42,3,2636
21231,375000.0,2,3,1624,730 S WOLFE ST,Baltimore,Maryland,15746,7008.7,Baltimore,115116.0,39.28775,-76.592,8,42,3,2820
21213,134900.0,3,2,1362,3430 DUDLEY AVE,Baltimore,Maryland,29579,3327.9,Baltimore,61034.0,39.31501,-76.57723,8,42,3,2343
21212,329000.0,3,2,1470,350 PADDINGTON RD,Baltimore,Maryland,34525,2906.8,Baltimore,154547.0,39.3678,-76.61456,8,42,3,2297
21229,200000.0,2,1,1120,4829 MELBOURNE RD,Baltimore,Maryland,43933,2857.5,Baltimore,68602.0,39.28509,-76.69083,8,42,3,2703
21231,450000.0,3,3,2155,426 S EDEN ST,Baltimore,Maryland,15746,7008.7,Baltimore,115116.0,39.28775,-76.592,8,42,3,2807
21230,138000.0,3,3,1080,1903 GRINNALDS AVE,Baltimore,Maryland,33995,2077.5,Baltimore,130270.0,39.26651,-76.62213,8,42,3,2803
21229,194900.0,2,2,1050,3652 CLARENELL RD,Baltimore,Maryland,43933,2857.5,Baltimore,68602.0,39.28509,-76.69083,8,42,3,2709
21206,265000.0,4,2,1280,4700 DUNCREST AVE,Baltimore,Maryland,51643,2749.3,Baltimore,80189.0,39.33932,-76.53706,8,42,3,2205
21214,159600.0,3,2,1326,4807 PILGRIM RD,Baltimore,Maryland,21924,3029.4,Baltimore,92265.0,39.35217,-76.5644,8,42,3,2368
21239,249900.0,3,2,1330,5947 LEITH WALK,Baltimore,Maryland,29619,3902.2,Baltimore,90400.0,39.36517,-76.58709,8,42,3,2843
21209,437000.0,4,4,2458,2753 QUARRY HEIGHTS WAY,Baltimore,Maryland,30146,1802.3,Baltimore,129887.0,39.37261,-76.66802,8,42,3,2227
21230,192500.0,2,2,990,812 S PACA ST,Baltimore,Maryland,33995,2077.5,Baltimore,130270.0,39.26651,-76.62213,8,42,3,2786
21201,310000.0,4,2,1980,1105 MYRTLE AVE,Baltimore,Maryland,17773,5405.4,Baltimore,66437.0,39.29487,-76.62237,8,42,3,2123
21216,130000.0,3,2,1580,4223 NORFOLK AVE,Baltimore,Maryland,27643,3231.9,Baltimore,57575.0,39.3108,-76.67145,8,42,3,2444
21210,185000.0,2,2,1157,3 HAMILL RD # 3F,Baltimore,Maryland,15942,1785.5,Baltimore,177368.0,39.35878,-76.63521,8,42,3,2251
21206,279999.0,4,3,2100,4108 PARKSIDE DR,Baltimore,Maryland,51643,2749.3,Baltimore,80189.0,39.33932,-76.53706,8,42,3,2172
21206,249900.0,3,2,1632,5101 ANTHONY AVE,Baltimore,Maryland,51643,2749.3,Baltimore,80189.0,39.33932,-76.53706,8,42,3,2192
21230,219900.0,3,3,1384,1141 NANTICOKE ST,Baltimore,Maryland,33995,2077.5,Baltimore,130270.0,39.26651,-76.62213,8,42,3,2719
21209,530000.0,2,3,1795,3100 STONE CLIFF DR UNIT 302,Baltimore,Maryland,30146,1802.3,Baltimore,129887.0,39.37261,-76.66802,8,42,3,2241
21218,250000.0,5,3,1980,416 E LORRAINE AVE,Baltimore,Maryland,47081,4198.8,Baltimore,88921.0,39.33031,-76.60235,8,42,3,2517
21214,300000.0,3,2,1705,2907 E STRATHMORE AVE,Baltimore,Maryland,21924,3029.4,Baltimore,92265.0,39.35217,-76.5644,8,42,3,2371
21229,475000.0,4,3,1888,611 COLERAINE RD,Baltimore,Maryland,43933,2857.5,Baltimore,68602.0,39.28509,-76.69083,8,42,3,2686
21210,275000.0,3,3,2333,1040 DEER RIDGE DR APT 300,Baltimore,Maryland,15942,1785.5,Baltimore,177368.0,39.35878,-76.63521,8,42,3,2255
21206,190000.0,3,1,1440,5810 WAYCROSS RD,Baltimore,Maryland,51643,2749.3,Baltimore,80189.0,39.33932,-76.53706,8,42,3,2178
21206,229900.0,3,2,1320,3705 BAYONNE AVE,Baltimore,Maryland,51643,2749.3,Baltimore,80189.0,39.33932,-76.53706,8,42,3,2163
21206,190000.0,3,2,1296,4814 MIDLINE RD,Baltimore,Maryland,51643,2749.3,Baltimore,80189.0,39.33932,-76.53706,8,42,3,2204
21202,285000.0,4,3,2046,1304 AISQUITH ST,Baltimore,Maryland,21314,5093.5,Baltimore,83102.0,39.29705,-76.60747,8,42,3,2142
21224,399500.0,3,2,1568,635 S BELNORD AVE,Baltimore,Maryland,46110,1908.9,Baltimore,116132.0,39.28309,-76.54088,8,42,3,2641
21230,260000.0,2,2,1056,5 E HEATH ST,Baltimore,Maryland,33995,2077.5,Baltimore,130270.0,39.26651,-76.62213,8,42,3,2771
21217,450000.0,3,4,1836,1400 MASON ST,Baltimore,Maryland,31694,5771.7,Baltimore,60880.0,39.30701,-76.63833,8,42,3,2476
21230,30000.0,3,1,1092,1944 SPONSON ST,Baltimore,Maryland,33995,2077.5,Baltimore,130270.0,39.26651,-76.62213,8,42,3,2791
21229,225000.0,4,2,1920,48 BENKERT AVE,Baltimore,Maryland,43933,2857.5,Baltimore,68602.0,39.28509,-76.69083,8,42,3,2675
21216,60000.0,3,1,1251,3232 PRESSTMAN ST,Baltimore,Maryland,27643,3231.9,Baltimore,57575.0,39.3108,-76.67145,8,42,3,2457
21224,129900.0,2,1,1050,1723 MALVERN ST,Baltimore,Maryland,46110,1908.9,Baltimore,116132.0,39.28309,-76.54088,8,42,3,2590
21224,169900.0,3,1,840,6302 BROWN AVE,Baltimore,Maryland,46110,1908.9,Baltimore,116132.0,39.28309,-76.54088,8,42,3,2604
21230,330000.0,2,2,1247,1718 JOHNSON ST,Baltimore,Maryland,33995,2077.5,Baltimore,130270.0,39.26651,-76.62213,8,42,3,2734
21211,335000.0,3,4,1008,442 W 23RD ST,Baltimore,Maryland,16420,2211.2,Baltimore,99117.0,39.32857,-76.6389,8,42,3,2263
21224,525000.0,3,4,2300,1020 S LINWOOD AVE,Baltimore,Maryland,46110,1908.9,Baltimore,116132.0,39.28309,-76.54088,8,42,3,2577
21230,839900.0,4,4,2080,225 E MONTGOMERY ST,Baltimore,Maryland,33995,2077.5,Baltimore,130270.0,39.26651,-76.62213,8,42,3,2776
21213,189900.0,3,2,1782,2817 LAKE AVE,Baltimore,Maryland,29579,3327.9,Baltimore,61034.0,39.31501,-76.57723,8,42,3,2359
21224,265000.0,3,4,1960,119 N MILTON AVE,Baltimore,Maryland,46110,1908.9,Baltimore,116132.0,39.28309,-76.54088,8,42,3,2626
21216,269900.0,5,3,2590,3720 WOODHAVEN AVE,Baltimore,Maryland,27643,3231.9,Baltimore,57575.0,39.3108,-76.67145,8,42,3,2461
21215,349900.0,4,2,1904,6521 PARR AVE,Baltimore,Maryland,52550,2978.7,Baltimore,73244.0,39.34578,-76.68367,8,42,3,2400
21215,229900.0,3,3,1800,4740 BEAUFORT AVE,Baltimore,Maryland,52550,2978.7,Baltimore,73244.0,39.34578,-76.68367,8,42,3,2414
21205,35000.0,3,1,1172,3005 E MONUMENT ST,Baltimore,Maryland,15319,2883.4,Baltimore,55022.0,39.30227,-76.56413,8,42,3,2160
21239,265000.0,3,2,1680,5604 SAGRA RD,Baltimore,Maryland,29619,3902.2,Baltimore,90400.0,39.36517,-76.58709,8,42,3,2842
21223,369900.0,4,5,4021,21 S CALHOUN ST,Baltimore,Maryland,20531,3018.9,Baltimore,52088.0,39.28421,-76.65323,8,42,3,2543
21206,345000.0,4,3,2436,5761 WHITE AVE,Baltimore,Maryland,51643,2749.3,Baltimore,80189.0,39.33932,-76.53706,8,42,3,2193
21215,275000.0,4,4,2576,2611 LOYOLA NORTHWAY,Baltimore,Maryland,52550,2978.7,Baltimore,73244.0,39.34578,-76.68367,8,42,3,2422
21223,30000.0,3,1,1060,535 LONGWOOD STREET,Baltimore,Maryland,20531,3018.9,Baltimore,52088.0,39.28421,-76.65323,8,42,3,2535
21202,120000.0,11,2,2160,1043 HILLEN ST,Baltimore,Maryland,21314,5093.5,Baltimore,83102.0,39.29705,-76.60747,8,42,3,2133
21229,220000.0,3,2,1200,905 MOUNT HOLLY ST,Baltimore,Maryland,43933,2857.5,Baltimore,68602.0,39.28509,-76.69083,8,42,3,2711
21224,175000.0,3,1,1024,8006 GOUGH ST,Baltimore,Maryland,46110,1908.9,Baltimore,116132.0,39.28309,-76.54088,8,42,3,2647
21224,259982.0,3,4,1744,421 N LAKEWOOD AVE,Baltimore,Maryland,46110,1908.9,Baltimore,116132.0,39.28309,-76.54088,8,42,3,2563
21206,203000.0,3,2,1280,4521 MARX AVE,Baltimore,Maryland,51643,2749.3,Baltimore,80189.0,39.33932,-76.53706,8,42,3,2207
21212,375000.0,3,3,2100,5822 CLEARSPRING RD,Baltimore,Maryland,34525,2906.8,Baltimore,154547.0,39.3678,-76.61456,8,42,3,2309
21209,366000.0,3,3,2148,2805 STEELE RD,Baltimore,Maryland,30146,1802.3,Baltimore,129887.0,39.37261,-76.66802,8,42,3,2234
21216,110000.0,3,1,1476,2753 W MOSHER ST,Baltimore,Maryland,27643,3231.9,Baltimore,57575.0,39.3108,-76.67145,8,42,3,2460
21206,175500.0,4,2,1344,4222 SHELDON AVE,Baltimore,Maryland,51643,2749.3,Baltimore,80189.0,39.33932,-76.53706,8,42,3,2201
21230,314900.0,2,2,1260,1946 LIGHT ST,Baltimore,Maryland,33995,2077.5,Baltimore,130270.0,39.26651,-76.62213,8,42,3,2755
21230,239900.0,3,2,1368,1205 W CROSS ST,Baltimore,Maryland,33995,2077.5,Baltimore,130270.0,39.26651,-76.62213,8,42,3,2718
21216,425000.0,6,3,2526,2508 ELSINORE AVE,Baltimore,Maryland,27643,3231.9,Baltimore,57575.0,39.3108,-76.67145,8,42,3,2451
21206,349000.0,4,2,2213,702 ELMWOOD RD,Baltimore,Maryland,51643,2749.3,Baltimore,80189.0,39.33932,-76.53706,8,42,3,2189
21206,276000.0,3,2,1922,110 MANOR AVE,Baltimore,Maryland,51643,2749.3,Baltimore,80189.0,39.33932,-76.53706,8,42,3,2180
21206,300000.0,3,3,1311,3711 FRANKFORD AVE,Baltimore,Maryland,51643,2749.3,Baltimore,80189.0,39.33932,-76.53706,8,42,3,2175
21212,950000.0,6,5,3993,5309 SPRINGLAKE WAY,Baltimore,Maryland,34525,2906.8,Baltimore,154547.0,39.3678,-76.61456,8,42,3,2293
21224,135000.0,3,2,1040,423 N ELLWOOD AVE,Baltimore,Maryland,46110,1908.9,Baltimore,116132.0,39.28309,-76.54088,8,42,3,2586
21201,115000.0,1,1,558,1018 N CHARLES ST APT R,Baltimore,Maryland,17773,5405.4,Baltimore,66437.0,39.29487,-76.62237,8,42,3,2127
21229,175000.0,3,2,1378,130 DENISON ST,Baltimore,Maryland,43933,2857.5,Baltimore,68602.0,39.28509,-76.69083,8,42,3,2690
21224,339000.0,2,3,1680,242 S BOULDIN ST,Baltimore,Maryland,46110,1908.9,Baltimore,116132.0,39.28309,-76.54088,8,42,3,2618
21218,89999.0,3,2,1100,2631 GARRETT AVE,Baltimore,Maryland,47081,4198.8,Baltimore,88921.0,39.33031,-76.60235,8,42,3,2506
21230,195000.0,2,2,1056,1433 WASHINGTON BLVD,Baltimore,Maryland,33995,2077.5,Baltimore,130270.0,39.26651,-76.62213,8,42,3,2736
21229,355000.0,5,2,2124,4201 MARYLAND PL,Baltimore,Maryland,43933,2857.5,Baltimore,68602.0,39.28509,-76.69083,8,42,3,2714
21224,185000.0,3,2,1400,455 N ROBINSON ST,Baltimore,Maryland,46110,1908.9,Baltimore,116132.0,39.28309,-76.54088,8,42,3,2597
21223,165000.0,4,3,1926,224 S FULTON AVE,Baltimore,Maryland,20531,3018.9,Baltimore,52088.0,39.28421,-76.65323,8,42,3,2555
21230,399000.0,2,3,1316,1475 STEVENSON ST,Baltimore,Maryland,33995,2077.5,Baltimore,130270.0,39.26651,-76.62213,8,42,3,2794
21215,110000.0,3,1,1490,4908 LITCHFIELD AVE,Baltimore,Maryland,52550,2978.7,Baltimore,73244.0,39.34578,-76.68367,8,42,3,2396
21215,249900.0,3,2,1948,3200 SEQUOIA AVE,Baltimore,Maryland,52550,2978.7,Baltimore,73244.0,39.34578,-76.68367,8,42,3,2402
21224,359900.0,3,2,1152,942 S KENWOOD AVE,Baltimore,Maryland,46110,1908.9,Baltimore,116132.0,39.28309,-76.54088,8,42,3,2593
21213,230000.0,3,3,1184,1747 E FEDERAL ST,Baltimore,Maryland,29579,3327.9,Baltimore,61034.0,39.31501,-76.57723,8,42,3,2344
21224,314900.0,2,4,1446,250 S EATON ST,Baltimore,Maryland,46110,1908.9,Baltimore,116132.0,39.28309,-76.54088,8,42,3,2623
21229,210000.0,3,2,1275,3721 CLARENELL RD,Baltimore,Maryland,43933,2857.5,Baltimore,68602.0,39.28509,-76.69083,8,42,3,2705
21217,325000.0,4,3,2200,1909 GWYNNS FALLS PKWY,Baltimore,Maryland,31694,5771.7,Baltimore,60880.0,39.30701,-76.63833,8,42,3,2478
21212,120000.0,3,1,1094,313 CHARTER OAK AVE,Baltimore,Maryland,34525,2906.8,Baltimore,154547.0,39.3678,-76.61456,8,42,3,2311
21212,300000.0,3,2,1572,609 WALKER AVE,Baltimore,Maryland,34525,2906.8,Baltimore,154547.0,39.3678,-76.61456,8,42,3,2300
21210,889500.0,4,4,2593,4619 WILMSLOW RD,Baltimore,Maryland,15942,1785.5,Baltimore,177368.0,39.35878,-76.63521,8,42,3,2254
21213,234900.0,3,3,1356,2837 E FEDERAL ST,Baltimore,Maryland,29579,3327.9,Baltimore,61034.0,39.31501,-76.57723,8,42,3,2351
21231,489000.0,3,4,2020,1821 E PRATT ST,Baltimore,Maryland,15746,7008.7,Baltimore,115116.0,39.28775,-76.592,8,42,3,2811
21212,275000.0,4,3,1496,354 E BELVEDERE AVE,Baltimore,Maryland,34525,2906.8,Baltimore,154547.0,39.3678,-76.61456,8,42,3,2296
21213,215000.0,2,2,896,3619 BREHMS LN,Baltimore,Maryland,29579,3327.9,Baltimore,61034.0,39.31501,-76.57723,8,42,3,2335
21230,187500.0,2,1,812,318 OTTERBEIN ST,Baltimore,Maryland,33995,2077.5,Baltimore,130270.0,39.26651,-76.62213,8,42,3,2775
21213,225000.0,3,1,1056,4131 SHANNON DR,Baltimore,Maryland,29579,3327.9,Baltimore,61034.0,39.31501,-76.57723,8,42,3,2349
21223,89990.0,2,2,1008,1343 JAMES ST,Baltimore,Maryland,20531,3018.9,Baltimore,52088.0,39.28421,-76.65323,8,42,3,2541
21231,410000.0,2,3,1704,960 FELL ST UNIT 948,Baltimore,Maryland,15746,7008.7,Baltimore,115116.0,39.28775,-76.592,8,42,3,2810
21214,250000.0,5,2,1808,2509 HAMILTON AVE,Baltimore,Maryland,21924,3029.4,Baltimore,92265.0,39.35217,-76.5644,8,42,3,2387
21215,279900.0,6,4,2400,3705 PARK HEIGHTS AVE,Baltimore,Maryland,52550,2978.7,Baltimore,73244.0,39.34578,-76.68367,8,42,3,2407
21212,349000.0,4,3,1944,511 MCCABE AVE,Baltimore,Maryland,34525,2906.8,Baltimore,154547.0,39.3678,-76.61456,8,42,3,2304
21216,258000.0,5,3,1870,4120 FAIRVIEW AVE,Baltimore,Maryland,27643,3231.9,Baltimore,57575.0,39.3108,-76.67145,8,42,3,2442
21223,25000.0,2,1,1260,2537 W FAYETTE ST,Baltimore,Maryland,20531,3018.9,Baltimore,52088.0,39.28421,-76.65323,8,42,3,2545
21218,169900.0,3,2,1660,1505 FERNLEY RD,Baltimore,Maryland,47081,4198.8,Baltimore,88921.0,39.33031,-76.60235,8,42,3,2521
21230,325000.0,2,3,1332,138 W OSTEND ST,Baltimore,Maryland,33995,2077.5,Baltimore,130270.0,39.26651,-76.62213,8,42,3,2759
21209,250000.0,3,3,2043,1912 GREENHAVEN DR,Baltimore,Maryland,30146,1802.3,Baltimore,129887.0,39.37261,-76.66802,8,42,3,2229
21217,199999.0,3,2,1348,531 CUMBERLAND ST,Baltimore,Maryland,31694,5771.7,Baltimore,60880.0,39.30701,-76.63833,8,42,3,2480
21212,285000.0,4,2,2100,5500 LOTHIAN RD,Baltimore,Maryland,34525,2906.8,Baltimore,154547.0,39.3678,-76.61456,8,42,3,2320
21224,325000.0,2,2,1100,2406 FOSTER AVE,Baltimore,Maryland,46110,1908.9,Baltimore,116132.0,39.28309,-76.54088,8,42,3,2611
21224,369900.0,2,3,1650,3308 FAIT AVE,Baltimore,Maryland,46110,1908.9,Baltimore,116132.0,39.28309,-76.54088,8,42,3,2585
21214,299000.0,4,3,1136,6611 FAIR OAKS AVE,Baltimore,Maryland,21924,3029.4,Baltimore,92265.0,39.35217,-76.5644,8,42,3,2379
21217,20000.0,3,2,1220,1821 ARUNAH AVE,Baltimore,Maryland,31694,5771.7,Baltimore,60880.0,39.30701,-76.63833,8,42,3,2464
21218,259000.0,4,2,1760,3803 MONTEREY RD,Baltimore,Maryland,47081,4198.8,Baltimore,88921.0,39.33031,-76.60235,8,42,3,2501
21215,195000.0,3,2,1224,5032 PEMBRIDGE AVE,Baltimore,Maryland,52550,2978.7,Baltimore,73244.0,39.34578,-76.68367,8,42,3,2413
21202,367000.0,2,2,1554,10 E LEE ST APT 909,Baltimore,Maryland,21314,5093.5,Baltimore,83102.0,39.29705,-76.60747,8,42,3,2136
21215,36000.0,3,1,1260,5002 CHALGROVE AVE,Baltimore,Maryland,52550,2978.7,Baltimore,73244.0,39.34578,-76.68367,8,42,3,2417
21223,219900.0,3,3,2264,520 N GILMOR ST,Baltimore,Maryland,20531,3018.9,Baltimore,52088.0,39.28421,-76.65323,8,42,3,2557
21229,325000.0,3,3,2088,724 W HILLS PKWY,Baltimore,Maryland,43933,2857.5,Baltimore,68602.0,39.28509,-76.69083,8,42,3,2672
21218,160000.0,3,2,1600,4042 HILLEN RD,Baltimore,Maryland,47081,4198.8,Baltimore,88921.0,39.33031,-76.60235,8,42,3,2492
21230,995000.0,2,3,2986,100 HARBORVIEW DR # PH3C,Baltimore,Maryland,33995,2077.5,Baltimore,130270.0,39.26651,-76.62213,8,42,3,2753
21211,379000.0,2,3,1641,604 W 33RD ST,Baltimore,Maryland,16420,2211.2,Baltimore,99117.0,39.32857,-76.6389,8,42,3,2262
21223,105000.0,3,1,1260,205 FURROW ST,Baltimore,Maryland,20531,3018.9,Baltimore,52088.0,39.28421,-76.65323,8,42,3,2537
21206,295000.0,4,2,1590,5507 GERLAND AVE,Baltimore,Maryland,51643,2749.3,Baltimore,80189.0,39.33932,-76.53706,8,42,3,2171
21206,179000.0,3,2,898,4112 SAINT THOMAS AVE,Baltimore,Maryland,51643,2749.3,Baltimore,80189.0,39.33932,-76.53706,8,42,3,2179
21212,899000.0,4,4,3728,805 KINGSTON RD,Baltimore,Maryland,34525,2906.8,Baltimore,154547.0,39.3678,-76.61456,8,42,3,2327
21224,85000.0,3,2,1200,461 MIRABILE LN,Baltimore,Maryland,46110,1908.9,Baltimore,116132.0,39.28309,-76.54088,8,42,3,2622
21218,325000.0,3,3,1660,1512 UPSHIRE RD,Baltimore,Maryland,47081,4198.8,Baltimore,88921.0,39.33031,-76.60235,8,42,3,2503
21215,374900.0,5,2,2337,3413 CEDARDALE RD,Baltimore,Maryland,52550,2978.7,Baltimore,73244.0,39.34578,-76.68367,8,42,3,2418
21213,244900.0,3,3,1862,2614 E BIDDLE ST,Baltimore,Maryland,29579,3327.9,Baltimore,61034.0,39.31501,-76.57723,8,42,3,2334
21206,394900.0,5,3,2430,4713 RIDGEWAY AVE,Baltimore,Maryland,51643,2749.3,Baltimore,80189.0,39.33932,-76.53706,8,42,3,2198
21230,209999.0,1,1,745,23 PIERSIDE DR APT 315,Baltimore,Maryland,33995,2077.5,Baltimore,130270.0,39.26651,-76.62213,8,42,3,2790
21202,122400.0,1,1,744,1101 SAINT PAUL ST APT 1106,Baltimore,Maryland,21314,5093.5,Baltimore,83102.0,39.29705,-76.60747,8,42,3,2135
21212,349500.0,3,4,1512,11 PARLIAMENT CT,Baltimore,Maryland,34525,2906.8,Baltimore,154547.0,39.3678,-76.61456,8,42,3,2321
21216,130000.0,3,1,1296,1137 ELLICOTT DR,Baltimore,Maryland,27643,3231.9,Baltimore,57575.0,39.3108,-76.67145,8,42,3,2455
21206,275000.0,4,2,2032,4405 SPRINGWOOD AVE,Baltimore,Maryland,51643,2749.3,Baltimore,80189.0,39.33932,-76.53706,8,42,3,2186
21214,399900.0,5,2,2727,3504 GIBBONS AVE,Baltimore,Maryland,21924,3029.4,Baltimore,92265.0,39.35217,-76.5644,8,42,3,2388
21212,549000.0,3,3,2259,119 E NORTHERN PKWY,Baltimore,Maryland,34525,2906.8,Baltimore,154547.0,39.3678,-76.61456,8,42,3,2313
21206,290000.0,3,2,1982,4303 BELMAR AVE,Baltimore,Maryland,51643,2749.3,Baltimore,80189.0,39.33932,-76.53706,8,42,3,2190
21206,235000.0,3,2,952,4791 CHATFORD AVE,Baltimore,Maryland,51643,2749.3,Baltimore,80189.0,39.33932,-76.53706,8,42,3,2168
21224,259900.0,2,2,1200,33 N LINWOOD AVE,Baltimore,Maryland,46110,1908.9,Baltimore,116132.0,39.28309,-76.54088,8,42,3,2651
21212,145000.0,3,2,1152,533 CHATEAU AVE,Baltimore,Maryland,34525,2906.8,Baltimore,154547.0,39.3678,-76.61456,8,42,3,2324
21224,249950.0,2,2,1020,210 N GLOVER ST,Baltimore,Maryland,46110,1908.9,Baltimore,116132.0,39.28309,-76.54088,8,42,3,2608
21214,200000.0,3,1,1240,6212 FAIR OAKS AVE,Baltimore,Maryland,21924,3029.4,Baltimore,92265.0,39.35217,-76.5644,8,42,3,2384
21230,300000.0,2,2,1170,815 E FORT AVE,Baltimore,Maryland,33995,2077.5,Baltimore,130270.0,39.26651,-76.62213,8,42,3,2798
21217,75000.0,2,2,1410,2050 LINDEN AVE APT B,Baltimore,Maryland,31694,5771.7,Baltimore,60880.0,39.30701,-76.63833,8,42,3,2467
21216,130000.0,4,2,1476,2420 CALVERTON HEIGHTS AVE,Baltimore,Maryland,27643,3231.9,Baltimore,57575.0,39.3108,-76.67145,8,42,3,2430
21206,319470.0,5,4,1692,4916 BELAIR RD,Baltimore,Maryland,51643,2749.3,Baltimore,80189.0,39.33932,-76.53706,8,42,3,2162
21230,199000.0,3,2,1474,2621 GEORGETOWN RD,Baltimore,Maryland,33995,2077.5,Baltimore,130270.0,39.26651,-76.62213,8,42,3,2727
21213,149990.0,2,1,896,4007 LYNDALE AVE,Baltimore,Maryland,29579,3327.9,Baltimore,61034.0,39.31501,-76.57723,8,42,3,2338
21214,293000.0,3,2,1952,5508 SEFTON AVE,Baltimore,Maryland,21924,3029.4,Baltimore,92265.0,39.35217,-76.5644,8,42,3,2375
21231,325000.0,2,2,1345,960 FELL ST UNIT 202,Baltimore,Maryland,15746,7008.7,Baltimore,115116.0,39.28775,-76.592,8,42,3,2812
21210,459000.0,3,3,1590,4511 SCHENLEY RD,Baltimore,Maryland,15942,1785.5,Baltimore,177368.0,39.35878,-76.63521,8,42,3,2259
21202,260000.0,2,2,1340,936 STUBBLEFIELD LN,Baltimore,Maryland,21314,5093.5,Baltimore,83102.0,39.29705,-76.60747,8,42,3,2130
21212,709000.0,4,4,2100,5314 TILBURY WAY,Baltimore,Maryland,34525,2906.8,Baltimore,154547.0,39.3678,-76.61456,8,42,3,2308
21230,85000.0,2,1,928,1917 HARMAN AVE,Baltimore,Maryland,33995,2077.5,Baltimore,130270.0,39.26651,-76.62213,8,42,3,2802
21229,224900.0,3,4,1704,439 YALE AVE,Baltimore,Maryland,43933,2857.5,Baltimore,68602.0,39.28509,-76.69083,8,42,3,2689
21206,279900.0,4,2,2278,4518 HAZELWOOD AVE,Baltimore,Maryland,51643,2749.3,Baltimore,80189.0,39.33932,-76.53706,8,42,3,2161
21217,110000.0,2,1,572,1571 RICHLAND ST,Baltimore,Maryland,31694,5771.7,Baltimore,60880.0,39.30701,-76.63833,8,42,3,2487
21223,130000.0,2,3,1260,2571 W FAYETTE ST,Baltimore,Maryland,20531,3018.9,Baltimore,52088.0,39.28421,-76.65323,8,42,3,2540
21202,120000.0,11,2,3150,1041 HILLEN ST,Baltimore,Maryland,21314,5093.5,Baltimore,83102.0,39.29705,-76.60747,8,42,3,2134
21218,1100000.0,5,5,5382,3 E HIGHFIELD RD,Baltimore,Maryland,47081,4198.8,Baltimore,88921.0,39.33031,-76.60235,8,42,3,2525
21231,375000.0,3,3,1990,2216 GOUGH ST,Baltimore,Maryland,15746,7008.7,Baltimore,115116.0,39.28775,-76.592,8,42,3,2827
21216,244900.0,4,4,2000,2923 CLIFTON AVE,Baltimore,Maryland,27643,3231.9,Baltimore,57575.0,39.3108,-76.67145,8,42,3,2443
21224,179900.0,3,1,1100,217 N MILTON AVE,Baltimore,Maryland,46110,1908.9,Baltimore,116132.0,39.28309,-76.54088,8,42,3,2643
21223,155000.0,2,1,1108,1353 SARGEANT ST,Baltimore,Maryland,20531,3018.9,Baltimore,52088.0,39.28421,-76.65323,8,42,3,2536
21206,365000.0,5,5,3513,4417 MANNASOTA AVE,Baltimore,Maryland,51643,2749.3,Baltimore,80189.0,39.33932,-76.53706,8,42,3,2197
21216,210000.0,4,3,1142,2863 W LAFAYETTE AVE,Baltimore,Maryland,27643,3231.9,Baltimore,57575.0,39.3108,-76.67145,8,42,3,2437
21229,199900.0,3,2,1216,41 N KOSSUTH ST,Baltimore,Maryland,43933,2857.5,Baltimore,68602.0,39.28509,-76.69083,8,42,3,2697
21213,225000.0,3,3,1268,1234 N ELLWOOD AVE,Baltimore,Maryland,29579,3327.9,Baltimore,61034.0,39.31501,-76.57723,8,42,3,2363
21218,250000.0,3,2,1760,3714 YOLANDO RD,Baltimore,Maryland,47081,4198.8,Baltimore,88921.0,39.33031,-76.60235,8,42,3,2495
21223,229000.0,3,2,1282,1349 HERKIMER ST,Baltimore,Maryland,20531,3018.9,Baltimore,52088.0,39.28421,-76.65323,8,42,3,2559
21217,25000.0,3,1,1512,702 N PAYSON ST,Baltimore,Maryland,31694,5771.7,Baltimore,60880.0,39.30701,-76.63833,8,42,3,2470
21224,400000.0,2,3,2060,525 S POTOMAC ST,Baltimore,Maryland,46110,1908.9,Baltimore,116132.0,39.28309,-76.54088,8,42,3,2616
21229,349900.0,3,3,1798,8 MALLOW HILL RD,Baltimore,Maryland,43933,2857.5,Baltimore,68602.0,39.28509,-76.69083,8,42,3,2667
21215,149900.0,2,2,1510,6317 PARK HEIGHTS AVE APT 307,Baltimore,Maryland,52550,2978.7,Baltimore,73244.0,39.34578,-76.68367,8,42,3,2412
21223,100000.0,2,2,1428,1101 S CAREY ST,Baltimore,Maryland,20531,3018.9,Baltimore,52088.0,39.28421,-76.65323,8,42,3,2548
21224,285000.0,2,3,1020,116 N POTOMAC ST,Baltimore,Maryland,46110,1908.9,Baltimore,116132.0,39.28309,-76.54088,8,42,3,2624
21223,129900.0,4,3,2300,352 S SMALLWOOD ST,Baltimore,Maryland,20531,3018.9,Baltimore,52088.0,39.28421,-76.65323,8,42,3,2556
21212,219900.0,3,2,1258,5609 MIDWOOD AVE,Baltimore,Maryland,34525,2906.8,Baltimore,154547.0,39.3678,-76.61456,8,42,3,2315
21230,134900.0,3,3,1050,2129 PARKSLEY AVE,Baltimore,Maryland,33995,2077.5,Baltimore,130270.0,39.26651,-76.62213,8,42,3,2730
21206,230000.0,4,2,1576,4907 WILLSHIRE AVE,Baltimore,Maryland,51643,2749.3,Baltimore,80189.0,39.33932,-76.53706,8,42,3,2187
21224,200000.0,3,1,1352,407 HORNEL ST,Baltimore,Maryland,46110,1908.9,Baltimore,116132.0,39.28309,-76.54088,8,42,3,2614
21231,330000.0,2,2,1545,11 S COLLINGTON AVE,Baltimore,Maryland,15746,7008.7,Baltimore,115116.0,39.28775,-76.592,8,42,3,2818
21217,225000.0,5,4,3240,1710 HARLEM AVE,Baltimore,Maryland,31694,5771.7,Baltimore,60880.0,39.30701,-76.63833,8,42,3,2485
21239,200000.0,3,2,1462,1324 WINSTON AVE,Baltimore,Maryland,29619,3902.2,Baltimore,90400.0,39.36517,-76.58709,8,42,3,2855
21231,223000.0,3,2,1400,1834 E PRATT ST,Baltimore,Maryland,15746,7008.7,Baltimore,115116.0,39.28775,-76.592,8,42,3,2822
21230,340000.0,2,3,960,1837 S HANOVER ST,Baltimore,Maryland,33995,2077.5,Baltimore,130270.0,39.26651,-76.62213,8,42,3,2799
21214,260000.0,3,3,1472,3406 GLENMORE AVE,Baltimore,Maryland,21924,3029.4,Baltimore,92265.0,39.35217,-76.5644,8,42,3,2377
21210,525000.0,4,4,2320,1209 W LAKE AVE,Baltimore,Maryland,15942,1785.5,Baltimore,177368.0,39.35878,-76.63521,8,42,3,2256
21216,125000.0,3,2,1152,2127 ALLENDALE RD,Baltimore,Maryland,27643,3231.9,Baltimore,57575.0,39.3108,-76.67145,8,42,3,2447
21211,257000.0,2,1,720,3445 HICKORY AVE,Baltimore,Maryland,16420,2211.2,Baltimore,99117.0,39.32857,-76.6389,8,42,3,2267
21230,900000.0,3,3,3815,906 VALENCIA CT # 185,Baltimore,Maryland,33995,2077.5,Baltimore,130270.0,39.26651,-76.62213,8,42,3,2779
21215,185000.0,5,4,2976,3405 GRANTLEY RD,Baltimore,Maryland,52550,2978.7,Baltimore,73244.0,39.34578,-76.68367,8,42,3,2395
21212,655000.0,4,3,2101,306 SAINT DUNSTANS RD,Baltimore,Maryland,34525,2906.8,Baltimore,154547.0,39.3678,-76.61456,8,42,3,2298
21224,55500.0,3,1,1400,417 N MILTON AVE,Baltimore,Maryland,46110,1908.9,Baltimore,116132.0,39.28309,-76.54088,8,42,3,2584
21209,385000.0,3,4,1800,1809 AUTUMN FROST LN,Baltimore,Maryland,30146,1802.3,Baltimore,129887.0,39.37261,-76.66802,8,42,3,2246
21216,267000.0,4,2,1470,1123 N LONGWOOD ST,Baltimore,Maryland,27643,3231.9,Baltimore,57575.0,39.3108,-76.67145,8,42,3,2438
21213,200000.0,3,2,1500,3529 JUNEWAY,Baltimore,Maryland,29579,3327.9,Baltimore,61034.0,39.31501,-76.57723,8,42,3,2365
21230,435000.0,3,3,1727,1339 ANDRE ST,Baltimore,Maryland,33995,2077.5,Baltimore,130270.0,39.26651,-76.62213,8,42,3,2777
21239,290000.0,5,2,2262,1714 INGRAM RD,Baltimore,Maryland,29619,3902.2,Baltimore,90400.0,39.36517,-76.58709,8,42,3,2853
21224,375000.0,3,3,1885,2333 EASTERN AVE,Baltimore,Maryland,46110,1908.9,Baltimore,116132.0,39.28309,-76.54088,8,42,3,2603
21224,230000.0,3,2,1024,6932 GOUGH ST,Baltimore,Maryland,46110,1908.9,Baltimore,116132.0,39.28309,-76.54088,8,42,3,2571
21218,175000.0,4,2,2112,2008 E 31ST ST,Baltimore,Maryland,47081,4198.8,Baltimore,88921.0,39.33031,-76.60235,8,42,3,2519
21206,337500.0,4,2,1965,3804 PARKSIDE DR,Baltimore,Maryland,51643,2749.3,Baltimore,80189.0,39.33932,-76.53706,8,42,3,2165
21217,35000.0,3,1,1370,2520 WOODBROOK AVE,Baltimore,Maryland,31694,5771.7,Baltimore,60880.0,39.30701,-76.63833,8,42,3,2473
21229,195000.0,3,2,1116,427 GWYNN AVE,Baltimore,Maryland,43933,2857.5,Baltimore,68602.0,39.28509,-76.69083,8,42,3,2706
21206,185000.0,3,2,1728,3914 EIERMAN AVE,Baltimore,Maryland,51643,2749.3,Baltimore,80189.0,39.33932,-76.53706,8,42,3,2170
21213,225000.0,3,2,1328,1305 N ELLWOOD AVE,Baltimore,Maryland,29579,3327.9,Baltimore,61034.0,39.31501,-76.57723,8,42,3,2340
21218,475000.0,4,3,3180,2034 N CALVERT ST,Baltimore,Maryland,47081,4198.8,Baltimore,88921.0,39.33031,-76.60235,8,42,3,2518
21210,995000.0,7,5,5374,818 W UNIVERSITY PKWY,Baltimore,Maryland,15942,1785.5,Baltimore,177368.0,39.35878,-76.63521,8,42,3,2257
21214,275000.0,4,2,1639,4223 HARCOURT RD,Baltimore,Maryland,21924,3029.4,Baltimore,92265.0,39.35217,-76.5644,8,42,3,2372
21214,299999.0,4,2,1906,3205 OVERLAND AVE,Baltimore,Maryland,21924,3029.4,Baltimore,92265.0,39.35217,-76.5644,8,42,3,2380
21230,925000.0,5,4,2838,1231 HARBOR ISLAND WALK,Baltimore,Maryland,33995,2077.5,Baltimore,130270.0,39.26651,-76.62213,8,42,3,2796
21213,199900.0,3,2,1320,3731 ELMORA AVE,Baltimore,Maryland,29579,3327.9,Baltimore,61034.0,39.31501,-76.57723,8,42,3,2347
21230,119900.0,3,1,1760,2507 JAMES ST,Baltimore,Maryland,33995,2077.5,Baltimore,130270.0,39.26651,-76.62213,8,42,3,2797
21230,425000.0,3,3,2164,100 HARBORVIEW DR UNIT 910,Baltimore,Maryland,33995,2077.5,Baltimore,130270.0,39.26651,-76.62213,8,42,3,2728
21206,265000.0,3,1,1556,107 FULLER AVE,Baltimore,Maryland,51643,2749.3,Baltimore,80189.0,39.33932,-76.53706,8,42,3,2176
21230,449000.0,2,3,1929,100 HARBORVIEW DR UNIT 2202,Baltimore,Maryland,33995,2077.5,Baltimore,130270.0,39.26651,-76.62213,8,42,3,2737
21217,25000.0,2,1,1092,2477 DRUID HILL AVE,Baltimore,Maryland,31694,5771.7,Baltimore,60880.0,39.30701,-76.63833,8,42,3,2466
21212,153000.0,3,1,1656,536 WINSTON AVE,Baltimore,Maryland,34525,2906.8,Baltimore,154547.0,39.3678,-76.61456,8,42,3,2305
21229,233000.0,4,4,2070,3428 EDMONDSON AVE,Baltimore,Maryland,43933,2857.5,Baltimore,68602.0,39.28509,-76.69083,8,42,3,2695
21224,575000.0,4,3,1950,703 S LAKEWOOD AVE,Baltimore,Maryland,46110,1908.9,Baltimore,116132.0,39.28309,-76.54088,8,42,3,2576
21223,10000.0,3,1,980,407 FURROW ST,Baltimore,Maryland,20531,3018.9,Baltimore,52088.0,39.28421,-76.65323,8,42,3,2554
21230,396500.0,4,3,2438,1636 S CHARLES ST,Baltimore,Maryland,33995,2077.5,Baltimore,130270.0,39.26651,-76.62213,8,42,3,2735
21217,149000.0,5,2,1544,1805 N MONROE ST,Baltimore,Maryland,31694,5771.7,Baltimore,60880.0,39.30701,-76.63833,8,42,3,2471
21224,379900.0,3,2,1630,3209 FOSTER AVE,Baltimore,Maryland,46110,1908.9,Baltimore,116132.0,39.28309,-76.54088,8,42,3,2562
21229,189999.0,3,2,1260,40 MORLEY STREET,Baltimore,Maryland,43933,2857.5,Baltimore,68602.0,39.28509,-76.69083,8,42,3,2708
21218,285000.0,3,2,1860,3628 YOLANDO RD,Baltimore,Maryland,47081,4198.8,Baltimore,88921.0,39.33031,-76.60235,8,42,3,2502
21209,450000.0,2,2,1477,7400 TRAVERTINE DR UNIT 404,Baltimore,Maryland,30146,1802.3,Baltimore,129887.0,39.37261,-76.66802,8,42,3,2247
21224,158000.0,2,3,1044,2816 DILLON ST,Baltimore,Maryland,46110,1908.9,Baltimore,116132.0,39.28309,-76.54088,8,42,3,2609
21231,280000.0,2,2,1116,232 S CASTLE ST,Baltimore,Maryland,15746,7008.7,Baltimore,115116.0,39.28775,-76.592,8,42,3,2813
21215,165000.0,2,1,1050,3305 INGLESIDE AVE,Baltimore,Maryland,52550,2978.7,Baltimore,73244.0,39.34578,-76.68367,8,42,3,2393
21224,310000.0,2,2,2088,3 N KENWOOD AVE,Baltimore,Maryland,46110,1908.9,Baltimore,116132.0,39.28309,-76.54088,8,42,3,2615
21231,349900.0,2,3,1398,314 S WOLFE ST,Baltimore,Maryland,15746,7008.7,Baltimore,115116.0,39.28775,-76.592,8,42,3,2826
21217,80000.0,6,1,1700,526 ROBERT ST,Baltimore,Maryland,31694,5771.7,Baltimore,60880.0,39.30701,-76.63833,8,42,3,2474
21215,225000.0,5,4,3000,5725 NARCISSUS AVE,Baltimore,Maryland,52550,2978.7,Baltimore,73244.0,39.34578,-76.68367,8,42,3,2401
21216,160000.0,4,2,1860,3809 CLIFTON AVE,Baltimore,Maryland,27643,3231.9,Baltimore,57575.0,39.3108,-76.67145,8,42,3,2458
21218,179000.0,2,2,1200,2702 MATHEWS ST,Baltimore,Maryland,47081,4198.8,Baltimore,88921.0,39.33031,-76.60235,8,42,3,2507
21211,275000.0,3,2,1424,1443 ROLAND HEIGHTS AVE,Baltimore,Maryland,16420,2211.2,Baltimore,99117.0,39.32857,-76.6389,8,42,3,2283
21224,190000.0,4,3,1736,3715 E LOMBARD ST,Baltimore,Maryland,46110,1908.9,Baltimore,116132.0,39.28309,-76.54088,8,42,3,2634
21211,375000.0,3,2,1368,603 CRAYCOMBE AVE,Baltimore,Maryland,16420,2211.2,Baltimore,99117.0,39.32857,-76.6389,8,42,3,2284
21224,325000.0,2,2,1408,713 S BOULDIN ST,Baltimore,Maryland,46110,1908.9,Baltimore,116132.0,39.28309,-76.54088,8,42,3,2592
21206,349900.0,4,2,1127,4418 KENWOOD AVE,Baltimore,Maryland,51643,2749.3,Baltimore,80189.0,39.33932,-76.53706,8,42,3,2184
21230,349000.0,3,2,1356,1403 MARSHALL ST,Baltimore,Maryland,33995,2077.5,Baltimore,130270.0,39.26651,-76.62213,8,42,3,2754
21224,495000.0,4,3,1908,625 S LINWOOD AVE,Baltimore,Maryland,46110,1908.9,Baltimore,116132.0,39.28309,-76.54088,8,42,3,2600
21217,435000.0,3,4,2115,245 W LAFAYETTE AVE,Baltimore,Maryland,31694,5771.7,Baltimore,60880.0,39.30701,-76.63833,8,42,3,2465
21216,325000.0,4,2,2459,3407 CARLISLE AVE,Baltimore,Maryland,27643,3231.9,Baltimore,57575.0,39.3108,-76.67145,8,42,3,2432
21218,2195000.0,8,8,7855,3805 GREENWAY,Baltimore,Maryland,47081,4198.8,Baltimore,88921.0,39.33031,-76.60235,8,42,3,2490
21229,150000.0,3,1,1152,4252 FLOWERTON RD,Baltimore,Maryland,43933,2857.5,Baltimore,68602.0,39.28509,-76.69083,8,42,3,2670
21215,420000.0,5,5,3520,3708 YOSEMITE AVE,Baltimore,Maryland,52550,2978.7,Baltimore,73244.0,39.34578,-76.68367,8,42,3,2389
21201,317000.0,2,2,1397,10 W MADISON ST # 1,Baltimore,Maryland,17773,5405.4,Baltimore,66437.0,39.29487,-76.62237,8,42,3,2128
21231,450000.0,2,3,1913,1500 THAMES ST UNIT 402,Baltimore,Maryland,15746,7008.7,Baltimore,115116.0,39.28775,-76.592,8,42,3,2821
21206,291000.0,4,2,2160,4507 HAMILTON AVE,Baltimore,Maryland,51643,2749.3,Baltimore,80189.0,39.33932,-76.53706,8,42,3,2177
21213,115000.0,4,2,1560,3520 ELMLEY AVE,Baltimore,Maryland,29579,3327.9,Baltimore,61034.0,39.31501,-76.57723,8,42,3,2358
21229,335000.0,5,3,1620,707 DRYDEN DR,Baltimore,Maryland,43933,2857.5,Baltimore,68602.0,39.28509,-76.69083,8,42,3,2702
21212,159900.0,2,1,1040,820 WILBERT AVE,Baltimore,Maryland,34525,2906.8,Baltimore,154547.0,39.3678,-76.61456,8,42,3,2318
21211,215000.0,2,1,780,2741 MILES AVE,Baltimore,Maryland,16420,2211.2,Baltimore,99117.0,39.32857,-76.6389,8,42,3,2279
21217,575000.0,7,4,3180,255 ROBERT ST,Baltimore,Maryland,31694,5771.7,Baltimore,60880.0,39.30701,-76.63833,8,42,3,2483
21218,289900.0,4,3,1600,3914 GREENMOUNT AVE,Baltimore,Maryland,47081,4198.8,Baltimore,88921.0,39.33031,-76.60235,8,42,3,2504
21230,186900.0,1,1,610,23 PIERSIDE DR APT 203,Baltimore,Maryland,33995,2077.5,Baltimore,130270.0,39.26651,-76.62213,8,42,3,2761
21212,699000.0,5,3,3538,316 TUNBRIDGE RD,Baltimore,Maryland,34525,2906.8,Baltimore,154547.0,39.3678,-76.61456,8,42,3,2323
21206,370000.0,4,3,1302,5001 KENWOOD AVE,Baltimore,Maryland,51643,2749.3,Baltimore,80189.0,39.33932,-76.53706,8,42,3,2203
21211,389900.0,4,3,2120,838 WELLINGTON ST,Baltimore,Maryland,16420,2211.2,Baltimore,99117.0,39.32857,-76.6389,8,42,3,2268
21209,859000.0,4,4,3269,2037 MYRTLEWOOD RD,Baltimore,Maryland,30146,1802.3,Baltimore,129887.0,39.37261,-76.66802,8,42,3,2237
21229,245000.0,3,2,1406,104 WESTOWNE RD,Baltimore,Maryland,43933,2857.5,Baltimore,68602.0,39.28509,-76.69083,8,42,3,2700
21214,330000.0,4,3,1428,3026 FLEETWOOD AVE,Baltimore,Maryland,21924,3029.4,Baltimore,92265.0,39.35217,-76.5644,8,42,3,2373
21230,649000.0,3,5,2679,106 E MONTGOMERY ST,Baltimore,Maryland,33995,2077.5,Baltimore,130270.0,39.26651,-76.62213,8,42,3,2729
21212,269000.0,2,1,604,738 OVERBROOK RD,Baltimore,Maryland,34525,2906.8,Baltimore,154547.0,39.3678,-76.61456,8,42,3,2330
21212,395000.0,3,2,2191,124 BRANDON RD,Baltimore,Maryland,34525,2906.8,Baltimore,154547.0,39.3678,-76.61456,8,42,3,2322
21212,514900.0,3,4,2376,7 PARLIAMENT CT,Baltimore,Maryland,34525,2906.8,Baltimore,154547.0,39.3678,-76.61456,8,42,3,2325
21230,199000.0,3,2,1049,1008 SCOTT ST,Baltimore,Maryland,33995,2077.5,Baltimore,130270.0,39.26651,-76.62213,8,42,3,2778
21218,335000.0,6,3,2640,2638 N CHARLES ST,Baltimore,Maryland,47081,4198.8,Baltimore,88921.0,39.33031,-76.60235,8,42,3,2494
21224,499900.0,4,4,1725,443 S ROBINSON ST,Baltimore,Maryland,46110,1908.9,Baltimore,116132.0,39.28309,-76.54088,8,42,3,2566
21213,165000.0,3,1,932,3306 RAVENWOOD AVE,Baltimore,Maryland,29579,3327.9,Baltimore,61034.0,39.31501,-76.57723,8,42,3,2361
21229,144900.0,3,1,1140,216 N EDGEWOOD ST,Baltimore,Maryland,43933,2857.5,Baltimore,68602.0,39.28509,-76.69083,8,42,3,2694
21230,230000.0,2,3,768,1202 BAYARD ST,Baltimore,Maryland,33995,2077.5,Baltimore,130270.0,39.26651,-76.62213,8,42,3,2805
21224,295000.0,2,2,1792,228 S HIGHLAND AVE,Baltimore,Maryland,46110,1908.9,Baltimore,116132.0,39.28309,-76.54088,8,42,3,2575
21216,230000.0,3,2,1668,2808 ALLENDALE RD,Baltimore,Maryland,27643,3231.9,Baltimore,57575.0,39.3108,-76.67145,8,42,3,2440
21206,364900.0,3,4,2200,5735 NICKEN CT,Baltimore,Maryland,51643,2749.3,Baltimore,80189.0,39.33932,-76.53706,8,42,3,2181
21206,354900.0,4,3,995,4019 ECHODALE AVE,Baltimore,Maryland,51643,2749.3,Baltimore,80189.0,39.33932,-76.53706,8,42,3,2196
21211,459000.0,4,3,1750,1403 W 36TH ST,Baltimore,Maryland,16420,2211.2,Baltimore,99117.0,39.32857,-76.6389,8,42,3,2280
21231,419000.0,3,4,1555,2112 EASTERN AVE,Baltimore,Maryland,15746,7008.7,Baltimore,115116.0,39.28775,-76.592,8,42,3,2815
21215,225000.0,4,2,1740,5406 NELSON AVE,Baltimore,Maryland,52550,2978.7,Baltimore,73244.0,39.34578,-76.68367,8,42,3,2409
21214,215000.0,3,2,1813,4503 WALTHER AVE,Baltimore,Maryland,21924,3029.4,Baltimore,92265.0,39.35217,-76.5644,8,42,3,2369
21201,309999.0,1,1,1466,1209 N CHARLES ST APT 208,Baltimore,Maryland,17773,5405.4,Baltimore,66437.0,39.29487,-76.62237,8,42,3,2125
21210,1373000.0,9,8,7435,719 W UNIVERSITY PKWY,Baltimore,Maryland,15942,1785.5,Baltimore,177368.0,39.35878,-76.63521,8,42,3,2258
21212,487545.0,3,2,1816,616 OVERBROOK RD,Baltimore,Maryland,34525,2906.8,Baltimore,154547.0,39.3678,-76.61456,8,42,3,2292
21230,315000.0,3,2,1170,712 HARVEY ST,Baltimore,Maryland,33995,2077.5,Baltimore,130270.0,39.26651,-76.62213,8,42,3,2787
21229,130000.0,3,2,1164,3325 ELBERT ST,Baltimore,Maryland,43933,2857.5,Baltimore,68602.0,39.28509,-76.69083,8,42,3,2704
21224,599000.0,5,3,2100,2905 DILLON ST,Baltimore,Maryland,46110,1908.9,Baltimore,116132.0,39.28309,-76.54088,8,42,3,2635
21230,225000.0,3,2,770,516 WYETH ST,Baltimore,Maryland,33995,2077.5,Baltimore,130270.0,39.26651,-76.62213,8,42,3,2784
21211,199000.0,2,1,832,4329 NEWPORT AVE,Baltimore,Maryland,16420,2211.2,Baltimore,99117.0,39.32857,-76.6389,8,42,3,2286
21211,325000.0,3,1,1403,4300 DEWEY AVE,Baltimore,Maryland,16420,2211.2,Baltimore,99117.0,39.32857,-76.6389,8,42,3,2260
21229,299999.0,3,3,1440,236 COLLINS AVE,Baltimore,Maryland,43933,2857.5,Baltimore,68602.0,39.28509,-76.69083,8,42,3,2693
21211,250000.0,3,2,1692,1002 W 43RD ST,Baltimore,Maryland,16420,2211.2,Baltimore,99117.0,39.32857,-76.6389,8,42,3,2273
21213,90000.0,3,1,1440,3158 ELMORA AVE,Baltimore,Maryland,29579,3327.9,Baltimore,61034.0,39.31501,-76.57723,8,42,3,2357
21239,265000.0,3,2,1672,1426 MERIDENE DR,Baltimore,Maryland,29619,3902.2,Baltimore,90400.0,39.36517,-76.58709,8,42,3,2839
21206,265000.0,3,2,1607,3526 GLENMORE AVE,Baltimore,Maryland,51643,2749.3,Baltimore,80189.0,39.33932,-76.53706,8,42,3,2169
21230,165000.0,3,2,1374,2820 MAUDLIN AVE,Baltimore,Maryland,33995,2077.5,Baltimore,130270.0,39.26651,-76.62213,8,42,3,2785
21239,250000.0,3,2,1280,2003 WOODBOURNE AVE,Baltimore,Maryland,29619,3902.2,Baltimore,90400.0,39.36517,-76.58709,8,42,3,2840
21229,259900.0,4,4,1472,414 NORMANDY AVE,Baltimore,Maryland,43933,2857.5,Baltimore,68602.0,39.28509,-76.69083,8,42,3,2685
21218,274900.0,3,2,2100,1502 TUNLAW RD,Baltimore,Maryland,47081,4198.8,Baltimore,88921.0,39.33031,-76.60235,8,42,3,2489
21216,265000.0,5,4,1821,2916 WINCHESTER ST,Baltimore,Maryland,27643,3231.9,Baltimore,57575.0,39.3108,-76.67145,8,42,3,2441
21211,379900.0,3,2,1928,3726 ELM AVE,Baltimore,Maryland,16420,2211.2,Baltimore,99117.0,39.32857,-76.6389,8,42,3,2270
21230,110000.0,2,1,840,1607 INVERNESS AVE,Baltimore,Maryland,33995,2077.5,Baltimore,130270.0,39.26651,-76.62213,8,42,3,2738
21229,179000.0,3,1,1908,4 N MOUNT OLIVET LN,Baltimore,Maryland,43933,2857.5,Baltimore,68602.0,39.28509,-76.69083,8,42,3,2707
21202,715000.0,3,3,2740,10 E LEE ST APT 2402,Baltimore,Maryland,21314,5093.5,Baltimore,83102.0,39.29705,-76.60747,8,42,3,2147
21216,120000.0,3,2,1200,2609 MOUNT HOLLY ST,Baltimore,Maryland,27643,3231.9,Baltimore,57575.0,39.3108,-76.67145,8,42,3,2462
