Zip Code,Price,Beds,Baths,Living Space,Address,City,State,Zip Code Population,Zip Code Density,County,Median Household Income,Latitude,Longitude,county_num,city_num,state_num,address_num
87121,345590.0,4,2,1602,10662 SAVOYA LANE SW,Albuquerque,New Mexico,75378,86.4,Bernalillo,66128.0,35.01031,-106.87816,75,176,24,30364
87104,330000.0,3,2,1401,307 RIO GRANDE BLVD SW,Albuquerque,New Mexico,13468,1237.5,Bernalillo,95522.0,35.10278,-106.67492,75,176,24,29703
87120,292500.0,3,2,1408,7200 MARIGOT RD NW,Albuquerque,New Mexico,66118,442.9,Bernalillo,98519.0,35.14097,-106.76522,75,176,24,30281
87120,639000.0,3,3,2410,7920 TEABERRY RD NW,Albuquerque,New Mexico,66118,442.9,Bernalillo,98519.0,35.14097,-106.76522,75,176,24,30247
87121,265000.0,3,2,1162,8520 TROTTER RD SW,Albuquerque,New Mexico,75378,86.4,Bernalillo,66128.0,35.01031,-106.87816,75,176,24,30401
87105,345000.0,3,2,1520,2627 GUN CLUB RD SW,Albuquerque,New Mexico,54138,520.4,Bernalillo,61862.0,34.99512,-106.68644,75,176,24,29728
87121,279900.0,3,2,1389,2909 RIO MAULE DR SW,Albuquerque,New Mexico,75378,86.4,Bernalillo,66128.0,35.01031,-106.87816,75,176,24,30411
87111,385000.0,3,2,1791,10808 LOWE ST NE,Albuquerque,New Mexico,57518,1748.6,Bernalillo,109573.0,35.13824,-106.51589,75,176,24,30039
87107,335000.0,2,1,974,3939 RIO GRANDE BLVD NW UNIT 77,Albuquerque,New Mexico,27981,737.6,Bernalillo,85532.0,35.13747,-106.64363,75,176,24,29792
87114,525000.0,4,3,2598,8623 CLARIDGE PL NW,Albuquerque,New Mexico,69717,1285.7,Bernalillo,96944.0,35.19718,-106.68216,75,176,24,30182
87111,540000.0,3,3,1723,10216 OSO REDONDO NE,Albuquerque,New Mexico,57518,1748.6,Bernalillo,109573.0,35.13824,-106.51589,75,176,24,29992
87121,270000.0,3,2,1352,7716 CREPE MYRTLE RD SW,Albuquerque,New Mexico,75378,86.4,Bernalillo,66128.0,35.01031,-106.87816,75,176,24,30372
87120,450000.0,5,3,2183,9516 SILICA AVE NW,Albuquerque,New Mexico,66118,442.9,Bernalillo,98519.0,35.14097,-106.76522,75,176,24,30297
87106,249000.0,2,2,1260,3402 INDIAN SCHOOL RD NE APT D,Albuquerque,New Mexico,25844,278.6,Bernalillo,75283.0,35.00818,-106.61185,75,176,24,29763
87110,315000.0,3,2,1759,5813 ALTA MONTE AVE NE,Albuquerque,New Mexico,40307,1774.2,Bernalillo,80483.0,35.10812,-106.57816,75,176,24,29956
87122,800000.0,3,3,3947,28 CIRCLE DR NE,Albuquerque,New Mexico,18022,320.8,Bernalillo,199446.0,35.18685,-106.48827,75,176,24,30451
87111,315000.0,4,2,1730,3705 NAPLES ST NE,Albuquerque,New Mexico,57518,1748.6,Bernalillo,109573.0,35.13824,-106.51589,75,176,24,29993
87111,450000.0,4,3,2674,8604 GUTIERREZ RD NE,Albuquerque,New Mexico,57518,1748.6,Bernalillo,109573.0,35.13824,-106.51589,75,176,24,29990
87107,1239653.0,1,1,9700,511 CANDELARIA RD NW,Albuquerque,New Mexico,27981,737.6,Bernalillo,85532.0,35.13747,-106.64363,75,176,24,29841
87106,90000.0,1,1,562,2800 VAIL AVE SE UNIT 166,Albuquerque,New Mexico,25844,278.6,Bernalillo,75283.0,35.00818,-106.61185,75,176,24,29752
87109,99900.0,2,2,1536,7112 PAN AMERICAN EAST FWY NE UNIT 415,Albuquerque,New Mexico,40249,1556.7,Bernalillo,76565.0,35.15285,-106.57543,75,176,24,29883
87120,375000.0,3,2,1785,7832 RIDGEVIEW DR NW,Albuquerque,New Mexico,66118,442.9,Bernalillo,98519.0,35.14097,-106.76522,75,176,24,30339
87123,415000.0,4,3,3112,1805 SHADOW LEADER PL SE,Albuquerque,New Mexico,44162,590.9,Bernalillo,79755.0,35.06206,-106.46991,75,176,24,30524
87110,69500.0,2,2,910,2901 CARLISLE BLVD NE,Albuquerque,New Mexico,40307,1774.2,Bernalillo,80483.0,35.10812,-106.57816,75,176,24,29955
87113,268000.0,3,2,1237,6800 VISTA DEL NORTE RD NE APT 1013,Albuquerque,New Mexico,16879,437.8,Bernalillo,114025.0,35.19249,-106.5708,75,176,24,30138
87121,340590.0,4,2,1602,10631 SAVOYA LANE SW,Albuquerque,New Mexico,75378,86.4,Bernalillo,66128.0,35.01031,-106.87816,75,176,24,30361
87105,349900.0,3,2,1652,3424 HERRERA RD NW,Albuquerque,New Mexico,54138,520.4,Bernalillo,61862.0,34.99512,-106.68644,75,176,24,29733
87120,522987.0,2,2,1850,2104 COYOTE CREEK TRL NW,Albuquerque,New Mexico,66118,442.9,Bernalillo,98519.0,35.14097,-106.76522,75,176,24,30239
87114,615000.0,3,3,2576,9954 RADCLIFFE RD NW,Albuquerque,New Mexico,69717,1285.7,Bernalillo,96944.0,35.19718,-106.68216,75,176,24,30213
87120,1150000.0,3,4,3940,7943 VICTORIA DR NW,Albuquerque,New Mexico,66118,442.9,Bernalillo,98519.0,35.14097,-106.76522,75,176,24,30326
87111,350000.0,4,2,2172,9212 ORLANDO PL NE,Albuquerque,New Mexico,57518,1748.6,Bernalillo,109573.0,35.13824,-106.51589,75,176,24,30019
87114,350000.0,3,2,1632,9611 MOGOLLON DR NW,Albuquerque,New Mexico,69717,1285.7,Bernalillo,96944.0,35.19718,-106.68216,75,176,24,30162
87120,749999.0,5,4,4324,1840 COOKE CANYON DR NW,Albuquerque,New Mexico,66118,442.9,Bernalillo,98519.0,35.14097,-106.76522,75,176,24,30338
87112,595000.0,2,2,2021,1236 LA CHARLES DR NE,Albuquerque,New Mexico,41818,1986.1,Bernalillo,80731.0,35.10093,-106.51622,75,176,24,30072
87107,2500000.0,3,2,2748,7622 RIO GRANDE BLVD NW,Albuquerque,New Mexico,27981,737.6,Bernalillo,85532.0,35.13747,-106.64363,75,176,24,29808
87111,829900.0,4,3,4004,11001 BRIDGEPOINTE CT NE,Albuquerque,New Mexico,57518,1748.6,Bernalillo,109573.0,35.13824,-106.51589,75,176,24,30003
87106,275000.0,2,1,1097,408 CARLISLE BLVD SE,Albuquerque,New Mexico,25844,278.6,Bernalillo,75283.0,35.00818,-106.61185,75,176,24,29779
87102,300000.0,1,1,1287,1022 PARK AVE SW # 1024,Albuquerque,New Mexico,19056,1127.5,Bernalillo,50092.0,35.08116,-106.64636,75,176,24,29684
87120,450000.0,3,2,2292,6325 CUESTA PL NW,Albuquerque,New Mexico,66118,442.9,Bernalillo,98519.0,35.14097,-106.76522,75,176,24,30310
87123,284000.0,2,2,1469,545 PINON CREEK RD SE,Albuquerque,New Mexico,44162,590.9,Bernalillo,79755.0,35.06206,-106.46991,75,176,24,30536
87121,240000.0,3,2,1615,427 VIKING DR SW,Albuquerque,New Mexico,75378,86.4,Bernalillo,66128.0,35.01031,-106.87816,75,176,24,30347
87108,850000.0,4,4,3056,224 SOLANO DR NE,Albuquerque,New Mexico,36433,2393.1,Bernalillo,55047.0,35.07235,-106.57835,75,176,24,29850
87122,650000.0,4,4,3920,1213 MARIGOLD DR NE,Albuquerque,New Mexico,18022,320.8,Bernalillo,199446.0,35.18685,-106.48827,75,176,24,30476
87112,299000.0,3,2,1519,1508 MARTHA ST NE,Albuquerque,New Mexico,41818,1986.1,Bernalillo,80731.0,35.10093,-106.51622,75,176,24,30074
87105,269000.0,3,2,1633,2106 ANTHONY PL SW,Albuquerque,New Mexico,54138,520.4,Bernalillo,61862.0,34.99512,-106.68644,75,176,24,29734
87107,635000.0,4,5,3178,2805 GLENWOOD DR NW,Albuquerque,New Mexico,27981,737.6,Bernalillo,85532.0,35.13747,-106.64363,75,176,24,29835
87122,600000.0,3,3,2599,11206 EAGLE ROCK AVE NE,Albuquerque,New Mexico,18022,320.8,Bernalillo,199446.0,35.18685,-106.48827,75,176,24,30449
87111,600000.0,5,4,2976,3112 LA SALA CUADRA NE,Albuquerque,New Mexico,57518,1748.6,Bernalillo,109573.0,35.13824,-106.51589,75,176,24,30029
87120,349000.0,3,3,1708,5308 STILL BROOKE AVE NW,Albuquerque,New Mexico,66118,442.9,Bernalillo,98519.0,35.14097,-106.76522,75,176,24,30289
87110,399990.0,4,2,2810,8206 ROBIN AVE NE,Albuquerque,New Mexico,40307,1774.2,Bernalillo,80483.0,35.10812,-106.57816,75,176,24,29938
87121,279900.0,3,3,1551,491 DESERT MIST DR SW,Albuquerque,New Mexico,75378,86.4,Bernalillo,66128.0,35.01031,-106.87816,75,176,24,30400
87114,435000.0,5,3,2175,9019 S SKY ST NW,Albuquerque,New Mexico,69717,1285.7,Bernalillo,96944.0,35.19718,-106.68216,75,176,24,30178
87123,312000.0,3,3,1816,11256 CAMPO DEL SOL AVE NE,Albuquerque,New Mexico,44162,590.9,Bernalillo,79755.0,35.06206,-106.46991,75,176,24,30528
87105,275000.0,3,2,1790,4753 W GLEN DR SW,Albuquerque,New Mexico,54138,520.4,Bernalillo,61862.0,34.99512,-106.68644,75,176,24,29738
87105,178900.0,2,1,1200,1544 VALLEY RD SW,Albuquerque,New Mexico,54138,520.4,Bernalillo,61862.0,34.99512,-106.68644,75,176,24,29721
87106,610000.0,3,1,2628,2132&2134 GOLD AVENUE SE,Albuquerque,New Mexico,25844,278.6,Bernalillo,75283.0,35.00818,-106.61185,75,176,24,29777
87102,285000.0,1,2,1118,819 SILVER AVE SW,Albuquerque,New Mexico,19056,1127.5,Bernalillo,50092.0,35.08116,-106.64636,75,176,24,29671
87120,300000.0,3,2,1658,4217 HILLSPIRE AVE NW,Albuquerque,New Mexico,66118,442.9,Bernalillo,98519.0,35.14097,-106.76522,75,176,24,30251
87123,495000.0,4,3,2418,13339 CHACO CLIFF TRL SE,Albuquerque,New Mexico,44162,590.9,Bernalillo,79755.0,35.06206,-106.46991,75,176,24,30484
87102,314000.0,2,1,1120,708 WALTER ST SE,Albuquerque,New Mexico,19056,1127.5,Bernalillo,50092.0,35.08116,-106.64636,75,176,24,29686
87113,270000.0,3,2,1237,6800 VISTA DEL NORTE RD NE APT 2518,Albuquerque,New Mexico,16879,437.8,Bernalillo,114025.0,35.19249,-106.5708,75,176,24,30129
87110,295000.0,3,2,1685,2913 CALIFORNIA ST NE,Albuquerque,New Mexico,40307,1774.2,Bernalillo,80483.0,35.10812,-106.57816,75,176,24,29980
87112,215000.0,3,1,995,10401 MENAUL BLVD NE,Albuquerque,New Mexico,41818,1986.1,Bernalillo,80731.0,35.10093,-106.51622,75,176,24,30100
87123,369500.0,3,2,1765,13000 NANDINA WAY SE,Albuquerque,New Mexico,44162,590.9,Bernalillo,79755.0,35.06206,-106.46991,75,176,24,30494
87106,556936.0,1,1,1856,421 HARVARD DR SE,Albuquerque,New Mexico,25844,278.6,Bernalillo,75283.0,35.00818,-106.61185,75,176,24,29759
87121,269900.0,3,2,1684,9104 SAN NICHOLAS AVE NW,Albuquerque,New Mexico,75378,86.4,Bernalillo,66128.0,35.01031,-106.87816,75,176,24,30430
87107,589000.0,2,1,2970,3604 BRYN MAWR DR NE,Albuquerque,New Mexico,27981,737.6,Bernalillo,85532.0,35.13747,-106.64363,75,176,24,29796
87104,380000.0,2,2,1765,2409 NORTHWEST CIR NW,Albuquerque,New Mexico,13468,1237.5,Bernalillo,95522.0,35.10278,-106.67492,75,176,24,29709
87105,175000.0,3,2,949,233 LA VIDA NUEVA DEL OESTE SW,Albuquerque,New Mexico,54138,520.4,Bernalillo,61862.0,34.99512,-106.68644,75,176,24,29744
87110,389900.0,3,3,1956,3216 LYKES DR NE,Albuquerque,New Mexico,40307,1774.2,Bernalillo,80483.0,35.10812,-106.57816,75,176,24,29952
87106,450000.0,4,2,2273,1017 GIRARD BLVD NE,Albuquerque,New Mexico,25844,278.6,Bernalillo,75283.0,35.00818,-106.61185,75,176,24,29757
87114,395000.0,4,3,2272,7024 HAWKWATCH RD NW,Albuquerque,New Mexico,69717,1285.7,Bernalillo,96944.0,35.19718,-106.68216,75,176,24,30175
87114,395000.0,4,3,2620,7224 HEARTHSTONE RD NW,Albuquerque,New Mexico,69717,1285.7,Bernalillo,96944.0,35.19718,-106.68216,75,176,24,30218
87114,315000.0,3,2,1711,10229 KEEPING DR NW,Albuquerque,New Mexico,69717,1285.7,Bernalillo,96944.0,35.19718,-106.68216,75,176,24,30197
87110,215000.0,3,1,1024,3005 MONTCLAIRE DR NE,Albuquerque,New Mexico,40307,1774.2,Bernalillo,80483.0,35.10812,-106.57816,75,176,24,29968
87102,318000.0,2,2,950,716 WALTER ST SE,Albuquerque,New Mexico,19056,1127.5,Bernalillo,50092.0,35.08116,-106.64636,75,176,24,29675
87122,1025000.0,4,3,3937,1548 EAGLE RIDGE LN NE,Albuquerque,New Mexico,18022,320.8,Bernalillo,199446.0,35.18685,-106.48827,75,176,24,30448
87108,525000.0,4,3,1749,433 MONTCLAIRE DR NE,Albuquerque,New Mexico,36433,2393.1,Bernalillo,55047.0,35.07235,-106.57835,75,176,24,29849
87121,275000.0,3,2,1500,9109 SCHOONER RD NW,Albuquerque,New Mexico,75378,86.4,Bernalillo,66128.0,35.01031,-106.87816,75,176,24,30439
87105,700000.0,3,4,2554,5838 ISLETA BLVD SW,Albuquerque,New Mexico,54138,520.4,Bernalillo,61862.0,34.99512,-106.68644,75,176,24,29727
87123,640000.0,3,2,3205,1011 MAVERICK CT SE,Albuquerque,New Mexico,44162,590.9,Bernalillo,79755.0,35.06206,-106.46991,75,176,24,30542
87114,480000.0,4,3,2522,9528 BENTON ST NW,Albuquerque,New Mexico,69717,1285.7,Bernalillo,96944.0,35.19718,-106.68216,75,176,24,30152
87102,240000.0,4,2,2156,2001 EDITH BLVD SE,Albuquerque,New Mexico,19056,1127.5,Bernalillo,50092.0,35.08116,-106.64636,75,176,24,29695
87107,325000.0,3,2,1315,4508 10TH ST NW,Albuquerque,New Mexico,27981,737.6,Bernalillo,85532.0,35.13747,-106.64363,75,176,24,29833
87123,424900.0,3,2,1373,2001 MAYWOOD DR SE,Albuquerque,New Mexico,44162,590.9,Bernalillo,79755.0,35.06206,-106.46991,75,176,24,30513
87109,340000.0,3,2,1582,8012 ARGYLE AVE NE,Albuquerque,New Mexico,40249,1556.7,Bernalillo,76565.0,35.15285,-106.57543,75,176,24,29917
87123,269000.0,2,2,1148,10709 CLYBURN PARK DR NE,Albuquerque,New Mexico,44162,590.9,Bernalillo,79755.0,35.06206,-106.46991,75,176,24,30512
87120,465000.0,5,3,2992,5912 LEGENDS AVE NW,Albuquerque,New Mexico,66118,442.9,Bernalillo,98519.0,35.14097,-106.76522,75,176,24,30336
87123,275000.0,3,2,1493,613 JANE ST NE,Albuquerque,New Mexico,44162,590.9,Bernalillo,79755.0,35.06206,-106.46991,75,176,24,30493
87110,325000.0,3,2,1586,817 QUINCY ST NE,Albuquerque,New Mexico,40307,1774.2,Bernalillo,80483.0,35.10812,-106.57816,75,176,24,29931
87106,365000.0,3,2,1861,5712 STRAND LOOP SE,Albuquerque,New Mexico,25844,278.6,Bernalillo,75283.0,35.00818,-106.61185,75,176,24,29780
87122,710000.0,3,3,2520,698 BLUEBIRD LN NE,Albuquerque,New Mexico,18022,320.8,Bernalillo,199446.0,35.18685,-106.48827,75,176,24,30450
87120,542482.0,3,2,2002,8301 TOLKIEN LANE NW,Albuquerque,New Mexico,66118,442.9,Bernalillo,98519.0,35.14097,-106.76522,75,176,24,30273
87120,389900.0,3,3,2217,4536 SAMARA RD NW,Albuquerque,New Mexico,66118,442.9,Bernalillo,98519.0,35.14097,-106.76522,75,176,24,30300
87110,350000.0,3,2,1920,7724 MCKNIGHT AVE NE,Albuquerque,New Mexico,40307,1774.2,Bernalillo,80483.0,35.10812,-106.57816,75,176,24,29970
87114,530000.0,4,3,2748,10534 OLYMPIC ST NW,Albuquerque,New Mexico,69717,1285.7,Bernalillo,96944.0,35.19718,-106.68216,75,176,24,30191
87121,270000.0,3,2,1505,9110 STARBOARD RD NW,Albuquerque,New Mexico,75378,86.4,Bernalillo,66128.0,35.01031,-106.87816,75,176,24,30434
87120,785000.0,4,4,2818,6308 PIMA DR NW,Albuquerque,New Mexico,66118,442.9,Bernalillo,98519.0,35.14097,-106.76522,75,176,24,30259
87123,310000.0,3,2,1509,12803 EDWARDS CT NE,Albuquerque,New Mexico,44162,590.9,Bernalillo,79755.0,35.06206,-106.46991,75,176,24,30483
87112,330000.0,4,2,1969,1621 ROBERT DALE DR NE,Albuquerque,New Mexico,41818,1986.1,Bernalillo,80731.0,35.10093,-106.51622,75,176,24,30055
87110,310000.0,3,2,1870,5417 EL ENCANTO PL NE,Albuquerque,New Mexico,40307,1774.2,Bernalillo,80483.0,35.10812,-106.57816,75,176,24,29958
87114,451910.0,4,4,2180,7415 SANDMARK RD NW,Albuquerque,New Mexico,69717,1285.7,Bernalillo,96944.0,35.19718,-106.68216,75,176,24,30203
87121,249900.0,3,2,1171,1532 FOX HILL PL SW,Albuquerque,New Mexico,75378,86.4,Bernalillo,66128.0,35.01031,-106.87816,75,176,24,30350
87120,280000.0,3,2,1574,3216 PAINTED ROCK DR NW,Albuquerque,New Mexico,66118,442.9,Bernalillo,98519.0,35.14097,-106.76522,75,176,24,30342
87110,279000.0,3,2,1272,4208 SAN ANDRES AVE NE,Albuquerque,New Mexico,40307,1774.2,Bernalillo,80483.0,35.10812,-106.57816,75,176,24,29972
87105,235000.0,3,2,1200,2316 GRIFFIN RD SW,Albuquerque,New Mexico,54138,520.4,Bernalillo,61862.0,34.99512,-106.68644,75,176,24,29714
87120,340000.0,3,3,2063,8223 MEADOWBROOK AVE NW,Albuquerque,New Mexico,66118,442.9,Bernalillo,98519.0,35.14097,-106.76522,75,176,24,30327
87114,339999.0,4,3,2197,5505 MONTEREY COVE AVE NW,Albuquerque,New Mexico,69717,1285.7,Bernalillo,96944.0,35.19718,-106.68216,75,176,24,30172
87120,309900.0,2,2,1213,8405 WILD DUNES RD NW,Albuquerque,New Mexico,66118,442.9,Bernalillo,98519.0,35.14097,-106.76522,75,176,24,30241
87121,295000.0,3,2,1502,6620 HONEYLOCUST AVE NW,Albuquerque,New Mexico,75378,86.4,Bernalillo,66128.0,35.01031,-106.87816,75,176,24,30422
87112,335000.0,3,2,1621,10817 CORDOVA AVE NE,Albuquerque,New Mexico,41818,1986.1,Bernalillo,80731.0,35.10093,-106.51622,75,176,24,30110
87108,265000.0,2,2,1464,412 GROVE ST SE,Albuquerque,New Mexico,36433,2393.1,Bernalillo,55047.0,35.07235,-106.57835,75,176,24,29865
87102,559000.0,3,3,2531,202 EDITH BLVD NE,Albuquerque,New Mexico,19056,1127.5,Bernalillo,50092.0,35.08116,-106.64636,75,176,24,29678
87112,299900.0,3,2,1308,11005 APACHE AVE NE,Albuquerque,New Mexico,41818,1986.1,Bernalillo,80731.0,35.10093,-106.51622,75,176,24,30109
87109,374000.0,2,2,1890,7515 QUEMADO CT NE,Albuquerque,New Mexico,40249,1556.7,Bernalillo,76565.0,35.15285,-106.57543,75,176,24,29896
87114,397000.0,4,3,2705,6819 LA ROCCA RD NW,Albuquerque,New Mexico,69717,1285.7,Bernalillo,96944.0,35.19718,-106.68216,75,176,24,30228
87114,435000.0,4,2,2259,9825 CHANTILLY RD NW,Albuquerque,New Mexico,69717,1285.7,Bernalillo,96944.0,35.19718,-106.68216,75,176,24,30229
87108,5349113.0,1,1,33000,419 MONROE ST NE,Albuquerque,New Mexico,36433,2393.1,Bernalillo,55047.0,35.07235,-106.57835,75,176,24,29880
87122,1799000.0,5,6,5955,11921 HOLLY AVE NE,Albuquerque,New Mexico,18022,320.8,Bernalillo,199446.0,35.18685,-106.48827,75,176,24,30443
87114,499000.0,3,3,2017,7920 MATARO RD NW,Albuquerque,New Mexico,69717,1285.7,Bernalillo,96944.0,35.19718,-106.68216,75,176,24,30206
87109,687000.0,6,4,3914,7112 WHITEWOOD CT NE,Albuquerque,New Mexico,40249,1556.7,Bernalillo,76565.0,35.15285,-106.57543,75,176,24,29907
87114,287000.0,3,2,1369,6116 RED ROCK PARK NW,Albuquerque,New Mexico,69717,1285.7,Bernalillo,96944.0,35.19718,-106.68216,75,176,24,30185
87107,200000.0,3,1,1078,3001 EDITH BLVD NE,Albuquerque,New Mexico,27981,737.6,Bernalillo,85532.0,35.13747,-106.64363,75,176,24,29816
87109,200000.0,2,2,1022,6019 MCKINNEY DR NE,Albuquerque,New Mexico,40249,1556.7,Bernalillo,76565.0,35.15285,-106.57543,75,176,24,29903
87123,310000.0,2,2,1193,824 HOPE PL NE,Albuquerque,New Mexico,44162,590.9,Bernalillo,79755.0,35.06206,-106.46991,75,176,24,30525
87107,669000.0,4,4,2707,6015 GUADALUPE TRL NW,Albuquerque,New Mexico,27981,737.6,Bernalillo,85532.0,35.13747,-106.64363,75,176,24,29822
87123,335000.0,3,2,1583,10828 JEWEL CAVE RD SE,Albuquerque,New Mexico,44162,590.9,Bernalillo,79755.0,35.06206,-106.46991,75,176,24,30532
87114,350000.0,4,2,2050,5112 JUSTIN DR NW,Albuquerque,New Mexico,69717,1285.7,Bernalillo,96944.0,35.19718,-106.68216,75,176,24,30148
87107,429000.0,3,2,1878,701 FITZGERALD RD NW,Albuquerque,New Mexico,27981,737.6,Bernalillo,85532.0,35.13747,-106.64363,75,176,24,29814
87102,265000.0,3,2,1386,312 CROMWELL AVE SW,Albuquerque,New Mexico,19056,1127.5,Bernalillo,50092.0,35.08116,-106.64636,75,176,24,29681
87105,180000.0,1,1,674,1717 DELUVINA DR SW,Albuquerque,New Mexico,54138,520.4,Bernalillo,61862.0,34.99512,-106.68644,75,176,24,29722
87121,335590.0,3,2,1519,10634 SAVOYA LANE SW,Albuquerque,New Mexico,75378,86.4,Bernalillo,66128.0,35.01031,-106.87816,75,176,24,30441
87120,315000.0,3,2,1493,6609 MESA MARIPOSA PL NW,Albuquerque,New Mexico,66118,442.9,Bernalillo,98519.0,35.14097,-106.76522,75,176,24,30268
87110,330000.0,3,3,1877,4409 PALO DURO AVE NE,Albuquerque,New Mexico,40307,1774.2,Bernalillo,80483.0,35.10812,-106.57816,75,176,24,29954
87109,525000.0,4,3,2555,7517 LA MADERA RD NE,Albuquerque,New Mexico,40249,1556.7,Bernalillo,76565.0,35.15285,-106.57543,75,176,24,29919
87114,270000.0,3,2,1345,6119 PARK HILL AVE NW,Albuquerque,New Mexico,69717,1285.7,Bernalillo,96944.0,35.19718,-106.68216,75,176,24,30192
87110,324900.0,3,2,1300,7723 EUCLID AVE NE,Albuquerque,New Mexico,40307,1774.2,Bernalillo,80483.0,35.10812,-106.57816,75,176,24,29942
87121,175000.0,3,2,1263,9741 WESTBOUND AVE SW,Albuquerque,New Mexico,75378,86.4,Bernalillo,66128.0,35.01031,-106.87816,75,176,24,30428
87107,1695000.0,5,5,6559,1600 PADRE ROBERTO RD NW,Albuquerque,New Mexico,27981,737.6,Bernalillo,85532.0,35.13747,-106.64363,75,176,24,29803
87114,899900.0,3,3,2282,1118 EL PUEBLO RD NW,Albuquerque,New Mexico,69717,1285.7,Bernalillo,96944.0,35.19718,-106.68216,75,176,24,30171
87107,215000.0,2,2,1097,703 MENAUL BLVD NW,Albuquerque,New Mexico,27981,737.6,Bernalillo,85532.0,35.13747,-106.64363,75,176,24,29826
87110,409900.0,3,3,1860,7013 BELLROSE AVE NE,Albuquerque,New Mexico,40307,1774.2,Bernalillo,80483.0,35.10812,-106.57816,75,176,24,29947
87121,265000.0,3,2,1164,8527 SPRING SAGE RD SW,Albuquerque,New Mexico,75378,86.4,Bernalillo,66128.0,35.01031,-106.87816,75,176,24,30403
87108,390000.0,3,3,1918,208 ALISO DR SE,Albuquerque,New Mexico,36433,2393.1,Bernalillo,55047.0,35.07235,-106.57835,75,176,24,29868
87110,325000.0,3,3,1936,1000 ESPANOLA ST NE,Albuquerque,New Mexico,40307,1774.2,Bernalillo,80483.0,35.10812,-106.57816,75,176,24,29957
87107,363109.0,4,2,1549,351 SAN CLEMENTE AVE NW,Albuquerque,New Mexico,27981,737.6,Bernalillo,85532.0,35.13747,-106.64363,75,176,24,29843
87107,250000.0,3,2,1538,4449 3RD ST NW,Albuquerque,New Mexico,27981,737.6,Bernalillo,85532.0,35.13747,-106.64363,75,176,24,29839
87111,450000.0,4,2,1928,11208 KIELICH AVE NE,Albuquerque,New Mexico,57518,1748.6,Bernalillo,109573.0,35.13824,-106.51589,75,176,24,30028
87120,310000.0,3,3,1789,5206 DESERT SAND PL NW,Albuquerque,New Mexico,66118,442.9,Bernalillo,98519.0,35.14097,-106.76522,75,176,24,30302
87120,624900.0,6,4,3746,1820 ABO CANYON DR NW,Albuquerque,New Mexico,66118,442.9,Bernalillo,98519.0,35.14097,-106.76522,75,176,24,30285
87110,150000.0,2,1,885,1601 PENNSYLVANIA ST NE UNIT X14,Albuquerque,New Mexico,40307,1774.2,Bernalillo,80483.0,35.10812,-106.57816,75,176,24,29950
87106,1025000.0,5,4,5737,3301 SAN RAFAEL AVE SE,Albuquerque,New Mexico,25844,278.6,Bernalillo,75283.0,35.00818,-106.61185,75,176,24,29771
87105,235000.0,3,2,1199,1812 ROSITA PL SW,Albuquerque,New Mexico,54138,520.4,Bernalillo,61862.0,34.99512,-106.68644,75,176,24,29712
87108,215000.0,2,1,1452,428 GROVE ST SE # 1,Albuquerque,New Mexico,36433,2393.1,Bernalillo,55047.0,35.07235,-106.57835,75,176,24,29853
87122,595000.0,4,3,2718,7909 R C GORMAN AVE NE,Albuquerque,New Mexico,18022,320.8,Bernalillo,199446.0,35.18685,-106.48827,75,176,24,30461
87108,400000.0,3,2,1522,425 MONTCLAIRE DR SE,Albuquerque,New Mexico,36433,2393.1,Bernalillo,55047.0,35.07235,-106.57835,75,176,24,29878
87107,350000.0,3,2,1385,108 PEQUENO RD NW,Albuquerque,New Mexico,27981,737.6,Bernalillo,85532.0,35.13747,-106.64363,75,176,24,29838
87107,280000.0,3,2,1598,1416 SAN CLEMENTE AVE NW,Albuquerque,New Mexico,27981,737.6,Bernalillo,85532.0,35.13747,-106.64363,75,176,24,29844
87112,510000.0,2,1,3580,12125 MENAUL BLVD NE,Albuquerque,New Mexico,41818,1986.1,Bernalillo,80731.0,35.10093,-106.51622,75,176,24,30083
87120,715000.0,3,3,2360,3900 ALAMOGORDO DR NW,Albuquerque,New Mexico,66118,442.9,Bernalillo,98519.0,35.14097,-106.76522,75,176,24,30333
87114,365000.0,3,3,2002,10523 TRIESTE CT NW,Albuquerque,New Mexico,69717,1285.7,Bernalillo,96944.0,35.19718,-106.68216,75,176,24,30181
87121,351644.0,4,3,2090,9524 SAGE RANCH CT SW,Albuquerque,New Mexico,75378,86.4,Bernalillo,66128.0,35.01031,-106.87816,75,176,24,30359
87122,849000.0,3,4,3346,1465 BLUEBELL DR NE,Albuquerque,New Mexico,18022,320.8,Bernalillo,199446.0,35.18685,-106.48827,75,176,24,30478
87105,307000.0,3,2,1418,1620 GARDEN WAY SW,Albuquerque,New Mexico,54138,520.4,Bernalillo,61862.0,34.99512,-106.68644,75,176,24,29723
87111,765000.0,4,3,3650,9707 GREENBRIER RD NE,Albuquerque,New Mexico,57518,1748.6,Bernalillo,109573.0,35.13824,-106.51589,75,176,24,30002
87120,349000.0,3,3,2169,5119 MIRADOR DR NW,Albuquerque,New Mexico,66118,442.9,Bernalillo,98519.0,35.14097,-106.76522,75,176,24,30243
87121,219000.0,3,3,1482,9415 RHONDA AVE SW,Albuquerque,New Mexico,75378,86.4,Bernalillo,66128.0,35.01031,-106.87816,75,176,24,30343
87102,250000.0,3,1,1017,1802 EDITH BLVD SE,Albuquerque,New Mexico,19056,1127.5,Bernalillo,50092.0,35.08116,-106.64636,75,176,24,29680
87107,280000.0,2,1,1100,3939 RIO GRANDE BLVD NW UNIT 73,Albuquerque,New Mexico,27981,737.6,Bernalillo,85532.0,35.13747,-106.64363,75,176,24,29812
87114,320000.0,4,2,1553,5204 RIVER RIDGE AVE NW,Albuquerque,New Mexico,69717,1285.7,Bernalillo,96944.0,35.19718,-106.68216,75,176,24,30220
87104,280000.0,3,2,1423,2428 ROSE AVE NW,Albuquerque,New Mexico,13468,1237.5,Bernalillo,95522.0,35.10278,-106.67492,75,176,24,29700
87112,292500.0,3,2,1618,2108 GRETTA ST NE,Albuquerque,New Mexico,41818,1986.1,Bernalillo,80731.0,35.10093,-106.51622,75,176,24,30108
87112,349900.0,4,3,1943,9204 CRESTWOOD AVE NE,Albuquerque,New Mexico,41818,1986.1,Bernalillo,80731.0,35.10093,-106.51622,75,176,24,30081
87114,469000.0,3,3,2431,4600 ALLEGHENY CT NW,Albuquerque,New Mexico,69717,1285.7,Bernalillo,96944.0,35.19718,-106.68216,75,176,24,30199
87114,329900.0,4,2,1682,6812 PAESE PL NW,Albuquerque,New Mexico,69717,1285.7,Bernalillo,96944.0,35.19718,-106.68216,75,176,24,30183
87120,429500.0,2,2,1671,1805 PEBBLE CREEK TRL NW,Albuquerque,New Mexico,66118,442.9,Bernalillo,98519.0,35.14097,-106.76522,75,176,24,30276
87106,850000.0,1,1,2265,311 STANFORD DR SE,Albuquerque,New Mexico,25844,278.6,Bernalillo,75283.0,35.00818,-106.61185,75,176,24,29774
87121,313490.0,3,2,1289,10635 SAVOYA LANE SW,Albuquerque,New Mexico,75378,86.4,Bernalillo,66128.0,35.01031,-106.87816,75,176,24,30384
87112,300000.0,3,2,1435,9908 CLAREMONT AVE NE,Albuquerque,New Mexico,41818,1986.1,Bernalillo,80731.0,35.10093,-106.51622,75,176,24,30061
87114,425000.0,4,3,2923,9605 RED RIVER CT NW,Albuquerque,New Mexico,69717,1285.7,Bernalillo,96944.0,35.19718,-106.68216,75,176,24,30186
87114,329000.0,3,2,1594,9208 SAGUARO ST NW,Albuquerque,New Mexico,69717,1285.7,Bernalillo,96944.0,35.19718,-106.68216,75,176,24,30223
87122,650000.0,4,2,2619,8401 POPE VALLEY DR NE,Albuquerque,New Mexico,18022,320.8,Bernalillo,199446.0,35.18685,-106.48827,75,176,24,30457
87106,507277.0,3,3,2164,2404 OKEEFE AVE SE,Albuquerque,New Mexico,25844,278.6,Bernalillo,75283.0,35.00818,-106.61185,75,176,24,29783
87106,409000.0,2,2,1700,3028 DELANO PL NE,Albuquerque,New Mexico,25844,278.6,Bernalillo,75283.0,35.00818,-106.61185,75,176,24,29782
87123,550000.0,3,2,2126,804 KIVA DR SE,Albuquerque,New Mexico,44162,590.9,Bernalillo,79755.0,35.06206,-106.46991,75,176,24,30520
87114,975000.0,3,3,2352,1024 EL PUEBLO RD NW,Albuquerque,New Mexico,69717,1285.7,Bernalillo,96944.0,35.19718,-106.68216,75,176,24,30217
87120,397000.0,3,3,2003,6329 VISTA DEL BOSQUE DR NW,Albuquerque,New Mexico,66118,442.9,Bernalillo,98519.0,35.14097,-106.76522,75,176,24,30244
87120,550000.0,4,3,2947,8008 HARRISONBURG CT NW,Albuquerque,New Mexico,66118,442.9,Bernalillo,98519.0,35.14097,-106.76522,75,176,24,30294
87121,336590.0,4,2,1602,10643 SAVOYA LANE SW,Albuquerque,New Mexico,75378,86.4,Bernalillo,66128.0,35.01031,-106.87816,75,176,24,30371
87110,313000.0,3,2,1684,5925 CANDELARIA RD NE,Albuquerque,New Mexico,40307,1774.2,Bernalillo,80483.0,35.10812,-106.57816,75,176,24,29973
87105,320000.0,3,2,1534,167 RIVERSIDE DR SW,Albuquerque,New Mexico,54138,520.4,Bernalillo,61862.0,34.99512,-106.68644,75,176,24,29735
87112,369900.0,3,2,1646,12344 CLAREMONT AVE NE,Albuquerque,New Mexico,41818,1986.1,Bernalillo,80731.0,35.10093,-106.51622,75,176,24,30079
87109,100000.0,2,2,1323,7112 PAN AMERICAN EAST FWY NE UNIT 132,Albuquerque,New Mexico,40249,1556.7,Bernalillo,76565.0,35.15285,-106.57543,75,176,24,29911
87120,315000.0,4,2,1475,2709 LOS TRETOS ST NW,Albuquerque,New Mexico,66118,442.9,Bernalillo,98519.0,35.14097,-106.76522,75,176,24,30242
87107,575000.0,3,3,2641,3838 PEDRONCELLI RD NW,Albuquerque,New Mexico,27981,737.6,Bernalillo,85532.0,35.13747,-106.64363,75,176,24,29789
87121,359526.0,4,3,2090,9628 SAGE RANCH CT SW,Albuquerque,New Mexico,75378,86.4,Bernalillo,66128.0,35.01031,-106.87816,75,176,24,30365
87107,250000.0,2,2,1564,300 LOS RANCHOS RD NW,Albuquerque,New Mexico,27981,737.6,Bernalillo,85532.0,35.13747,-106.64363,75,176,24,29810
87122,475000.0,2,2,1629,8832 DESERT FOX WAY NE,Albuquerque,New Mexico,18022,320.8,Bernalillo,199446.0,35.18685,-106.48827,75,176,24,30444
87121,200000.0,3,2,1020,416 SAINT JAMES PL SW,Albuquerque,New Mexico,75378,86.4,Bernalillo,66128.0,35.01031,-106.87816,75,176,24,30351
87114,400000.0,3,3,2236,8100 VENTANA AZUL AVE NW,Albuquerque,New Mexico,69717,1285.7,Bernalillo,96944.0,35.19718,-106.68216,75,176,24,30234
87109,350000.0,3,2,2498,6837 LUELLA ANNE CT NE,Albuquerque,New Mexico,40249,1556.7,Bernalillo,76565.0,35.15285,-106.57543,75,176,24,29906
87106,84900.0,1,1,490,2800 VAIL AVE SE UNIT 183,Albuquerque,New Mexico,25844,278.6,Bernalillo,75283.0,35.00818,-106.61185,75,176,24,29756
87111,385000.0,3,2,1652,4913 BASIN ST NE,Albuquerque,New Mexico,57518,1748.6,Bernalillo,109573.0,35.13824,-106.51589,75,176,24,30005
87110,399900.0,4,3,1845,3130 CAROLINA ST NE,Albuquerque,New Mexico,40307,1774.2,Bernalillo,80483.0,35.10812,-106.57816,75,176,24,29971
87120,1150000.0,4,3,3601,3648 VISTA GRANDE DR NW,Albuquerque,New Mexico,66118,442.9,Bernalillo,98519.0,35.14097,-106.76522,75,176,24,30303
87111,400000.0,3,2,1722,5605 CHELWOOD PARK BLVD NE,Albuquerque,New Mexico,57518,1748.6,Bernalillo,109573.0,35.13824,-106.51589,75,176,24,30011
87120,299900.0,3,2,1543,5705 STILL BROOKE AVE NW,Albuquerque,New Mexico,66118,442.9,Bernalillo,98519.0,35.14097,-106.76522,75,176,24,30279
87112,378775.0,3,2,1788,12337 LOS ARBOLES AVE NE,Albuquerque,New Mexico,41818,1986.1,Bernalillo,80731.0,35.10093,-106.51622,75,176,24,30106
87112,540000.0,2,2,3353,2924 PALO VERDE DR NE,Albuquerque,New Mexico,41818,1986.1,Bernalillo,80731.0,35.10093,-106.51622,75,176,24,30117
87120,329762.0,3,3,1671,1705 VASILION PL NW,Albuquerque,New Mexico,66118,442.9,Bernalillo,98519.0,35.14097,-106.76522,75,176,24,30325
87121,380090.0,4,3,1883,10675 SAVOYA LANE SW,Albuquerque,New Mexico,75378,86.4,Bernalillo,66128.0,35.01031,-106.87816,75,176,24,30344
87113,200000.0,3,2,1352,8428 CREEK ST NE,Albuquerque,New Mexico,16879,437.8,Bernalillo,114025.0,35.19249,-106.5708,75,176,24,30132
87114,315000.0,4,3,2150,10509 SUPERNOVA ST NW,Albuquerque,New Mexico,69717,1285.7,Bernalillo,96944.0,35.19718,-106.68216,75,176,24,30227
87121,316490.0,3,2,1289,10647 SAVOYA LANE SW,Albuquerque,New Mexico,75378,86.4,Bernalillo,66128.0,35.01031,-106.87816,75,176,24,30369
87120,300000.0,3,2,1533,6705 LAMAR AVE NW,Albuquerque,New Mexico,66118,442.9,Bernalillo,98519.0,35.14097,-106.76522,75,176,24,30315
87106,880000.0,3,3,2680,117 TULANE DR NE,Albuquerque,New Mexico,25844,278.6,Bernalillo,75283.0,35.00818,-106.61185,75,176,24,29772
87105,175000.0,2,1,796,1702 HARZMAN RD SW,Albuquerque,New Mexico,54138,520.4,Bernalillo,61862.0,34.99512,-106.68644,75,176,24,29717
87112,490000.0,3,2,2378,12417 CHELWOOD CT NE,Albuquerque,New Mexico,41818,1986.1,Bernalillo,80731.0,35.10093,-106.51622,75,176,24,30066
87120,370000.0,3,2,1822,3501 JAL PL NW,Albuquerque,New Mexico,66118,442.9,Bernalillo,98519.0,35.14097,-106.76522,75,176,24,30271
87111,1000000.0,4,3,4125,11108 DOUBLE EAGLE NE,Albuquerque,New Mexico,57518,1748.6,Bernalillo,109573.0,35.13824,-106.51589,75,176,24,30049
87114,499000.0,4,3,2531,4205 STOWE RD NW,Albuquerque,New Mexico,69717,1285.7,Bernalillo,96944.0,35.19718,-106.68216,75,176,24,30149
87110,459000.0,2,1,2523,4405 DOUGLAS MACARTHUR RD NE,Albuquerque,New Mexico,40307,1774.2,Bernalillo,80483.0,35.10812,-106.57816,75,176,24,29976
87111,700000.0,4,3,2539,6519 DAWN VIEW DR NE,Albuquerque,New Mexico,57518,1748.6,Bernalillo,109573.0,35.13824,-106.51589,75,176,24,30037
87111,550000.0,3,3,2779,5608 FULTON CT NE,Albuquerque,New Mexico,57518,1748.6,Bernalillo,109573.0,35.13824,-106.51589,75,176,24,30024
87122,950000.0,5,3,3285,12096 IRISH MIST RD NE,Albuquerque,New Mexico,18022,320.8,Bernalillo,199446.0,35.18685,-106.48827,75,176,24,30447
87109,585000.0,4,3,2400,9616 SAN BERNARDINO AVE NE,Albuquerque,New Mexico,40249,1556.7,Bernalillo,76565.0,35.15285,-106.57543,75,176,24,29888
87106,435000.0,3,2,1611,122 DARTMOUTH DR SE,Albuquerque,New Mexico,25844,278.6,Bernalillo,75283.0,35.00818,-106.61185,75,176,24,29767
87122,885000.0,4,4,3294,12305 RANCHITOS RD NE,Albuquerque,New Mexico,18022,320.8,Bernalillo,199446.0,35.18685,-106.48827,75,176,24,30466
87110,265000.0,3,1,1909,2133 VALENCIA DR NE,Albuquerque,New Mexico,40307,1774.2,Bernalillo,80483.0,35.10812,-106.57816,75,176,24,29946
87114,645000.0,5,5,2918,214 NICO TRL NW,Albuquerque,New Mexico,69717,1285.7,Bernalillo,96944.0,35.19718,-106.68216,75,176,24,30230
87114,394900.0,4,3,2502,10900 SANDMAN DR NW,Albuquerque,New Mexico,69717,1285.7,Bernalillo,96944.0,35.19718,-106.68216,75,176,24,30188
87105,230000.0,2,1,1014,1521 DENNISON RD SW,Albuquerque,New Mexico,54138,520.4,Bernalillo,61862.0,34.99512,-106.68644,75,176,24,29725
87120,579000.0,3,2,2035,9328 WOOD CREEK LN NW,Albuquerque,New Mexico,66118,442.9,Bernalillo,98519.0,35.14097,-106.76522,75,176,24,30334
87120,699000.0,4,4,3390,12236 BEAR VALLEY LN NW,Albuquerque,New Mexico,66118,442.9,Bernalillo,98519.0,35.14097,-106.76522,75,176,24,30317
87114,426810.0,4,2,1907,7360 REDBLOOM RD NW,Albuquerque,New Mexico,69717,1285.7,Bernalillo,96944.0,35.19718,-106.68216,75,176,24,30209
87120,349900.0,3,3,2256,3008 CORONA DR NW,Albuquerque,New Mexico,66118,442.9,Bernalillo,98519.0,35.14097,-106.76522,75,176,24,30324
87114,446567.0,5,3,2834,6336 CALLE TESORO NW,Albuquerque,New Mexico,69717,1285.7,Bernalillo,96944.0,35.19718,-106.68216,75,176,24,30207
87121,260000.0,3,2,1026,7408 RAINMAKER RD SW,Albuquerque,New Mexico,75378,86.4,Bernalillo,66128.0,35.01031,-106.87816,75,176,24,30421
87123,245000.0,4,2,1958,312 ESPEJO ST NE,Albuquerque,New Mexico,44162,590.9,Bernalillo,79755.0,35.06206,-106.46991,75,176,24,30502
87114,325000.0,4,2,1793,10809 STONEBROOK PL NW,Albuquerque,New Mexico,69717,1285.7,Bernalillo,96944.0,35.19718,-106.68216,75,176,24,30161
87108,448000.0,3,2,2754,1312 KENTUCKY ST SE,Albuquerque,New Mexico,36433,2393.1,Bernalillo,55047.0,35.07235,-106.57835,75,176,24,29860
87110,314900.0,3,2,1402,5802 HANNETT AVE NE,Albuquerque,New Mexico,40307,1774.2,Bernalillo,80483.0,35.10812,-106.57816,75,176,24,29959
87112,256000.0,4,2,1385,1409 JUNE ST NE,Albuquerque,New Mexico,41818,1986.1,Bernalillo,80731.0,35.10093,-106.51622,75,176,24,30084
87111,414900.0,3,2,2129,5414 EDWARDS DR NE,Albuquerque,New Mexico,57518,1748.6,Bernalillo,109573.0,35.13824,-106.51589,75,176,24,29988
87112,280000.0,3,3,2246,59 WESTLAKE DR NE,Albuquerque,New Mexico,41818,1986.1,Bernalillo,80731.0,35.10093,-106.51622,75,176,24,30120
87112,499000.0,5,3,2900,2404 SANDLER DR NE,Albuquerque,New Mexico,41818,1986.1,Bernalillo,80731.0,35.10093,-106.51622,75,176,24,30103
87120,307000.0,4,2,1674,2509 LOS COMPADRES ST NW,Albuquerque,New Mexico,66118,442.9,Bernalillo,98519.0,35.14097,-106.76522,75,176,24,30249
87114,1499000.0,3,4,3450,9508 LYNDALE LN NW,Albuquerque,New Mexico,69717,1285.7,Bernalillo,96944.0,35.19718,-106.68216,75,176,24,30166
87110,319000.0,2,1,900,5312 MOUNTAIN RD NE,Albuquerque,New Mexico,40307,1774.2,Bernalillo,80483.0,35.10812,-106.57816,75,176,24,29930
87114,300000.0,3,2,1400,10431 NAPOLI PL NW,Albuquerque,New Mexico,69717,1285.7,Bernalillo,96944.0,35.19718,-106.68216,75,176,24,30196
87108,735000.0,4,4,3594,810 CARLISLE PL SE,Albuquerque,New Mexico,36433,2393.1,Bernalillo,55047.0,35.07235,-106.57835,75,176,24,29863
87113,400000.0,3,3,1724,7105 AQUA MARINE RD NE,Albuquerque,New Mexico,16879,437.8,Bernalillo,114025.0,35.19249,-106.5708,75,176,24,30141
87111,190000.0,2,2,1058,3501 JUAN TABO BLVD NE UNIT C7,Albuquerque,New Mexico,57518,1748.6,Bernalillo,109573.0,35.13824,-106.51589,75,176,24,30040
87105,190000.0,1,2,1000,1202 BRIDGE BLVD SW,Albuquerque,New Mexico,54138,520.4,Bernalillo,61862.0,34.99512,-106.68644,75,176,24,29737
87120,599900.0,2,2,2208,2328 GRANITE MOUNTAIN LOOP NW,Albuquerque,New Mexico,66118,442.9,Bernalillo,98519.0,35.14097,-106.76522,75,176,24,30256
87121,335590.0,3,2,1519,10658 SAVOYA WAY SW,Albuquerque,New Mexico,75378,86.4,Bernalillo,66128.0,35.01031,-106.87816,75,176,24,30396
87122,475000.0,3,3,2251,711 TRAMWAY PL NE # 23,Albuquerque,New Mexico,18022,320.8,Bernalillo,199446.0,35.18685,-106.48827,75,176,24,30458
87123,318900.0,3,2,1761,13008 CHICO RD NE,Albuquerque,New Mexico,44162,590.9,Bernalillo,79755.0,35.06206,-106.46991,75,176,24,30497
87102,369000.0,2,2,1466,423 WALTER ST SE,Albuquerque,New Mexico,19056,1127.5,Bernalillo,50092.0,35.08116,-106.64636,75,176,24,29692
87112,575000.0,4,2,2282,13609 REBONITO CT NE,Albuquerque,New Mexico,41818,1986.1,Bernalillo,80731.0,35.10093,-106.51622,75,176,24,30078
87121,339777.0,4,4,2746,10127 CORRAL GATE LN SW,Albuquerque,New Mexico,75378,86.4,Bernalillo,66128.0,35.01031,-106.87816,75,176,24,30378
87109,285000.0,2,3,1407,7315 NATALIE JANAE LN NE,Albuquerque,New Mexico,40249,1556.7,Bernalillo,76565.0,35.15285,-106.57543,75,176,24,29886
87120,515000.0,3,2,2118,4904 CALLE ESPANA NW,Albuquerque,New Mexico,66118,442.9,Bernalillo,98519.0,35.14097,-106.76522,75,176,24,30332
87109,335000.0,3,2,1761,4200 CONSTANCE PL NE,Albuquerque,New Mexico,40249,1556.7,Bernalillo,76565.0,35.15285,-106.57543,75,176,24,29890
87120,1185000.0,5,4,4224,4809 VALLE RIO TRL NW,Albuquerque,New Mexico,66118,442.9,Bernalillo,98519.0,35.14097,-106.76522,75,176,24,30288
87109,645000.0,4,3,2912,9516 DE VARGAS LOOP NE,Albuquerque,New Mexico,40249,1556.7,Bernalillo,76565.0,35.15285,-106.57543,75,176,24,29902
87109,440000.0,4,2,2310,7008 AVENIDA LA COSTA NE,Albuquerque,New Mexico,40249,1556.7,Bernalillo,76565.0,35.15285,-106.57543,75,176,24,29900
87121,353000.0,4,3,2090,9627 SAGE RANCH CT SW,Albuquerque,New Mexico,75378,86.4,Bernalillo,66128.0,35.01031,-106.87816,75,176,24,30410
87121,330690.0,3,2,1420,10650 SAVOYA LANE SW,Albuquerque,New Mexico,75378,86.4,Bernalillo,66128.0,35.01031,-106.87816,75,176,24,30398
87123,365000.0,4,2,1710,608 GRANITE POINT TRL SE,Albuquerque,New Mexico,44162,590.9,Bernalillo,79755.0,35.06206,-106.46991,75,176,24,30519
87112,300000.0,3,2,1562,1808 KIRBY CT NE,Albuquerque,New Mexico,41818,1986.1,Bernalillo,80731.0,35.10093,-106.51622,75,176,24,30073
87108,1565868.0,1,1,9150,201 MANZANO ST NE,Albuquerque,New Mexico,36433,2393.1,Bernalillo,55047.0,35.07235,-106.57835,75,176,24,29875
87120,370000.0,3,3,1850,4504 SAMARA RD NW,Albuquerque,New Mexico,66118,442.9,Bernalillo,98519.0,35.14097,-106.76522,75,176,24,30258
87105,238500.0,3,2,1114,205 AVALON PL NW,Albuquerque,New Mexico,54138,520.4,Bernalillo,61862.0,34.99512,-106.68644,75,176,24,29724
87122,850000.0,4,3,2930,10750 HOLLY AVE NE,Albuquerque,New Mexico,18022,320.8,Bernalillo,199446.0,35.18685,-106.48827,75,176,24,30460
87121,316490.0,3,2,1289,10634 VALEDON LANE SW,Albuquerque,New Mexico,75378,86.4,Bernalillo,66128.0,35.01031,-106.87816,75,176,24,30381
87113,269000.0,3,2,1300,6800 VISTA DEL NORTE RD NE APT 2011,Albuquerque,New Mexico,16879,437.8,Bernalillo,114025.0,35.19249,-106.5708,75,176,24,30140
87120,289900.0,3,2,1212,6705 TIERRA MADRE CT NW,Albuquerque,New Mexico,66118,442.9,Bernalillo,98519.0,35.14097,-106.76522,75,176,24,30292
87111,390000.0,3,2,1660,4801 SARASOTA ST NE,Albuquerque,New Mexico,57518,1748.6,Bernalillo,109573.0,35.13824,-106.51589,75,176,24,30009
87104,735000.0,3,3,2490,1507 SILVER AVE SW,Albuquerque,New Mexico,13468,1237.5,Bernalillo,95522.0,35.10278,-106.67492,75,176,24,29701
87112,425000.0,5,3,2560,12317 PRINCESS JEANNE AVE NE,Albuquerque,New Mexico,41818,1986.1,Bernalillo,80731.0,35.10093,-106.51622,75,176,24,30057
87111,725000.0,5,6,4029,3108 LA SALA CUADRA NE,Albuquerque,New Mexico,57518,1748.6,Bernalillo,109573.0,35.13824,-106.51589,75,176,24,30045
87122,733150.0,3,3,2045,9723 BLUE DOVE NE,Albuquerque,New Mexico,18022,320.8,Bernalillo,199446.0,35.18685,-106.48827,75,176,24,30456
87123,519500.0,4,3,2483,617 OAKWOOD PL NE,Albuquerque,New Mexico,44162,590.9,Bernalillo,79755.0,35.06206,-106.46991,75,176,24,30537
87120,625000.0,2,2,2017,9023 WIND CAVES WAY NW,Albuquerque,New Mexico,66118,442.9,Bernalillo,98519.0,35.14097,-106.76522,75,176,24,30335
87123,275500.0,2,2,1457,1508 DOMINO DR SE,Albuquerque,New Mexico,44162,590.9,Bernalillo,79755.0,35.06206,-106.46991,75,176,24,30541
87120,329000.0,3,3,1845,5805 QUAIL RD NW,Albuquerque,New Mexico,66118,442.9,Bernalillo,98519.0,35.14097,-106.76522,75,176,24,30328
87108,329900.0,4,2,2116,1013 DAKOTA ST SE,Albuquerque,New Mexico,36433,2393.1,Bernalillo,55047.0,35.07235,-106.57835,75,176,24,29876
87111,610000.0,4,3,3284,5416 CAMINO ARBUSTOS NE,Albuquerque,New Mexico,57518,1748.6,Bernalillo,109573.0,35.13824,-106.51589,75,176,24,30012
87108,450000.0,3,2,1471,313 MONTCLAIRE DR NE,Albuquerque,New Mexico,36433,2393.1,Bernalillo,55047.0,35.07235,-106.57835,75,176,24,29855
87112,275000.0,3,2,1176,10512 IRENE AVE NE,Albuquerque,New Mexico,41818,1986.1,Bernalillo,80731.0,35.10093,-106.51622,75,176,24,30077
87110,1400000.0,5,5,5692,1705 MORNINGSIDE DR NE,Albuquerque,New Mexico,40307,1774.2,Bernalillo,80483.0,35.10812,-106.57816,75,176,24,29934
87121,260000.0,3,2,1408,719 AFFIRMED ST SW,Albuquerque,New Mexico,75378,86.4,Bernalillo,66128.0,35.01031,-106.87816,75,176,24,30356
87105,670000.0,3,3,4103,1209 LOPEZ RD SW,Albuquerque,New Mexico,54138,520.4,Bernalillo,61862.0,34.99512,-106.68644,75,176,24,29745
87108,1200000.0,3,5,5602,910 IDLEWILDE LN SE,Albuquerque,New Mexico,36433,2393.1,Bernalillo,55047.0,35.07235,-106.57835,75,176,24,29869
87120,460000.0,4,3,2500,6100 MEDFORD CT NW,Albuquerque,New Mexico,66118,442.9,Bernalillo,98519.0,35.14097,-106.76522,75,176,24,30261
87108,226000.0,4,3,1919,700 CARDENAS DR SE,Albuquerque,New Mexico,36433,2393.1,Bernalillo,55047.0,35.07235,-106.57835,75,176,24,29864
87120,332000.0,3,2,1777,4818 BUTTERFIELD TRL NW,Albuquerque,New Mexico,66118,442.9,Bernalillo,98519.0,35.14097,-106.76522,75,176,24,30291
87121,255000.0,3,2,1164,7501 RAINMAKER RD SW,Albuquerque,New Mexico,75378,86.4,Bernalillo,66128.0,35.01031,-106.87816,75,176,24,30414
87120,459000.0,4,2,2668,6137 THUNDERBIRD CIR NW,Albuquerque,New Mexico,66118,442.9,Bernalillo,98519.0,35.14097,-106.76522,75,176,24,30248
87114,320000.0,2,2,2168,4601 FAIRFAX DR NW,Albuquerque,New Mexico,69717,1285.7,Bernalillo,96944.0,35.19718,-106.68216,75,176,24,30216
87109,650000.0,4,3,3034,9628 ROSAS AVE NE,Albuquerque,New Mexico,40249,1556.7,Bernalillo,76565.0,35.15285,-106.57543,75,176,24,29885
87111,499500.0,4,3,2358,5422 CANDLEGLOW DR NE,Albuquerque,New Mexico,57518,1748.6,Bernalillo,109573.0,35.13824,-106.51589,75,176,24,30004
87121,336590.0,4,2,1602,10659 SAVOYA LANE SW,Albuquerque,New Mexico,75378,86.4,Bernalillo,66128.0,35.01031,-106.87816,75,176,24,30368
87107,515000.0,3,2,2217,1315 CAMINO AMPARO NW,Albuquerque,New Mexico,27981,737.6,Bernalillo,85532.0,35.13747,-106.64363,75,176,24,29800
87106,750000.0,7,4,3000,122 GIRARD BLVD SE,Albuquerque,New Mexico,25844,278.6,Bernalillo,75283.0,35.00818,-106.61185,75,176,24,29755
87107,160000.0,2,1,720,913 SAN CLEMENTE AVE NW,Albuquerque,New Mexico,27981,737.6,Bernalillo,85532.0,35.13747,-106.64363,75,176,24,29824
87108,209000.0,3,2,1246,1125 CALIFORNIA ST SE,Albuquerque,New Mexico,36433,2393.1,Bernalillo,55047.0,35.07235,-106.57835,75,176,24,29870
87120,532064.0,3,2,1805,8304 TOLKIEN LANE NW,Albuquerque,New Mexico,66118,442.9,Bernalillo,98519.0,35.14097,-106.76522,75,176,24,30312
87123,275000.0,3,3,2253,409 PINON CREEK RD SE,Albuquerque,New Mexico,44162,590.9,Bernalillo,79755.0,35.06206,-106.46991,75,176,24,30518
87114,485000.0,4,3,2918,10145 ALDER DR NW,Albuquerque,New Mexico,69717,1285.7,Bernalillo,96944.0,35.19718,-106.68216,75,176,24,30163
87114,349999.0,3,3,1842,9712 BABY DEENA ST NW,Albuquerque,New Mexico,69717,1285.7,Bernalillo,96944.0,35.19718,-106.68216,75,176,24,30235
87109,689900.0,6,4,3584,7832 ACADEMY TRL NE,Albuquerque,New Mexico,40249,1556.7,Bernalillo,76565.0,35.15285,-106.57543,75,176,24,29884
87106,350000.0,2,2,1361,705 PRINCETON DR SE,Albuquerque,New Mexico,25844,278.6,Bernalillo,75283.0,35.00818,-106.61185,75,176,24,29787
87110,350000.0,3,2,1248,1813 KENTUCKY ST NE,Albuquerque,New Mexico,40307,1774.2,Bernalillo,80483.0,35.10812,-106.57816,75,176,24,29962
87123,305000.0,3,3,1657,11036 VISTAZO PL SE,Albuquerque,New Mexico,44162,590.9,Bernalillo,79755.0,35.06206,-106.46991,75,176,24,30517
87104,550000.0,3,2,2786,2450 FLORAL RD NW,Albuquerque,New Mexico,13468,1237.5,Bernalillo,95522.0,35.10278,-106.67492,75,176,24,29706
87110,595000.0,4,3,2824,7017 KIOWA AVE NE,Albuquerque,New Mexico,40307,1774.2,Bernalillo,80483.0,35.10812,-106.57816,75,176,24,29939
87102,225000.0,1,1,805,1002 LEAD AVE SW,Albuquerque,New Mexico,19056,1127.5,Bernalillo,50092.0,35.08116,-106.64636,75,176,24,29687
87121,234000.0,2,1,838,9100 SONYA AVE SW,Albuquerque,New Mexico,75378,86.4,Bernalillo,66128.0,35.01031,-106.87816,75,176,24,30353
87123,354998.0,3,2,1441,1928 COUNT FLEET ST SE,Albuquerque,New Mexico,44162,590.9,Bernalillo,79755.0,35.06206,-106.46991,75,176,24,30514
87122,740000.0,3,3,2606,8601 MADRAS DR NE,Albuquerque,New Mexico,18022,320.8,Bernalillo,199446.0,35.18685,-106.48827,75,176,24,30468
87102,215000.0,3,3,2480,307 ARNO ST SE,Albuquerque,New Mexico,19056,1127.5,Bernalillo,50092.0,35.08116,-106.64636,75,176,24,29693
87121,269900.0,3,2,1136,10040 RANGE RD SW,Albuquerque,New Mexico,75378,86.4,Bernalillo,66128.0,35.01031,-106.87816,75,176,24,30355
87108,174950.0,2,1,1584,314 PENNSYLVANIA ST SE,Albuquerque,New Mexico,36433,2393.1,Bernalillo,55047.0,35.07235,-106.57835,75,176,24,29879
87120,399000.0,3,2,1800,5 TENNIS CT NW,Albuquerque,New Mexico,66118,442.9,Bernalillo,98519.0,35.14097,-106.76522,75,176,24,30257
87111,277000.0,3,2,1322,3421 BRITT ST NE,Albuquerque,New Mexico,57518,1748.6,Bernalillo,109573.0,35.13824,-106.51589,75,176,24,29999
87123,465000.0,3,2,2010,916 SEATTLE SLEW AVE SE,Albuquerque,New Mexico,44162,590.9,Bernalillo,79755.0,35.06206,-106.46991,75,176,24,30485
87112,369000.0,3,2,1558,2432 ZENA LONA ST NE,Albuquerque,New Mexico,41818,1986.1,Bernalillo,80731.0,35.10093,-106.51622,75,176,24,30112
87111,394900.0,3,2,2100,3400 CANDLELIGHT DR NE,Albuquerque,New Mexico,57518,1748.6,Bernalillo,109573.0,35.13824,-106.51589,75,176,24,30030
87123,306700.0,3,3,1642,1655 DOMINO DR SE,Albuquerque,New Mexico,44162,590.9,Bernalillo,79755.0,35.06206,-106.46991,75,176,24,30527
87109,497500.0,4,2,2803,7304 VISTA DEL ARROYO AVE NE,Albuquerque,New Mexico,40249,1556.7,Bernalillo,76565.0,35.15285,-106.57543,75,176,24,29916
87109,429000.0,2,2,2036,6632 CASA LOMA NE,Albuquerque,New Mexico,40249,1556.7,Bernalillo,76565.0,35.15285,-106.57543,75,176,24,29924
87110,450000.0,3,3,2278,6317 PONDEROSA CT NE,Albuquerque,New Mexico,40307,1774.2,Bernalillo,80483.0,35.10812,-106.57816,75,176,24,29960
87112,359900.0,4,2,1715,2008 ALGODONES ST NE,Albuquerque,New Mexico,41818,1986.1,Bernalillo,80731.0,35.10093,-106.51622,75,176,24,30121
87114,350000.0,3,3,2028,6704 TREE LINE AVE NW,Albuquerque,New Mexico,69717,1285.7,Bernalillo,96944.0,35.19718,-106.68216,75,176,24,30187
87102,234900.0,2,1,838,231 SOUTHERN AVE SE,Albuquerque,New Mexico,19056,1127.5,Bernalillo,50092.0,35.08116,-106.64636,75,176,24,29690
87107,435000.0,2,2,1846,225 WILLOW RD NW,Albuquerque,New Mexico,27981,737.6,Bernalillo,85532.0,35.13747,-106.64363,75,176,24,29804
87112,215000.0,3,1,995,10401 MENAUL BLVD NE,Albuquerque,New Mexico,41818,1986.1,Bernalillo,80731.0,35.10093,-106.51622,75,176,24,30100
87111,740000.0,4,3,3199,11913 PERSIMMON AVE NE,Albuquerque,New Mexico,57518,1748.6,Bernalillo,109573.0,35.13824,-106.51589,75,176,24,30007
87121,236000.0,3,2,1321,515 CARFAX PL SW,Albuquerque,New Mexico,75378,86.4,Bernalillo,66128.0,35.01031,-106.87816,75,176,24,30385
87107,575000.0,3,3,2172,4919 GUADALUPE TRL NW,Albuquerque,New Mexico,27981,737.6,Bernalillo,85532.0,35.13747,-106.64363,75,176,24,29795
87112,275000.0,3,2,1507,1616 ERBBE ST NE,Albuquerque,New Mexico,41818,1986.1,Bernalillo,80731.0,35.10093,-106.51622,75,176,24,30086
87121,365000.0,4,3,2555,9808 FARINOSA AVE SW,Albuquerque,New Mexico,75378,86.4,Bernalillo,66128.0,35.01031,-106.87816,75,176,24,30377
87120,215000.0,2,2,1023,5100 ALPHA AVE NW,Albuquerque,New Mexico,66118,442.9,Bernalillo,98519.0,35.14097,-106.76522,75,176,24,30306
87109,289000.0,3,2,1224,6108 NORTHLAND AVE NE,Albuquerque,New Mexico,40249,1556.7,Bernalillo,76565.0,35.15285,-106.57543,75,176,24,29918
87123,210000.0,2,2,1041,12530 SINGING ARROW AVE SE,Albuquerque,New Mexico,44162,590.9,Bernalillo,79755.0,35.06206,-106.46991,75,176,24,30522
87111,385000.0,4,2,1919,11205 MOROCCO RD NE,Albuquerque,New Mexico,57518,1748.6,Bernalillo,109573.0,35.13824,-106.51589,75,176,24,30000
87110,335000.0,3,2,1740,7109 KIOWA AVE NE,Albuquerque,New Mexico,40307,1774.2,Bernalillo,80483.0,35.10812,-106.57816,75,176,24,29933
87121,265000.0,3,2,1518,919 CHUCKAR DR SW,Albuquerque,New Mexico,75378,86.4,Bernalillo,66128.0,35.01031,-106.87816,75,176,24,30405
87114,1090000.0,5,4,4627,9519 KANDACE DR NW,Albuquerque,New Mexico,69717,1285.7,Bernalillo,96944.0,35.19718,-106.68216,75,176,24,30198
87123,440000.0,4,3,2677,11640 THISTLEDOWN RD SE,Albuquerque,New Mexico,44162,590.9,Bernalillo,79755.0,35.06206,-106.46991,75,176,24,30503
87121,333590.0,3,2,1519,2728 HALFMOON WAY SW,Albuquerque,New Mexico,75378,86.4,Bernalillo,66128.0,35.01031,-106.87816,75,176,24,30408
87105,475000.0,3,3,2266,337 CAMINO SEIS SW,Albuquerque,New Mexico,54138,520.4,Bernalillo,61862.0,34.99512,-106.68644,75,176,24,29732
87110,365000.0,3,2,1981,1828 INDIANA ST NE,Albuquerque,New Mexico,40307,1774.2,Bernalillo,80483.0,35.10812,-106.57816,75,176,24,29977
87111,635000.0,4,3,2847,5315 AVENIDA CUESTA NE,Albuquerque,New Mexico,57518,1748.6,Bernalillo,109573.0,35.13824,-106.51589,75,176,24,30014
87123,420000.0,3,3,2291,1108 SALINAS ST SE,Albuquerque,New Mexico,44162,590.9,Bernalillo,79755.0,35.06206,-106.46991,75,176,24,30507
87120,329900.0,3,2,1874,5135 HATTIESBURG AVE NW,Albuquerque,New Mexico,66118,442.9,Bernalillo,98519.0,35.14097,-106.76522,75,176,24,30341
87111,240000.0,2,2,1360,9579 SIERRA VISTA CT NE,Albuquerque,New Mexico,57518,1748.6,Bernalillo,109573.0,35.13824,-106.51589,75,176,24,29985
87111,365000.0,2,2,1684,6404 MONTE SERRANO NE,Albuquerque,New Mexico,57518,1748.6,Bernalillo,109573.0,35.13824,-106.51589,75,176,24,30041
87114,325000.0,3,3,1932,5815 NIGHT SHADOW AVE NW,Albuquerque,New Mexico,69717,1285.7,Bernalillo,96944.0,35.19718,-106.68216,75,176,24,30157
87105,200000.0,3,2,1598,404 LA MEDIA RD SW,Albuquerque,New Mexico,54138,520.4,Bernalillo,61862.0,34.99512,-106.68644,75,176,24,29730
87106,429500.0,3,2,2104,615 WELLESLEY DR NE,Albuquerque,New Mexico,25844,278.6,Bernalillo,75283.0,35.00818,-106.61185,75,176,24,29753
87110,679900.0,3,3,2560,4020 AVENIDA LA RESOLANA NE,Albuquerque,New Mexico,40307,1774.2,Bernalillo,80483.0,35.10812,-106.57816,75,176,24,29937
87107,239000.0,2,1,840,5023 EL PASEO DR NW,Albuquerque,New Mexico,27981,737.6,Bernalillo,85532.0,35.13747,-106.64363,75,176,24,29790
87112,325000.0,3,2,1490,2604 ELWOOD PL NE,Albuquerque,New Mexico,41818,1986.1,Bernalillo,80731.0,35.10093,-106.51622,75,176,24,30069
87121,314900.0,3,3,2100,9827 SUN MOUNTAIN TRL SW,Albuquerque,New Mexico,75378,86.4,Bernalillo,66128.0,35.01031,-106.87816,75,176,24,30426
87112,450000.0,3,2,1797,12905 JOELLE RD NE,Albuquerque,New Mexico,41818,1986.1,Bernalillo,80731.0,35.10093,-106.51622,75,176,24,30088
87107,675000.0,4,3,3138,4119 RAVENWOOD PL NW,Albuquerque,New Mexico,27981,737.6,Bernalillo,85532.0,35.13747,-106.64363,75,176,24,29831
87106,318000.0,3,2,1172,2301 GANDERT AVE SE,Albuquerque,New Mexico,25844,278.6,Bernalillo,75283.0,35.00818,-106.61185,75,176,24,29788
87123,300000.0,3,2,1648,10804 CLYBURN PARK DR NE,Albuquerque,New Mexico,44162,590.9,Bernalillo,79755.0,35.06206,-106.46991,75,176,24,30539
87112,260000.0,3,2,1257,13416 AUBURN AVE NE,Albuquerque,New Mexico,41818,1986.1,Bernalillo,80731.0,35.10093,-106.51622,75,176,24,30096
87108,335000.0,3,2,1388,924 WASHINGTON ST SE,Albuquerque,New Mexico,36433,2393.1,Bernalillo,55047.0,35.07235,-106.57835,75,176,24,29852
87120,594000.0,4,3,2438,4220 LARAMIE DR NW,Albuquerque,New Mexico,66118,442.9,Bernalillo,98519.0,35.14097,-106.76522,75,176,24,30301
87107,315000.0,5,3,2811,7009 2ND ST NW,Albuquerque,New Mexico,27981,737.6,Bernalillo,85532.0,35.13747,-106.64363,75,176,24,29798
87112,1140000.0,2,1,6240,11912 INDIAN SCHOOL RD NE,Albuquerque,New Mexico,41818,1986.1,Bernalillo,80731.0,35.10093,-106.51622,75,176,24,30111
87121,265000.0,4,2,1487,9705 TRAVINA CT SW,Albuquerque,New Mexico,75378,86.4,Bernalillo,66128.0,35.01031,-106.87816,75,176,24,30417
87120,545000.0,3,3,2516,5308 CALLE GIRALDA NW,Albuquerque,New Mexico,66118,442.9,Bernalillo,98519.0,35.14097,-106.76522,75,176,24,30298
87120,324900.0,3,2,1799,1424 SOMERSET DR NW,Albuquerque,New Mexico,66118,442.9,Bernalillo,98519.0,35.14097,-106.76522,75,176,24,30250
87123,55000.0,2,1,896,373 COYOTE LN SE,Albuquerque,New Mexico,44162,590.9,Bernalillo,79755.0,35.06206,-106.46991,75,176,24,30480
87104,599900.0,4,3,2585,1024 22ND ST NW,Albuquerque,New Mexico,13468,1237.5,Bernalillo,95522.0,35.10278,-106.67492,75,176,24,29697
87120,199000.0,2,3,1311,5724 VALLE ALEGRE RD NW # 3,Albuquerque,New Mexico,66118,442.9,Bernalillo,98519.0,35.14097,-106.76522,75,176,24,30314
87114,185000.0,3,1,1487,219 ALAMEDA RD NW,Albuquerque,New Mexico,69717,1285.7,Bernalillo,96944.0,35.19718,-106.68216,75,176,24,30179
87111,393000.0,3,2,1783,4413 KELLIA LN NE,Albuquerque,New Mexico,57518,1748.6,Bernalillo,109573.0,35.13824,-106.51589,75,176,24,29995
87121,272000.0,4,2,1479,723 SEABORN DR SW,Albuquerque,New Mexico,75378,86.4,Bernalillo,66128.0,35.01031,-106.87816,75,176,24,30379
87108,209900.0,2,1,1450,408 TEXAS ST NE,Albuquerque,New Mexico,36433,2393.1,Bernalillo,55047.0,35.07235,-106.57835,75,176,24,29858
87111,415000.0,4,2,2156,3805 CAMINO DON DIEGO NE,Albuquerque,New Mexico,57518,1748.6,Bernalillo,109573.0,35.13824,-106.51589,75,176,24,29984
87123,525000.0,4,4,2873,13808 WINTERWOOD WAY SE,Albuquerque,New Mexico,44162,590.9,Bernalillo,79755.0,35.06206,-106.46991,75,176,24,30505
87111,329900.0,3,2,1675,9109 COMANCHE RD NE,Albuquerque,New Mexico,57518,1748.6,Bernalillo,109573.0,35.13824,-106.51589,75,176,24,29996
87109,134900.0,3,2,963,4601 CARLISLE BLVD NE APT D10,Albuquerque,New Mexico,40249,1556.7,Bernalillo,76565.0,35.15285,-106.57543,75,176,24,29897
87112,275000.0,3,2,1240,11000 MAHLON AVE NE,Albuquerque,New Mexico,41818,1986.1,Bernalillo,80731.0,35.10093,-106.51622,75,176,24,30102
87109,345000.0,4,2,1816,6900 HILDEGARDE DR NE,Albuquerque,New Mexico,40249,1556.7,Bernalillo,76565.0,35.15285,-106.57543,75,176,24,29891
87109,575000.0,4,3,2714,7301 PALOMAS PARK AVE NE,Albuquerque,New Mexico,40249,1556.7,Bernalillo,76565.0,35.15285,-106.57543,75,176,24,29905
87121,345000.0,3,2,1315,10419 RED ROBIN RD SW,Albuquerque,New Mexico,75378,86.4,Bernalillo,66128.0,35.01031,-106.87816,75,176,24,30425
87109,315000.0,2,2,1151,8304 PARROT RUN RD NE,Albuquerque,New Mexico,40249,1556.7,Bernalillo,76565.0,35.15285,-106.57543,75,176,24,29920
87110,324900.0,3,2,1353,4200 DOUGLAS MACARTHUR RD NE,Albuquerque,New Mexico,40307,1774.2,Bernalillo,80483.0,35.10812,-106.57816,75,176,24,29949
87111,549900.0,5,3,2963,4005 CAMINO DE LA SIERRA NE,Albuquerque,New Mexico,57518,1748.6,Bernalillo,109573.0,35.13824,-106.51589,75,176,24,30034
87107,289000.0,2,3,1745,601 MENAUL BLVD NE UNIT 1704,Albuquerque,New Mexico,27981,737.6,Bernalillo,85532.0,35.13747,-106.64363,75,176,24,29793
87108,289900.0,2,1,1126,602 QUINCY ST SE,Albuquerque,New Mexico,36433,2393.1,Bernalillo,55047.0,35.07235,-106.57835,75,176,24,29846
87123,615000.0,4,3,2668,1731 SOPLO RD SE,Albuquerque,New Mexico,44162,590.9,Bernalillo,79755.0,35.06206,-106.46991,75,176,24,30509
87121,269999.0,3,2,1400,2619 GHOST RANCH ST SW,Albuquerque,New Mexico,75378,86.4,Bernalillo,66128.0,35.01031,-106.87816,75,176,24,30407
87112,329900.0,3,3,1642,12339 HAINES AVE NE,Albuquerque,New Mexico,41818,1986.1,Bernalillo,80731.0,35.10093,-106.51622,75,176,24,30104
87110,399000.0,3,3,2338,7608 SUMMER AVE NE,Albuquerque,New Mexico,40307,1774.2,Bernalillo,80483.0,35.10812,-106.57816,75,176,24,29963
87122,699000.0,4,3,3003,9124 BERRYESSA RD NE,Albuquerque,New Mexico,18022,320.8,Bernalillo,199446.0,35.18685,-106.48827,75,176,24,30462
87102,250000.0,1,1,950,201 ARNO ST NE APT 403,Albuquerque,New Mexico,19056,1127.5,Bernalillo,50092.0,35.08116,-106.64636,75,176,24,29685
87108,299000.0,3,2,1473,604 CARDENAS DR SE,Albuquerque,New Mexico,36433,2393.1,Bernalillo,55047.0,35.07235,-106.57835,75,176,24,29857
87114,460000.0,3,3,2048,7536 PRICKLY BRUSH ST NW,Albuquerque,New Mexico,69717,1285.7,Bernalillo,96944.0,35.19718,-106.68216,75,176,24,30225
87109,85000.0,2,2,1164,7112 PAN AMERICAN EAST FWY NE UNIT 18,Albuquerque,New Mexico,40249,1556.7,Bernalillo,76565.0,35.15285,-106.57543,75,176,24,29929
87110,369000.0,3,2,1950,7718 HENDRIX RD NE,Albuquerque,New Mexico,40307,1774.2,Bernalillo,80483.0,35.10812,-106.57816,75,176,24,29964
87122,600000.0,5,3,3022,8000 OSO ESCONDIDO DR NE,Albuquerque,New Mexico,18022,320.8,Bernalillo,199446.0,35.18685,-106.48827,75,176,24,30475
87105,170000.0,3,1,1337,1902 SUNSET GARDENS RD SW,Albuquerque,New Mexico,54138,520.4,Bernalillo,61862.0,34.99512,-106.68644,75,176,24,29736
87112,304000.0,3,2,1274,1001 FIELD DR NE,Albuquerque,New Mexico,41818,1986.1,Bernalillo,80731.0,35.10093,-106.51622,75,176,24,30114
87123,450000.0,4,3,2517,11523 SANDIA SUNSET AVE SE,Albuquerque,New Mexico,44162,590.9,Bernalillo,79755.0,35.06206,-106.46991,75,176,24,30511
87123,210000.0,3,2,1088,532 DORADO PL SE,Albuquerque,New Mexico,44162,590.9,Bernalillo,79755.0,35.06206,-106.46991,75,176,24,30501
87110,180000.0,2,2,917,2446 ALVARADO DR NE,Albuquerque,New Mexico,40307,1774.2,Bernalillo,80483.0,35.10812,-106.57816,75,176,24,29935
87114,300000.0,3,2,1384,7615 WOOD STORK CT NW,Albuquerque,New Mexico,69717,1285.7,Bernalillo,96944.0,35.19718,-106.68216,75,176,24,30222
87122,525000.0,3,2,1840,727 CEDAR HILL CT NE # 16,Albuquerque,New Mexico,18022,320.8,Bernalillo,199446.0,35.18685,-106.48827,75,176,24,30464
87120,562850.0,4,2,2184,8305 TOLKIEN LANE NW,Albuquerque,New Mexico,66118,442.9,Bernalillo,98519.0,35.14097,-106.76522,75,176,24,30274
87112,450000.0,4,3,2600,1125 UPLAND DR NE,Albuquerque,New Mexico,41818,1986.1,Bernalillo,80731.0,35.10093,-106.51622,75,176,24,30092
87122,389000.0,2,2,1440,830 LIVE OAK RD NE APT C,Albuquerque,New Mexico,18022,320.8,Bernalillo,199446.0,35.18685,-106.48827,75,176,24,30473
87107,499000.0,3,2,1707,435 GAVILAN PL NW,Albuquerque,New Mexico,27981,737.6,Bernalillo,85532.0,35.13747,-106.64363,75,176,24,29829
87121,342590.0,4,2,1602,2800 HALFMOON WAY SW,Albuquerque,New Mexico,75378,86.4,Bernalillo,66128.0,35.01031,-106.87816,75,176,24,30354
87111,389000.0,3,2,1683,9029 LA BARRANCA AVE NE,Albuquerque,New Mexico,57518,1748.6,Bernalillo,109573.0,35.13824,-106.51589,75,176,24,30013
87123,265000.0,3,2,1246,13304 CAMINO DEL NORTE NE,Albuquerque,New Mexico,44162,590.9,Bernalillo,79755.0,35.06206,-106.46991,75,176,24,30530
87121,260000.0,3,2,1213,1219 TELSTAR LOOP NW,Albuquerque,New Mexico,75378,86.4,Bernalillo,66128.0,35.01031,-106.87816,75,176,24,30442
87109,355000.0,3,2,1831,6405 PRAIRIE RD NE,Albuquerque,New Mexico,40249,1556.7,Bernalillo,76565.0,35.15285,-106.57543,75,176,24,29925
87107,325000.0,4,3,1912,601 MENAUL BLVD NE UNIT 4405,Albuquerque,New Mexico,27981,737.6,Bernalillo,85532.0,35.13747,-106.64363,75,176,24,29802
87110,228000.0,2,1,934,2834 MONROE ST NE,Albuquerque,New Mexico,40307,1774.2,Bernalillo,80483.0,35.10812,-106.57816,75,176,24,29974
87109,369000.0,3,2,1770,6208 LOFTUS AVE NE,Albuquerque,New Mexico,40249,1556.7,Bernalillo,76565.0,35.15285,-106.57543,75,176,24,29914
87107,411325.0,4,3,1999,335 SAN CLEMENTE AVE NW,Albuquerque,New Mexico,27981,737.6,Bernalillo,85532.0,35.13747,-106.64363,75,176,24,29836
87106,275000.0,1,1,2030,214 PRINCETON DR SE,Albuquerque,New Mexico,25844,278.6,Bernalillo,75283.0,35.00818,-106.61185,75,176,24,29766
87112,270000.0,2,2,1260,2903 JANE CT NE,Albuquerque,New Mexico,41818,1986.1,Bernalillo,80731.0,35.10093,-106.51622,75,176,24,30099
87112,599000.0,4,2,2244,2409 PUNTA DE VISTA DR NE,Albuquerque,New Mexico,41818,1986.1,Bernalillo,80731.0,35.10093,-106.51622,75,176,24,30068
87121,336590.0,4,2,1602,10709 SABINO LOOP SW,Albuquerque,New Mexico,75378,86.4,Bernalillo,66128.0,35.01031,-106.87816,75,176,24,30360
87114,509000.0,4,2,1664,9644 RIO GRANDE BLVD NW,Albuquerque,New Mexico,69717,1285.7,Bernalillo,96944.0,35.19718,-106.68216,75,176,24,30184
87114,333000.0,3,2,1920,4936 FAIRFAX DR NW,Albuquerque,New Mexico,69717,1285.7,Bernalillo,96944.0,35.19718,-106.68216,75,176,24,30168
87113,285000.0,2,2,1160,7523 WILLOW RUN DR NE,Albuquerque,New Mexico,16879,437.8,Bernalillo,114025.0,35.19249,-106.5708,75,176,24,30134
87114,419900.0,3,2,2054,10332 ARROYO CREST DR NW,Albuquerque,New Mexico,69717,1285.7,Bernalillo,96944.0,35.19718,-106.68216,75,176,24,30160
87123,389000.0,4,3,2827,11616 TERRA BONITA WAY SE,Albuquerque,New Mexico,44162,590.9,Bernalillo,79755.0,35.06206,-106.46991,75,176,24,30496
87105,700000.0,3,4,3470,5838 ISLETA BLVD SW,Albuquerque,New Mexico,54138,520.4,Bernalillo,61862.0,34.99512,-106.68644,75,176,24,29727
87112,259000.0,3,2,1322,8911 CORDOVA AVE NE,Albuquerque,New Mexico,41818,1986.1,Bernalillo,80731.0,35.10093,-106.51622,75,176,24,30063
87111,437000.0,4,3,2863,12428 MANGAS TRL NE,Albuquerque,New Mexico,57518,1748.6,Bernalillo,109573.0,35.13824,-106.51589,75,176,24,30023
87105,259000.0,3,2,1646,2707 DESERT GARDEN LN SW,Albuquerque,New Mexico,54138,520.4,Bernalillo,61862.0,34.99512,-106.68644,75,176,24,29719
87102,189999.0,2,1,1440,1507 3RD ST NW,Albuquerque,New Mexico,19056,1127.5,Bernalillo,50092.0,35.08116,-106.64636,75,176,24,29679
87114,325000.0,3,2,1456,10305 ARROYO CREST DR NW,Albuquerque,New Mexico,69717,1285.7,Bernalillo,96944.0,35.19718,-106.68216,75,176,24,30176
87110,525000.0,3,2,1463,3611 MACKLAND AVE NE,Albuquerque,New Mexico,40307,1774.2,Bernalillo,80483.0,35.10812,-106.57816,75,176,24,29943
87104,469000.0,2,2,2032,2901 DON PABLO RD NW,Albuquerque,New Mexico,13468,1237.5,Bernalillo,95522.0,35.10278,-106.67492,75,176,24,29707
87121,252000.0,3,2,1120,10017 BENAVIDES RD SW,Albuquerque,New Mexico,75378,86.4,Bernalillo,66128.0,35.01031,-106.87816,75,176,24,30438
87111,850000.0,3,3,3336,12600 OSITO CT NE,Albuquerque,New Mexico,57518,1748.6,Bernalillo,109573.0,35.13824,-106.51589,75,176,24,30001
87114,624000.0,4,3,2621,4532 AGATE HILLS RD NW,Albuquerque,New Mexico,69717,1285.7,Bernalillo,96944.0,35.19718,-106.68216,75,176,24,30232
87112,285000.0,3,2,1716,9117 LOS ARBOLES AVE NE,Albuquerque,New Mexico,41818,1986.1,Bernalillo,80731.0,35.10093,-106.51622,75,176,24,30116
87114,444900.0,3,2,2072,8601 HILLSHIRE PL NW,Albuquerque,New Mexico,69717,1285.7,Bernalillo,96944.0,35.19718,-106.68216,75,176,24,30155
87120,698000.0,4,3,3481,8308 TOLKIEN LANE NW,Albuquerque,New Mexico,66118,442.9,Bernalillo,98519.0,35.14097,-106.76522,75,176,24,30263
87121,274900.0,4,2,1600,9812 SUN CHASER TRL SW,Albuquerque,New Mexico,75378,86.4,Bernalillo,66128.0,35.01031,-106.87816,75,176,24,30406
87107,665000.0,4,3,2513,1604 CAMINO ROSARIO NW,Albuquerque,New Mexico,27981,737.6,Bernalillo,85532.0,35.13747,-106.64363,75,176,24,29813
87114,454000.0,3,2,2621,4900 FAIRFAX DR NW,Albuquerque,New Mexico,69717,1285.7,Bernalillo,96944.0,35.19718,-106.68216,75,176,24,30194
87123,709000.0,4,3,3108,1333 WAGON TRAIN DR SE,Albuquerque,New Mexico,44162,590.9,Bernalillo,79755.0,35.06206,-106.46991,75,176,24,30531
87111,349000.0,3,2,1553,9812 DENALI RD NE,Albuquerque,New Mexico,57518,1748.6,Bernalillo,109573.0,35.13824,-106.51589,75,176,24,30053
87121,255500.0,3,2,1305,2208 VINTON ST SW,Albuquerque,New Mexico,75378,86.4,Bernalillo,66128.0,35.01031,-106.87816,75,176,24,30349
87107,270000.0,2,1,989,1213 ARVILLA AVE NW,Albuquerque,New Mexico,27981,737.6,Bernalillo,85532.0,35.13747,-106.64363,75,176,24,29818
87121,265000.0,3,2,1270,2833 BACO NOIR DR SW,Albuquerque,New Mexico,75378,86.4,Bernalillo,66128.0,35.01031,-106.87816,75,176,24,30375
87106,245000.0,1,2,967,1101 DR MARTIN LUTHER KING JR AVE NE APT 3,Albuquerque,New Mexico,25844,278.6,Bernalillo,75283.0,35.00818,-106.61185,75,176,24,29762
87123,275000.0,3,2,1420,233 ERBBE ST NE,Albuquerque,New Mexico,44162,590.9,Bernalillo,79755.0,35.06206,-106.46991,75,176,24,30491
87122,975000.0,4,4,3434,10620 RICHFIELD AVE NE,Albuquerque,New Mexico,18022,320.8,Bernalillo,199446.0,35.18685,-106.48827,75,176,24,30446
87114,2100000.0,6,7,7309,10006 LORETTA DR NW,Albuquerque,New Mexico,69717,1285.7,Bernalillo,96944.0,35.19718,-106.68216,75,176,24,30189
87122,848000.0,4,3,3300,12005 PINO AVE NE,Albuquerque,New Mexico,18022,320.8,Bernalillo,199446.0,35.18685,-106.48827,75,176,24,30467
87112,385000.0,3,2,2205,8814 WOODLAND AVE NE,Albuquerque,New Mexico,41818,1986.1,Bernalillo,80731.0,35.10093,-106.51622,75,176,24,30089
87112,229900.0,3,1,941,9605 HAINES AVE NE,Albuquerque,New Mexico,41818,1986.1,Bernalillo,80731.0,35.10093,-106.51622,75,176,24,30098
87120,2500000.0,4,5,7151,3926 MOURNING DOVE PL NW,Albuquerque,New Mexico,66118,442.9,Bernalillo,98519.0,35.14097,-106.76522,75,176,24,30313
87110,365000.0,3,2,1992,3430 MONTCLAIRE DR NE,Albuquerque,New Mexico,40307,1774.2,Bernalillo,80483.0,35.10812,-106.57816,75,176,24,29944
87109,385000.0,3,3,1768,7628 COPPERFIELD DR NE,Albuquerque,New Mexico,40249,1556.7,Bernalillo,76565.0,35.15285,-106.57543,75,176,24,29909
87112,399000.0,4,2,2214,1116 MURIEL ST NE,Albuquerque,New Mexico,41818,1986.1,Bernalillo,80731.0,35.10093,-106.51622,75,176,24,30075
87114,975000.0,3,3,2375,1024 EL PUEBLO RD NW,Albuquerque,New Mexico,69717,1285.7,Bernalillo,96944.0,35.19718,-106.68216,75,176,24,30217
87123,350000.0,1,1,2600,13505 COPPER AVE NE,Albuquerque,New Mexico,44162,590.9,Bernalillo,79755.0,35.06206,-106.46991,75,176,24,30492
87102,259900.0,2,2,1270,347 PLATINUM ST SW,Albuquerque,New Mexico,19056,1127.5,Bernalillo,50092.0,35.08116,-106.64636,75,176,24,29688
87110,815000.0,4,4,4839,4127 COE DR NE,Albuquerque,New Mexico,40307,1774.2,Bernalillo,80483.0,35.10812,-106.57816,75,176,24,29932
87112,294500.0,3,2,1181,10501 IRENE AVE NE,Albuquerque,New Mexico,41818,1986.1,Bernalillo,80731.0,35.10093,-106.51622,75,176,24,30091
87112,355000.0,3,2,1570,11205 MORRIS PL NE,Albuquerque,New Mexico,41818,1986.1,Bernalillo,80731.0,35.10093,-106.51622,75,176,24,30076
87114,380000.0,3,2,2251,10113 ELMHURST DR NW,Albuquerque,New Mexico,69717,1285.7,Bernalillo,96944.0,35.19718,-106.68216,75,176,24,30147
87120,312000.0,3,2,1467,6317 MONTANO POINTE RD NW,Albuquerque,New Mexico,66118,442.9,Bernalillo,98519.0,35.14097,-106.76522,75,176,24,30254
87120,570620.0,4,3,2184,8300 TOLKIEN LANE NW,Albuquerque,New Mexico,66118,442.9,Bernalillo,98519.0,35.14097,-106.76522,75,176,24,30272
87123,625000.0,3,3,2694,810 PIEDRA LARGA PL NE,Albuquerque,New Mexico,44162,590.9,Bernalillo,79755.0,35.06206,-106.46991,75,176,24,30510
87120,449900.0,4,2,2281,6815 METE SOL DR NW,Albuquerque,New Mexico,66118,442.9,Bernalillo,98519.0,35.14097,-106.76522,75,176,24,30323
87120,600000.0,4,4,3378,1715 MOUNT HOOD TRL NW,Albuquerque,New Mexico,66118,442.9,Bernalillo,98519.0,35.14097,-106.76522,75,176,24,30308
87120,649900.0,4,3,3166,1604 DEER VALLEY TRL NW,Albuquerque,New Mexico,66118,442.9,Bernalillo,98519.0,35.14097,-106.76522,75,176,24,30296
87104,350000.0,1,1,1652,2015 MATTHEW AVE NW,Albuquerque,New Mexico,13468,1237.5,Bernalillo,95522.0,35.10278,-106.67492,75,176,24,29704
87110,465000.0,4,3,3117,2729 TEXAS ST NE,Albuquerque,New Mexico,40307,1774.2,Bernalillo,80483.0,35.10812,-106.57816,75,176,24,29979
87114,360000.0,3,2,1637,10431 CHANDLER DR NW,Albuquerque,New Mexico,69717,1285.7,Bernalillo,96944.0,35.19718,-106.68216,75,176,24,30231
87107,349000.0,3,2,1438,1315 PONDEROSA AVE NW,Albuquerque,New Mexico,27981,737.6,Bernalillo,85532.0,35.13747,-106.64363,75,176,24,29791
87123,177500.0,3,2,1032,624 DORADO PL SE,Albuquerque,New Mexico,44162,590.9,Bernalillo,79755.0,35.06206,-106.46991,75,176,24,30481
87120,287000.0,3,2,1342,3812 67TH ST NW,Albuquerque,New Mexico,66118,442.9,Bernalillo,98519.0,35.14097,-106.76522,75,176,24,30330
87112,375000.0,3,2,2193,12113 MOUNTAIN RD NE,Albuquerque,New Mexico,41818,1986.1,Bernalillo,80731.0,35.10093,-106.51622,75,176,24,30119
87120,365000.0,3,3,1750,7620 SUNROSE DR NW,Albuquerque,New Mexico,66118,442.9,Bernalillo,98519.0,35.14097,-106.76522,75,176,24,30262
87110,1400000.0,5,5,5692,1705 MORNINGSIDE DR NE,Albuquerque,New Mexico,40307,1774.2,Bernalillo,80483.0,35.10812,-106.57816,75,176,24,29934
87120,400000.0,2,3,2384,2700 VISTA GRANDE DR NW UNIT 83,Albuquerque,New Mexico,66118,442.9,Bernalillo,98519.0,35.14097,-106.76522,75,176,24,30278
87121,260000.0,3,2,1099,2846 MERLOT DR SW,Albuquerque,New Mexico,75378,86.4,Bernalillo,66128.0,35.01031,-106.87816,75,176,24,30390
87121,337590.0,4,2,1602,10642 VALEDON LANE SW,Albuquerque,New Mexico,75378,86.4,Bernalillo,66128.0,35.01031,-106.87816,75,176,24,30357
87120,475000.0,4,3,2414,4105 PALACIO REAL AVE NW,Albuquerque,New Mexico,66118,442.9,Bernalillo,98519.0,35.14097,-106.76522,75,176,24,30286
87121,309000.0,3,2,1586,3019 KRAFT CT SW,Albuquerque,New Mexico,75378,86.4,Bernalillo,66128.0,35.01031,-106.87816,75,176,24,30413
87111,340000.0,2,2,1256,10319 OSO GRANDE RD NE,Albuquerque,New Mexico,57518,1748.6,Bernalillo,109573.0,35.13824,-106.51589,75,176,24,30047
87114,999000.0,4,4,3150,912 WESTERN MEADOWS CT NW,Albuquerque,New Mexico,69717,1285.7,Bernalillo,96944.0,35.19718,-106.68216,75,176,24,30204
87105,459000.0,3,2,2156,1709 BLUFFSIDE DR NW,Albuquerque,New Mexico,54138,520.4,Bernalillo,61862.0,34.99512,-106.68644,75,176,24,29718
87120,327000.0,3,3,2081,8004 SHEFFIELD PL NW,Albuquerque,New Mexico,66118,442.9,Bernalillo,98519.0,35.14097,-106.76522,75,176,24,30282
87112,450000.0,4,3,2541,9021 HANNETT AVE NE,Albuquerque,New Mexico,41818,1986.1,Bernalillo,80731.0,35.10093,-106.51622,75,176,24,30113
87114,459000.0,3,3,2279,10200 LOVELAND DR NW,Albuquerque,New Mexico,69717,1285.7,Bernalillo,96944.0,35.19718,-106.68216,75,176,24,30200
87105,220000.0,4,3,1636,420 53RD ST SW,Albuquerque,New Mexico,54138,520.4,Bernalillo,61862.0,34.99512,-106.68644,75,176,24,29713
87111,480000.0,3,2,1829,8640 HORACIO PL NE,Albuquerque,New Mexico,57518,1748.6,Bernalillo,109573.0,35.13824,-106.51589,75,176,24,30033
87106,389000.0,3,2,1225,1514 VASSAR DR NE,Albuquerque,New Mexico,25844,278.6,Bernalillo,75283.0,35.00818,-106.61185,75,176,24,29758
87112,500000.0,4,4,2907,12432 CHELWOOD PL NE,Albuquerque,New Mexico,41818,1986.1,Bernalillo,80731.0,35.10093,-106.51622,75,176,24,30090
87104,2066835.0,9,3,4499,1711 PARK AVE SW,Albuquerque,New Mexico,13468,1237.5,Bernalillo,95522.0,35.10278,-106.67492,75,176,24,29702
87112,499900.0,3,2,3288,2832 PALO VERDE DR NE,Albuquerque,New Mexico,41818,1986.1,Bernalillo,80731.0,35.10093,-106.51622,75,176,24,30095
87123,539500.0,4,2,2222,539 STAGECOACH RD SE,Albuquerque,New Mexico,44162,590.9,Bernalillo,79755.0,35.06206,-106.46991,75,176,24,30538
87113,185000.0,3,2,1509,6502 CARAMEL DR NE,Albuquerque,New Mexico,16879,437.8,Bernalillo,114025.0,35.19249,-106.5708,75,176,24,30127
87120,489999.0,3,3,2623,4200 LOS METATES RD NW,Albuquerque,New Mexico,66118,442.9,Bernalillo,98519.0,35.14097,-106.76522,75,176,24,30299
87114,399000.0,4,3,2198,10467 CALLE ACANTA NW,Albuquerque,New Mexico,69717,1285.7,Bernalillo,96944.0,35.19718,-106.68216,75,176,24,30226
87114,289000.0,3,2,1481,7419 CRIPPLE CREEK RD NW,Albuquerque,New Mexico,69717,1285.7,Bernalillo,96944.0,35.19718,-106.68216,75,176,24,30237
87111,415000.0,4,2,2189,10412 HENDRIX AVE NE,Albuquerque,New Mexico,57518,1748.6,Bernalillo,109573.0,35.13824,-106.51589,75,176,24,30027
87121,323000.0,3,2,1420,10665 ASPIRATION LN SW,Albuquerque,New Mexico,75378,86.4,Bernalillo,66128.0,35.01031,-106.87816,75,176,24,30431
87111,720000.0,4,3,3338,6025 CASA FELIZ NE,Albuquerque,New Mexico,57518,1748.6,Bernalillo,109573.0,35.13824,-106.51589,75,176,24,29986
87107,384438.0,3,3,1768,347 SAN CLEMENTE AVE NW,Albuquerque,New Mexico,27981,737.6,Bernalillo,85532.0,35.13747,-106.64363,75,176,24,29828
87120,260000.0,2,3,1323,2951 ESTRELLA BRILLANTE ST NW,Albuquerque,New Mexico,66118,442.9,Bernalillo,98519.0,35.14097,-106.76522,75,176,24,30318
87123,465000.0,4,3,2899,11708 KINGS CANYON RD SE,Albuquerque,New Mexico,44162,590.9,Bernalillo,79755.0,35.06206,-106.46991,75,176,24,30486
87114,165000.0,1,1,808,4709 COUNTRY CLUB LN NW APT I9,Albuquerque,New Mexico,69717,1285.7,Bernalillo,96944.0,35.19718,-106.68216,75,176,24,30180
87105,159990.0,3,1,976,209 LA VIDA NUEVA DEL ESTE SW,Albuquerque,New Mexico,54138,520.4,Bernalillo,61862.0,34.99512,-106.68644,75,176,24,29716
87123,515000.0,3,2,2029,918 MATADOR DR SE,Albuquerque,New Mexico,44162,590.9,Bernalillo,79755.0,35.06206,-106.46991,75,176,24,30489
87114,369900.0,3,3,2071,9224 WARM STONE ST NW,Albuquerque,New Mexico,69717,1285.7,Bernalillo,96944.0,35.19718,-106.68216,75,176,24,30233
87114,305000.0,4,3,2407,5605 IRVING BLVD NW,Albuquerque,New Mexico,69717,1285.7,Bernalillo,96944.0,35.19718,-106.68216,75,176,24,30202
87112,315000.0,4,2,1373,10524 BELLAMAH AVE NE,Albuquerque,New Mexico,41818,1986.1,Bernalillo,80731.0,35.10093,-106.51622,75,176,24,30101
87112,589000.0,4,3,2700,2906 CASA DEL NORTE DR NE,Albuquerque,New Mexico,41818,1986.1,Bernalillo,80731.0,35.10093,-106.51622,75,176,24,30065
87120,300000.0,3,3,1633,7612 KINGSWAY CT NW,Albuquerque,New Mexico,66118,442.9,Bernalillo,98519.0,35.14097,-106.76522,75,176,24,30265
87112,340000.0,3,2,1540,12520 INDIAN TRL NE,Albuquerque,New Mexico,41818,1986.1,Bernalillo,80731.0,35.10093,-106.51622,75,176,24,30124
87105,123500.0,3,1,956,157 SUNSET PL SW,Albuquerque,New Mexico,54138,520.4,Bernalillo,61862.0,34.99512,-106.68644,75,176,24,29715
87109,220000.0,4,2,1811,6320 DRISCOLL AVE NE,Albuquerque,New Mexico,40249,1556.7,Bernalillo,76565.0,35.15285,-106.57543,75,176,24,29895
87113,475000.0,4,3,2404,7115 CALLE MONTANA NE,Albuquerque,New Mexico,16879,437.8,Bernalillo,114025.0,35.19249,-106.5708,75,176,24,30131
87114,995000.0,4,3,3159,10128 2ND ST NW,Albuquerque,New Mexico,69717,1285.7,Bernalillo,96944.0,35.19718,-106.68216,75,176,24,30158
87111,400000.0,4,2,1980,9709 ADMIRAL NIMITZ AVE NE,Albuquerque,New Mexico,57518,1748.6,Bernalillo,109573.0,35.13824,-106.51589,75,176,24,30038
87122,585000.0,3,2,2186,2752 WOLFBERRY PL NE,Albuquerque,New Mexico,18022,320.8,Bernalillo,199446.0,35.18685,-106.48827,75,176,24,30459
87107,353109.0,3,2,1545,343 SAN CLEMENTE AVE NW,Albuquerque,New Mexico,27981,737.6,Bernalillo,85532.0,35.13747,-106.64363,75,176,24,29834
87123,165000.0,4,2,1730,312 ALTEZ ST NE,Albuquerque,New Mexico,44162,590.9,Bernalillo,79755.0,35.06206,-106.46991,75,176,24,30535
87120,509900.0,4,2,2199,8801 SANDWATER RD NW,Albuquerque,New Mexico,66118,442.9,Bernalillo,98519.0,35.14097,-106.76522,75,176,24,30331
87102,479500.0,1,1,2068,616 WALTER ST SE,Albuquerque,New Mexico,19056,1127.5,Bernalillo,50092.0,35.08116,-106.64636,75,176,24,29672
87111,475000.0,3,2,2222,6000 NASCI DR NE,Albuquerque,New Mexico,57518,1748.6,Bernalillo,109573.0,35.13824,-106.51589,75,176,24,30036
87105,195000.0,2,1,853,3530 UTE DR NW,Albuquerque,New Mexico,54138,520.4,Bernalillo,61862.0,34.99512,-106.68644,75,176,24,29729
87114,409000.0,4,3,3123,6270 NUEVA ESPANA RD NW,Albuquerque,New Mexico,69717,1285.7,Bernalillo,96944.0,35.19718,-106.68216,75,176,24,30190
87104,550000.0,5,4,3272,2019 RIO GRANDE BLVD NW,Albuquerque,New Mexico,13468,1237.5,Bernalillo,95522.0,35.10278,-106.67492,75,176,24,29708
87106,595000.0,3,3,2715,201 RICHMOND DR SE,Albuquerque,New Mexico,25844,278.6,Bernalillo,75283.0,35.00818,-106.61185,75,176,24,29775
87109,455000.0,3,3,2401,8232 EVANGELINE CT NE,Albuquerque,New Mexico,40249,1556.7,Bernalillo,76565.0,35.15285,-106.57543,75,176,24,29923
87120,475000.0,4,4,2684,8705 MONSOON RD NW,Albuquerque,New Mexico,66118,442.9,Bernalillo,98519.0,35.14097,-106.76522,75,176,24,30280
87123,315000.0,3,2,1750,11801 ISLE ROYALE PL SE,Albuquerque,New Mexico,44162,590.9,Bernalillo,79755.0,35.06206,-106.46991,75,176,24,30495
87110,359500.0,3,2,1636,2919 FLORIDA ST NE,Albuquerque,New Mexico,40307,1774.2,Bernalillo,80483.0,35.10812,-106.57816,75,176,24,29969
87109,439900.0,4,3,2410,7404 VIVIAN DR NE,Albuquerque,New Mexico,40249,1556.7,Bernalillo,76565.0,35.15285,-106.57543,75,176,24,29908
87105,159900.0,3,1,978,4617 GLENDALE PL NW,Albuquerque,New Mexico,54138,520.4,Bernalillo,61862.0,34.99512,-106.68644,75,176,24,29748
87114,360000.0,3,2,1789,4343 PRAIRIE HILL PL NW,Albuquerque,New Mexico,69717,1285.7,Bernalillo,96944.0,35.19718,-106.68216,75,176,24,30173
87121,299999.0,3,2,2068,5167 JENNIE RD SW,Albuquerque,New Mexico,75378,86.4,Bernalillo,66128.0,35.01031,-106.87816,75,176,24,30402
87112,325000.0,3,2,1490,2604 ELWOOD PL NE,Albuquerque,New Mexico,41818,1986.1,Bernalillo,80731.0,35.10093,-106.51622,75,176,24,30069
87111,335000.0,3,2,1571,11504 PALM SPRINGS AVE NE,Albuquerque,New Mexico,57518,1748.6,Bernalillo,109573.0,35.13824,-106.51589,75,176,24,30025
87114,359900.0,3,3,2019,7868 LATIR MESA RD NW,Albuquerque,New Mexico,69717,1285.7,Bernalillo,96944.0,35.19718,-106.68216,75,176,24,30214
87112,249900.0,2,2,1118,11616 RALPH AVE NE,Albuquerque,New Mexico,41818,1986.1,Bernalillo,80731.0,35.10093,-106.51622,75,176,24,30087
87114,327000.0,3,2,1286,10419 CALLE ACANTA NW,Albuquerque,New Mexico,69717,1285.7,Bernalillo,96944.0,35.19718,-106.68216,75,176,24,30211
87120,624900.0,4,4,3407,9112 VISTA DIBUJO RD NW,Albuquerque,New Mexico,66118,442.9,Bernalillo,98519.0,35.14097,-106.76522,75,176,24,30311
87102,350000.0,2,2,1207,100 GOLD AVE SW APT 309,Albuquerque,New Mexico,19056,1127.5,Bernalillo,50092.0,35.08116,-106.64636,75,176,24,29689
87120,376000.0,3,3,2093,8728 ARKANSAS RD NW,Albuquerque,New Mexico,66118,442.9,Bernalillo,98519.0,35.14097,-106.76522,75,176,24,30340
87121,310000.0,4,3,2200,10215 SANDY TRAIL RD SW,Albuquerque,New Mexico,75378,86.4,Bernalillo,66128.0,35.01031,-106.87816,75,176,24,30409
87108,356000.0,2,2,1700,1608 ANDERSON PL SE,Albuquerque,New Mexico,36433,2393.1,Bernalillo,55047.0,35.07235,-106.57835,75,176,24,29848
87107,399000.0,4,3,1719,800 DOUGLAS MACARTHUR RD NW,Albuquerque,New Mexico,27981,737.6,Bernalillo,85532.0,35.13747,-106.64363,75,176,24,29832
87120,525000.0,3,3,2343,4704 CUMBERLAND RD NW,Albuquerque,New Mexico,66118,442.9,Bernalillo,98519.0,35.14097,-106.76522,75,176,24,30245
87107,267000.0,1,1,756,1921 GRIEGOS RD NW,Albuquerque,New Mexico,27981,737.6,Bernalillo,85532.0,35.13747,-106.64363,75,176,24,29820
87104,900000.0,3,2,2123,2832 MAXIMILLIAN RD NW,Albuquerque,New Mexico,13468,1237.5,Bernalillo,95522.0,35.10278,-106.67492,75,176,24,29705
87108,240000.0,3,2,1624,609 FLORIDA ST SE,Albuquerque,New Mexico,36433,2393.1,Bernalillo,55047.0,35.07235,-106.57835,75,176,24,29874
87108,950000.0,4,3,2901,920 GRANDVIEW DR SE,Albuquerque,New Mexico,36433,2393.1,Bernalillo,55047.0,35.07235,-106.57835,75,176,24,29867
87104,280000.0,3,2,1423,2428 ROSE AVE NW,Albuquerque,New Mexico,13468,1237.5,Bernalillo,95522.0,35.10278,-106.67492,75,176,24,29700
87121,270000.0,3,2,1416,820 110TH ST SW,Albuquerque,New Mexico,75378,86.4,Bernalillo,66128.0,35.01031,-106.87816,75,176,24,30397
87112,590000.0,5,3,2562,1501 ARCHULETA DR NE,Albuquerque,New Mexico,41818,1986.1,Bernalillo,80731.0,35.10093,-106.51622,75,176,24,30094
87114,525000.0,4,3,2811,5116 MARCADAS RD NW,Albuquerque,New Mexico,69717,1285.7,Bernalillo,96944.0,35.19718,-106.68216,75,176,24,30177
87106,532405.0,4,3,2462,2224 OKEEFE AVE SE,Albuquerque,New Mexico,25844,278.6,Bernalillo,75283.0,35.00818,-106.61185,75,176,24,29761
87120,219500.0,2,2,1126,6821 KEELING ST NW,Albuquerque,New Mexico,66118,442.9,Bernalillo,98519.0,35.14097,-106.76522,75,176,24,30252
87111,799900.0,4,3,3263,11508 WOODMAR LN NE,Albuquerque,New Mexico,57518,1748.6,Bernalillo,109573.0,35.13824,-106.51589,75,176,24,29991
87111,375000.0,4,2,1850,11605 RIVIERA RD NE,Albuquerque,New Mexico,57518,1748.6,Bernalillo,109573.0,35.13824,-106.51589,75,176,24,30048
87114,329900.0,3,2,1455,7700 BUTTON QUAIL AVE NW,Albuquerque,New Mexico,69717,1285.7,Bernalillo,96944.0,35.19718,-106.68216,75,176,24,30159
87112,310000.0,3,2,1551,2701 ALTEZ ST NE,Albuquerque,New Mexico,41818,1986.1,Bernalillo,80731.0,35.10093,-106.51622,75,176,24,30071
87114,340000.0,3,3,2054,6322 BISBEE PL NW,Albuquerque,New Mexico,69717,1285.7,Bernalillo,96944.0,35.19718,-106.68216,75,176,24,30154
87122,1280000.0,4,3,3520,536 BLACK BEAR RD NE,Albuquerque,New Mexico,18022,320.8,Bernalillo,199446.0,35.18685,-106.48827,75,176,24,30452
87120,580000.0,3,3,2748,4701 MI CORDELIA DR NW,Albuquerque,New Mexico,66118,442.9,Bernalillo,98519.0,35.14097,-106.76522,75,176,24,30337
87106,610000.0,3,1,2628,2132 GOLD AVE SE,Albuquerque,New Mexico,25844,278.6,Bernalillo,75283.0,35.00818,-106.61185,75,176,24,29784
87121,298000.0,4,3,1787,1345 ARROYO HONDO ST SW,Albuquerque,New Mexico,75378,86.4,Bernalillo,66128.0,35.01031,-106.87816,75,176,24,30386
87107,359900.0,3,1,1513,149 GREEN VALLEY RD NW,Albuquerque,New Mexico,27981,737.6,Bernalillo,85532.0,35.13747,-106.64363,75,176,24,29827
87120,484900.0,3,3,2300,6444 HOPS CT NW,Albuquerque,New Mexico,66118,442.9,Bernalillo,98519.0,35.14097,-106.76522,75,176,24,30307
87106,400000.0,2,1,3816,1932 BUENA VISTA DR SE,Albuquerque,New Mexico,25844,278.6,Bernalillo,75283.0,35.00818,-106.61185,75,176,24,29776
87113,449900.0,4,3,1990,7304 DANCING EAGLE AVE NE,Albuquerque,New Mexico,16879,437.8,Bernalillo,114025.0,35.19249,-106.5708,75,176,24,30142
87111,305000.0,3,3,1659,12400 APPALACHIAN WAY NE,Albuquerque,New Mexico,57518,1748.6,Bernalillo,109573.0,35.13824,-106.51589,75,176,24,30051
87108,800000.0,2,1,7200,1010 PALOMAS DR SE,Albuquerque,New Mexico,36433,2393.1,Bernalillo,55047.0,35.07235,-106.57835,75,176,24,29862
87107,950000.0,4,4,4628,629 SOLAR RD NW,Albuquerque,New Mexico,27981,737.6,Bernalillo,85532.0,35.13747,-106.64363,75,176,24,29799
87108,215000.0,2,1,1452,428 GROVE ST SE # 1,Albuquerque,New Mexico,36433,2393.1,Bernalillo,55047.0,35.07235,-106.57835,75,176,24,29853
87123,265000.0,3,1,1200,832 CLAUDINE ST NE,Albuquerque,New Mexico,44162,590.9,Bernalillo,79755.0,35.06206,-106.46991,75,176,24,30506
87112,289900.0,3,2,1207,10409 MOUNTAIN RD NE,Albuquerque,New Mexico,41818,1986.1,Bernalillo,80731.0,35.10093,-106.51622,75,176,24,30105
87107,393225.0,4,3,1999,327 SAN CLEMENTE AVE NW,Albuquerque,New Mexico,27981,737.6,Bernalillo,85532.0,35.13747,-106.64363,75,176,24,29806
87122,475000.0,3,2,2080,10220 JARASH PL NE,Albuquerque,New Mexico,18022,320.8,Bernalillo,199446.0,35.18685,-106.48827,75,176,24,30477
87114,500000.0,2,3,1680,737 ALONDRA LN NW,Albuquerque,New Mexico,69717,1285.7,Bernalillo,96944.0,35.19718,-106.68216,75,176,24,30208
87112,295000.0,3,2,1619,11605 BALDWIN AVE NE,Albuquerque,New Mexico,41818,1986.1,Bernalillo,80731.0,35.10093,-106.51622,75,176,24,30062
87121,336590.0,4,2,1602,19642 N VALEDON SW,Albuquerque,New Mexico,75378,86.4,Bernalillo,66128.0,35.01031,-106.87816,75,176,24,30346
87120,245000.0,3,2,1334,137 CALLE PUEBLO PINADO NW,Albuquerque,New Mexico,66118,442.9,Bernalillo,98519.0,35.14097,-106.76522,75,176,24,30260
87121,330000.0,4,3,2218,9027 EIFFEL AVE SW,Albuquerque,New Mexico,75378,86.4,Bernalillo,66128.0,35.01031,-106.87816,75,176,24,30376
87112,335000.0,3,2,2012,2340 WYOMING BLVD NE,Albuquerque,New Mexico,41818,1986.1,Bernalillo,80731.0,35.10093,-106.51622,75,176,24,30107
87112,540000.0,2,2,3353,2801 PALO VERDE DR NE,Albuquerque,New Mexico,41818,1986.1,Bernalillo,80731.0,35.10093,-106.51622,75,176,24,30093
87123,300000.0,3,3,1900,10725 TOWNE PARK DR NE,Albuquerque,New Mexico,44162,590.9,Bernalillo,79755.0,35.06206,-106.46991,75,176,24,30540
87111,395000.0,3,2,1949,3800 MADRID DR NE,Albuquerque,New Mexico,57518,1748.6,Bernalillo,109573.0,35.13824,-106.51589,75,176,24,30020
87107,399000.0,3,2,1634,230 ROEHL RD NW,Albuquerque,New Mexico,27981,737.6,Bernalillo,85532.0,35.13747,-106.64363,75,176,24,29794
87108,229000.0,3,2,1900,420 PENNSYLVANIA ST NE,Albuquerque,New Mexico,36433,2393.1,Bernalillo,55047.0,35.07235,-106.57835,75,176,24,29871
87113,575000.0,4,3,2809,7400 SHAHEEN CT NE,Albuquerque,New Mexico,16879,437.8,Bernalillo,114025.0,35.19249,-106.5708,75,176,24,30143
87109,139990.0,2,2,794,4601 CARLISLE BLVD NE APT A16,Albuquerque,New Mexico,40249,1556.7,Bernalillo,76565.0,35.15285,-106.57543,75,176,24,29921
87102,139900.0,1,2,1363,1113 9TH ST SW,Albuquerque,New Mexico,19056,1127.5,Bernalillo,50092.0,35.08116,-106.64636,75,176,24,29676
87114,950000.0,4,3,4122,118 MARIA CIR NW,Albuquerque,New Mexico,69717,1285.7,Bernalillo,96944.0,35.19718,-106.68216,75,176,24,30205
87114,397950.0,3,2,1540,7512 TWO ROCK RD NW,Albuquerque,New Mexico,69717,1285.7,Bernalillo,96944.0,35.19718,-106.68216,75,176,24,30174
87106,419900.0,2,1,2680,311 PRINCETON DR SE,Albuquerque,New Mexico,25844,278.6,Bernalillo,75283.0,35.00818,-106.61185,75,176,24,29778
87102,195000.0,2,1,650,706 ANDERSON AVE SE,Albuquerque,New Mexico,19056,1127.5,Bernalillo,50092.0,35.08116,-106.64636,75,176,24,29674
87110,350000.0,3,2,1725,7604 HANNETT AVE NE,Albuquerque,New Mexico,40307,1774.2,Bernalillo,80483.0,35.10812,-106.57816,75,176,24,29982
87113,518000.0,4,4,2659,6808 TESORO PL NE,Albuquerque,New Mexico,16879,437.8,Bernalillo,114025.0,35.19249,-106.5708,75,176,24,30137
87121,285000.0,4,2,1552,832 110TH ST SW,Albuquerque,New Mexico,75378,86.4,Bernalillo,66128.0,35.01031,-106.87816,75,176,24,30358
87122,975000.0,4,3,3465,11614 DEL REY AVE NE,Albuquerque,New Mexico,18022,320.8,Bernalillo,199446.0,35.18685,-106.48827,75,176,24,30474
87120,330000.0,3,3,1890,935 MOLTEN PL NW,Albuquerque,New Mexico,66118,442.9,Bernalillo,98519.0,35.14097,-106.76522,75,176,24,30321
87121,268000.0,3,2,1522,1513 JOANNE CT SW,Albuquerque,New Mexico,75378,86.4,Bernalillo,66128.0,35.01031,-106.87816,75,176,24,30380
87108,215000.0,3,2,1356,1117 KENTUCKY ST SE,Albuquerque,New Mexico,36433,2393.1,Bernalillo,55047.0,35.07235,-106.57835,75,176,24,29854
87105,425000.0,4,2,1680,2278 BARTOLO AVE SW,Albuquerque,New Mexico,54138,520.4,Bernalillo,61862.0,34.99512,-106.68644,75,176,24,29711
87110,650000.0,4,3,3058,4100 MACKLAND AVE NE,Albuquerque,New Mexico,40307,1774.2,Bernalillo,80483.0,35.10812,-106.57816,75,176,24,29978
87120,765000.0,3,5,3448,4508 ATHERTON WAY NW,Albuquerque,New Mexico,66118,442.9,Bernalillo,98519.0,35.14097,-106.76522,75,176,24,30284
87109,125000.0,1,1,754,3825 MONTGOMERY BLVD NE APT 107,Albuquerque,New Mexico,40249,1556.7,Bernalillo,76565.0,35.15285,-106.57543,75,176,24,29901
87108,190000.0,2,2,1192,432 BELL PARK CIR SE,Albuquerque,New Mexico,36433,2393.1,Bernalillo,55047.0,35.07235,-106.57835,75,176,24,29872
87107,114900.0,3,2,1452,6118 EDITH BLVD NE UNIT 35,Albuquerque,New Mexico,27981,737.6,Bernalillo,85532.0,35.13747,-106.64363,75,176,24,29805
87109,499000.0,4,3,2965,8240 NORTHRIDGE AVE NE,Albuquerque,New Mexico,40249,1556.7,Bernalillo,76565.0,35.15285,-106.57543,75,176,24,29889
87114,697000.0,3,3,2339,10504 REDBUD ST NW,Albuquerque,New Mexico,69717,1285.7,Bernalillo,96944.0,35.19718,-106.68216,75,176,24,30195
87113,499000.0,5,3,3011,7508 CALLE MONTANA NE,Albuquerque,New Mexico,16879,437.8,Bernalillo,114025.0,35.19249,-106.5708,75,176,24,30133
87108,365900.0,4,3,2031,1040 QUINCY ST SE,Albuquerque,New Mexico,36433,2393.1,Bernalillo,55047.0,35.07235,-106.57835,75,176,24,29881
87109,759900.0,4,3,3082,6503 LOFTUS AVE NE,Albuquerque,New Mexico,40249,1556.7,Bernalillo,76565.0,35.15285,-106.57543,75,176,24,29926
87104,289000.0,3,1,1350,1018 21ST ST NW,Albuquerque,New Mexico,13468,1237.5,Bernalillo,95522.0,35.10278,-106.67492,75,176,24,29698
87112,365000.0,3,3,1900,3 LA VILLITA CIR NE,Albuquerque,New Mexico,41818,1986.1,Bernalillo,80731.0,35.10093,-106.51622,75,176,24,30067
87114,365000.0,4,2,2104,10108 LA PAZ DR NW,Albuquerque,New Mexico,69717,1285.7,Bernalillo,96944.0,35.19718,-106.68216,75,176,24,30146
87109,335000.0,3,2,1248,4608 ERIC DR NE,Albuquerque,New Mexico,40249,1556.7,Bernalillo,76565.0,35.15285,-106.57543,75,176,24,29928
87111,599000.0,4,3,2728,3803 CALLE CASTANO NE,Albuquerque,New Mexico,57518,1748.6,Bernalillo,109573.0,35.13824,-106.51589,75,176,24,30050
87121,337590.0,4,2,1602,10654 VALEDON LANE SW,Albuquerque,New Mexico,75378,86.4,Bernalillo,66128.0,35.01031,-106.87816,75,176,24,30367
87120,430000.0,4,3,2491,8428 CALLE PRIMERA NW,Albuquerque,New Mexico,66118,442.9,Bernalillo,98519.0,35.14097,-106.76522,75,176,24,30266
87121,280000.0,3,2,1156,9408 WATER STONE RD SW,Albuquerque,New Mexico,75378,86.4,Bernalillo,66128.0,35.01031,-106.87816,75,176,24,30433
87112,450000.0,3,2,1939,2109 WHITE CLOUD ST NE,Albuquerque,New Mexico,41818,1986.1,Bernalillo,80731.0,35.10093,-106.51622,75,176,24,30080
87106,483435.0,3,3,2390,2436 DE KOONING AVE SE,Albuquerque,New Mexico,25844,278.6,Bernalillo,75283.0,35.00818,-106.61185,75,176,24,29773
87112,275000.0,2,1,1492,9916 SALEM RD NE,Albuquerque,New Mexico,41818,1986.1,Bernalillo,80731.0,35.10093,-106.51622,75,176,24,30123
87111,390000.0,3,2,1500,11417 APPIAN WAY NE,Albuquerque,New Mexico,57518,1748.6,Bernalillo,109573.0,35.13824,-106.51589,75,176,24,30046
87122,829000.0,3,3,3911,326 PAINT BRUSH DR NE,Albuquerque,New Mexico,18022,320.8,Bernalillo,199446.0,35.18685,-106.48827,75,176,24,30471
87114,380000.0,4,3,1889,6916 HARTFORD PL NW,Albuquerque,New Mexico,69717,1285.7,Bernalillo,96944.0,35.19718,-106.68216,75,176,24,30167
87110,274999.0,4,2,1610,5715 EUCLID AVE NE,Albuquerque,New Mexico,40307,1774.2,Bernalillo,80483.0,35.10812,-106.57816,75,176,24,29967
87123,499000.0,3,2,2138,12101 AQUEDUCT RD SE,Albuquerque,New Mexico,44162,590.9,Bernalillo,79755.0,35.06206,-106.46991,75,176,24,30488
87108,264000.0,3,2,1418,605 GROVE ST NE,Albuquerque,New Mexico,36433,2393.1,Bernalillo,55047.0,35.07235,-106.57835,75,176,24,29851
87112,400000.0,4,2,2358,12417 REGENT AVE NE,Albuquerque,New Mexico,41818,1986.1,Bernalillo,80731.0,35.10093,-106.51622,75,176,24,30056
87121,289500.0,4,2,1761,10020 GARDEN GATE LN SW,Albuquerque,New Mexico,75378,86.4,Bernalillo,66128.0,35.01031,-106.87816,75,176,24,30362
87106,575000.0,5,4,3065,6100 DASBURG DR SE,Albuquerque,New Mexico,25844,278.6,Bernalillo,75283.0,35.00818,-106.61185,75,176,24,29786
87120,725000.0,3,3,2669,8016 ALTO REY CT NW,Albuquerque,New Mexico,66118,442.9,Bernalillo,98519.0,35.14097,-106.76522,75,176,24,30270
87121,279900.0,3,3,1592,9008 STIRRUP CT SW,Albuquerque,New Mexico,75378,86.4,Bernalillo,66128.0,35.01031,-106.87816,75,176,24,30392
87109,325000.0,3,2,1605,9416 BENT RD NE,Albuquerque,New Mexico,40249,1556.7,Bernalillo,76565.0,35.15285,-106.57543,75,176,24,29887
87121,325000.0,3,2,1807,5371 RAGLIN AVE SW,Albuquerque,New Mexico,75378,86.4,Bernalillo,66128.0,35.01031,-106.87816,75,176,24,30373
87120,615000.0,4,4,2752,6444 KOLA CT NW,Albuquerque,New Mexico,66118,442.9,Bernalillo,98519.0,35.14097,-106.76522,75,176,24,30295
87121,252700.0,3,2,1551,11209 KING RAIL RD SW,Albuquerque,New Mexico,75378,86.4,Bernalillo,66128.0,35.01031,-106.87816,75,176,24,30387
87114,575000.0,5,4,3008,4008 KILLINGTON RD NW,Albuquerque,New Mexico,69717,1285.7,Bernalillo,96944.0,35.19718,-106.68216,75,176,24,30193
87112,312000.0,3,2,1254,1120 GEORGENE DR NE,Albuquerque,New Mexico,41818,1986.1,Bernalillo,80731.0,35.10093,-106.51622,75,176,24,30064
87120,475000.0,3,2,2030,4917 COLLEGE HEIGHTS DR NW,Albuquerque,New Mexico,66118,442.9,Bernalillo,98519.0,35.14097,-106.76522,75,176,24,30283
87107,329900.0,3,2,1495,3797 CANDELARIAS LN NW,Albuquerque,New Mexico,27981,737.6,Bernalillo,85532.0,35.13747,-106.64363,75,176,24,29801
87105,185000.0,1,1,812,1086 LURA PL SW,Albuquerque,New Mexico,54138,520.4,Bernalillo,61862.0,34.99512,-106.68644,75,176,24,29739
87122,399000.0,2,2,1647,760 TRAMWAY LN NE # 5,Albuquerque,New Mexico,18022,320.8,Bernalillo,199446.0,35.18685,-106.48827,75,176,24,30470
87121,344700.0,4,2,1602,2732 HALFMOON WAY SW,Albuquerque,New Mexico,75378,86.4,Bernalillo,66128.0,35.01031,-106.87816,75,176,24,30399
87113,228000.0,3,2,1250,8533 CREEK ST NE,Albuquerque,New Mexico,16879,437.8,Bernalillo,114025.0,35.19249,-106.5708,75,176,24,30128
87120,300000.0,3,2,1489,4715 SNAPDRAGON RD NW,Albuquerque,New Mexico,66118,442.9,Bernalillo,98519.0,35.14097,-106.76522,75,176,24,30267
87109,139000.0,2,1,860,4200 MONTGOMERY BLVD NE APT 112,Albuquerque,New Mexico,40249,1556.7,Bernalillo,76565.0,35.15285,-106.57543,75,176,24,29894
87108,965000.0,5,4,3710,1020 ADAMS ST SE,Albuquerque,New Mexico,36433,2393.1,Bernalillo,55047.0,35.07235,-106.57835,75,176,24,29861
87102,215000.0,2,1,864,519 8TH ST SW,Albuquerque,New Mexico,19056,1127.5,Bernalillo,50092.0,35.08116,-106.64636,75,176,24,29694
87122,450000.0,3,2,1583,12709 CARMEL CT NE,Albuquerque,New Mexico,18022,320.8,Bernalillo,199446.0,35.18685,-106.48827,75,176,24,30455
87108,279900.0,3,2,1424,434 ESPANOLA ST NE,Albuquerque,New Mexico,36433,2393.1,Bernalillo,55047.0,35.07235,-106.57835,75,176,24,29877
87110,253000.0,2,1,785,2626 QUINCY ST NE,Albuquerque,New Mexico,40307,1774.2,Bernalillo,80483.0,35.10812,-106.57816,75,176,24,29945
87110,291000.0,3,2,1368,1209 ALCAZAR ST NE,Albuquerque,New Mexico,40307,1774.2,Bernalillo,80483.0,35.10812,-106.57816,75,176,24,29983
87110,375000.0,3,2,2172,1425 ADAMS ST NE,Albuquerque,New Mexico,40307,1774.2,Bernalillo,80483.0,35.10812,-106.57816,75,176,24,29936
87121,319990.0,3,3,1828,10614 HILGENBERG LN SW,Albuquerque,New Mexico,75378,86.4,Bernalillo,66128.0,35.01031,-106.87816,75,176,24,30423
87121,299900.0,4,2,1772,9808 SUN CHASER TRL SW,Albuquerque,New Mexico,75378,86.4,Bernalillo,66128.0,35.01031,-106.87816,75,176,24,30345
87107,460000.0,3,2,1802,373 LA CHAMISAL LN NW,Albuquerque,New Mexico,27981,737.6,Bernalillo,85532.0,35.13747,-106.64363,75,176,24,29837
87120,425000.0,3,2,1973,6119 JAMERS DR NW,Albuquerque,New Mexico,66118,442.9,Bernalillo,98519.0,35.14097,-106.76522,75,176,24,30305
87120,269000.0,3,2,1221,8307 CASA NEGRA CT NW,Albuquerque,New Mexico,66118,442.9,Bernalillo,98519.0,35.14097,-106.76522,75,176,24,30290
87106,725000.0,4,3,2973,3426 PURDUE PL NE,Albuquerque,New Mexico,25844,278.6,Bernalillo,75283.0,35.00818,-106.61185,75,176,24,29768
87106,360000.0,3,2,1167,1202 GIRARD BLVD NE,Albuquerque,New Mexico,25844,278.6,Bernalillo,75283.0,35.00818,-106.61185,75,176,24,29750
87122,465000.0,3,2,1801,8109 OAKLAND AVE NE,Albuquerque,New Mexico,18022,320.8,Bernalillo,199446.0,35.18685,-106.48827,75,176,24,30445
87102,380000.0,4,2,2080,617 LUNA BLVD NW,Albuquerque,New Mexico,19056,1127.5,Bernalillo,50092.0,35.08116,-106.64636,75,176,24,29670
87114,192000.0,2,1,789,10608 SHOOTING STAR ST NW,Albuquerque,New Mexico,69717,1285.7,Bernalillo,96944.0,35.19718,-106.68216,75,176,24,30236
87121,250000.0,3,2,1177,10313 DEL HAVEN ST SW,Albuquerque,New Mexico,75378,86.4,Bernalillo,66128.0,35.01031,-106.87816,75,176,24,30388
87122,889900.0,4,3,3050,12411 NEW DAWN RD NE,Albuquerque,New Mexico,18022,320.8,Bernalillo,199446.0,35.18685,-106.48827,75,176,24,30453
87113,889000.0,3,3,2607,7331 VENICE AVE NE,Albuquerque,New Mexico,16879,437.8,Bernalillo,114025.0,35.19249,-106.5708,75,176,24,30144
87121,275000.0,4,3,1761,8116 VISTA SERENA LN SW,Albuquerque,New Mexico,75378,86.4,Bernalillo,66128.0,35.01031,-106.87816,75,176,24,30420
87105,450000.0,3,2,2505,4301 VALLEY GARDEN DR SW,Albuquerque,New Mexico,54138,520.4,Bernalillo,61862.0,34.99512,-106.68644,75,176,24,29743
87109,75900.0,2,2,1248,7112 PAN AMERICAN EAST FWY NE UNIT 3,Albuquerque,New Mexico,40249,1556.7,Bernalillo,76565.0,35.15285,-106.57543,75,176,24,29913
87109,369900.0,3,2,1454,8801 DEMOCRACY RD NE,Albuquerque,New Mexico,40249,1556.7,Bernalillo,76565.0,35.15285,-106.57543,75,176,24,29892
87102,169900.0,1,1,618,2304 BROADWAY BLVD NE,Albuquerque,New Mexico,19056,1127.5,Bernalillo,50092.0,35.08116,-106.64636,75,176,24,29696
87110,729000.0,3,3,2338,1420 JEFFERSON ST NE,Albuquerque,New Mexico,40307,1774.2,Bernalillo,80483.0,35.10812,-106.57816,75,176,24,29940
87111,1075000.0,4,4,4737,13504 DESERT ZINNIA CT NE,Albuquerque,New Mexico,57518,1748.6,Bernalillo,109573.0,35.13824,-106.51589,75,176,24,29994
87112,300000.0,2,2,1460,12305 LOS ARBOLES AVE NE,Albuquerque,New Mexico,41818,1986.1,Bernalillo,80731.0,35.10093,-106.51622,75,176,24,30118
87112,565000.0,3,2,2810,12820 LILLIAN PL NE,Albuquerque,New Mexico,41818,1986.1,Bernalillo,80731.0,35.10093,-106.51622,75,176,24,30115
87111,675000.0,3,3,2567,13308 PINE FOREST PL NE,Albuquerque,New Mexico,57518,1748.6,Bernalillo,109573.0,35.13824,-106.51589,75,176,24,30044
87113,569000.0,4,4,2587,9024 SUNNY BROOK ST NE,Albuquerque,New Mexico,16879,437.8,Bernalillo,114025.0,35.19249,-106.5708,75,176,24,30126
87114,529640.0,4,2,2225,9012 CAMBRILS DR NW,Albuquerque,New Mexico,69717,1285.7,Bernalillo,96944.0,35.19718,-106.68216,75,176,24,30238
87121,190000.0,2,1,1100,2705 COORS BLVD SW,Albuquerque,New Mexico,75378,86.4,Bernalillo,66128.0,35.01031,-106.87816,75,176,24,30374
87113,279000.0,3,3,1397,8616 ALTA LOMA LN NE,Albuquerque,New Mexico,16879,437.8,Bernalillo,114025.0,35.19249,-106.5708,75,176,24,30135
87121,336590.0,4,2,1602,2812 HALFMOON WAY SW,Albuquerque,New Mexico,75378,86.4,Bernalillo,66128.0,35.01031,-106.87816,75,176,24,30370
87107,435000.0,3,3,2100,1028 GUADALUPE DEL PRADO ST NW,Albuquerque,New Mexico,27981,737.6,Bernalillo,85532.0,35.13747,-106.64363,75,176,24,29840
87111,299000.0,3,2,1100,10524 GUADALAJARA AVE NE,Albuquerque,New Mexico,57518,1748.6,Bernalillo,109573.0,35.13824,-106.51589,75,176,24,30017
87121,265000.0,3,2,1265,8620 SAWGRASS PL NW,Albuquerque,New Mexico,75378,86.4,Bernalillo,66128.0,35.01031,-106.87816,75,176,24,30424
87107,300000.0,3,2,1351,4817 GRANDE DR NW,Albuquerque,New Mexico,27981,737.6,Bernalillo,85532.0,35.13747,-106.64363,75,176,24,29807
87112,299900.0,3,2,1317,10413 BALDWIN AVE NE,Albuquerque,New Mexico,41818,1986.1,Bernalillo,80731.0,35.10093,-106.51622,75,176,24,30059
87107,360000.0,3,2,1545,247 SAN CLEMENTE AVE NW,Albuquerque,New Mexico,27981,737.6,Bernalillo,85532.0,35.13747,-106.64363,75,176,24,29842
