Zip Code,Price,Beds,Baths,Living Space,Address,City,State,Zip Code Population,Zip Code Density,County,Median Household Income,Latitude,Longitude,county_num,city_num,state_num,address_num
37211,265000.0,2,1,816,4945 PACKARD DR,Nashville,Tennessee,75073,1334.2,Davidson,84503.0,36.06704,-86.72345,22,70,8,8119
37207,489900.0,2,2,1179,128 DELLWAY DR,Nashville,Tennessee,40697,812.3,Davidson,72606.0,36.23278,-86.77765,22,70,8,7871
37214,399994.0,3,4,1802,641 MARKHAM ST,Nashville,Tennessee,31341,551.3,Davidson,87408.0,36.16789,-86.66296,22,70,8,8185
37214,504900.0,3,4,1813,114 FITZGERALD DR,Nashville,Tennessee,31341,551.3,Davidson,87408.0,36.16789,-86.66296,22,70,8,8181
37209,424999.0,2,2,955,953 44TH AVE N APT 203,Nashville,Tennessee,37363,428.7,Davidson,98701.0,36.15591,-86.91638,22,70,8,7977
37211,599000.0,4,3,2614,3504 BROOKVIEW FOREST CT,Nashville,Tennessee,75073,1334.2,Davidson,84503.0,36.06704,-86.72345,22,70,8,8107
37205,3999999.0,5,6,6475,216 PAGE RD,Nashville,Tennessee,25437,688.5,Davidson,222323.0,36.11075,-86.87274,22,70,8,7712
37208,849900.0,3,4,1940,1006 SCOVEL ST,Nashville,Tennessee,19546,1567.1,Davidson,86858.0,36.17691,-86.80901,22,70,8,7880
37215,1000000.0,4,2,2062,4629 SHYS HILL RD,Nashville,Tennessee,22829,575.1,Davidson,217318.0,36.08197,-86.83492,22,70,8,8191
37214,399997.0,3,4,1802,637 MARKHAM ST,Nashville,Tennessee,31341,551.3,Davidson,87408.0,36.16789,-86.66296,22,70,8,8151
37206,635000.0,3,3,1883,1404 CHESTER AVE # B,Nashville,Tennessee,28694,1429.4,Davidson,114377.0,36.18085,-86.73117,22,70,8,7786
37214,419900.0,3,2,1375,2424 MELBOURNE DR,Nashville,Tennessee,31341,551.3,Davidson,87408.0,36.16789,-86.66296,22,70,8,8153
37209,499950.0,2,2,1208,514 BASSWOOD AVE,Nashville,Tennessee,37363,428.7,Davidson,98701.0,36.15591,-86.91638,22,70,8,7948
37214,393000.0,2,1,1319,2317 CLOVERDALE RD,Nashville,Tennessee,31341,551.3,Davidson,87408.0,36.16789,-86.66296,22,70,8,8175
37203,849900.0,4,4,2404,533A WEDGEWOOD AVE,Nashville,Tennessee,18100,1666.1,Davidson,94336.0,36.14937,-86.78986,22,70,8,7629
37220,2350000.0,5,6,4684,1118 BATTERY LN,Nashville,Tennessee,6481,324.5,Davidson,230199.0,36.06759,-86.78127,22,70,8,8348
37221,949900.0,4,4,3508,113 ZURIC CT,Nashville,Tennessee,42232,330.5,Davidson,122269.0,36.05991,-86.97189,22,70,8,8425
37209,499900.0,3,4,2200,6719 CHARLOTTE PIKE APT 2,Nashville,Tennessee,37363,428.7,Davidson,98701.0,36.15591,-86.91638,22,70,8,7951
37216,619900.0,3,3,2261,820 DELMAS AVE,Nashville,Tennessee,19227,1103.2,Davidson,99706.0,36.21589,-86.72676,22,70,8,8279
37221,699500.0,3,3,2024,2105 GILDRIDGE DR,Nashville,Tennessee,42232,330.5,Davidson,122269.0,36.05991,-86.97189,22,70,8,8397
37211,629900.0,3,3,3021,3500 SAINDON ST,Nashville,Tennessee,75073,1334.2,Davidson,84503.0,36.06704,-86.72345,22,70,8,8111
37209,2190000.0,6,9,4758,4006 UTAH AVE,Nashville,Tennessee,37363,428.7,Davidson,98701.0,36.15591,-86.91638,22,70,8,8007
37221,2177000.0,4,6,3686,6052 PASQUO RD,Nashville,Tennessee,42232,330.5,Davidson,122269.0,36.05991,-86.97189,22,70,8,8364
37221,375000.0,2,2,1741,700 BARLIN CT,Nashville,Tennessee,42232,330.5,Davidson,122269.0,36.05991,-86.97189,22,70,8,8410
37209,769000.0,4,3,2274,5298 GEORGIA AVE,Nashville,Tennessee,37363,428.7,Davidson,98701.0,36.15591,-86.91638,22,70,8,8012
37215,720000.0,3,3,2250,4400 BELMONT PARK TER APT 240,Nashville,Tennessee,22829,575.1,Davidson,217318.0,36.08197,-86.83492,22,70,8,8237
37203,1190000.0,2,2,1201,1717 HAYES ST # 20A,Nashville,Tennessee,18100,1666.1,Davidson,94336.0,36.14937,-86.78986,22,70,8,7621
37214,699900.0,4,3,2992,3231 KNOBVIEW DR,Nashville,Tennessee,31341,551.3,Davidson,87408.0,36.16789,-86.66296,22,70,8,8146
37217,269900.0,3,3,1480,4000 ANDERSON RD APT 12,Nashville,Tennessee,31096,676.0,Davidson,72426.0,36.10836,-86.66178,22,70,8,8289
37206,550000.0,2,3,1456,1615B PORTER AVE,Nashville,Tennessee,28694,1429.4,Davidson,114377.0,36.18085,-86.73117,22,70,8,7787
37221,5800000.0,4,5,4953,1111 ELLER LN,Nashville,Tennessee,42232,330.5,Davidson,122269.0,36.05991,-86.97189,22,70,8,8359
37215,960000.0,3,3,2473,3493 RULAND PL,Nashville,Tennessee,22829,575.1,Davidson,217318.0,36.08197,-86.83492,22,70,8,8212
37207,925000.0,4,4,2050,1106 HARMONY WAY # 1106,Nashville,Tennessee,40697,812.3,Davidson,72606.0,36.23278,-86.77765,22,70,8,7844
37203,1190000.0,2,2,1654,700 12TH AVE S UNIT 801,Nashville,Tennessee,18100,1666.1,Davidson,94336.0,36.14937,-86.78986,22,70,8,7646
37216,799900.0,4,3,2556,1358 GREENLAND AVE,Nashville,Tennessee,19227,1103.2,Davidson,99706.0,36.21589,-86.72676,22,70,8,8269
37219,2200000.0,2,2,1321,515 CHURCH ST UNIT 4204,Nashville,Tennessee,1411,2527.4,Davidson,99317.0,36.1663,-86.78299,22,70,8,8340
37207,709900.0,3,4,3191,2206 OLD MATTHEWS RD,Nashville,Tennessee,40697,812.3,Davidson,72606.0,36.23278,-86.77765,22,70,8,7860
37215,1145000.0,4,4,3115,121 ABBEYWOOD DR,Nashville,Tennessee,22829,575.1,Davidson,217318.0,36.08197,-86.83492,22,70,8,8206
37216,765000.0,4,3,2132,4302 GLYNDA DR,Nashville,Tennessee,19227,1103.2,Davidson,99706.0,36.21589,-86.72676,22,70,8,8276
37216,1100000.0,5,4,2810,3818 KINGSWOOD AVE,Nashville,Tennessee,19227,1103.2,Davidson,99706.0,36.21589,-86.72676,22,70,8,8249
37218,349000.0,2,2,1254,3408 HYDES FERRY RD,Nashville,Tennessee,15056,148.9,Davidson,77147.0,36.20814,-86.89158,22,70,8,8315
37221,459900.0,2,2,1701,103 WINDSOR TERRACE DR,Nashville,Tennessee,42232,330.5,Davidson,122269.0,36.05991,-86.97189,22,70,8,8401
37203,582000.0,1,1,819,1212 DEMONBREUN ST # A11A,Nashville,Tennessee,18100,1666.1,Davidson,94336.0,36.14937,-86.78986,22,70,8,7654
37207,744900.0,3,3,1928,806 LISCHEY AVE,Nashville,Tennessee,40697,812.3,Davidson,72606.0,36.23278,-86.77765,22,70,8,7865
37217,333250.0,3,1,1100,416 MCDONALD DR,Nashville,Tennessee,31096,676.0,Davidson,72426.0,36.10836,-86.66178,22,70,8,8293
37217,289900.0,3,2,1899,1245 VULTEE BLVD,Nashville,Tennessee,31096,676.0,Davidson,72426.0,36.10836,-86.66178,22,70,8,8302
37207,352000.0,4,2,1268,3294 RAINWOOD DR,Nashville,Tennessee,40697,812.3,Davidson,72606.0,36.23278,-86.77765,22,70,8,7807
37204,2149900.0,6,6,5134,938 CALDWELL LN,Nashville,Tennessee,17047,902.4,Davidson,178418.0,36.10669,-86.77463,22,70,8,7690
37204,2650000.0,6,6,5350,909 MONTROSE AVE,Nashville,Tennessee,17047,902.4,Davidson,178418.0,36.10669,-86.77463,22,70,8,7673
37216,525000.0,3,3,1520,2822B BRONTE AVE,Nashville,Tennessee,19227,1103.2,Davidson,99706.0,36.21589,-86.72676,22,70,8,8261
37212,1050000.0,3,4,2654,1022 14TH AVE S,Nashville,Tennessee,20917,2936.8,Davidson,178515.0,36.13376,-86.80167,22,70,8,8136
37201,465000.0,1,1,630,730 1ST AVE N,Nashville,Tennessee,1477,1776.2,Davidson,137564.0,36.16662,-86.77799,22,70,8,7594
37221,505000.0,3,2,2047,245 CROSS TIMBERS DR,Nashville,Tennessee,42232,330.5,Davidson,122269.0,36.05991,-86.97189,22,70,8,8402
37209,649900.0,3,3,2193,1111 38TH AVE N,Nashville,Tennessee,37363,428.7,Davidson,98701.0,36.15591,-86.91638,22,70,8,8022
37214,525000.0,4,3,2337,1000 FITZPATRICK RD,Nashville,Tennessee,31341,551.3,Davidson,87408.0,36.16789,-86.66296,22,70,8,8163
37209,340000.0,1,1,703,1638 54TH AVE N APT 331,Nashville,Tennessee,37363,428.7,Davidson,98701.0,36.15591,-86.91638,22,70,8,7945
37220,710000.0,3,2,1727,608 HOGAN RD,Nashville,Tennessee,6481,324.5,Davidson,230199.0,36.06759,-86.78127,22,70,8,8344
37209,729900.0,3,3,2016,5700A BURGESS AVE,Nashville,Tennessee,37363,428.7,Davidson,98701.0,36.15591,-86.91638,22,70,8,7935
37208,320000.0,3,2,1175,1621 21ST AVE N,Nashville,Tennessee,19546,1567.1,Davidson,86858.0,36.17691,-86.80901,22,70,8,7918
37208,719900.0,3,4,2404,1217B JACKSON ST,Nashville,Tennessee,19546,1567.1,Davidson,86858.0,36.17691,-86.80901,22,70,8,7883
37211,424900.0,3,3,1640,908 LOXLEY DR,Nashville,Tennessee,75073,1334.2,Davidson,84503.0,36.06704,-86.72345,22,70,8,8046
37215,510000.0,3,3,1562,504 BELAIR WAY,Nashville,Tennessee,22829,575.1,Davidson,217318.0,36.08197,-86.83492,22,70,8,8235
37207,789000.0,5,3,2325,803 N 5TH ST,Nashville,Tennessee,40697,812.3,Davidson,72606.0,36.23278,-86.77765,22,70,8,7827
37221,449900.0,3,2,2178,8925 SAWYER BROWN RD,Nashville,Tennessee,42232,330.5,Davidson,122269.0,36.05991,-86.97189,22,70,8,8404
37214,260000.0,2,2,1092,2258 LEBANON PIKE APT 56,Nashville,Tennessee,31341,551.3,Davidson,87408.0,36.16789,-86.66296,22,70,8,8170
37209,739900.0,4,3,2274,5300 GEORGIA AVE,Nashville,Tennessee,37363,428.7,Davidson,98701.0,36.15591,-86.91638,22,70,8,7993
37216,525000.0,3,3,1818,2221 BURNS ST,Nashville,Tennessee,19227,1103.2,Davidson,99706.0,36.21589,-86.72676,22,70,8,8258
37205,495000.0,2,2,1316,4215 HARDING PIKE APT 503,Nashville,Tennessee,25437,688.5,Davidson,222323.0,36.11075,-86.87274,22,70,8,7724
37206,500000.0,3,2,1608,817 POWERS AVE,Nashville,Tennessee,28694,1429.4,Davidson,114377.0,36.18085,-86.73117,22,70,8,7749
37207,419900.0,3,2,1280,1113 TUCKAHOE DR,Nashville,Tennessee,40697,812.3,Davidson,72606.0,36.23278,-86.77765,22,70,8,7872
37209,789900.0,4,5,2465,4010B CLIFTON AVE,Nashville,Tennessee,37363,428.7,Davidson,98701.0,36.15591,-86.91638,22,70,8,8003
37212,279000.0,1,1,600,2601 HILLSBORO PIKE APT L1,Nashville,Tennessee,20917,2936.8,Davidson,178515.0,36.13376,-86.80167,22,70,8,8138
37201,2690000.0,2,3,1265,160 2ND AVE S APT 2306,Nashville,Tennessee,1477,1776.2,Davidson,137564.0,36.16662,-86.77799,22,70,8,7593
37221,878000.0,3,3,2894,520 HARPETH TRACE DR,Nashville,Tennessee,42232,330.5,Davidson,122269.0,36.05991,-86.97189,22,70,8,8391
37205,1325000.0,4,3,3148,6352 BRESSLYN RD,Nashville,Tennessee,25437,688.5,Davidson,222323.0,36.11075,-86.87274,22,70,8,7713
37209,599999.0,3,3,2223,313 37TH AVE N,Nashville,Tennessee,37363,428.7,Davidson,98701.0,36.15591,-86.91638,22,70,8,7963
37209,565000.0,3,3,1538,5802 MAXON AVE,Nashville,Tennessee,37363,428.7,Davidson,98701.0,36.15591,-86.91638,22,70,8,8020
37205,3599000.0,5,7,6218,1105 NICHOL LN,Nashville,Tennessee,25437,688.5,Davidson,222323.0,36.11075,-86.87274,22,70,8,7743
37221,450000.0,3,2,1925,734 GENERAL GEORGE PATTON RD,Nashville,Tennessee,42232,330.5,Davidson,122269.0,36.05991,-86.97189,22,70,8,8392
37206,1200000.0,4,4,3393,2416 BARCLAY DR,Nashville,Tennessee,28694,1429.4,Davidson,114377.0,36.18085,-86.73117,22,70,8,7771
37215,3375000.0,4,5,4126,1225 CHICKERING RD,Nashville,Tennessee,22829,575.1,Davidson,217318.0,36.08197,-86.83492,22,70,8,8214
37215,1795000.0,4,5,4044,3425 STOKESMONT RD,Nashville,Tennessee,22829,575.1,Davidson,217318.0,36.08197,-86.83492,22,70,8,8194
37209,649500.0,3,4,2307,6206B MORROW RD,Nashville,Tennessee,37363,428.7,Davidson,98701.0,36.15591,-86.91638,22,70,8,7949
37221,725000.0,3,3,2296,604 HARPETH TRACE DR,Nashville,Tennessee,42232,330.5,Davidson,122269.0,36.05991,-86.97189,22,70,8,8368
37206,615000.0,3,2,1585,1424 ROSEBANK AVE,Nashville,Tennessee,28694,1429.4,Davidson,114377.0,36.18085,-86.73117,22,70,8,7750
37214,400000.0,4,2,1950,3404 LAUER DR,Nashville,Tennessee,31341,551.3,Davidson,87408.0,36.16789,-86.66296,22,70,8,8179
37204,1839000.0,4,5,4055,967 DRAUGHON AVE,Nashville,Tennessee,17047,902.4,Davidson,178418.0,36.10669,-86.77463,22,70,8,7680
37209,699000.0,3,4,2182,6206A LARAMIE AVE,Nashville,Tennessee,37363,428.7,Davidson,98701.0,36.15591,-86.91638,22,70,8,7976
37201,357500.0,1,1,475,309 CHURCH ST APT 306,Nashville,Tennessee,1477,1776.2,Davidson,137564.0,36.16662,-86.77799,22,70,8,7589
37208,675000.0,3,2,1589,908 MORRISON ST,Nashville,Tennessee,19546,1567.1,Davidson,86858.0,36.17691,-86.80901,22,70,8,7893
37221,1249900.0,4,4,3116,1225 LUCKETT RD,Nashville,Tennessee,42232,330.5,Davidson,122269.0,36.05991,-86.97189,22,70,8,8426
37207,875000.0,4,5,3091,335 GATEWOOD AVE,Nashville,Tennessee,40697,812.3,Davidson,72606.0,36.23278,-86.77765,22,70,8,7826
37208,645900.0,4,3,2284,1705A MCKINNEY AVE,Nashville,Tennessee,19546,1567.1,Davidson,86858.0,36.17691,-86.80901,22,70,8,7896
37209,425000.0,2,1,744,3804 LOOKOUT DR,Nashville,Tennessee,37363,428.7,Davidson,98701.0,36.15591,-86.91638,22,70,8,7940
37204,570000.0,2,3,1438,302 ARTISAN LN,Nashville,Tennessee,17047,902.4,Davidson,178418.0,36.10669,-86.77463,22,70,8,7667
37208,625000.0,4,4,2320,1313 JACKSON ST,Nashville,Tennessee,19546,1567.1,Davidson,86858.0,36.17691,-86.80901,22,70,8,7926
37205,5750000.0,5,6,8527,325 WALNUT DR,Nashville,Tennessee,25437,688.5,Davidson,222323.0,36.11075,-86.87274,22,70,8,7707
37207,500000.0,3,3,1713,192 DUKE ST,Nashville,Tennessee,40697,812.3,Davidson,72606.0,36.23278,-86.77765,22,70,8,7858
37221,340000.0,3,2,1442,131 WILLIAMSBURG WEST CT,Nashville,Tennessee,42232,330.5,Davidson,122269.0,36.05991,-86.97189,22,70,8,8416
37203,535000.0,1,1,611,1717 HAYES ST # 13A,Nashville,Tennessee,18100,1666.1,Davidson,94336.0,36.14937,-86.78986,22,70,8,7597
37206,255000.0,2,1,870,815 DOUGLAS AVE,Nashville,Tennessee,28694,1429.4,Davidson,114377.0,36.18085,-86.73117,22,70,8,7781
37203,699900.0,3,4,2202,3180 PARTHENON AVE APT 103,Nashville,Tennessee,18100,1666.1,Davidson,94336.0,36.14937,-86.78986,22,70,8,7601
37205,599990.0,3,2,1536,891 BELTON DR,Nashville,Tennessee,25437,688.5,Davidson,222323.0,36.11075,-86.87274,22,70,8,7729
37207,438000.0,3,3,1600,454 MONTICELLO ST,Nashville,Tennessee,40697,812.3,Davidson,72606.0,36.23278,-86.77765,22,70,8,7831
37221,749999.0,4,3,3140,8028 PINE FOREST DR,Nashville,Tennessee,42232,330.5,Davidson,122269.0,36.05991,-86.97189,22,70,8,8414
37203,665000.0,2,2,868,303 31ST AVE N APT 307,Nashville,Tennessee,18100,1666.1,Davidson,94336.0,36.14937,-86.78986,22,70,8,7639
37211,387500.0,3,2,1200,5034 SUTER DR,Nashville,Tennessee,75073,1334.2,Davidson,84503.0,36.06704,-86.72345,22,70,8,8061
37214,328900.0,2,1,906,2235 WEONA DR,Nashville,Tennessee,31341,551.3,Davidson,87408.0,36.16789,-86.66296,22,70,8,8144
37219,735000.0,2,2,980,415 CHURCH ST APT 1513,Nashville,Tennessee,1411,2527.4,Davidson,99317.0,36.1663,-86.78299,22,70,8,8336
37204,2200000.0,3,1,1519,2700 GREYSTONE RD,Nashville,Tennessee,17047,902.4,Davidson,178418.0,36.10669,-86.77463,22,70,8,7681
37207,449900.0,3,3,1637,2050 MAPLE VIEW LN,Nashville,Tennessee,40697,812.3,Davidson,72606.0,36.23278,-86.77765,22,70,8,7790
37209,799000.0,4,3,2462,516B WESTBORO DR,Nashville,Tennessee,37363,428.7,Davidson,98701.0,36.15591,-86.91638,22,70,8,7956
37207,675000.0,4,5,3167,2204 OLD MATTHEWS RD,Nashville,Tennessee,40697,812.3,Davidson,72606.0,36.23278,-86.77765,22,70,8,7819
37221,899900.0,5,4,4280,728 SUMMIT OAKS CT,Nashville,Tennessee,42232,330.5,Davidson,122269.0,36.05991,-86.97189,22,70,8,8383
37210,1400000.0,3,3,1864,20 RUTLEDGE ST APT 202,Nashville,Tennessee,16593,690.4,Davidson,68462.0,36.1442,-86.73374,22,70,8,8040
37206,339000.0,2,1,704,1113 DAVIDSON ST,Nashville,Tennessee,28694,1429.4,Davidson,114377.0,36.18085,-86.73117,22,70,8,7783
37211,649900.0,5,3,2823,334A DADE DR,Nashville,Tennessee,75073,1334.2,Davidson,84503.0,36.06704,-86.72345,22,70,8,8092
37208,635000.0,4,4,2276,922 14TH AVE N,Nashville,Tennessee,19546,1567.1,Davidson,86858.0,36.17691,-86.80901,22,70,8,7908
37209,374990.0,2,3,1209,615 OLD HICKORY BLVD # TBD,Nashville,Tennessee,37363,428.7,Davidson,98701.0,36.15591,-86.91638,22,70,8,7950
37214,320000.0,3,2,980,2363 BENAY RD,Nashville,Tennessee,31341,551.3,Davidson,87408.0,36.16789,-86.66296,22,70,8,8187
37204,985000.0,3,1,2000,1112 BROOKMEADE DR,Nashville,Tennessee,17047,902.4,Davidson,178418.0,36.10669,-86.77463,22,70,8,7674
37212,499900.0,2,4,1008,2115 ACKLEN AVE APT 10,Nashville,Tennessee,20917,2936.8,Davidson,178515.0,36.13376,-86.80167,22,70,8,8128
37208,759900.0,4,4,2617,1602 23RD AVE N,Nashville,Tennessee,19546,1567.1,Davidson,86858.0,36.17691,-86.80901,22,70,8,7906
37205,1850000.0,4,4,4087,6137 ROBIN HILL RD,Nashville,Tennessee,25437,688.5,Davidson,222323.0,36.11075,-86.87274,22,70,8,7732
37207,399999.0,3,2,1352,2632 THORNTON GROVE BLVD,Nashville,Tennessee,40697,812.3,Davidson,72606.0,36.23278,-86.77765,22,70,8,7856
37216,689900.0,4,4,2544,914A ELVIRA AVE,Nashville,Tennessee,19227,1103.2,Davidson,99706.0,36.21589,-86.72676,22,70,8,8246
37211,399900.0,3,2,1530,449 CEDARVALLEY DR,Nashville,Tennessee,75073,1334.2,Davidson,84503.0,36.06704,-86.72345,22,70,8,8120
37209,719000.0,4,3,2116,6212A NEW YORK AVE,Nashville,Tennessee,37363,428.7,Davidson,98701.0,36.15591,-86.91638,22,70,8,7969
37207,649900.0,4,2,2220,2704 BRUNSWICK DR,Nashville,Tennessee,40697,812.3,Davidson,72606.0,36.23278,-86.77765,22,70,8,7804
37205,985000.0,4,3,2489,248 HAVERFORD AVE,Nashville,Tennessee,25437,688.5,Davidson,222323.0,36.11075,-86.87274,22,70,8,7703
37221,455000.0,3,3,1944,1112 GENERAL GEORGE PATTON RD,Nashville,Tennessee,42232,330.5,Davidson,122269.0,36.05991,-86.97189,22,70,8,8429
37207,509900.0,3,4,1811,2005 MAPLE VIEW LN,Nashville,Tennessee,40697,812.3,Davidson,72606.0,36.23278,-86.77765,22,70,8,7797
37207,575000.0,3,3,1910,200A SUNSET DR,Nashville,Tennessee,40697,812.3,Davidson,72606.0,36.23278,-86.77765,22,70,8,7839
37221,798800.0,5,3,3126,4804 TRACEWAY DR,Nashville,Tennessee,42232,330.5,Davidson,122269.0,36.05991,-86.97189,22,70,8,8417
37205,11300000.0,6,9,10000,4410 GERALD PL,Nashville,Tennessee,25437,688.5,Davidson,222323.0,36.11075,-86.87274,22,70,8,7722
37211,509990.0,3,3,1929,403 HIGH ST,Nashville,Tennessee,75073,1334.2,Davidson,84503.0,36.06704,-86.72345,22,70,8,8051
37220,689900.0,3,2,1911,5037 DOVECOTE DR,Nashville,Tennessee,6481,324.5,Davidson,230199.0,36.06759,-86.78127,22,70,8,8351
37206,574900.0,3,3,1860,2408 BRASHER AVE # A,Nashville,Tennessee,28694,1429.4,Davidson,114377.0,36.18085,-86.73117,22,70,8,7779
37207,339000.0,3,2,1078,2137 W RICHMOND HILL DR,Nashville,Tennessee,40697,812.3,Davidson,72606.0,36.23278,-86.77765,22,70,8,7791
37221,609500.0,3,3,1622,2220 WINTHROP WAY,Nashville,Tennessee,42232,330.5,Davidson,122269.0,36.05991,-86.97189,22,70,8,8415
37212,279000.0,1,1,600,2601 HILLSBORO PIKE APT H4,Nashville,Tennessee,20917,2936.8,Davidson,178515.0,36.13376,-86.80167,22,70,8,8139
37207,375000.0,3,3,1776,2854 CREEKBEND DR,Nashville,Tennessee,40697,812.3,Davidson,72606.0,36.23278,-86.77765,22,70,8,7845
37211,460000.0,4,3,1586,427 MCCLELLAN AVE,Nashville,Tennessee,75073,1334.2,Davidson,84503.0,36.06704,-86.72345,22,70,8,8109
37212,3300000.0,5,6,5743,1806 PRIMROSE AVE,Nashville,Tennessee,20917,2936.8,Davidson,178515.0,36.13376,-86.80167,22,70,8,8131
37207,399900.0,4,2,1364,614 N 5TH ST,Nashville,Tennessee,40697,812.3,Davidson,72606.0,36.23278,-86.77765,22,70,8,7801
37220,798999.0,4,2,1987,5108 KINCANNON DR,Nashville,Tennessee,6481,324.5,Davidson,230199.0,36.06759,-86.78127,22,70,8,8353
37206,735000.0,5,3,2662,1020 W EASTLAND AVE,Nashville,Tennessee,28694,1429.4,Davidson,114377.0,36.18085,-86.73117,22,70,8,7752
37217,239932.0,2,2,1280,110 FIVE OAKS DR,Nashville,Tennessee,31096,676.0,Davidson,72426.0,36.10836,-86.66178,22,70,8,8286
37208,599999.0,5,3,2570,2411 BATAVIA ST,Nashville,Tennessee,19546,1567.1,Davidson,86858.0,36.17691,-86.80901,22,70,8,7914
37206,899900.0,3,4,2169,123 HONEYWINE ST,Nashville,Tennessee,28694,1429.4,Davidson,114377.0,36.18085,-86.73117,22,70,8,7788
37214,394900.0,3,3,1542,1201 DANBURY CT,Nashville,Tennessee,31341,551.3,Davidson,87408.0,36.16789,-86.66296,22,70,8,8190
37217,399900.0,4,3,2145,693 LAKE TERRACE DR,Nashville,Tennessee,31096,676.0,Davidson,72426.0,36.10836,-86.66178,22,70,8,8299
37209,419900.0,3,1,1400,6504 THUNDERBIRD DR,Nashville,Tennessee,37363,428.7,Davidson,98701.0,36.15591,-86.91638,22,70,8,7986
37215,3500000.0,6,6,6161,1407 HARDING PL,Nashville,Tennessee,22829,575.1,Davidson,217318.0,36.08197,-86.83492,22,70,8,8218
37214,449900.0,3,4,1813,609 MARKHAM ST,Nashville,Tennessee,31341,551.3,Davidson,87408.0,36.16789,-86.66296,22,70,8,8154
37221,449900.0,3,3,1775,6017 MILL TREE CT # 9,Nashville,Tennessee,42232,330.5,Davidson,122269.0,36.05991,-86.97189,22,70,8,8386
37210,399900.0,2,1,1127,100 LYLE LN,Nashville,Tennessee,16593,690.4,Davidson,68462.0,36.1442,-86.73374,22,70,8,8037
37209,779000.0,5,5,2503,670 ANNEX AVE # B,Nashville,Tennessee,37363,428.7,Davidson,98701.0,36.15591,-86.91638,22,70,8,8026
37221,240000.0,2,2,1058,810 BELLEVUE RD APT 230,Nashville,Tennessee,42232,330.5,Davidson,122269.0,36.05991,-86.97189,22,70,8,8363
37203,1399000.0,4,5,3681,1007 ARGYLE AVE,Nashville,Tennessee,18100,1666.1,Davidson,94336.0,36.14937,-86.78986,22,70,8,7609
37204,2749000.0,4,4,4847,3601 RAINBOW PL,Nashville,Tennessee,17047,902.4,Davidson,178418.0,36.10669,-86.77463,22,70,8,7663
37208,879000.0,3,3,1708,1623 5TH AVE N,Nashville,Tennessee,19546,1567.1,Davidson,86858.0,36.17691,-86.80901,22,70,8,7904
37220,899900.0,5,2,3601,860 LAKEMONT DR,Nashville,Tennessee,6481,324.5,Davidson,230199.0,36.06759,-86.78127,22,70,8,8346
37216,420000.0,3,1,2000,928 DELMAS AVE,Nashville,Tennessee,19227,1103.2,Davidson,99706.0,36.21589,-86.72676,22,70,8,8268
37205,799900.0,3,2,3445,514 NEILWOOD DR,Nashville,Tennessee,25437,688.5,Davidson,222323.0,36.11075,-86.87274,22,70,8,7739
37216,475000.0,3,2,1232,1703 NORTHVIEW AVE,Nashville,Tennessee,19227,1103.2,Davidson,99706.0,36.21589,-86.72676,22,70,8,8281
37212,2300000.0,5,5,3777,1505 ELMWOOD AVE,Nashville,Tennessee,20917,2936.8,Davidson,178515.0,36.13376,-86.80167,22,70,8,8130
37221,472500.0,2,3,1313,2127 GILDRIDGE DR,Nashville,Tennessee,42232,330.5,Davidson,122269.0,36.05991,-86.97189,22,70,8,8399
37207,339900.0,3,1,950,2507 OAKWOOD AVE,Nashville,Tennessee,40697,812.3,Davidson,72606.0,36.23278,-86.77765,22,70,8,7798
37208,614000.0,3,3,1785,1523B 14TH AVE N,Nashville,Tennessee,19546,1567.1,Davidson,86858.0,36.17691,-86.80901,22,70,8,7922
37209,849900.0,3,3,2368,523 31ST AVE N,Nashville,Tennessee,37363,428.7,Davidson,98701.0,36.15591,-86.91638,22,70,8,8000
37211,550000.0,3,2,1620,517 CAMDEN DR,Nashville,Tennessee,75073,1334.2,Davidson,84503.0,36.06704,-86.72345,22,70,8,8113
37214,1150000.0,2,3,2303,408 DONELSON PIKE,Nashville,Tennessee,31341,551.3,Davidson,87408.0,36.16789,-86.66296,22,70,8,8164
37214,449900.0,4,3,2347,1920 DEEP WOODS TRL,Nashville,Tennessee,31341,551.3,Davidson,87408.0,36.16789,-86.66296,22,70,8,8183
37215,474800.0,2,2,1578,3027 WOODLAWN DR,Nashville,Tennessee,22829,575.1,Davidson,217318.0,36.08197,-86.83492,22,70,8,8234
37215,1650000.0,4,3,3371,5821 FREDRICKSBURG DR,Nashville,Tennessee,22829,575.1,Davidson,217318.0,36.08197,-86.83492,22,70,8,8192
37203,979500.0,3,3,2388,759B ALLOWAY ST,Nashville,Tennessee,18100,1666.1,Davidson,94336.0,36.14937,-86.78986,22,70,8,7606
37221,554900.0,4,3,2727,40 BROOK GLEN CV,Nashville,Tennessee,42232,330.5,Davidson,122269.0,36.05991,-86.97189,22,70,8,8388
37205,3290000.0,5,8,6716,205 LEONARD AVE,Nashville,Tennessee,25437,688.5,Davidson,222323.0,36.11075,-86.87274,22,70,8,7723
37218,472000.0,5,2,2100,4064 FAIRMEADE DR,Nashville,Tennessee,15056,148.9,Davidson,77147.0,36.20814,-86.89158,22,70,8,8318
37207,525000.0,3,4,1985,719 DOUGLAS AVE STE 8,Nashville,Tennessee,40697,812.3,Davidson,72606.0,36.23278,-86.77765,22,70,8,7863
37214,504900.0,3,4,1813,118 FITZGERALD DR,Nashville,Tennessee,31341,551.3,Davidson,87408.0,36.16789,-86.66296,22,70,8,8169
37221,649900.0,3,3,2557,8004 STILL SPRING RIDGE DR,Nashville,Tennessee,42232,330.5,Davidson,122269.0,36.05991,-86.97189,22,70,8,8407
37205,1199900.0,4,3,2759,6420 CURRYWOOD DR,Nashville,Tennessee,25437,688.5,Davidson,222323.0,36.11075,-86.87274,22,70,8,7706
37209,599900.0,3,4,2451,6719 CHARLOTTE PIKE APT 7,Nashville,Tennessee,37363,428.7,Davidson,98701.0,36.15591,-86.91638,22,70,8,7967
37217,268000.0,3,2,1472,4001 ANDERSON RD UNIT J18,Nashville,Tennessee,31096,676.0,Davidson,72426.0,36.10836,-86.66178,22,70,8,8306
37221,645500.0,3,3,1871,2109 GILDRIDGE DR,Nashville,Tennessee,42232,330.5,Davidson,122269.0,36.05991,-86.97189,22,70,8,8367
37211,330000.0,2,1,962,300 HARRISON ST,Nashville,Tennessee,75073,1334.2,Davidson,84503.0,36.06704,-86.72345,22,70,8,8110
37207,320000.0,2,1,1209,1904 LATHAN CT,Nashville,Tennessee,40697,812.3,Davidson,72606.0,36.23278,-86.77765,22,70,8,7821
37221,799000.0,3,3,3060,7825 STEEPLECHASE LN,Nashville,Tennessee,42232,330.5,Davidson,122269.0,36.05991,-86.97189,22,70,8,8379
37205,4200000.0,6,7,6276,136 ALTON RD,Nashville,Tennessee,25437,688.5,Davidson,222323.0,36.11075,-86.87274,22,70,8,7702
37203,367500.0,1,1,651,1608 MARSHALL HOLLOW DR APT 303,Nashville,Tennessee,18100,1666.1,Davidson,94336.0,36.14937,-86.78986,22,70,8,7610
37218,275000.0,3,1,1430,3028 KINGS LN,Nashville,Tennessee,15056,148.9,Davidson,77147.0,36.20814,-86.89158,22,70,8,8321
37210,850000.0,3,3,2294,2007 HUTTON DR,Nashville,Tennessee,16593,690.4,Davidson,68462.0,36.1442,-86.73374,22,70,8,8042
37206,409900.0,2,1,904,2704 TRAUGHBER DR,Nashville,Tennessee,28694,1429.4,Davidson,114377.0,36.18085,-86.73117,22,70,8,7751
37221,599000.0,4,5,3109,204 SWEETGUM CT,Nashville,Tennessee,42232,330.5,Davidson,122269.0,36.05991,-86.97189,22,70,8,8390
37217,394900.0,4,2,2034,2792 WATERS VIEW DR,Nashville,Tennessee,31096,676.0,Davidson,72426.0,36.10836,-86.66178,22,70,8,8301
37211,550000.0,3,1,1176,4813 MERRILL LN,Nashville,Tennessee,75073,1334.2,Davidson,84503.0,36.06704,-86.72345,22,70,8,8114
37204,2899900.0,5,6,5380,2915 SNOWDEN RD,Nashville,Tennessee,17047,902.4,Davidson,178418.0,36.10669,-86.77463,22,70,8,7677
37211,695000.0,3,2,1601,324 GARRETT DR,Nashville,Tennessee,75073,1334.2,Davidson,84503.0,36.06704,-86.72345,22,70,8,8083
37216,629900.0,4,3,1867,1323B OTAY ST,Nashville,Tennessee,19227,1103.2,Davidson,99706.0,36.21589,-86.72676,22,70,8,8262
37206,639900.0,3,2,1600,700 HART AVE,Nashville,Tennessee,28694,1429.4,Davidson,114377.0,36.18085,-86.73117,22,70,8,7769
37215,2949000.0,6,8,7096,3812 HARDING PL,Nashville,Tennessee,22829,575.1,Davidson,217318.0,36.08197,-86.83492,22,70,8,8203
37215,3990000.0,6,8,8778,3710 WOODLAWN DR,Nashville,Tennessee,22829,575.1,Davidson,217318.0,36.08197,-86.83492,22,70,8,8243
37208,400000.0,3,2,1168,2617 HERMAN ST,Nashville,Tennessee,19546,1567.1,Davidson,86858.0,36.17691,-86.80901,22,70,8,7891
37205,1035000.0,3,3,2438,3504A WRENWOOD AVE,Nashville,Tennessee,25437,688.5,Davidson,222323.0,36.11075,-86.87274,22,70,8,7740
37203,849900.0,4,4,2404,533B WEDGEWOOD AVE,Nashville,Tennessee,18100,1666.1,Davidson,94336.0,36.14937,-86.78986,22,70,8,7656
37209,999999.0,4,5,2910,6674 RIVER ROAD PIKE,Nashville,Tennessee,37363,428.7,Davidson,98701.0,36.15591,-86.91638,22,70,8,7931
37221,610000.0,5,3,2904,7233 EXPLORER TRL,Nashville,Tennessee,42232,330.5,Davidson,122269.0,36.05991,-86.97189,22,70,8,8396
37205,865000.0,3,2,1800,6809 FLEETWOOD DR,Nashville,Tennessee,25437,688.5,Davidson,222323.0,36.11075,-86.87274,22,70,8,7727
37208,719900.0,3,4,2404,1217C JACKSON ST,Nashville,Tennessee,19546,1567.1,Davidson,86858.0,36.17691,-86.80901,22,70,8,7888
37218,634900.0,4,3,2255,2107A COURTNEY AVE,Nashville,Tennessee,15056,148.9,Davidson,77147.0,36.20814,-86.89158,22,70,8,8323
37203,715000.0,1,1,834,1717 HAYES ST # 18A,Nashville,Tennessee,18100,1666.1,Davidson,94336.0,36.14937,-86.78986,22,70,8,7640
37216,619900.0,3,3,2254,822 DELMAS AVE,Nashville,Tennessee,19227,1103.2,Davidson,99706.0,36.21589,-86.72676,22,70,8,8278
37215,865000.0,3,3,2442,1250 BATTLEFIELD DR,Nashville,Tennessee,22829,575.1,Davidson,217318.0,36.08197,-86.83492,22,70,8,8216
37207,435000.0,3,2,1495,3912 SUSSEX DR,Nashville,Tennessee,40697,812.3,Davidson,72606.0,36.23278,-86.77765,22,70,8,7830
37205,2350000.0,5,5,4214,40 CONCORD PARK E,Nashville,Tennessee,25437,688.5,Davidson,222323.0,36.11075,-86.87274,22,70,8,7708
37211,349947.0,3,2,1026,329 ALICE AVE,Nashville,Tennessee,75073,1334.2,Davidson,84503.0,36.06704,-86.72345,22,70,8,8090
37211,615000.0,4,4,2587,2125 SHERBROOKE LN,Nashville,Tennessee,75073,1334.2,Davidson,84503.0,36.06704,-86.72345,22,70,8,8106
37218,465000.0,4,3,2375,208 MCDOWELL DR,Nashville,Tennessee,15056,148.9,Davidson,77147.0,36.20814,-86.89158,22,70,8,8328
37204,715500.0,3,4,1805,810 MELPARK CT,Nashville,Tennessee,17047,902.4,Davidson,178418.0,36.10669,-86.77463,22,70,8,7671
37221,415900.0,4,3,1668,8207 SAWYER BROWN RD APT C3,Nashville,Tennessee,42232,330.5,Davidson,122269.0,36.05991,-86.97189,22,70,8,8409
37209,874900.0,4,4,2377,6341 ALAMO PL,Nashville,Tennessee,37363,428.7,Davidson,98701.0,36.15591,-86.91638,22,70,8,8029
37221,378900.0,2,2,1200,7483 HIGHWAY 70 S APT 301,Nashville,Tennessee,42232,330.5,Davidson,122269.0,36.05991,-86.97189,22,70,8,8431
37207,429000.0,2,3,1448,775 COTTAGE PARK DR,Nashville,Tennessee,40697,812.3,Davidson,72606.0,36.23278,-86.77765,22,70,8,7873
37209,746900.0,4,3,2316,908 31ST AVE N,Nashville,Tennessee,37363,428.7,Davidson,98701.0,36.15591,-86.91638,22,70,8,7955
37206,675000.0,2,1,1668,402 LOCKLAND DR,Nashville,Tennessee,28694,1429.4,Davidson,114377.0,36.18085,-86.73117,22,70,8,7767
37206,799900.0,4,4,2034,121 NEILL AVE UNIT H,Nashville,Tennessee,28694,1429.4,Davidson,114377.0,36.18085,-86.73117,22,70,8,7744
37209,245000.0,1,1,675,6411 CHARLOTTE ROAD CIR APT 108,Nashville,Tennessee,37363,428.7,Davidson,98701.0,36.15591,-86.91638,22,70,8,7995
37216,1195000.0,3,3,3710,3901 BRUSH HILL RD,Nashville,Tennessee,19227,1103.2,Davidson,99706.0,36.21589,-86.72676,22,70,8,8252
37216,699555.0,3,3,1527,843 VIBE PL,Nashville,Tennessee,19227,1103.2,Davidson,99706.0,36.21589,-86.72676,22,70,8,8280
37214,574900.0,4,2,2210,201 BARKER RD,Nashville,Tennessee,31341,551.3,Davidson,87408.0,36.16789,-86.66296,22,70,8,8160
37211,469900.0,3,3,1500,197 PARAGON MILLS RD,Nashville,Tennessee,75073,1334.2,Davidson,84503.0,36.06704,-86.72345,22,70,8,8077
37216,590000.0,3,2,1686,1012 IVERSON AVE,Nashville,Tennessee,19227,1103.2,Davidson,99706.0,36.21589,-86.72676,22,70,8,8250
37212,497888.0,1,1,808,900 20TH AVE S APT 912,Nashville,Tennessee,20917,2936.8,Davidson,178515.0,36.13376,-86.80167,22,70,8,8123
37215,2635000.0,5,5,6816,2001 CROMWELL DR,Nashville,Tennessee,22829,575.1,Davidson,217318.0,36.08197,-86.83492,22,70,8,8202
37208,379900.0,2,3,1420,2207C 24TH AVE N,Nashville,Tennessee,19546,1567.1,Davidson,86858.0,36.17691,-86.80901,22,70,8,7920
37203,189000.0,1,1,348,3415 W END AVE APT 1011E,Nashville,Tennessee,18100,1666.1,Davidson,94336.0,36.14937,-86.78986,22,70,8,7615
37205,1999999.0,5,5,4679,519 HUCKLEBERRY RD,Nashville,Tennessee,25437,688.5,Davidson,222323.0,36.11075,-86.87274,22,70,8,7735
37221,389900.0,2,2,1429,119 NEWSOM GRN,Nashville,Tennessee,42232,330.5,Davidson,122269.0,36.05991,-86.97189,22,70,8,8403
37206,1170000.0,4,3,2632,1518 LONG AVE,Nashville,Tennessee,28694,1429.4,Davidson,114377.0,36.18085,-86.73117,22,70,8,7765
37207,1900000.0,2,2,1600,810 MERIDIAN ST,Nashville,Tennessee,40697,812.3,Davidson,72606.0,36.23278,-86.77765,22,70,8,7828
37203,665000.0,2,2,1108,600 12TH AVE S APT 819,Nashville,Tennessee,18100,1666.1,Davidson,94336.0,36.14937,-86.78986,22,70,8,7653
37214,244900.0,3,2,1171,1338 QUAIL VALLEY RD,Nashville,Tennessee,31341,551.3,Davidson,87408.0,36.16789,-86.66296,22,70,8,8165
37206,349800.0,2,1,830,800 W GREENWOOD AVE,Nashville,Tennessee,28694,1429.4,Davidson,114377.0,36.18085,-86.73117,22,70,8,7766
37203,525000.0,1,2,1000,119 MASON AVE UNIT 203,Nashville,Tennessee,18100,1666.1,Davidson,94336.0,36.14937,-86.78986,22,70,8,7662
37203,625000.0,2,1,945,600 12TH AVE S APT 1706,Nashville,Tennessee,18100,1666.1,Davidson,94336.0,36.14937,-86.78986,22,70,8,7630
37211,384950.0,3,1,975,3600 HEWLETT DR,Nashville,Tennessee,75073,1334.2,Davidson,84503.0,36.06704,-86.72345,22,70,8,8068
37206,650000.0,3,4,2110,94 CREIGHTON AVE,Nashville,Tennessee,28694,1429.4,Davidson,114377.0,36.18085,-86.73117,22,70,8,7759
37206,849000.0,4,4,2630,1520B HARWOOD DR,Nashville,Tennessee,28694,1429.4,Davidson,114377.0,36.18085,-86.73117,22,70,8,7778
37208,500000.0,1,1,712,1350 ROSA L PARKS BLVD APT 369,Nashville,Tennessee,19546,1567.1,Davidson,86858.0,36.17691,-86.80901,22,70,8,7910
37209,369900.0,3,1,942,627 NASHUA LN,Nashville,Tennessee,37363,428.7,Davidson,98701.0,36.15591,-86.91638,22,70,8,7962
37203,979500.0,3,3,2388,759A ALLOWAY ST,Nashville,Tennessee,18100,1666.1,Davidson,94336.0,36.14937,-86.78986,22,70,8,7647
37205,4000000.0,4,7,7257,300 SUNNYSIDE DR,Nashville,Tennessee,25437,688.5,Davidson,222323.0,36.11075,-86.87274,22,70,8,7711
37209,799997.0,4,4,2665,536 RIVER ROUGE DR # A,Nashville,Tennessee,37363,428.7,Davidson,98701.0,36.15591,-86.91638,22,70,8,7959
37220,10000000.0,5,5,8500,4909 GRANNY WHITE PIKE,Nashville,Tennessee,6481,324.5,Davidson,230199.0,36.06759,-86.78127,22,70,8,8345
37209,585000.0,3,4,2016,700 JAMES AVE APT 25,Nashville,Tennessee,37363,428.7,Davidson,98701.0,36.15591,-86.91638,22,70,8,8006
37214,550000.0,4,3,2001,2221 MAPLECREST DR,Nashville,Tennessee,31341,551.3,Davidson,87408.0,36.16789,-86.66296,22,70,8,8148
37218,555000.0,3,3,1926,326 SOPHIA RAIN DR,Nashville,Tennessee,15056,148.9,Davidson,77147.0,36.20814,-86.89158,22,70,8,8326
37216,295000.0,1,1,714,1122 LITTON AVE APT 208,Nashville,Tennessee,19227,1103.2,Davidson,99706.0,36.21589,-86.72676,22,70,8,8256
37215,2995000.0,4,6,5630,2209 HOBBS RD,Nashville,Tennessee,22829,575.1,Davidson,217318.0,36.08197,-86.83492,22,70,8,8228
37203,399900.0,2,1,961,3110 W END CIR APT 16,Nashville,Tennessee,18100,1666.1,Davidson,94336.0,36.14937,-86.78986,22,70,8,7648
37218,499999.0,3,2,2160,4155 LIBBLE RD,Nashville,Tennessee,15056,148.9,Davidson,77147.0,36.20814,-86.89158,22,70,8,8324
37214,299900.0,3,2,948,3104 PENN MEADE WAY,Nashville,Tennessee,31341,551.3,Davidson,87408.0,36.16789,-86.66296,22,70,8,8145
37211,540000.0,2,2,2070,4334 BARNES COVE DR,Nashville,Tennessee,75073,1334.2,Davidson,84503.0,36.06704,-86.72345,22,70,8,8112
37221,2019000.0,4,5,3980,6081 PASQUO RD,Nashville,Tennessee,42232,330.5,Davidson,122269.0,36.05991,-86.97189,22,70,8,8430
37203,650000.0,4,3,2183,1816 JO JOHNSTON AVE,Nashville,Tennessee,18100,1666.1,Davidson,94336.0,36.14937,-86.78986,22,70,8,7607
37209,550000.0,2,1,984,5508 PENNSYLVANIA AVE,Nashville,Tennessee,37363,428.7,Davidson,98701.0,36.15591,-86.91638,22,70,8,8002
37208,674900.0,4,3,2142,1829A 9TH AVE N,Nashville,Tennessee,19546,1567.1,Davidson,86858.0,36.17691,-86.80901,22,70,8,7921
37205,1350000.0,4,4,3461,3612 BELLWOOD AVE,Nashville,Tennessee,25437,688.5,Davidson,222323.0,36.11075,-86.87274,22,70,8,7699
37206,1200000.0,4,4,3376,2414 BARCLAY DR,Nashville,Tennessee,28694,1429.4,Davidson,114377.0,36.18085,-86.73117,22,70,8,7746
37212,284900.0,1,1,621,2831 HILLSIDE DR APT H3,Nashville,Tennessee,20917,2936.8,Davidson,178515.0,36.13376,-86.80167,22,70,8,8129
37217,399500.0,2,3,1444,1363 NASHBORO BLVD,Nashville,Tennessee,31096,676.0,Davidson,72426.0,36.10836,-86.66178,22,70,8,8309
37208,259900.0,4,2,2604,2024 SALEM MASON DR,Nashville,Tennessee,19546,1567.1,Davidson,86858.0,36.17691,-86.80901,22,70,8,7882
37209,749000.0,4,3,2564,6539 MARAUDER DR,Nashville,Tennessee,37363,428.7,Davidson,98701.0,36.15591,-86.91638,22,70,8,7927
37206,1289000.0,5,4,3790,520 S 11TH ST,Nashville,Tennessee,28694,1429.4,Davidson,114377.0,36.18085,-86.73117,22,70,8,7763
37206,599000.0,3,1,1298,111 LINDSLEY PARK DR,Nashville,Tennessee,28694,1429.4,Davidson,114377.0,36.18085,-86.73117,22,70,8,7761
37205,1350000.0,3,2,2500,766 W MEADE DR,Nashville,Tennessee,25437,688.5,Davidson,222323.0,36.11075,-86.87274,22,70,8,7731
37214,324000.0,2,1,792,2234 MAPLECREST DR,Nashville,Tennessee,31341,551.3,Davidson,87408.0,36.16789,-86.66296,22,70,8,8172
37216,1550000.0,4,3,3205,4202B BRUSH HILL RD,Nashville,Tennessee,19227,1103.2,Davidson,99706.0,36.21589,-86.72676,22,70,8,8274
37203,499500.0,2,2,889,1900 12TH AVE S APT 511,Nashville,Tennessee,18100,1666.1,Davidson,94336.0,36.14937,-86.78986,22,70,8,7636
37209,780000.0,3,2,1276,5105 NEVADA AVE,Nashville,Tennessee,37363,428.7,Davidson,98701.0,36.15591,-86.91638,22,70,8,8013
37221,519000.0,3,3,2087,7973 BOONE TRCE,Nashville,Tennessee,42232,330.5,Davidson,122269.0,36.05991,-86.97189,22,70,8,8381
37203,1077000.0,3,5,3421,3114 BELWOOD ST,Nashville,Tennessee,18100,1666.1,Davidson,94336.0,36.14937,-86.78986,22,70,8,7631
37209,799800.0,4,4,2510,565A STEVENSON ST,Nashville,Tennessee,37363,428.7,Davidson,98701.0,36.15591,-86.91638,22,70,8,7939
37203,675000.0,2,1,888,1212 LAUREL ST APT 608,Nashville,Tennessee,18100,1666.1,Davidson,94336.0,36.14937,-86.78986,22,70,8,7634
37211,449900.0,3,2,1920,354 FLUSHING DR,Nashville,Tennessee,75073,1334.2,Davidson,84503.0,36.06704,-86.72345,22,70,8,8053
37203,485000.0,1,1,562,1212 DEMONBREUN ST # S1,Nashville,Tennessee,18100,1666.1,Davidson,94336.0,36.14937,-86.78986,22,70,8,7659
37218,429900.0,5,3,2156,3012 SUNNYVIEW DR,Nashville,Tennessee,15056,148.9,Davidson,77147.0,36.20814,-86.89158,22,70,8,8319
37206,625000.0,3,2,1724,2819B HODY DR # B,Nashville,Tennessee,28694,1429.4,Davidson,114377.0,36.18085,-86.73117,22,70,8,7776
37216,699555.0,3,3,1581,837 VIBE PL,Nashville,Tennessee,19227,1103.2,Davidson,99706.0,36.21589,-86.72676,22,70,8,8275
37212,1645000.0,4,3,3246,2217 29TH AVE S,Nashville,Tennessee,20917,2936.8,Davidson,178515.0,36.13376,-86.80167,22,70,8,8142
37207,599900.0,4,3,2109,3520 WHITES CREEK PIKE,Nashville,Tennessee,40697,812.3,Davidson,72606.0,36.23278,-86.77765,22,70,8,7816
37209,429900.0,3,1,1075,520 FOUNDRY DR,Nashville,Tennessee,37363,428.7,Davidson,98701.0,36.15591,-86.91638,22,70,8,7943
37203,1400000.0,3,4,2500,1120 SIGLER ST,Nashville,Tennessee,18100,1666.1,Davidson,94336.0,36.14937,-86.78986,22,70,8,7596
37216,550000.0,3,2,1631,1916 BERKSHIRE DR,Nashville,Tennessee,19227,1103.2,Davidson,99706.0,36.21589,-86.72676,22,70,8,8270
37219,732000.0,2,2,1475,239 REP JOHN LEWIS WAY N APT 305,Nashville,Tennessee,1411,2527.4,Davidson,99317.0,36.1663,-86.78299,22,70,8,8338
37217,294900.0,2,3,1216,562 FLINTLOCK CT,Nashville,Tennessee,31096,676.0,Davidson,72426.0,36.10836,-86.66178,22,70,8,8303
37211,479000.0,3,1,1692,320 GARRETT DR,Nashville,Tennessee,75073,1334.2,Davidson,84503.0,36.06704,-86.72345,22,70,8,8095
37209,899900.0,4,6,2924,512 NEWTON AVE,Nashville,Tennessee,37363,428.7,Davidson,98701.0,36.15591,-86.91638,22,70,8,8001
37208,275000.0,2,1,714,1706 ARTHUR AVE,Nashville,Tennessee,19546,1567.1,Davidson,86858.0,36.17691,-86.80901,22,70,8,7895
37211,239900.0,2,2,986,500 PARAGON MILLS RD APT F3,Nashville,Tennessee,75073,1334.2,Davidson,84503.0,36.06704,-86.72345,22,70,8,8084
37212,415000.0,1,1,1115,2600 HILLSBORO PIKE APT 145,Nashville,Tennessee,20917,2936.8,Davidson,178515.0,36.13376,-86.80167,22,70,8,8140
37221,275000.0,3,2,1196,105 HARROW CT # B,Nashville,Tennessee,42232,330.5,Davidson,122269.0,36.05991,-86.97189,22,70,8,8362
37221,2094900.0,5,7,5053,6068 PASQUO RD,Nashville,Tennessee,42232,330.5,Davidson,122269.0,36.05991,-86.97189,22,70,8,8398
37221,849900.0,4,3,4315,7369 RIVERFRONT DR,Nashville,Tennessee,42232,330.5,Davidson,122269.0,36.05991,-86.97189,22,70,8,8377
37207,725000.0,4,5,2121,243 FOSTER ST UNIT 2,Nashville,Tennessee,40697,812.3,Davidson,72606.0,36.23278,-86.77765,22,70,8,7832
37211,450000.0,3,2,1700,485 WESTCREST DR,Nashville,Tennessee,75073,1334.2,Davidson,84503.0,36.06704,-86.72345,22,70,8,8082
37209,349900.0,1,1,705,1677 54TH AVE N APT 312,Nashville,Tennessee,37363,428.7,Davidson,98701.0,36.15591,-86.91638,22,70,8,8034
37217,224000.0,2,2,1216,3880 PRIEST LAKE DR APT 10,Nashville,Tennessee,31096,676.0,Davidson,72426.0,36.10836,-86.66178,22,70,8,8282
37201,499500.0,1,1,720,301 DEMONBREUN ST UNIT 1207,Nashville,Tennessee,1477,1776.2,Davidson,137564.0,36.16662,-86.77799,22,70,8,7588
37208,899900.0,3,3,2144,1824B 6TH AVE N,Nashville,Tennessee,19546,1567.1,Davidson,86858.0,36.17691,-86.80901,22,70,8,7898
37208,1490000.0,3,2,1670,1323 3RD AVE N,Nashville,Tennessee,19546,1567.1,Davidson,86858.0,36.17691,-86.80901,22,70,8,7907
37204,950000.0,3,3,2504,4418B GRANNY WHITE PIKE,Nashville,Tennessee,17047,902.4,Davidson,178418.0,36.10669,-86.77463,22,70,8,7689
37203,574900.0,2,1,784,1302 LITTLE HAMILTON AVE,Nashville,Tennessee,18100,1666.1,Davidson,94336.0,36.14937,-86.78986,22,70,8,7616
37216,550000.0,5,2,1910,1245 KENMORE PL,Nashville,Tennessee,19227,1103.2,Davidson,99706.0,36.21589,-86.72676,22,70,8,8244
37207,300000.0,3,1,1056,2913 STANWYCK DR,Nashville,Tennessee,40697,812.3,Davidson,72606.0,36.23278,-86.77765,22,70,8,7813
37211,260000.0,3,1,1070,93 MCCALL ST,Nashville,Tennessee,75073,1334.2,Davidson,84503.0,36.06704,-86.72345,22,70,8,8088
37207,314899.0,1,1,701,600 E TRINITY LN UNIT 304,Nashville,Tennessee,40697,812.3,Davidson,72606.0,36.23278,-86.77765,22,70,8,7855
37203,669500.0,2,1,1029,700 12TH AVE S UNIT 704,Nashville,Tennessee,18100,1666.1,Davidson,94336.0,36.14937,-86.78986,22,70,8,7624
37212,1980000.0,4,5,4579,1701 18TH AVE S,Nashville,Tennessee,20917,2936.8,Davidson,178515.0,36.13376,-86.80167,22,70,8,8132
37209,535000.0,3,2,1450,1005 TREATY OAKS DR,Nashville,Tennessee,37363,428.7,Davidson,98701.0,36.15591,-86.91638,22,70,8,7933
37211,598000.0,3,2,2529,3024 BROOKVIEW FOREST DR,Nashville,Tennessee,75073,1334.2,Davidson,84503.0,36.06704,-86.72345,22,70,8,8076
37219,1015000.0,1,1,842,515 CHURCH ST UNIT 4410,Nashville,Tennessee,1411,2527.4,Davidson,99317.0,36.1663,-86.78299,22,70,8,8342
37209,364900.0,3,1,768,936 32ND AVE N,Nashville,Tennessee,37363,428.7,Davidson,98701.0,36.15591,-86.91638,22,70,8,7966
37206,635000.0,3,3,1883,1404 CHESTER AVE # A,Nashville,Tennessee,28694,1429.4,Davidson,114377.0,36.18085,-86.73117,22,70,8,7764
37203,1299900.0,2,2,1395,1212 LAUREL ST APT 1704,Nashville,Tennessee,18100,1666.1,Davidson,94336.0,36.14937,-86.78986,22,70,8,7599
37206,775000.0,4,3,2465,1704 TAMMANY DR,Nashville,Tennessee,28694,1429.4,Davidson,114377.0,36.18085,-86.73117,22,70,8,7762
37216,555000.0,3,3,1955,1015A ELVIRA AVE,Nashville,Tennessee,19227,1103.2,Davidson,99706.0,36.21589,-86.72676,22,70,8,8272
37208,170000.0,3,1,1092,1816 10TH AVE N,Nashville,Tennessee,19546,1567.1,Davidson,86858.0,36.17691,-86.80901,22,70,8,7877
37206,400000.0,3,1,1368,714 HART AVE,Nashville,Tennessee,28694,1429.4,Davidson,114377.0,36.18085,-86.73117,22,70,8,7754
37204,1275000.0,4,3,3158,1008A CALDWELL LN,Nashville,Tennessee,17047,902.4,Davidson,178418.0,36.10669,-86.77463,22,70,8,7678
37209,869000.0,4,3,2488,4910 MICHIGAN AVE,Nashville,Tennessee,37363,428.7,Davidson,98701.0,36.15591,-86.91638,22,70,8,7957
37221,459900.0,3,3,1775,6004 MILL TREE CT # 32,Nashville,Tennessee,42232,330.5,Davidson,122269.0,36.05991,-86.97189,22,70,8,8421
37205,750000.0,4,2,2248,843 NEARTOP DR,Nashville,Tennessee,25437,688.5,Davidson,222323.0,36.11075,-86.87274,22,70,8,7697
37209,575000.0,2,3,1470,416 PATINA CIR,Nashville,Tennessee,37363,428.7,Davidson,98701.0,36.15591,-86.91638,22,70,8,7987
37208,420000.0,1,1,672,704 TAYLOR ST APT 301,Nashville,Tennessee,19546,1567.1,Davidson,86858.0,36.17691,-86.80901,22,70,8,7915
37209,1000000.0,4,5,2095,2910 FELICIA ST UNIT 17,Nashville,Tennessee,37363,428.7,Davidson,98701.0,36.15591,-86.91638,22,70,8,8005
37209,799998.0,4,4,2657,536 RIVER ROUGE DR # B,Nashville,Tennessee,37363,428.7,Davidson,98701.0,36.15591,-86.91638,22,70,8,8024
37214,300000.0,2,1,975,2943 SINBAD DR,Nashville,Tennessee,31341,551.3,Davidson,87408.0,36.16789,-86.66296,22,70,8,8188
37216,689900.0,4,4,2544,914B ELVIRA AVE,Nashville,Tennessee,19227,1103.2,Davidson,99706.0,36.21589,-86.72676,22,70,8,8245
37209,1100000.0,3,5,3260,6524 MERCOMATIC CT,Nashville,Tennessee,37363,428.7,Davidson,98701.0,36.15591,-86.91638,22,70,8,8009
37214,389900.0,2,3,1456,549 MARKHAM ST,Nashville,Tennessee,31341,551.3,Davidson,87408.0,36.16789,-86.66296,22,70,8,8161
37207,1069997.0,5,3,3300,1005 N 6TH ST,Nashville,Tennessee,40697,812.3,Davidson,72606.0,36.23278,-86.77765,22,70,8,7843
37209,679900.0,3,3,2161,5405B PENNSYLVANIA AVE,Nashville,Tennessee,37363,428.7,Davidson,98701.0,36.15591,-86.91638,22,70,8,7980
37211,375000.0,4,2,1862,4845 ASTER DR,Nashville,Tennessee,75073,1334.2,Davidson,84503.0,36.06704,-86.72345,22,70,8,8089
37207,445000.0,2,3,1494,752 COTTAGE PARK DR,Nashville,Tennessee,40697,812.3,Davidson,72606.0,36.23278,-86.77765,22,70,8,7848
37218,292900.0,3,1,1150,1466 COUNTY HOSPITAL RD,Nashville,Tennessee,15056,148.9,Davidson,77147.0,36.20814,-86.89158,22,70,8,8322
37205,735000.0,3,2,1950,1124 SPARTA RD,Nashville,Tennessee,25437,688.5,Davidson,222323.0,36.11075,-86.87274,22,70,8,7737
37206,1000000.0,5,3,2930,1019 SHARPE AVE,Nashville,Tennessee,28694,1429.4,Davidson,114377.0,36.18085,-86.73117,22,70,8,7748
37215,3399000.0,5,8,6750,3721 HOBBS RD,Nashville,Tennessee,22829,575.1,Davidson,217318.0,36.08197,-86.83492,22,70,8,8230
37210,325000.0,2,2,1188,2120 LEBANON PIKE APT 109,Nashville,Tennessee,16593,690.4,Davidson,68462.0,36.1442,-86.73374,22,70,8,8038
37211,360000.0,3,2,1500,212 WILLOW CT,Nashville,Tennessee,75073,1334.2,Davidson,84503.0,36.06704,-86.72345,22,70,8,8108
37221,692900.0,3,3,1871,2107 GILDRIDGE DR,Nashville,Tennessee,42232,330.5,Davidson,122269.0,36.05991,-86.97189,22,70,8,8366
37203,201000.0,1,1,348,3415 W END AVE APT 910E,Nashville,Tennessee,18100,1666.1,Davidson,94336.0,36.14937,-86.78986,22,70,8,7650
37209,539900.0,3,2,1450,1010 TREATY OAKS DR,Nashville,Tennessee,37363,428.7,Davidson,98701.0,36.15591,-86.91638,22,70,8,7972
37207,442990.0,3,2,1765,1765 CREEKLAND VIEW BLVD,Nashville,Tennessee,40697,812.3,Davidson,72606.0,36.23278,-86.77765,22,70,8,7857
37211,655000.0,3,2,2202,3124 CHARLES PARK DR,Nashville,Tennessee,75073,1334.2,Davidson,84503.0,36.06704,-86.72345,22,70,8,8055
37209,699900.0,4,3,2434,6204A LARAMIE AVE,Nashville,Tennessee,37363,428.7,Davidson,98701.0,36.15591,-86.91638,22,70,8,7970
37209,1175000.0,4,3,2730,139 37TH AVE N,Nashville,Tennessee,37363,428.7,Davidson,98701.0,36.15591,-86.91638,22,70,8,8018
37216,900000.0,4,3,2467,1205 MCALPINE AVE,Nashville,Tennessee,19227,1103.2,Davidson,99706.0,36.21589,-86.72676,22,70,8,8271
37216,425000.0,2,1,858,1337 GREENLAND AVE,Nashville,Tennessee,19227,1103.2,Davidson,99706.0,36.21589,-86.72676,22,70,8,8255
37211,369900.0,2,3,1224,9022 RIGDEN MILL DR,Nashville,Tennessee,75073,1334.2,Davidson,84503.0,36.06704,-86.72345,22,70,8,8054
37207,755000.0,4,3,2305,532 NORTON AVE,Nashville,Tennessee,40697,812.3,Davidson,72606.0,36.23278,-86.77765,22,70,8,7800
37206,775000.0,3,3,2471,2302 PORTER RD # B,Nashville,Tennessee,28694,1429.4,Davidson,114377.0,36.18085,-86.73117,22,70,8,7758
37208,559900.0,3,3,1860,2107 11TH AVE N # B,Nashville,Tennessee,19546,1567.1,Davidson,86858.0,36.17691,-86.80901,22,70,8,7903
37203,796000.0,3,3,2118,1316B PILLOW ST,Nashville,Tennessee,18100,1666.1,Davidson,94336.0,36.14937,-86.78986,22,70,8,7626
37203,659900.0,1,1,765,1212 LAUREL ST APT 1611,Nashville,Tennessee,18100,1666.1,Davidson,94336.0,36.14937,-86.78986,22,70,8,7628
37205,360000.0,1,1,939,4215 HARDING PIKE APT 308,Nashville,Tennessee,25437,688.5,Davidson,222323.0,36.11075,-86.87274,22,70,8,7733
37207,299900.0,3,2,1123,3328 HAWKWOOD LN,Nashville,Tennessee,40697,812.3,Davidson,72606.0,36.23278,-86.77765,22,70,8,7808
37205,1249000.0,3,3,3156,114 HEADY DR,Nashville,Tennessee,25437,688.5,Davidson,222323.0,36.11075,-86.87274,22,70,8,7719
37211,1100000.0,4,4,2199,2176 CARSON ST APT 11,Nashville,Tennessee,75073,1334.2,Davidson,84503.0,36.06704,-86.72345,22,70,8,8075
37215,1495000.0,4,4,3411,4116 EDEN AVE # B,Nashville,Tennessee,22829,575.1,Davidson,217318.0,36.08197,-86.83492,22,70,8,8201
37209,724999.0,3,3,2178,625A FREEDOM PL,Nashville,Tennessee,37363,428.7,Davidson,98701.0,36.15591,-86.91638,22,70,8,7936
37203,849900.0,3,3,2355,1706 STEWART PL # B,Nashville,Tennessee,18100,1666.1,Davidson,94336.0,36.14937,-86.78986,22,70,8,7608
37211,589900.0,5,4,2400,4346 OLD GOINS RD,Nashville,Tennessee,75073,1334.2,Davidson,84503.0,36.06704,-86.72345,22,70,8,8093
37211,310000.0,2,2,1176,420 ENGLISH IVY DR,Nashville,Tennessee,75073,1334.2,Davidson,84503.0,36.06704,-86.72345,22,70,8,8118
37208,384900.0,3,2,1222,2407 SCOVEL ST,Nashville,Tennessee,19546,1567.1,Davidson,86858.0,36.17691,-86.80901,22,70,8,7909
37211,427900.0,3,3,1595,6701 SUNNYWOOD DR,Nashville,Tennessee,75073,1334.2,Davidson,84503.0,36.06704,-86.72345,22,70,8,8105
37206,729900.0,3,3,2363,2011 SCOTT AVE # A,Nashville,Tennessee,28694,1429.4,Davidson,114377.0,36.18085,-86.73117,22,70,8,7782
37211,639000.0,3,2,1427,4901 MONTCLAIR DR,Nashville,Tennessee,75073,1334.2,Davidson,84503.0,36.06704,-86.72345,22,70,8,8071
37209,630000.0,3,3,2046,6218B MORROW RD,Nashville,Tennessee,37363,428.7,Davidson,98701.0,36.15591,-86.91638,22,70,8,7989
37221,1050000.0,4,3,3000,7676 SAWYER BROWN RD,Nashville,Tennessee,42232,330.5,Davidson,122269.0,36.05991,-86.97189,22,70,8,8382
37210,400000.0,2,1,1158,305 LUTIE ST,Nashville,Tennessee,16593,690.4,Davidson,68462.0,36.1442,-86.73374,22,70,8,8044
37207,432990.0,3,2,1646,1646 CREEKLAND VIEW BLVD,Nashville,Tennessee,40697,812.3,Davidson,72606.0,36.23278,-86.77765,22,70,8,7805
37212,599900.0,1,1,1014,900 20TH AVE S APT 1303,Nashville,Tennessee,20917,2936.8,Davidson,178515.0,36.13376,-86.80167,22,70,8,8124
37216,529000.0,3,2,1260,1346 GREENLAND AVE,Nashville,Tennessee,19227,1103.2,Davidson,99706.0,36.21589,-86.72676,22,70,8,8253
37201,439000.0,1,1,630,1068 1ST AVE N,Nashville,Tennessee,1477,1776.2,Davidson,137564.0,36.16662,-86.77799,22,70,8,7587
37221,439900.0,3,3,1775,6000 MILL TREE CT # 31,Nashville,Tennessee,42232,330.5,Davidson,122269.0,36.05991,-86.97189,22,70,8,8412
37212,1125000.0,4,5,2040,1652 19TH AVE S,Nashville,Tennessee,20917,2936.8,Davidson,178515.0,36.13376,-86.80167,22,70,8,8122
37207,405520.0,3,3,1600,4551 SKYWOOD LN,Nashville,Tennessee,40697,812.3,Davidson,72606.0,36.23278,-86.77765,22,70,8,7792
37209,1299900.0,4,4,2474,130 43RD AVE N,Nashville,Tennessee,37363,428.7,Davidson,98701.0,36.15591,-86.91638,22,70,8,8032
37207,300000.0,3,1,971,205 MAPLEWOOD TRCE,Nashville,Tennessee,40697,812.3,Davidson,72606.0,36.23278,-86.77765,22,70,8,7836
37209,420000.0,2,1,904,530 SNYDER AVE,Nashville,Tennessee,37363,428.7,Davidson,98701.0,36.15591,-86.91638,22,70,8,7938
37209,999500.0,4,5,2826,6362 COLUMBIA AVE # A,Nashville,Tennessee,37363,428.7,Davidson,98701.0,36.15591,-86.91638,22,70,8,7975
37206,549900.0,4,2,1700,913 MITCHELL RD # A,Nashville,Tennessee,28694,1429.4,Davidson,114377.0,36.18085,-86.73117,22,70,8,7785
37204,2249999.0,6,7,4662,3415 SPRINGBROOK DR,Nashville,Tennessee,17047,902.4,Davidson,178418.0,36.10669,-86.77463,22,70,8,7666
37221,417000.0,3,3,1824,9151 SAWYER BROWN RD,Nashville,Tennessee,42232,330.5,Davidson,122269.0,36.05991,-86.97189,22,70,8,8395
37209,825000.0,4,4,2606,536 SCHOLARSHIP DR,Nashville,Tennessee,37363,428.7,Davidson,98701.0,36.15591,-86.91638,22,70,8,7952
37207,925000.0,3,4,1802,849 CHEROKEE AVE APT 9,Nashville,Tennessee,40697,812.3,Davidson,72606.0,36.23278,-86.77765,22,70,8,7840
37221,650000.0,3,2,2938,7516 WOODSTREAM DR,Nashville,Tennessee,42232,330.5,Davidson,122269.0,36.05991,-86.97189,22,70,8,8406
37206,395000.0,2,1,750,913 W EASTLAND AVE,Nashville,Tennessee,28694,1429.4,Davidson,114377.0,36.18085,-86.73117,22,70,8,7780
37209,619900.0,3,3,2074,619A JAMES AVE,Nashville,Tennessee,37363,428.7,Davidson,98701.0,36.15591,-86.91638,22,70,8,7932
37204,1099900.0,4,5,3236,918A WALDKIRCH AVE,Nashville,Tennessee,17047,902.4,Davidson,178418.0,36.10669,-86.77463,22,70,8,7670
37218,449900.0,3,2,1742,3804 LUNN DR,Nashville,Tennessee,15056,148.9,Davidson,77147.0,36.20814,-86.89158,22,70,8,8327
37217,249900.0,2,2,1187,746 LAKE TERRACE DR,Nashville,Tennessee,31096,676.0,Davidson,72426.0,36.10836,-86.66178,22,70,8,8292
37207,445000.0,3,2,1300,711 JOSEPH AVE,Nashville,Tennessee,40697,812.3,Davidson,72606.0,36.23278,-86.77765,22,70,8,7822
37214,479900.0,3,4,1802,102 FITZGERALD DR,Nashville,Tennessee,31341,551.3,Davidson,87408.0,36.16789,-86.66296,22,70,8,8173
37216,315900.0,2,1,756,3319 WALTON LN,Nashville,Tennessee,19227,1103.2,Davidson,99706.0,36.21589,-86.72676,22,70,8,8273
37203,1895000.0,2,3,1628,1616 W END AVE UNIT 2201,Nashville,Tennessee,18100,1666.1,Davidson,94336.0,36.14937,-86.78986,22,70,8,7657
37208,399900.0,2,3,1543,2207A 24TH AVE N,Nashville,Tennessee,19546,1567.1,Davidson,86858.0,36.17691,-86.80901,22,70,8,7890
37204,1599000.0,3,4,2981,1109 BATE AVE,Nashville,Tennessee,17047,902.4,Davidson,178418.0,36.10669,-86.77463,22,70,8,7679
37220,3495000.0,5,6,6511,5031 LAKEVIEW DR,Nashville,Tennessee,6481,324.5,Davidson,230199.0,36.06759,-86.78127,22,70,8,8352
37203,1099900.0,5,5,4097,618A HAMILTON AVE,Nashville,Tennessee,18100,1666.1,Davidson,94336.0,36.14937,-86.78986,22,70,8,7600
37217,279990.0,3,3,1776,3868 PRIEST LAKE DR,Nashville,Tennessee,31096,676.0,Davidson,72426.0,36.10836,-86.66178,22,70,8,8300
37210,699000.0,3,4,1822,1044A 2ND AVE S,Nashville,Tennessee,16593,690.4,Davidson,68462.0,36.1442,-86.73374,22,70,8,8043
37217,318500.0,2,3,1216,646 FLINTLOCK CT,Nashville,Tennessee,31096,676.0,Davidson,72426.0,36.10836,-86.66178,22,70,8,8287
37209,450000.0,3,2,1063,4700 KENTUCKY AVE,Nashville,Tennessee,37363,428.7,Davidson,98701.0,36.15591,-86.91638,22,70,8,7946
37214,559000.0,3,3,2320,2601 HABERSHAM AVE,Nashville,Tennessee,31341,551.3,Davidson,87408.0,36.16789,-86.66296,22,70,8,8162
37211,280000.0,2,2,1134,354 HUNTINGTON RIDGE DR,Nashville,Tennessee,75073,1334.2,Davidson,84503.0,36.06704,-86.72345,22,70,8,8080
37221,570000.0,3,2,2032,7984 BOONE TRCE,Nashville,Tennessee,42232,330.5,Davidson,122269.0,36.05991,-86.97189,22,70,8,8432
37214,339000.0,3,2,1123,3039 PENN MEADE WAY,Nashville,Tennessee,31341,551.3,Davidson,87408.0,36.16789,-86.66296,22,70,8,8176
37209,769000.0,5,5,2342,670 ANNEX AVE # A,Nashville,Tennessee,37363,428.7,Davidson,98701.0,36.15591,-86.91638,22,70,8,8008
37211,950000.0,4,3,2899,1605 BOXWOOD DR,Nashville,Tennessee,75073,1334.2,Davidson,84503.0,36.06704,-86.72345,22,70,8,8070
37221,789000.0,4,3,4201,8012 PINE FOREST DR,Nashville,Tennessee,42232,330.5,Davidson,122269.0,36.05991,-86.97189,22,70,8,8387
37215,995000.0,3,2,2920,1917 KINGSBURY DR,Nashville,Tennessee,22829,575.1,Davidson,217318.0,36.08197,-86.83492,22,70,8,8205
37214,275000.0,2,3,1191,273 BUCK RUN DR,Nashville,Tennessee,31341,551.3,Davidson,87408.0,36.16789,-86.66296,22,70,8,8167
37215,545000.0,3,4,2177,526 BELAIR WAY,Nashville,Tennessee,22829,575.1,Davidson,217318.0,36.08197,-86.83492,22,70,8,8193
37204,725000.0,2,1,1410,849 CRESTRIDGE DR,Nashville,Tennessee,17047,902.4,Davidson,178418.0,36.10669,-86.77463,22,70,8,7685
37221,574900.0,3,3,2111,7212 RIVER JUNCTION DR,Nashville,Tennessee,42232,330.5,Davidson,122269.0,36.05991,-86.97189,22,70,8,8413
37206,1244000.0,4,5,2881,1501 ELECTRIC AVE,Nashville,Tennessee,28694,1429.4,Davidson,114377.0,36.18085,-86.73117,22,70,8,7772
37207,369000.0,3,3,1600,4524 SKYWOOD LN,Nashville,Tennessee,40697,812.3,Davidson,72606.0,36.23278,-86.77765,22,70,8,7799
37206,999000.0,3,3,3516,805 BOSCOBEL ST,Nashville,Tennessee,28694,1429.4,Davidson,114377.0,36.18085,-86.73117,22,70,8,7756
37215,800000.0,3,4,2600,2016 OVERHILL DR,Nashville,Tennessee,22829,575.1,Davidson,217318.0,36.08197,-86.83492,22,70,8,8224
37208,375900.0,3,2,1248,1707 SEIFRIED ST,Nashville,Tennessee,19546,1567.1,Davidson,86858.0,36.17691,-86.80901,22,70,8,7887
37209,799800.0,4,4,2510,565B STEVENSON ST,Nashville,Tennessee,37363,428.7,Davidson,98701.0,36.15591,-86.91638,22,70,8,7942
37211,595000.0,4,4,2448,4310 BARNES COVE DR,Nashville,Tennessee,75073,1334.2,Davidson,84503.0,36.06704,-86.72345,22,70,8,8098
37207,324900.0,3,1,1000,2420 MONTICELLO DR,Nashville,Tennessee,40697,812.3,Davidson,72606.0,36.23278,-86.77765,22,70,8,7794
37203,775000.0,3,3,1941,1106 WADE AVE UNIT 5,Nashville,Tennessee,18100,1666.1,Davidson,94336.0,36.14937,-86.78986,22,70,8,7614
37205,1699900.0,4,5,4134,4001 WOODMONT BLVD,Nashville,Tennessee,25437,688.5,Davidson,222323.0,36.11075,-86.87274,22,70,8,7694
37214,504900.0,3,4,1813,110 FITZGERALD DR,Nashville,Tennessee,31341,551.3,Davidson,87408.0,36.16789,-86.66296,22,70,8,8174
37221,375000.0,3,2,1333,843 TODD PREIS DR,Nashville,Tennessee,42232,330.5,Davidson,122269.0,36.05991,-86.97189,22,70,8,8428
37221,374500.0,2,2,1268,110 NEWSOM GRN,Nashville,Tennessee,42232,330.5,Davidson,122269.0,36.05991,-86.97189,22,70,8,8436
37208,598500.0,3,3,2160,1807B 14TH AVE N,Nashville,Tennessee,19546,1567.1,Davidson,86858.0,36.17691,-86.80901,22,70,8,7881
37208,500000.0,2,2,1512,1801 ROSA L PARKS BLVD,Nashville,Tennessee,19546,1567.1,Davidson,86858.0,36.17691,-86.80901,22,70,8,7916
37218,589500.0,3,4,2218,1808 ASHTON AVE,Nashville,Tennessee,15056,148.9,Davidson,77147.0,36.20814,-86.89158,22,70,8,8332
37207,175000.0,2,1,912,1314 BELLSHIRE TERRACE DR,Nashville,Tennessee,40697,812.3,Davidson,72606.0,36.23278,-86.77765,22,70,8,7852
37207,537711.0,4,3,2480,2100 CREEKLAND VIEW BLVD,Nashville,Tennessee,40697,812.3,Davidson,72606.0,36.23278,-86.77765,22,70,8,7815
37211,929999.0,4,4,2711,622 WATSONWOOD DR,Nashville,Tennessee,75073,1334.2,Davidson,84503.0,36.06704,-86.72345,22,70,8,8062
37221,399999.0,3,2,1524,149 HOLLY FRST,Nashville,Tennessee,42232,330.5,Davidson,122269.0,36.05991,-86.97189,22,70,8,8424
37207,346020.0,3,3,1400,4532 SKYWOOD LN,Nashville,Tennessee,40697,812.3,Davidson,72606.0,36.23278,-86.77765,22,70,8,7849
37217,410000.0,3,3,1685,2409 BAYVIEW DR,Nashville,Tennessee,31096,676.0,Davidson,72426.0,36.10836,-86.66178,22,70,8,8290
37214,399997.0,3,4,1802,611 MARKHAM ST,Nashville,Tennessee,31341,551.3,Davidson,87408.0,36.16789,-86.66296,22,70,8,8171
37211,399950.0,3,2,1332,5305 HUNTERS RDG,Nashville,Tennessee,75073,1334.2,Davidson,84503.0,36.06704,-86.72345,22,70,8,8066
37205,3799000.0,5,7,5506,410 BROOK HOLLOW RD,Nashville,Tennessee,25437,688.5,Davidson,222323.0,36.11075,-86.87274,22,70,8,7714
37221,250000.0,2,2,1067,7241 HIGHWAY 70 S APT 108,Nashville,Tennessee,42232,330.5,Davidson,122269.0,36.05991,-86.97189,22,70,8,8411
37214,265000.0,3,1,1185,607 COTTONWOOD DR,Nashville,Tennessee,31341,551.3,Davidson,87408.0,36.16789,-86.66296,22,70,8,8156
37207,468000.0,4,3,1903,1095 CONE BLVD,Nashville,Tennessee,40697,812.3,Davidson,72606.0,36.23278,-86.77765,22,70,8,7825
37208,429900.0,1,1,675,1350 ROSA L PARKS BLVD APT 347,Nashville,Tennessee,19546,1567.1,Davidson,86858.0,36.17691,-86.80901,22,70,8,7901
37206,625000.0,4,2,1616,1904 ELECTRIC AVE,Nashville,Tennessee,28694,1429.4,Davidson,114377.0,36.18085,-86.73117,22,70,8,7745
37208,475000.0,2,2,1128,1223 PHILLIPS ST,Nashville,Tennessee,19546,1567.1,Davidson,86858.0,36.17691,-86.80901,22,70,8,7892
37208,699000.0,4,4,2500,916 28TH AVE N,Nashville,Tennessee,19546,1567.1,Davidson,86858.0,36.17691,-86.80901,22,70,8,7899
37220,900000.0,4,3,2392,532 BARRYWOOD DR,Nashville,Tennessee,6481,324.5,Davidson,230199.0,36.06759,-86.78127,22,70,8,8347
37218,235000.0,3,2,1032,516 PHIPPS DR,Nashville,Tennessee,15056,148.9,Davidson,77147.0,36.20814,-86.89158,22,70,8,8331
37214,475000.0,2,2,2938,604 GAILWOOD LN,Nashville,Tennessee,31341,551.3,Davidson,87408.0,36.16789,-86.66296,22,70,8,8189
37207,479947.0,3,4,1811,2007 MAPLE VIEW LN,Nashville,Tennessee,40697,812.3,Davidson,72606.0,36.23278,-86.77765,22,70,8,7837
37207,419000.0,3,2,1854,720 ROMAN DR,Nashville,Tennessee,40697,812.3,Davidson,72606.0,36.23278,-86.77765,22,70,8,7838
37215,2195000.0,4,6,5386,914 BOWRING PARK,Nashville,Tennessee,22829,575.1,Davidson,217318.0,36.08197,-86.83492,22,70,8,8199
37205,2249000.0,5,4,7997,714 HILLWOOD BLVD,Nashville,Tennessee,25437,688.5,Davidson,222323.0,36.11075,-86.87274,22,70,8,7696
37221,339900.0,3,2,1403,925 GENERAL GEORGE PATTON RD,Nashville,Tennessee,42232,330.5,Davidson,122269.0,36.05991,-86.97189,22,70,8,8423
37203,1648500.0,4,4,3076,1033 SOUTHSIDE CT,Nashville,Tennessee,18100,1666.1,Davidson,94336.0,36.14937,-86.78986,22,70,8,7619
37205,2399000.0,5,5,4367,718 TEMPLETON DR,Nashville,Tennessee,25437,688.5,Davidson,222323.0,36.11075,-86.87274,22,70,8,7710
37218,299900.0,3,2,984,5118 DRAKES BRANCH RD,Nashville,Tennessee,15056,148.9,Davidson,77147.0,36.20814,-86.89158,22,70,8,8312
37215,475000.0,2,3,2102,115 JEFFERSON SQ,Nashville,Tennessee,22829,575.1,Davidson,217318.0,36.08197,-86.83492,22,70,8,8220
37206,537900.0,3,1,1350,206 PERLEN DR,Nashville,Tennessee,28694,1429.4,Davidson,114377.0,36.18085,-86.73117,22,70,8,7784
37208,424900.0,3,2,1363,1509 24TH AVE N,Nashville,Tennessee,19546,1567.1,Davidson,86858.0,36.17691,-86.80901,22,70,8,7923
37205,1195000.0,3,3,3028,701 HILLWOOD BLVD,Nashville,Tennessee,25437,688.5,Davidson,222323.0,36.11075,-86.87274,22,70,8,7734
37208,719900.0,3,4,2404,1217D JACKSON ST,Nashville,Tennessee,19546,1567.1,Davidson,86858.0,36.17691,-86.80901,22,70,8,7879
37203,282500.0,1,1,657,3204 W END CIR APT 12,Nashville,Tennessee,18100,1666.1,Davidson,94336.0,36.14937,-86.78986,22,70,8,7655
37207,150000.0,2,1,912,206 CHESAPEAKE PL,Nashville,Tennessee,40697,812.3,Davidson,72606.0,36.23278,-86.77765,22,70,8,7835
37206,799900.0,3,3,2141,406 RUDOLPH AVE,Nashville,Tennessee,28694,1429.4,Davidson,114377.0,36.18085,-86.73117,22,70,8,7775
37215,280000.0,1,1,747,2025 WOODMONT BLVD APT 231,Nashville,Tennessee,22829,575.1,Davidson,217318.0,36.08197,-86.83492,22,70,8,8208
37207,575000.0,3,4,3191,2200 OLD MATTHEWS RD,Nashville,Tennessee,40697,812.3,Davidson,72606.0,36.23278,-86.77765,22,70,8,7869
37220,1150000.0,3,4,3724,709 HOGAN RD,Nashville,Tennessee,6481,324.5,Davidson,230199.0,36.06759,-86.78127,22,70,8,8350
37204,1050000.0,4,4,2370,839A DEWEES AVE,Nashville,Tennessee,17047,902.4,Davidson,178418.0,36.10669,-86.77463,22,70,8,7692
37215,1500000.0,4,3,2982,6113 MONTCREST DR,Nashville,Tennessee,22829,575.1,Davidson,217318.0,36.08197,-86.83492,22,70,8,8207
37212,1600000.0,4,4,3718,2528 ASHWOOD AVE,Nashville,Tennessee,20917,2936.8,Davidson,178515.0,36.13376,-86.80167,22,70,8,8137
37209,424999.0,2,2,895,953 44TH AVE N APT 202,Nashville,Tennessee,37363,428.7,Davidson,98701.0,36.15591,-86.91638,22,70,8,7965
37205,879000.0,4,3,3056,6747 PENNYWELL DR,Nashville,Tennessee,25437,688.5,Davidson,222323.0,36.11075,-86.87274,22,70,8,7701
37208,565000.0,3,3,2139,2403 UNDERWOOD ST,Nashville,Tennessee,19546,1567.1,Davidson,86858.0,36.17691,-86.80901,22,70,8,7889
37217,289900.0,2,3,1216,438 FLINTLOCK CT,Nashville,Tennessee,31096,676.0,Davidson,72426.0,36.10836,-86.66178,22,70,8,8283
37212,896000.0,3,3,2347,3429 33RD AVE S # A,Nashville,Tennessee,20917,2936.8,Davidson,178515.0,36.13376,-86.80167,22,70,8,8127
37209,599000.0,3,4,1954,433 BECANNI LN,Nashville,Tennessee,37363,428.7,Davidson,98701.0,36.15591,-86.91638,22,70,8,8014
37203,795000.0,3,3,2250,516A MOORE AVE,Nashville,Tennessee,18100,1666.1,Davidson,94336.0,36.14937,-86.78986,22,70,8,7641
37218,375000.0,4,1,1849,3101 RIVER DR,Nashville,Tennessee,15056,148.9,Davidson,77147.0,36.20814,-86.89158,22,70,8,8333
37211,409000.0,2,3,1669,505 LANDMARK CT,Nashville,Tennessee,75073,1334.2,Davidson,84503.0,36.06704,-86.72345,22,70,8,8060
37221,405000.0,2,3,1510,2225 BELLE CREEK WAY,Nashville,Tennessee,42232,330.5,Davidson,122269.0,36.05991,-86.97189,22,70,8,8376
37208,645900.0,4,3,2284,1705B MCKINNEY AVE,Nashville,Tennessee,19546,1567.1,Davidson,86858.0,36.17691,-86.80901,22,70,8,7884
37207,590000.0,1,2,100,706 W TRINITY LN,Nashville,Tennessee,40697,812.3,Davidson,72606.0,36.23278,-86.77765,22,70,8,7861
37219,749000.0,1,1,860,515 CHURCH ST UNIT 3109,Nashville,Tennessee,1411,2527.4,Davidson,99317.0,36.1663,-86.78299,22,70,8,8341
37211,325000.0,2,2,1171,4846 BEVENDEAN DR UNIT C9,Nashville,Tennessee,75073,1334.2,Davidson,84503.0,36.06704,-86.72345,22,70,8,8081
37215,725000.0,3,3,2368,4400 BELMONT PARK TER APT 242,Nashville,Tennessee,22829,575.1,Davidson,217318.0,36.08197,-86.83492,22,70,8,8232
37220,2700000.0,6,6,8313,945 TRAVELERS CT,Nashville,Tennessee,6481,324.5,Davidson,230199.0,36.06759,-86.78127,22,70,8,8354
37204,1250000.0,5,3,2224,3203 GRANNY WHITE PIKE,Nashville,Tennessee,17047,902.4,Davidson,178418.0,36.10669,-86.77463,22,70,8,7687
37221,454900.0,3,3,1775,6006 MILL TREE CT # 33,Nashville,Tennessee,42232,330.5,Davidson,122269.0,36.05991,-86.97189,22,70,8,8434
37216,669000.0,3,2,2142,828 LEMONT DR,Nashville,Tennessee,19227,1103.2,Davidson,99706.0,36.21589,-86.72676,22,70,8,8277
37214,359900.0,2,1,970,2518 PARK DR,Nashville,Tennessee,31341,551.3,Davidson,87408.0,36.16789,-86.66296,22,70,8,8182
37214,265000.0,2,2,1214,1313 PRIEST WOODS CT,Nashville,Tennessee,31341,551.3,Davidson,87408.0,36.16789,-86.66296,22,70,8,8149
37203,480000.0,2,2,1229,760 WEDGEWOOD PARK APT 203,Nashville,Tennessee,18100,1666.1,Davidson,94336.0,36.14937,-86.78986,22,70,8,7598
37207,445920.0,4,3,1934,4440 SKYRIDGE DR,Nashville,Tennessee,40697,812.3,Davidson,72606.0,36.23278,-86.77765,22,70,8,7809
37209,424999.0,2,2,920,953 44TH AVE N APT 103,Nashville,Tennessee,37363,428.7,Davidson,98701.0,36.15591,-86.91638,22,70,8,8004
37204,1579000.0,4,4,3853,923A GALE LN,Nashville,Tennessee,17047,902.4,Davidson,178418.0,36.10669,-86.77463,22,70,8,7669
37205,2000000.0,4,3,4700,112 MOCKINGBIRD RD,Nashville,Tennessee,25437,688.5,Davidson,222323.0,36.11075,-86.87274,22,70,8,7715
37207,435000.0,2,3,1448,727 COTTAGE PARK DR,Nashville,Tennessee,40697,812.3,Davidson,72606.0,36.23278,-86.77765,22,70,8,7866
37209,1125000.0,4,4,2864,5005 INDIANA AVE,Nashville,Tennessee,37363,428.7,Davidson,98701.0,36.15591,-86.91638,22,70,8,7985
37206,2390000.0,5,5,4498,1814 HOLLY ST,Nashville,Tennessee,28694,1429.4,Davidson,114377.0,36.18085,-86.73117,22,70,8,7760
37216,575000.0,3,2,2130,3708 INGLEWOOD CIR S,Nashville,Tennessee,19227,1103.2,Davidson,99706.0,36.21589,-86.72676,22,70,8,8254
37203,697900.0,1,1,746,1212 DEMONBREUN ST # A4,Nashville,Tennessee,18100,1666.1,Davidson,94336.0,36.14937,-86.78986,22,70,8,7661
37221,1249900.0,4,4,3051,1217 LUCKETT RD,Nashville,Tennessee,42232,330.5,Davidson,122269.0,36.05991,-86.97189,22,70,8,8378
37211,280000.0,2,1,988,7221 ALTHORP WAY APT M12,Nashville,Tennessee,75073,1334.2,Davidson,84503.0,36.06704,-86.72345,22,70,8,8067
37218,250000.0,3,1,957,3226 HINKLE DR,Nashville,Tennessee,15056,148.9,Davidson,77147.0,36.20814,-86.89158,22,70,8,8317
37212,9799000.0,5,4,3590,1506 17TH AVE S,Nashville,Tennessee,20917,2936.8,Davidson,178515.0,36.13376,-86.80167,22,70,8,8121
37209,939000.0,4,5,2981,4705 KENTUCKY AVE # B,Nashville,Tennessee,37363,428.7,Davidson,98701.0,36.15591,-86.91638,22,70,8,8031
37218,475000.0,4,2,1475,528 JUDD DR,Nashville,Tennessee,15056,148.9,Davidson,77147.0,36.20814,-86.89158,22,70,8,8313
37201,1695000.0,1,2,1171,160 2ND AVE S APT 2505,Nashville,Tennessee,1477,1776.2,Davidson,137564.0,36.16662,-86.77799,22,70,8,7595
37205,409000.0,3,2,1458,448 SIENA DR,Nashville,Tennessee,25437,688.5,Davidson,222323.0,36.11075,-86.87274,22,70,8,7730
37208,699000.0,4,4,3134,2218 14TH AVE N,Nashville,Tennessee,19546,1567.1,Davidson,86858.0,36.17691,-86.80901,22,70,8,7875
37221,609900.0,3,3,2138,412 RAMBLE WOOD CIR,Nashville,Tennessee,42232,330.5,Davidson,122269.0,36.05991,-86.97189,22,70,8,8408
37207,439000.0,3,2,2400,2112 OAKWOOD AVE,Nashville,Tennessee,40697,812.3,Davidson,72606.0,36.23278,-86.77765,22,70,8,7862
37207,415000.0,3,2,1375,3245 MASONWOOD DR,Nashville,Tennessee,40697,812.3,Davidson,72606.0,36.23278,-86.77765,22,70,8,7812
37221,1925000.0,4,6,3756,6024 PASQUO RD,Nashville,Tennessee,42232,330.5,Davidson,122269.0,36.05991,-86.97189,22,70,8,8357
37215,1699000.0,3,3,2209,4608 GENERAL LOWREY DR,Nashville,Tennessee,22829,575.1,Davidson,217318.0,36.08197,-86.83492,22,70,8,8229
37221,484900.0,3,3,1775,6010 MILL TREE CT # 35,Nashville,Tennessee,42232,330.5,Davidson,122269.0,36.05991,-86.97189,22,70,8,8361
37217,318999.0,2,3,1720,2548 MURFREESBORO PIKE APT 5,Nashville,Tennessee,31096,676.0,Davidson,72426.0,36.10836,-86.66178,22,70,8,8295
37217,405000.0,3,2,2355,2836 GALESBURG DR,Nashville,Tennessee,31096,676.0,Davidson,72426.0,36.10836,-86.66178,22,70,8,8291
37203,478000.0,1,1,644,1212 DEMONBREUN ST # A1A,Nashville,Tennessee,18100,1666.1,Davidson,94336.0,36.14937,-86.78986,22,70,8,7618
37209,470000.0,2,2,850,957 44TH AVE N,Nashville,Tennessee,37363,428.7,Davidson,98701.0,36.15591,-86.91638,22,70,8,8023
37211,575000.0,4,3,2230,4817 ENOCH DR,Nashville,Tennessee,75073,1334.2,Davidson,84503.0,36.06704,-86.72345,22,70,8,8056
37205,999999.0,3,4,3756,172D WOODMONT BLVD,Nashville,Tennessee,25437,688.5,Davidson,222323.0,36.11075,-86.87274,22,70,8,7718
37203,1585000.0,4,5,3681,1001 ARGYLE AVE,Nashville,Tennessee,18100,1666.1,Davidson,94336.0,36.14937,-86.78986,22,70,8,7613
37208,520000.0,3,3,1460,1741 24TH AVE N,Nashville,Tennessee,19546,1567.1,Davidson,86858.0,36.17691,-86.80901,22,70,8,7885
37206,734900.0,4,4,1906,121 NEILL AVE UNIT E,Nashville,Tennessee,28694,1429.4,Davidson,114377.0,36.18085,-86.73117,22,70,8,7770
37203,469900.0,2,1,864,1900 12TH AVE S APT 214,Nashville,Tennessee,18100,1666.1,Davidson,94336.0,36.14937,-86.78986,22,70,8,7652
37206,424900.0,1,1,852,2115 YEAMAN PL APT 430,Nashville,Tennessee,28694,1429.4,Davidson,114377.0,36.18085,-86.73117,22,70,8,7768
37219,1199997.0,2,2,1465,415 CHURCH ST APT 2201,Nashville,Tennessee,1411,2527.4,Davidson,99317.0,36.1663,-86.78299,22,70,8,8337
37211,399950.0,4,3,2167,676 CANDLESTICK DR,Nashville,Tennessee,75073,1334.2,Davidson,84503.0,36.06704,-86.72345,22,70,8,8048
37221,510000.0,3,4,2244,1014 PINE MEADOW CT,Nashville,Tennessee,42232,330.5,Davidson,122269.0,36.05991,-86.97189,22,70,8,8369
37203,1500000.0,3,3,1436,1717 HAYES ST # 9A,Nashville,Tennessee,18100,1666.1,Davidson,94336.0,36.14937,-86.78986,22,70,8,7638
37209,515000.0,4,2,1605,5109 KENTUCKY AVE,Nashville,Tennessee,37363,428.7,Davidson,98701.0,36.15591,-86.91638,22,70,8,7978
37209,599000.0,2,2,1352,4511 ILLINOIS AVE # A,Nashville,Tennessee,37363,428.7,Davidson,98701.0,36.15591,-86.91638,22,70,8,8010
37217,400000.0,3,2,1706,2120 RANSOM PL,Nashville,Tennessee,31096,676.0,Davidson,72426.0,36.10836,-86.66178,22,70,8,8288
37211,289900.0,2,2,1134,333 HUNTINGTON RIDGE DR,Nashville,Tennessee,75073,1334.2,Davidson,84503.0,36.06704,-86.72345,22,70,8,8063
37211,299900.0,3,2,960,213 CLIPPER CT,Nashville,Tennessee,75073,1334.2,Davidson,84503.0,36.06704,-86.72345,22,70,8,8079
37217,400000.0,3,1,1295,909 KIRBY DR,Nashville,Tennessee,31096,676.0,Davidson,72426.0,36.10836,-86.66178,22,70,8,8297
37214,499900.0,3,4,1802,116 FITZGERALD DR,Nashville,Tennessee,31341,551.3,Davidson,87408.0,36.16789,-86.66296,22,70,8,8150
37214,559000.0,3,3,2320,2601 HABERSHAM AVE,Nashville,Tennessee,31341,551.3,Davidson,87408.0,36.16789,-86.66296,22,70,8,8162
37207,509900.0,3,4,1811,2005 MAPLE VIEW LN,Nashville,Tennessee,40697,812.3,Davidson,72606.0,36.23278,-86.77765,22,70,8,7797
37216,834000.0,4,4,3003,1809A TAMMANY DR,Nashville,Tennessee,19227,1103.2,Davidson,99706.0,36.21589,-86.72676,22,70,8,8247
37215,289900.0,1,1,716,425 SUMMIT RIDGE PL,Nashville,Tennessee,22829,575.1,Davidson,217318.0,36.08197,-86.83492,22,70,8,8210
37215,1290000.0,4,5,4411,400 HYDE PARK,Nashville,Tennessee,22829,575.1,Davidson,217318.0,36.08197,-86.83492,22,70,8,8219
37215,1849000.0,4,4,4003,4405B HUNT PL,Nashville,Tennessee,22829,575.1,Davidson,217318.0,36.08197,-86.83492,22,70,8,8195
37214,389500.0,3,2,1186,3288 TRAILS END LN,Nashville,Tennessee,31341,551.3,Davidson,87408.0,36.16789,-86.66296,22,70,8,8157
37209,649000.0,3,4,2196,1011 44TH AVE N UNIT 12,Nashville,Tennessee,37363,428.7,Davidson,98701.0,36.15591,-86.91638,22,70,8,7934
37208,599000.0,3,4,1913,802B 28TH AVE N,Nashville,Tennessee,19546,1567.1,Davidson,86858.0,36.17691,-86.80901,22,70,8,7886
37215,1999000.0,4,5,3870,1805 SHACKLEFORD RD,Nashville,Tennessee,22829,575.1,Davidson,217318.0,36.08197,-86.83492,22,70,8,8227
37221,578000.0,4,3,2456,6740 COLD STREAM DR,Nashville,Tennessee,42232,330.5,Davidson,122269.0,36.05991,-86.97189,22,70,8,8419
37201,4999900.0,3,4,2729,160 2ND AVE S APT 3603,Nashville,Tennessee,1477,1776.2,Davidson,137564.0,36.16662,-86.77799,22,70,8,7591
37207,690000.0,3,1,1425,520 EWING DR,Nashville,Tennessee,40697,812.3,Davidson,72606.0,36.23278,-86.77765,22,70,8,7870
37209,699000.0,3,4,2182,6206B LARAMIE AVE,Nashville,Tennessee,37363,428.7,Davidson,98701.0,36.15591,-86.91638,22,70,8,8016
37221,655000.0,5,4,4103,8171 HIGHWAY 70 S,Nashville,Tennessee,42232,330.5,Davidson,122269.0,36.05991,-86.97189,22,70,8,8356
37209,499999.0,2,3,1296,702 JAMES AVE,Nashville,Tennessee,37363,428.7,Davidson,98701.0,36.15591,-86.91638,22,70,8,8027
37219,2000000.0,2,2,1321,515 CHURCH ST UNIT 4104,Nashville,Tennessee,1411,2527.4,Davidson,99317.0,36.1663,-86.78299,22,70,8,8335
37221,563000.0,3,3,2285,6865 COLLINSWOOD DR,Nashville,Tennessee,42232,330.5,Davidson,122269.0,36.05991,-86.97189,22,70,8,8405
37211,539900.0,3,3,2606,2504 CALL HILL RD,Nashville,Tennessee,75073,1334.2,Davidson,84503.0,36.06704,-86.72345,22,70,8,8078
37212,409900.0,1,2,1104,1010 16TH AVE S UNIT 404,Nashville,Tennessee,20917,2936.8,Davidson,178515.0,36.13376,-86.80167,22,70,8,8126
37201,439000.0,1,1,584,301 DEMONBREUN ST UNIT 505,Nashville,Tennessee,1477,1776.2,Davidson,137564.0,36.16662,-86.77799,22,70,8,7592
37218,619900.0,3,2,2202,3919 DRAKES BRANCH RD,Nashville,Tennessee,15056,148.9,Davidson,77147.0,36.20814,-86.89158,22,70,8,8314
37220,1650000.0,3,3,2612,945 ROBERTSON ACADEMY RD,Nashville,Tennessee,6481,324.5,Davidson,230199.0,36.06759,-86.78127,22,70,8,8349
37209,525000.0,3,2,1810,521 STARLINER DR,Nashville,Tennessee,37363,428.7,Davidson,98701.0,36.15591,-86.91638,22,70,8,8017
37212,499900.0,1,1,808,900 20TH AVE S APT 1404,Nashville,Tennessee,20917,2936.8,Davidson,178515.0,36.13376,-86.80167,22,70,8,8125
37221,535000.0,4,3,2521,7109 POPLAR CREEK TRCE,Nashville,Tennessee,42232,330.5,Davidson,122269.0,36.05991,-86.97189,22,70,8,8437
37207,575000.0,2,3,1748,201 PRINCE AVE # B,Nashville,Tennessee,40697,812.3,Davidson,72606.0,36.23278,-86.77765,22,70,8,7847
37207,739900.0,4,3,2465,505 DOUGLAS AVE # A,Nashville,Tennessee,40697,812.3,Davidson,72606.0,36.23278,-86.77765,22,70,8,7818
37205,1480000.0,3,5,4110,409 PRESTWICK CT,Nashville,Tennessee,25437,688.5,Davidson,222323.0,36.11075,-86.87274,22,70,8,7728
37214,559900.0,4,3,2307,4245 LONGFELLOW DR,Nashville,Tennessee,31341,551.3,Davidson,87408.0,36.16789,-86.66296,22,70,8,8152
37209,899900.0,3,2,2343,5728 KNOB RD,Nashville,Tennessee,37363,428.7,Davidson,98701.0,36.15591,-86.91638,22,70,8,8025
37215,1250000.0,4,4,4198,201 SHEFFIELD PL,Nashville,Tennessee,22829,575.1,Davidson,217318.0,36.08197,-86.83492,22,70,8,8204
37216,875000.0,4,3,2202,4914 LOG CABIN RD,Nashville,Tennessee,19227,1103.2,Davidson,99706.0,36.21589,-86.72676,22,70,8,8251
37210,649000.0,4,3,2634,1953 OMOHUNDRO DR,Nashville,Tennessee,16593,690.4,Davidson,68462.0,36.1442,-86.73374,22,70,8,8036
37207,482990.0,4,3,2547,2547 CREEKLAND VIEW BLVD,Nashville,Tennessee,40697,812.3,Davidson,72606.0,36.23278,-86.77765,22,70,8,7846
37204,1800000.0,3,4,3309,838 KIRKWOOD AVE,Nashville,Tennessee,17047,902.4,Davidson,178418.0,36.10669,-86.77463,22,70,8,7668
37214,379000.0,2,1,1190,623 TEMPLEWOOD DR,Nashville,Tennessee,31341,551.3,Davidson,87408.0,36.16789,-86.66296,22,70,8,8184
37203,724900.0,2,2,857,303 31ST AVE N APT 216,Nashville,Tennessee,18100,1666.1,Davidson,94336.0,36.14937,-86.78986,22,70,8,7643
37215,1500000.0,4,4,3448,118 WELLINGTON PARK CT,Nashville,Tennessee,22829,575.1,Davidson,217318.0,36.08197,-86.83492,22,70,8,8239
37209,789900.0,4,5,2465,4010A CLIFTON AVE,Nashville,Tennessee,37363,428.7,Davidson,98701.0,36.15591,-86.91638,22,70,8,7928
37209,445000.0,2,2,1136,1677 54TH AVE N APT 240,Nashville,Tennessee,37363,428.7,Davidson,98701.0,36.15591,-86.91638,22,70,8,8028
37218,299900.0,3,2,2155,4212 ASHLAND CITY HWY,Nashville,Tennessee,15056,148.9,Davidson,77147.0,36.20814,-86.89158,22,70,8,8320
37215,406000.0,3,2,1530,141 HILLSBORO PL,Nashville,Tennessee,22829,575.1,Davidson,217318.0,36.08197,-86.83492,22,70,8,8241
37221,749900.0,3,2,1298,8901 GRIFFITH RD,Nashville,Tennessee,42232,330.5,Davidson,122269.0,36.05991,-86.97189,22,70,8,8418
37211,615000.0,3,3,2148,3804 SYFERT LN,Nashville,Tennessee,75073,1334.2,Davidson,84503.0,36.06704,-86.72345,22,70,8,8091
37203,2025000.0,2,3,1628,1616 W END AVE UNIT 2901,Nashville,Tennessee,18100,1666.1,Davidson,94336.0,36.14937,-86.78986,22,70,8,7604
37218,575000.0,3,3,1824,307 SOPHIA RAIN DR,Nashville,Tennessee,15056,148.9,Davidson,77147.0,36.20814,-86.89158,22,70,8,8325
37221,1149900.0,4,4,2739,1229 LUCKETT RD,Nashville,Tennessee,42232,330.5,Davidson,122269.0,36.05991,-86.97189,22,70,8,8375
37211,324900.0,3,2,960,216 DOVEWOOD CT,Nashville,Tennessee,75073,1334.2,Davidson,84503.0,36.06704,-86.72345,22,70,8,8058
37203,534000.0,2,2,1242,1803 BROADWAY APT 402,Nashville,Tennessee,18100,1666.1,Davidson,94336.0,36.14937,-86.78986,22,70,8,7633
37207,349000.0,3,1,1164,520 NORTON AVE,Nashville,Tennessee,40697,812.3,Davidson,72606.0,36.23278,-86.77765,22,70,8,7820
37209,415000.0,4,3,2033,400 CAPRI CT,Nashville,Tennessee,37363,428.7,Davidson,98701.0,36.15591,-86.91638,22,70,8,8021
37207,470420.0,4,3,1934,4432 SKYRIDGE DR,Nashville,Tennessee,40697,812.3,Davidson,72606.0,36.23278,-86.77765,22,70,8,7874
37211,965000.0,3,3,2421,407 BARRYWOOD DR,Nashville,Tennessee,75073,1334.2,Davidson,84503.0,36.06704,-86.72345,22,70,8,8074
37203,485000.0,1,1,636,600 12TH AVE S APT 2012,Nashville,Tennessee,18100,1666.1,Davidson,94336.0,36.14937,-86.78986,22,70,8,7605
37211,899000.0,4,3,2750,513B SOUTHERN TURF DR,Nashville,Tennessee,75073,1334.2,Davidson,84503.0,36.06704,-86.72345,22,70,8,8087
37209,899000.0,4,4,2171,6511 ROBERTSON AVE APT 1,Nashville,Tennessee,37363,428.7,Davidson,98701.0,36.15591,-86.91638,22,70,8,7996
37207,395000.0,3,2,1364,1302 BRICK CHURCH PIKE,Nashville,Tennessee,40697,812.3,Davidson,72606.0,36.23278,-86.77765,22,70,8,7854
37214,349900.0,3,1,1000,2522 HIBBITTS RD,Nashville,Tennessee,31341,551.3,Davidson,87408.0,36.16789,-86.66296,22,70,8,8177
37207,1900000.0,2,2,3499,814 MERIDIAN ST,Nashville,Tennessee,40697,812.3,Davidson,72606.0,36.23278,-86.77765,22,70,8,7795
37208,545000.0,3,3,1548,1716 24TH AVE N,Nashville,Tennessee,19546,1567.1,Davidson,86858.0,36.17691,-86.80901,22,70,8,7924
37218,519500.0,4,3,1798,3503 STEVENS LN,Nashville,Tennessee,15056,148.9,Davidson,77147.0,36.20814,-86.89158,22,70,8,8334
37208,719000.0,3,3,2299,1605 11TH AVE N,Nashville,Tennessee,19546,1567.1,Davidson,86858.0,36.17691,-86.80901,22,70,8,7913
37210,775000.0,3,4,2256,1242 2ND AVE S UNIT 3,Nashville,Tennessee,16593,690.4,Davidson,68462.0,36.1442,-86.73374,22,70,8,8045
37215,359900.0,2,2,1150,2116 HOBBS RD APT C3,Nashville,Tennessee,22829,575.1,Davidson,217318.0,36.08197,-86.83492,22,70,8,8231
37203,1692500.0,4,4,3156,1035 SOUTHSIDE CT,Nashville,Tennessee,18100,1666.1,Davidson,94336.0,36.14937,-86.78986,22,70,8,7642
37221,449900.0,2,3,1438,202 WINDSOR TERRACE DR,Nashville,Tennessee,42232,330.5,Davidson,122269.0,36.05991,-86.97189,22,70,8,8400
37209,499999.0,2,3,1202,412 W MILL DR,Nashville,Tennessee,37363,428.7,Davidson,98701.0,36.15591,-86.91638,22,70,8,8015
37205,979999.0,3,2,2054,6400 HIGHWAY 100,Nashville,Tennessee,25437,688.5,Davidson,222323.0,36.11075,-86.87274,22,70,8,7716
37215,429900.0,3,2,1586,3000 HILLSBORO PIKE APT 85,Nashville,Tennessee,22829,575.1,Davidson,217318.0,36.08197,-86.83492,22,70,8,8222
37217,305000.0,3,3,1488,2316 NASHBORO BLVD,Nashville,Tennessee,31096,676.0,Davidson,72426.0,36.10836,-86.66178,22,70,8,8298
37209,569900.0,3,4,1999,222 STONECREST CIR,Nashville,Tennessee,37363,428.7,Davidson,98701.0,36.15591,-86.91638,22,70,8,7991
37211,349900.0,2,3,1431,2329 ALTERAS DR,Nashville,Tennessee,75073,1334.2,Davidson,84503.0,36.06704,-86.72345,22,70,8,8101
37216,377000.0,3,2,1317,1017 DOZIER PL,Nashville,Tennessee,19227,1103.2,Davidson,99706.0,36.21589,-86.72676,22,70,8,8260
37215,1865000.0,5,5,4106,1726 WARFIELD DR,Nashville,Tennessee,22829,575.1,Davidson,217318.0,36.08197,-86.83492,22,70,8,8200
37203,800000.0,3,3,2510,2158 BYRUM AVE # A,Nashville,Tennessee,18100,1666.1,Davidson,94336.0,36.14937,-86.78986,22,70,8,7658
37220,649900.0,3,2,1572,5145 REGENT DR,Nashville,Tennessee,6481,324.5,Davidson,230199.0,36.06759,-86.78127,22,70,8,8343
37211,214900.0,2,2,1043,2929 SELENA DR APT J119,Nashville,Tennessee,75073,1334.2,Davidson,84503.0,36.06704,-86.72345,22,70,8,8069
37203,550000.0,1,1,867,600 12TH AVE S APT 1204,Nashville,Tennessee,18100,1666.1,Davidson,94336.0,36.14937,-86.78986,22,70,8,7632
37205,1699990.0,5,5,3819,6601 ELLESMERE RD,Nashville,Tennessee,25437,688.5,Davidson,222323.0,36.11075,-86.87274,22,70,8,7742
37215,1750000.0,4,4,3484,3415A RICHARDS ST,Nashville,Tennessee,22829,575.1,Davidson,217318.0,36.08197,-86.83492,22,70,8,8240
37209,1499900.0,5,4,3131,4007 NEBRASKA AVE,Nashville,Tennessee,37363,428.7,Davidson,98701.0,36.15591,-86.91638,22,70,8,7954
37211,400000.0,3,2,1315,304 SUNRISE AVE,Nashville,Tennessee,75073,1334.2,Davidson,84503.0,36.06704,-86.72345,22,70,8,8064
37207,457990.0,3,3,2106,2274 CREEKLAND VIEW BLVD,Nashville,Tennessee,40697,812.3,Davidson,72606.0,36.23278,-86.77765,22,70,8,7853
37208,619900.0,1,1,993,601 MADISON ST APT 106,Nashville,Tennessee,19546,1567.1,Davidson,86858.0,36.17691,-86.80901,22,70,8,7902
37209,430000.0,3,2,1636,630 FREEDOM PL,Nashville,Tennessee,37363,428.7,Davidson,98701.0,36.15591,-86.91638,22,70,8,7994
37215,639900.0,3,3,1946,4400 BELMONT PARK TER APT 176,Nashville,Tennessee,22829,575.1,Davidson,217318.0,36.08197,-86.83492,22,70,8,8236
37211,213800.0,2,2,1043,2929 SELENA DR APT A16,Nashville,Tennessee,75073,1334.2,Davidson,84503.0,36.06704,-86.72345,22,70,8,8094
37203,1399900.0,4,5,3681,1011 ARGYLE AVE,Nashville,Tennessee,18100,1666.1,Davidson,94336.0,36.14937,-86.78986,22,70,8,7627
37211,549900.0,3,3,1781,336A DADE DR,Nashville,Tennessee,75073,1334.2,Davidson,84503.0,36.06704,-86.72345,22,70,8,8057
37209,2200000.0,4,5,3723,4909 DAKOTA AVE,Nashville,Tennessee,37363,428.7,Davidson,98701.0,36.15591,-86.91638,22,70,8,7992
37211,147500.0,2,1,874,550 HARDING PL APT F107,Nashville,Tennessee,75073,1334.2,Davidson,84503.0,36.06704,-86.72345,22,70,8,8065
37203,242500.0,2,2,1100,3415 W END AVE # D-603,Nashville,Tennessee,18100,1666.1,Davidson,94336.0,36.14937,-86.78986,22,70,8,7603
37214,209900.0,2,3,1188,305 TIMBERWAY CIR,Nashville,Tennessee,31341,551.3,Davidson,87408.0,36.16789,-86.66296,22,70,8,8155
37221,399900.0,3,3,1608,8207 SAWYER BROWN RD APT F6,Nashville,Tennessee,42232,330.5,Davidson,122269.0,36.05991,-86.97189,22,70,8,8422
37204,1250000.0,4,3,3079,1008B CALDWELL LN,Nashville,Tennessee,17047,902.4,Davidson,178418.0,36.10669,-86.77463,22,70,8,7682
37221,819900.0,4,4,3374,8049 STILL SPRING RIDGE DR,Nashville,Tennessee,42232,330.5,Davidson,122269.0,36.05991,-86.97189,22,70,8,8374
37209,470000.0,2,2,850,959 44TH AVE N,Nashville,Tennessee,37363,428.7,Davidson,98701.0,36.15591,-86.91638,22,70,8,7999
37211,625000.0,3,2,1834,4908 MONTCLAIR DR,Nashville,Tennessee,75073,1334.2,Davidson,84503.0,36.06704,-86.72345,22,70,8,8050
37214,339900.0,3,2,1546,111 DONELSONWOOD DR,Nashville,Tennessee,31341,551.3,Davidson,87408.0,36.16789,-86.66296,22,70,8,8168
37209,1400000.0,3,4,3036,308 33RD AVE N,Nashville,Tennessee,37363,428.7,Davidson,98701.0,36.15591,-86.91638,22,70,8,7960
37204,1649999.0,4,5,3762,945 GALE LN,Nashville,Tennessee,17047,902.4,Davidson,178418.0,36.10669,-86.77463,22,70,8,7684
37214,525000.0,4,3,2231,1017 FITZPATRICK RD,Nashville,Tennessee,31341,551.3,Davidson,87408.0,36.16789,-86.66296,22,70,8,8159
37216,479000.0,2,1,1319,902 BROADMOOR DR,Nashville,Tennessee,19227,1103.2,Davidson,99706.0,36.21589,-86.72676,22,70,8,8267
37208,324000.0,2,1,672,2435 BATAVIA ST,Nashville,Tennessee,19546,1567.1,Davidson,86858.0,36.17691,-86.80901,22,70,8,7897
37221,519900.0,3,3,2528,100 HOLLY FRST,Nashville,Tennessee,42232,330.5,Davidson,122269.0,36.05991,-86.97189,22,70,8,8371
37207,329020.0,3,3,1400,4530 SKYWOOD LN,Nashville,Tennessee,40697,812.3,Davidson,72606.0,36.23278,-86.77765,22,70,8,7841
37221,629000.0,3,3,2858,7248 RIVER BEND RD,Nashville,Tennessee,42232,330.5,Davidson,122269.0,36.05991,-86.97189,22,70,8,8384
37204,2250000.0,5,5,4919,4431 LEALAND LN,Nashville,Tennessee,17047,902.4,Davidson,178418.0,36.10669,-86.77463,22,70,8,7664
37209,499000.0,3,2,1400,5004 KENTUCKY AVE,Nashville,Tennessee,37363,428.7,Davidson,98701.0,36.15591,-86.91638,22,70,8,8030
37207,346020.0,3,3,1400,4528 SKYWOOD LN,Nashville,Tennessee,40697,812.3,Davidson,72606.0,36.23278,-86.77765,22,70,8,7867
37207,299900.0,4,2,1632,3184 GWYNNWOOD DR,Nashville,Tennessee,40697,812.3,Davidson,72606.0,36.23278,-86.77765,22,70,8,7829
37215,1900000.0,4,4,3912,3609 MEADOW DR,Nashville,Tennessee,22829,575.1,Davidson,217318.0,36.08197,-86.83492,22,70,8,8242
37211,485000.0,3,2,1233,182 ANTIOCH PIKE,Nashville,Tennessee,75073,1334.2,Davidson,84503.0,36.06704,-86.72345,22,70,8,8097
37208,975000.0,3,4,2300,1625 7TH AVE N,Nashville,Tennessee,19546,1567.1,Davidson,86858.0,36.17691,-86.80901,22,70,8,7919
37221,850000.0,5,4,3212,7324 DUNAWAY DR,Nashville,Tennessee,42232,330.5,Davidson,122269.0,36.05991,-86.97189,22,70,8,8389
37217,375000.0,4,3,2240,578 RURAL HILL RD,Nashville,Tennessee,31096,676.0,Davidson,72426.0,36.10836,-86.66178,22,70,8,8294
37217,251000.0,3,3,1388,833 LONGHUNTER CT,Nashville,Tennessee,31096,676.0,Davidson,72426.0,36.10836,-86.66178,22,70,8,8304
37207,525000.0,3,2,1200,1210 STOCKELL ST,Nashville,Tennessee,40697,812.3,Davidson,72606.0,36.23278,-86.77765,22,70,8,7833
37209,1799000.0,5,4,3741,4111 IDAHO AVE,Nashville,Tennessee,37363,428.7,Davidson,98701.0,36.15591,-86.91638,22,70,8,7998
37206,1899900.0,5,3,4828,511 N 14TH ST,Nashville,Tennessee,28694,1429.4,Davidson,114377.0,36.18085,-86.73117,22,70,8,7774
37203,699000.0,3,4,1782,754 WEDGEWOOD PARK,Nashville,Tennessee,18100,1666.1,Davidson,94336.0,36.14937,-86.78986,22,70,8,7602
37217,269900.0,1,1,610,293 PLUS PARK BLVD # 206,Nashville,Tennessee,31096,676.0,Davidson,72426.0,36.10836,-86.66178,22,70,8,8284
37221,249900.0,2,2,1055,810 BELLEVUE RD APT 244,Nashville,Tennessee,42232,330.5,Davidson,122269.0,36.05991,-86.97189,22,70,8,8365
37207,479970.0,3,4,1811,2031 MAPLE VIEW LN,Nashville,Tennessee,40697,812.3,Davidson,72606.0,36.23278,-86.77765,22,70,8,7851
37205,760000.0,3,2,2965,1008 SALYER DR,Nashville,Tennessee,25437,688.5,Davidson,222323.0,36.11075,-86.87274,22,70,8,7709
37205,785000.0,3,2,2955,865 BELTON DR,Nashville,Tennessee,25437,688.5,Davidson,222323.0,36.11075,-86.87274,22,70,8,7704
37207,599897.0,3,2,1880,1194 CHERBRON DR,Nashville,Tennessee,40697,812.3,Davidson,72606.0,36.23278,-86.77765,22,70,8,7864
37205,3499999.0,5,7,8265,209 LEONARD AVE,Nashville,Tennessee,25437,688.5,Davidson,222323.0,36.11075,-86.87274,22,70,8,7717
37221,1179000.0,5,4,3613,1237 TEMPLE RIDGE DR,Nashville,Tennessee,42232,330.5,Davidson,122269.0,36.05991,-86.97189,22,70,8,8385
37209,350000.0,2,1,815,508 SNYDER AVE,Nashville,Tennessee,37363,428.7,Davidson,98701.0,36.15591,-86.91638,22,70,8,7981
37205,499900.0,3,2,1625,912 PERCY WARNER BLVD,Nashville,Tennessee,25437,688.5,Davidson,222323.0,36.11075,-86.87274,22,70,8,7698
37221,749900.0,3,3,3010,7921 MEADOW VIEW DR,Nashville,Tennessee,42232,330.5,Davidson,122269.0,36.05991,-86.97189,22,70,8,8360
37209,739900.0,4,5,2670,405 LOVELL ST,Nashville,Tennessee,37363,428.7,Davidson,98701.0,36.15591,-86.91638,22,70,8,7983
37215,1799900.0,5,5,4031,4208 LONE OAK RD,Nashville,Tennessee,22829,575.1,Davidson,217318.0,36.08197,-86.83492,22,70,8,8221
