Zip Code,Price,Beds,Baths,Living Space,Address,City,State,Zip Code Population,Zip Code Density,County,Median Household Income,Latitude,Longitude,county_num,city_num,state_num,address_num
80922,475000.0,4,3,2294,7050 DAVEY CROCKET CT,Colorado Springs,Colorado,29623,1962.6,El Paso,111074.0,38.88996,-104.70084,68,163,22,26837
80910,294900.0,2,2,1196,3517 ATLANTIC DR,Colorado Springs,Colorado,31827,2011.2,El Paso,69434.0,38.81178,-104.7743,68,163,22,26538
80908,524900.0,4,3,2723,6824 LOFTWOOD RD,Colorado Springs,Colorado,20622,84.1,El Paso,160845.0,39.0463,-104.69094,68,163,22,26485
80904,289000.0,2,2,936,2264 STEPPING STONES WAY,Colorado Springs,Colorado,21162,731.7,El Paso,95588.0,38.86321,-104.87197,68,163,22,26349
80951,460000.0,4,4,1973,8042 PARSONAGE LN,Colorado Springs,Colorado,5357,706.9,El Paso,98962.0,38.88396,-104.6558,68,163,22,27039
80921,650000.0,3,3,4055,14602 BLUE WINGS WAY,Colorado Springs,Colorado,22725,179.0,El Paso,163704.0,39.02648,-104.88156,68,163,22,26807
80906,350000.0,2,2,1184,4145 AUTUMN HEIGHTS DR UNIT E,Colorado Springs,Colorado,38046,322.3,El Paso,132989.0,38.76744,-104.87023,68,163,22,26428
80903,299000.0,2,1,968,950 E COSTILLA ST,Colorado Springs,Colorado,16844,1209.5,El Paso,73686.0,38.83249,-104.81342,68,163,22,26331
80906,295000.0,3,2,1148,802 SAN GABRIEL PL,Colorado Springs,Colorado,38046,322.3,El Paso,132989.0,38.76744,-104.87023,68,163,22,26413
80911,390000.0,3,3,1836,6770 BROOK FOREST DR,Colorado Springs,Colorado,36496,1268.3,El Paso,90906.0,38.75325,-104.71955,68,163,22,26582
80918,415000.0,4,2,1966,5915 N UNION BLVD,Colorado Springs,Colorado,48404,1559.6,El Paso,102288.0,38.91156,-104.78032,68,163,22,26715
80907,325000.0,4,1,1323,2609 COOPER AVE,Colorado Springs,Colorado,28549,1119.8,El Paso,89203.0,38.87912,-104.82137,68,163,22,26445
80923,579000.0,3,3,3785,6715 GOLD DROP DR,Colorado Springs,Colorado,32050,1771.6,El Paso,109942.0,38.92673,-104.71433,68,163,22,26908
80917,179000.0,2,1,862,3440 PARKMOOR VILLAGE DR APT L,Colorado Springs,Colorado,31614,2174.4,El Paso,83184.0,38.88684,-104.74049,68,163,22,26689
80919,789000.0,3,4,3408,415 W WOODMEN RD,Colorado Springs,Colorado,27788,392.0,El Paso,135460.0,38.92797,-104.88025,68,163,22,26741
80925,449900.0,3,3,1804,6165 BIG BIRD DR,Colorado Springs,Colorado,14084,189.4,El Paso,119440.0,38.76156,-104.64441,68,163,22,27003
80903,349000.0,3,1,1430,808 E MONUMENT ST,Colorado Springs,Colorado,16844,1209.5,El Paso,73686.0,38.83249,-104.81342,68,163,22,26324
80938,687950.0,5,4,3666,5703 ZOUNDS WAY,Colorado Springs,Colorado,565,41.0,El Paso,106290.0,38.90157,-104.65926,68,163,22,27035
80920,690000.0,4,4,3958,2480 LINENHALL CT,Colorado Springs,Colorado,38988,1212.4,El Paso,128902.0,38.95579,-104.77191,68,163,22,26780
80919,579999.0,4,3,2390,315 SUNBIRD CLIFFS LN,Colorado Springs,Colorado,27788,392.0,El Paso,135460.0,38.92797,-104.88025,68,163,22,26775
80908,399900.0,3,3,2068,7455 FOREST MEADOWS AVE,Colorado Springs,Colorado,20622,84.1,El Paso,160845.0,39.0463,-104.69094,68,163,22,26509
80938,475000.0,3,3,2316,8052 PUMICE PT,Colorado Springs,Colorado,565,41.0,El Paso,106290.0,38.90157,-104.65926,68,163,22,27032
80922,400000.0,3,2,1394,3120 HAYSTACK DR,Colorado Springs,Colorado,29623,1962.6,El Paso,111074.0,38.88996,-104.70084,68,163,22,26884
80922,460000.0,4,3,2580,7517 WATERMAN WAY,Colorado Springs,Colorado,29623,1962.6,El Paso,111074.0,38.88996,-104.70084,68,163,22,26885
80906,1100000.0,5,5,3904,3176 SPRINGMEADOW DR,Colorado Springs,Colorado,38046,322.3,El Paso,132989.0,38.76744,-104.87023,68,163,22,26408
80910,315000.0,3,2,912,207 MILTON DR,Colorado Springs,Colorado,31827,2011.2,El Paso,69434.0,38.81178,-104.7743,68,163,22,26558
80921,1700000.0,4,5,4788,16310 CHERRY CROSSING DR,Colorado Springs,Colorado,22725,179.0,El Paso,163704.0,39.02648,-104.88156,68,163,22,26825
80925,481000.0,5,3,2848,9707 CHALKSTONE LN,Colorado Springs,Colorado,14084,189.4,El Paso,119440.0,38.76156,-104.64441,68,163,22,26994
80911,285900.0,4,2,1146,4920 GOULET WAY,Colorado Springs,Colorado,36496,1268.3,El Paso,90906.0,38.75325,-104.71955,68,163,22,26580
80910,329000.0,3,2,1696,219 LONGFELLOW DR,Colorado Springs,Colorado,31827,2011.2,El Paso,69434.0,38.81178,-104.7743,68,163,22,26537
80918,449800.0,3,2,1606,5445 DEL REY DR,Colorado Springs,Colorado,48404,1559.6,El Paso,102288.0,38.91156,-104.78032,68,163,22,26706
80919,305000.0,2,2,1305,6755 DELMONICO DR APT 101,Colorado Springs,Colorado,27788,392.0,El Paso,135460.0,38.92797,-104.88025,68,163,22,26762
80915,289900.0,3,3,1849,1184 CREE DR,Colorado Springs,Colorado,22382,1099.9,El Paso,81611.0,38.85271,-104.71652,68,163,22,26625
80910,375000.0,3,2,1586,1146 SERVER DR,Colorado Springs,Colorado,31827,2011.2,El Paso,69434.0,38.81178,-104.7743,68,163,22,26560
80922,465000.0,4,4,2156,5228 ARROYO ST,Colorado Springs,Colorado,29623,1962.6,El Paso,111074.0,38.88996,-104.70084,68,163,22,26869
80916,420000.0,4,3,1861,4318 MOONBEAM DR,Colorado Springs,Colorado,41087,862.7,El Paso,68391.0,38.80327,-104.71208,68,163,22,26657
80908,1350000.0,5,5,4495,17378 ABERT RANCH DR,Colorado Springs,Colorado,20622,84.1,El Paso,160845.0,39.0463,-104.69094,68,163,22,26507
80922,389000.0,4,3,1624,7787 ORANGE SUNSET DR,Colorado Springs,Colorado,29623,1962.6,El Paso,111074.0,38.88996,-104.70084,68,163,22,26836
80924,650000.0,4,3,3932,8803 RORY CREEK ST,Colorado Springs,Colorado,13607,897.9,El Paso,158446.0,38.96727,-104.72199,68,163,22,26943
80906,1095000.0,5,5,4676,1776 MESA AVE,Colorado Springs,Colorado,38046,322.3,El Paso,132989.0,38.76744,-104.87023,68,163,22,26422
80925,424900.0,4,3,1867,9404 HAZY MORNING DR,Colorado Springs,Colorado,14084,189.4,El Paso,119440.0,38.76156,-104.64441,68,163,22,26991
80918,420000.0,4,3,1968,6240 MACH 1 DR,Colorado Springs,Colorado,48404,1559.6,El Paso,102288.0,38.91156,-104.78032,68,163,22,26714
80927,429900.0,2,2,1246,6028 TORRISDALE VW,Colorado Springs,Colorado,5231,449.4,El Paso,153811.0,38.92833,-104.65878,68,163,22,27012
80907,549000.0,2,1,1201,1931 N TEJON ST,Colorado Springs,Colorado,28549,1119.8,El Paso,89203.0,38.87912,-104.82137,68,163,22,26453
80917,434990.0,3,3,2336,4915 HARVEST RD,Colorado Springs,Colorado,31614,2174.4,El Paso,83184.0,38.88684,-104.74049,68,163,22,26693
80922,277000.0,3,2,1508,4228 GRAY FOX HTS,Colorado Springs,Colorado,29623,1962.6,El Paso,111074.0,38.88996,-104.70084,68,163,22,26854
80906,2280000.0,5,6,5730,5910 BUTTERMERE DR,Colorado Springs,Colorado,38046,322.3,El Paso,132989.0,38.76744,-104.87023,68,163,22,26419
80915,419990.0,4,3,2161,1006 N MURRAY BLVD,Colorado Springs,Colorado,22382,1099.9,El Paso,81611.0,38.85271,-104.71652,68,163,22,26623
80919,325000.0,3,2,1208,1605 MAITLAND CT,Colorado Springs,Colorado,27788,392.0,El Paso,135460.0,38.92797,-104.88025,68,163,22,26774
80921,574900.0,3,3,2386,847 SALMON POND WAY,Colorado Springs,Colorado,22725,179.0,El Paso,163704.0,39.02648,-104.88156,68,163,22,26819
80920,499900.0,3,3,2069,5473 PLUMSTEAD DR,Colorado Springs,Colorado,38988,1212.4,El Paso,128902.0,38.95579,-104.77191,68,163,22,26797
80917,185000.0,3,2,1072,3425 REBECCA LN APT A,Colorado Springs,Colorado,31614,2174.4,El Paso,83184.0,38.88684,-104.74049,68,163,22,26684
80917,270000.0,2,2,1131,3523 QUEEN ANNE WAY,Colorado Springs,Colorado,31614,2174.4,El Paso,83184.0,38.88684,-104.74049,68,163,22,26670
80919,985000.0,6,5,4788,755 CARVED TER,Colorado Springs,Colorado,27788,392.0,El Paso,135460.0,38.92797,-104.88025,68,163,22,26746
80907,449990.0,3,3,1233,849 BECKTON HTS,Colorado Springs,Colorado,28549,1119.8,El Paso,89203.0,38.87912,-104.82137,68,163,22,26452
80919,375000.0,3,3,1802,456 W ROCKRIMMON BLVD APT E,Colorado Springs,Colorado,27788,392.0,El Paso,135460.0,38.92797,-104.88025,68,163,22,26768
80924,695000.0,6,4,3022,5617 MAKALU DR,Colorado Springs,Colorado,13607,897.9,El Paso,158446.0,38.96727,-104.72199,68,163,22,26919
80904,359999.0,2,1,1140,2814 W KIOWA ST,Colorado Springs,Colorado,21162,731.7,El Paso,95588.0,38.86321,-104.87197,68,163,22,26359
80909,330000.0,3,2,1027,1723 HOLMES DR,Colorado Springs,Colorado,37821,1841.6,El Paso,72120.0,38.85255,-104.77434,68,163,22,26518
80951,460000.0,4,4,2148,8042 PARSONAGE LN,Colorado Springs,Colorado,5357,706.9,El Paso,98962.0,38.88396,-104.6558,68,163,22,27039
80906,450000.0,3,3,3025,2076 GLENHILL RD,Colorado Springs,Colorado,38046,322.3,El Paso,132989.0,38.76744,-104.87023,68,163,22,26438
80918,260000.0,2,2,924,4858 SONATA DR APT C,Colorado Springs,Colorado,48404,1559.6,El Paso,102288.0,38.91156,-104.78032,68,163,22,26719
80922,419999.0,3,3,1844,3310 RICHMOND DR,Colorado Springs,Colorado,29623,1962.6,El Paso,111074.0,38.88996,-104.70084,68,163,22,26850
80911,395000.0,6,3,2760,7865 PENINSULA DR,Colorado Springs,Colorado,36496,1268.3,El Paso,90906.0,38.75325,-104.71955,68,163,22,26591
80925,649900.0,5,4,3647,8081 BUFFALO HORN DR,Colorado Springs,Colorado,14084,189.4,El Paso,119440.0,38.76156,-104.64441,68,163,22,26950
80910,199900.0,1,1,625,971 TAMPICO CT,Colorado Springs,Colorado,31827,2011.2,El Paso,69434.0,38.81178,-104.7743,68,163,22,26562
80923,435000.0,3,4,1856,6320 BALANCE CIR,Colorado Springs,Colorado,32050,1771.6,El Paso,109942.0,38.92673,-104.71433,68,163,22,26912
80906,775000.0,5,4,3323,6055 FARTHING DR,Colorado Springs,Colorado,38046,322.3,El Paso,132989.0,38.76744,-104.87023,68,163,22,26400
80915,395000.0,3,3,1776,2020 PIROS DR,Colorado Springs,Colorado,22382,1099.9,El Paso,81611.0,38.85271,-104.71652,68,163,22,26612
80918,380000.0,4,2,1560,4659 RIDGEGLEN RD,Colorado Springs,Colorado,48404,1559.6,El Paso,102288.0,38.91156,-104.78032,68,163,22,26718
80916,350000.0,3,2,1262,4517 FENTON RD,Colorado Springs,Colorado,41087,862.7,El Paso,68391.0,38.80327,-104.71208,68,163,22,26640
80923,415000.0,3,2,1152,6115 GREAT PLAINS DR,Colorado Springs,Colorado,32050,1771.6,El Paso,109942.0,38.92673,-104.71433,68,163,22,26891
80915,328000.0,4,3,2171,1296 CREE DR,Colorado Springs,Colorado,22382,1099.9,El Paso,81611.0,38.85271,-104.71652,68,163,22,26620
80921,860000.0,6,4,4349,1392 OAKMONT DR,Colorado Springs,Colorado,22725,179.0,El Paso,163704.0,39.02648,-104.88156,68,163,22,26805
80919,530000.0,5,3,2544,243 DOLOMITE DR,Colorado Springs,Colorado,27788,392.0,El Paso,135460.0,38.92797,-104.88025,68,163,22,26777
80927,509900.0,3,3,2294,6571 JOHN MUIR TRL,Colorado Springs,Colorado,5231,449.4,El Paso,153811.0,38.92833,-104.65878,68,163,22,27022
80919,360000.0,3,3,1536,6178 COLONY CIR,Colorado Springs,Colorado,27788,392.0,El Paso,135460.0,38.92797,-104.88025,68,163,22,26770
80918,499900.0,4,3,2229,4506 RANCH CIR,Colorado Springs,Colorado,48404,1559.6,El Paso,102288.0,38.91156,-104.78032,68,163,22,26728
80908,1600000.0,4,3,2789,13825 WILDOAK DR,Colorado Springs,Colorado,20622,84.1,El Paso,160845.0,39.0463,-104.69094,68,163,22,26465
80904,1350000.0,3,6,4717,3835 CAMELROCK VW,Colorado Springs,Colorado,21162,731.7,El Paso,95588.0,38.86321,-104.87197,68,163,22,26371
80916,370000.0,4,2,1620,4645 SPACEWALK WAY,Colorado Springs,Colorado,41087,862.7,El Paso,68391.0,38.80327,-104.71208,68,163,22,26649
80921,934500.0,4,4,3668,14770 PRISTINE DR,Colorado Springs,Colorado,22725,179.0,El Paso,163704.0,39.02648,-104.88156,68,163,22,26817
80911,299000.0,3,1,1072,140 EVERETT DR,Colorado Springs,Colorado,36496,1268.3,El Paso,90906.0,38.75325,-104.71955,68,163,22,26602
80908,820000.0,4,3,3096,6445 COOLWELL DR,Colorado Springs,Colorado,20622,84.1,El Paso,160845.0,39.0463,-104.69094,68,163,22,26510
80919,375000.0,3,3,1802,440 W ROCKRIMMON BLVD APT H,Colorado Springs,Colorado,27788,392.0,El Paso,135460.0,38.92797,-104.88025,68,163,22,26769
80918,399900.0,4,3,1673,3430 VALEJO CT,Colorado Springs,Colorado,48404,1559.6,El Paso,102288.0,38.91156,-104.78032,68,163,22,26734
80924,685000.0,4,3,3594,5930 TRADITIONS DR,Colorado Springs,Colorado,13607,897.9,El Paso,158446.0,38.96727,-104.72199,68,163,22,26937
80911,419000.0,5,3,1855,7530 SILVERDALE ST,Colorado Springs,Colorado,36496,1268.3,El Paso,90906.0,38.75325,-104.71955,68,163,22,26567
80924,665000.0,4,3,3544,10103 EDGEMONT RANCH LN,Colorado Springs,Colorado,13607,897.9,El Paso,158446.0,38.96727,-104.72199,68,163,22,26930
80921,530000.0,4,4,2559,1604 RUSTLERS ROOST DR,Colorado Springs,Colorado,22725,179.0,El Paso,163704.0,39.02648,-104.88156,68,163,22,26822
80923,500000.0,3,3,2914,4942 SPOTTED HORSE DR,Colorado Springs,Colorado,32050,1771.6,El Paso,109942.0,38.92673,-104.71433,68,163,22,26897
80921,698000.0,5,4,4136,14687 BLUE WINGS WAY,Colorado Springs,Colorado,22725,179.0,El Paso,163704.0,39.02648,-104.88156,68,163,22,26815
80918,1299900.0,4,5,5010,4608 STONEHILL RD,Colorado Springs,Colorado,48404,1559.6,El Paso,102288.0,38.91156,-104.78032,68,163,22,26717
80928,528000.0,4,2,2086,6583 HALEX GRV,Colorado Springs,Colorado,831,1.1,El Paso,97745.0,38.64517,-104.44268,68,163,22,27029
80918,785000.0,5,4,3918,5830 CLIFFSIDE TER,Colorado Springs,Colorado,48404,1559.6,El Paso,102288.0,38.91156,-104.78032,68,163,22,26707
80917,455000.0,4,3,2347,5080 COPERNICUS WAY,Colorado Springs,Colorado,31614,2174.4,El Paso,83184.0,38.88684,-104.74049,68,163,22,26673
80903,349000.0,3,1,1124,808 E MONUMENT ST,Colorado Springs,Colorado,16844,1209.5,El Paso,73686.0,38.83249,-104.81342,68,163,22,26324
80908,565000.0,5,3,3101,7851 WAGONWOOD PL,Colorado Springs,Colorado,20622,84.1,El Paso,160845.0,39.0463,-104.69094,68,163,22,26491
80916,319719.0,2,1,1048,4518 HARWOOD RD,Colorado Springs,Colorado,41087,862.7,El Paso,68391.0,38.80327,-104.71208,68,163,22,26650
80927,575000.0,3,3,3003,6439 FOREST THORN CT,Colorado Springs,Colorado,5231,449.4,El Paso,153811.0,38.92833,-104.65878,68,163,22,27013
80906,865000.0,4,4,3346,1285 LOG HOLLOW PT,Colorado Springs,Colorado,38046,322.3,El Paso,132989.0,38.76744,-104.87023,68,163,22,26431
80925,460000.0,5,4,2768,10650 OUTFIT DR,Colorado Springs,Colorado,14084,189.4,El Paso,119440.0,38.76156,-104.64441,68,163,22,26963
80920,459719.0,3,3,1848,8510 FREEMANTLE DR,Colorado Springs,Colorado,38988,1212.4,El Paso,128902.0,38.95579,-104.77191,68,163,22,26793
80916,490000.0,4,3,3367,3247 OSUNA DR,Colorado Springs,Colorado,41087,862.7,El Paso,68391.0,38.80327,-104.71208,68,163,22,26655
80904,539900.0,4,3,2496,1164 CENOTAPH WAY,Colorado Springs,Colorado,21162,731.7,El Paso,95588.0,38.86321,-104.87197,68,163,22,26373
80919,285000.0,2,1,880,1409 TERRITORY TRL,Colorado Springs,Colorado,27788,392.0,El Paso,135460.0,38.92797,-104.88025,68,163,22,26749
80924,635000.0,4,3,1321,8529 JACKS FORK DR,Colorado Springs,Colorado,13607,897.9,El Paso,158446.0,38.96727,-104.72199,68,163,22,26934
80906,310000.0,3,1,944,1960 SWEARINGER DR,Colorado Springs,Colorado,38046,322.3,El Paso,132989.0,38.76744,-104.87023,68,163,22,26414
80911,365000.0,2,2,2364,5050 RILL VALLEY WAY,Colorado Springs,Colorado,36496,1268.3,El Paso,90906.0,38.75325,-104.71955,68,163,22,26588
80915,300000.0,2,2,1144,1018 LUTHERAN WAY,Colorado Springs,Colorado,22382,1099.9,El Paso,81611.0,38.85271,-104.71652,68,163,22,26618
80906,425000.0,3,2,1316,3470 WHIMBREL LN,Colorado Springs,Colorado,38046,322.3,El Paso,132989.0,38.76744,-104.87023,68,163,22,26420
80917,305000.0,3,2,1682,3306 QUEEN ANNE WAY,Colorado Springs,Colorado,31614,2174.4,El Paso,83184.0,38.88684,-104.74049,68,163,22,26694
80917,375000.0,4,3,2914,5335 WHIMSICAL DR,Colorado Springs,Colorado,31614,2174.4,El Paso,83184.0,38.88684,-104.74049,68,163,22,26682
80908,1850000.0,5,5,7441,3913 HODGEN POND CT,Colorado Springs,Colorado,20622,84.1,El Paso,160845.0,39.0463,-104.69094,68,163,22,26482
80925,504900.0,5,4,4127,4436 HORIZONPOINT DR,Colorado Springs,Colorado,14084,189.4,El Paso,119440.0,38.76156,-104.64441,68,163,22,26992
80908,669900.0,3,2,3024,7815 MAVERICK RD,Colorado Springs,Colorado,20622,84.1,El Paso,160845.0,39.0463,-104.69094,68,163,22,26484
80904,1635000.0,4,5,4079,4260 CEDAR HEIGHTS DR,Colorado Springs,Colorado,21162,731.7,El Paso,95588.0,38.86321,-104.87197,68,163,22,26369
80909,380000.0,3,2,2160,1623 DELAWARE DR,Colorado Springs,Colorado,37821,1841.6,El Paso,72120.0,38.85255,-104.77434,68,163,22,26516
80917,414900.0,3,2,1429,5429 TENNESSEE PASS DR,Colorado Springs,Colorado,31614,2174.4,El Paso,83184.0,38.88684,-104.74049,68,163,22,26686
80923,540000.0,4,4,2591,6640 WHEREABOUT CT,Colorado Springs,Colorado,32050,1771.6,El Paso,109942.0,38.92673,-104.71433,68,163,22,26900
80908,660000.0,4,3,3266,3321 AMBER GRAIN WAY,Colorado Springs,Colorado,20622,84.1,El Paso,160845.0,39.0463,-104.69094,68,163,22,26511
80920,449900.0,3,3,1959,2145 NORWICH DR,Colorado Springs,Colorado,38988,1212.4,El Paso,128902.0,38.95579,-104.77191,68,163,22,26795
80923,409900.0,3,2,1607,6645 BEAR TOOTH DR,Colorado Springs,Colorado,32050,1771.6,El Paso,109942.0,38.92673,-104.71433,68,163,22,26904
80915,155000.0,1,1,704,1708 SAWYER WAY APT 184,Colorado Springs,Colorado,22382,1099.9,El Paso,81611.0,38.85271,-104.71652,68,163,22,26610
80908,1350000.0,5,5,4450,17378 ABERT RANCH DR,Colorado Springs,Colorado,20622,84.1,El Paso,160845.0,39.0463,-104.69094,68,163,22,26507
80910,279900.0,3,2,1340,1818 WHITMAN RD,Colorado Springs,Colorado,31827,2011.2,El Paso,69434.0,38.81178,-104.7743,68,163,22,26563
80910,324900.0,3,3,1772,426 LAKEWOOD CIR,Colorado Springs,Colorado,31827,2011.2,El Paso,69434.0,38.81178,-104.7743,68,163,22,26548
80906,410000.0,4,2,1536,3905 RED CEDAR DR,Colorado Springs,Colorado,38046,322.3,El Paso,132989.0,38.76744,-104.87023,68,163,22,26434
80917,415000.0,4,2,1800,4251 DATE ST,Colorado Springs,Colorado,31614,2174.4,El Paso,83184.0,38.88684,-104.74049,68,163,22,26703
80915,399999.0,3,2,2236,2330 HEATHERDALE DR,Colorado Springs,Colorado,22382,1099.9,El Paso,81611.0,38.85271,-104.71652,68,163,22,26630
80915,118000.0,2,2,1056,1095 WESTERN DR,Colorado Springs,Colorado,22382,1099.9,El Paso,81611.0,38.85271,-104.71652,68,163,22,26633
80908,450000.0,2,2,1200,13210 SIERRA MADRE RD,Colorado Springs,Colorado,20622,84.1,El Paso,160845.0,39.0463,-104.69094,68,163,22,26495
80925,425000.0,3,2,1291,6145 ALPINE RIDGE DRIVE,Colorado Springs,Colorado,14084,189.4,El Paso,119440.0,38.76156,-104.64441,68,163,22,27002
80905,199900.0,2,2,977,900 SATURN DR APT 701,Colorado Springs,Colorado,16717,1261.9,El Paso,92985.0,38.81855,-104.83649,68,163,22,26385
80917,600000.0,5,4,3384,4433 S WHISPERING CIR,Colorado Springs,Colorado,31614,2174.4,El Paso,83184.0,38.88684,-104.74049,68,163,22,26691
80925,460000.0,3,3,1505,10262 LUNETH DR,Colorado Springs,Colorado,14084,189.4,El Paso,119440.0,38.76156,-104.64441,68,163,22,26968
80919,980000.0,4,3,3836,7528 SOLITUDE LN,Colorado Springs,Colorado,27788,392.0,El Paso,135460.0,38.92797,-104.88025,68,163,22,26752
80918,445000.0,3,4,2221,2723 AVALANCHE HTS,Colorado Springs,Colorado,48404,1559.6,El Paso,102288.0,38.91156,-104.78032,68,163,22,26712
80925,430000.0,4,3,2226,6680 KEARSARGE DR,Colorado Springs,Colorado,14084,189.4,El Paso,119440.0,38.76156,-104.64441,68,163,22,26981
80917,475000.0,6,4,4533,4329 WINDING CIR,Colorado Springs,Colorado,31614,2174.4,El Paso,83184.0,38.88684,-104.74049,68,163,22,26666
80906,460000.0,4,4,2304,1216 GUMWOOD DR,Colorado Springs,Colorado,38046,322.3,El Paso,132989.0,38.76744,-104.87023,68,163,22,26401
80908,657000.0,3,3,1968,8115 MUSTANG RD,Colorado Springs,Colorado,20622,84.1,El Paso,160845.0,39.0463,-104.69094,68,163,22,26468
80918,850000.0,4,4,4419,4855 TOPAZ DR,Colorado Springs,Colorado,48404,1559.6,El Paso,102288.0,38.91156,-104.78032,68,163,22,26726
80925,447235.0,3,3,2109,5203 ROUNDHOUSE DR,Colorado Springs,Colorado,14084,189.4,El Paso,119440.0,38.76156,-104.64441,68,163,22,26979
80907,449990.0,3,3,1233,849 BECKTON HTS,Colorado Springs,Colorado,28549,1119.8,El Paso,89203.0,38.87912,-104.82137,68,163,22,26452
80919,795000.0,6,3,3717,460 WINTERY CIR N,Colorado Springs,Colorado,27788,392.0,El Paso,135460.0,38.92797,-104.88025,68,163,22,26756
80905,575000.0,5,3,2240,1402 W PARKWAY DR,Colorado Springs,Colorado,16717,1261.9,El Paso,92985.0,38.81855,-104.83649,68,163,22,26394
80921,875000.0,6,4,4612,12932 BROOKHILL DR,Colorado Springs,Colorado,22725,179.0,El Paso,163704.0,39.02648,-104.88156,68,163,22,26832
80922,562156.0,4,3,2986,4035 RYEDALE WAY,Colorado Springs,Colorado,29623,1962.6,El Paso,111074.0,38.88996,-104.70084,68,163,22,26871
80910,230000.0,1,1,1560,720 S FOOTE AVE,Colorado Springs,Colorado,31827,2011.2,El Paso,69434.0,38.81178,-104.7743,68,163,22,26550
80925,440000.0,5,3,3572,9988 PEACEFUL VALLEY RD,Colorado Springs,Colorado,14084,189.4,El Paso,119440.0,38.76156,-104.64441,68,163,22,26953
80921,860000.0,6,4,4589,1392 OAKMONT DR,Colorado Springs,Colorado,22725,179.0,El Paso,163704.0,39.02648,-104.88156,68,163,22,26805
80921,1550000.0,5,6,4749,1035 CHARISMATIC WAY,Colorado Springs,Colorado,22725,179.0,El Paso,163704.0,39.02648,-104.88156,68,163,22,26831
80910,295000.0,5,3,1778,3666 TEMPLE ST,Colorado Springs,Colorado,31827,2011.2,El Paso,69434.0,38.81178,-104.7743,68,163,22,26539
80906,875000.0,4,5,4397,405 ROXBURY CIR,Colorado Springs,Colorado,38046,322.3,El Paso,132989.0,38.76744,-104.87023,68,163,22,26433
80924,929935.0,5,5,4546,5286 GANSE VOORT DR,Colorado Springs,Colorado,13607,897.9,El Paso,158446.0,38.96727,-104.72199,68,163,22,26935
80916,408857.0,3,3,1956,4079 SAMARITAN LOOP,Colorado Springs,Colorado,41087,862.7,El Paso,68391.0,38.80327,-104.71208,68,163,22,26638
80918,595000.0,4,3,2888,3725 SADDLE ROCK RD,Colorado Springs,Colorado,48404,1559.6,El Paso,102288.0,38.91156,-104.78032,68,163,22,26739
80917,435000.0,2,2,1600,5624 E OLD FARM CIR,Colorado Springs,Colorado,31614,2174.4,El Paso,83184.0,38.88684,-104.74049,68,163,22,26667
80909,460000.0,4,3,2679,2004 CONDOR ST,Colorado Springs,Colorado,37821,1841.6,El Paso,72120.0,38.85255,-104.77434,68,163,22,26517
80922,515000.0,4,4,2678,4912 DUNECREST DR,Colorado Springs,Colorado,29623,1962.6,El Paso,111074.0,38.88996,-104.70084,68,163,22,26840
80925,440000.0,3,3,2038,10837 ROWLEY DR,Colorado Springs,Colorado,14084,189.4,El Paso,119440.0,38.76156,-104.64441,68,163,22,26959
80919,375000.0,3,2,1767,440 W ROCKRIMMON BLVD APT H,Colorado Springs,Colorado,27788,392.0,El Paso,135460.0,38.92797,-104.88025,68,163,22,26769
80905,320000.0,3,1,894,2045 S CORONA AVE,Colorado Springs,Colorado,16717,1261.9,El Paso,92985.0,38.81855,-104.83649,68,163,22,26378
80906,479000.0,3,3,3300,639 LOOMIS AVE,Colorado Springs,Colorado,38046,322.3,El Paso,132989.0,38.76744,-104.87023,68,163,22,26430
80909,569000.0,5,3,3015,2502 FAIRVIEW CIR,Colorado Springs,Colorado,37821,1841.6,El Paso,72120.0,38.85255,-104.77434,68,163,22,26523
80924,799000.0,5,4,3107,5283 IMOGENE PASS PL,Colorado Springs,Colorado,13607,897.9,El Paso,158446.0,38.96727,-104.72199,68,163,22,26925
80904,1850000.0,4,6,5409,2952 CATHEDRAL PARK VW,Colorado Springs,Colorado,21162,731.7,El Paso,95588.0,38.86321,-104.87197,68,163,22,26345
80911,419000.0,5,3,2198,7250 SULLIVAN CIR,Colorado Springs,Colorado,36496,1268.3,El Paso,90906.0,38.75325,-104.71955,68,163,22,26572
80915,460000.0,3,3,1634,948 BIDWELL DR,Colorado Springs,Colorado,22382,1099.9,El Paso,81611.0,38.85271,-104.71652,68,163,22,26629
80903,875000.0,4,2,2608,743 E COSTILLA ST,Colorado Springs,Colorado,16844,1209.5,El Paso,73686.0,38.83249,-104.81342,68,163,22,26337
80916,359936.0,2,3,1436,4095 SAMARITAN LOOP,Colorado Springs,Colorado,41087,862.7,El Paso,68391.0,38.80327,-104.71208,68,163,22,26662
80919,435000.0,3,3,1804,7192 ASPEN GLEN LN,Colorado Springs,Colorado,27788,392.0,El Paso,135460.0,38.92797,-104.88025,68,163,22,26778
80916,395000.0,4,2,1785,4015 WYLIE LN,Colorado Springs,Colorado,41087,862.7,El Paso,68391.0,38.80327,-104.71208,68,163,22,26634
80917,440000.0,3,2,1590,5070 CHICKWEED DR,Colorado Springs,Colorado,31614,2174.4,El Paso,83184.0,38.88684,-104.74049,68,163,22,26678
80904,500000.0,3,2,1635,927 PANORAMA DR,Colorado Springs,Colorado,21162,731.7,El Paso,95588.0,38.86321,-104.87197,68,163,22,26360
80915,425000.0,6,2,2028,6655 PAWNEE CIR,Colorado Springs,Colorado,22382,1099.9,El Paso,81611.0,38.85271,-104.71652,68,163,22,26619
80921,630000.0,6,4,3358,1280 ALMAGRE PEAK DR,Colorado Springs,Colorado,22725,179.0,El Paso,163704.0,39.02648,-104.88156,68,163,22,26809
80921,559900.0,4,3,2281,1663 LOOKOUT SPRINGS DR,Colorado Springs,Colorado,22725,179.0,El Paso,163704.0,39.02648,-104.88156,68,163,22,26824
80925,453425.0,3,3,1898,6149 BIG BIRD DR,Colorado Springs,Colorado,14084,189.4,El Paso,119440.0,38.76156,-104.64441,68,163,22,26995
80909,495000.0,5,2,1728,1306 E COLUMBIA ST,Colorado Springs,Colorado,37821,1841.6,El Paso,72120.0,38.85255,-104.77434,68,163,22,26522
80909,359000.0,2,2,1430,2024 E WILLAMETTE AVE,Colorado Springs,Colorado,37821,1841.6,El Paso,72120.0,38.85255,-104.77434,68,163,22,26533
80915,420000.0,3,2,1928,1645 TAHLEQUAH DR,Colorado Springs,Colorado,22382,1099.9,El Paso,81611.0,38.85271,-104.71652,68,163,22,26607
80909,520000.0,4,2,1925,1612 E PLATTE AVE,Colorado Springs,Colorado,37821,1841.6,El Paso,72120.0,38.85255,-104.77434,68,163,22,26535
80925,400000.0,3,3,1300,4341 BRAMBLE LN,Colorado Springs,Colorado,14084,189.4,El Paso,119440.0,38.76156,-104.64441,68,163,22,26956
80903,600000.0,3,2,1279,518 E BIJOU ST # A,Colorado Springs,Colorado,16844,1209.5,El Paso,73686.0,38.83249,-104.81342,68,163,22,26342
80922,289500.0,3,2,1479,7679 GRIZZLY BEAR PT,Colorado Springs,Colorado,29623,1962.6,El Paso,111074.0,38.88996,-104.70084,68,163,22,26876
80925,429480.0,3,3,2133,5197 ROUNDHOUSE DR,Colorado Springs,Colorado,14084,189.4,El Paso,119440.0,38.76156,-104.64441,68,163,22,26955
80922,399900.0,3,3,1596,7460 FOREST FALCON VW,Colorado Springs,Colorado,29623,1962.6,El Paso,111074.0,38.88996,-104.70084,68,163,22,26868
80908,1850000.0,5,5,6622,3913 HODGEN POND CT,Colorado Springs,Colorado,20622,84.1,El Paso,160845.0,39.0463,-104.69094,68,163,22,26482
80951,405000.0,3,3,1439,2372 SAGE GROUSE LN,Colorado Springs,Colorado,5357,706.9,El Paso,98962.0,38.88396,-104.6558,68,163,22,27041
80910,235000.0,2,2,1072,434 VALLEY HI CIR APT A23,Colorado Springs,Colorado,31827,2011.2,El Paso,69434.0,38.81178,-104.7743,68,163,22,26561
80917,459900.0,5,3,2388,4837 ESCAPARDO WAY,Colorado Springs,Colorado,31614,2174.4,El Paso,83184.0,38.88684,-104.74049,68,163,22,26692
80907,389900.0,3,1,936,1722 N CHESTNUT ST,Colorado Springs,Colorado,28549,1119.8,El Paso,89203.0,38.87912,-104.82137,68,163,22,26451
80951,435000.0,3,4,2210,1804 DEWHIRST DR,Colorado Springs,Colorado,5357,706.9,El Paso,98962.0,38.88396,-104.6558,68,163,22,27038
80908,999999.0,6,4,4974,10043 BISON VALLEY TRL,Colorado Springs,Colorado,20622,84.1,El Paso,160845.0,39.0463,-104.69094,68,163,22,26479
80907,389900.0,3,1,1060,4506 MALLOW RD,Colorado Springs,Colorado,28549,1119.8,El Paso,89203.0,38.87912,-104.82137,68,163,22,26458
80903,750000.0,4,4,1953,739 E CIMARRON ST,Colorado Springs,Colorado,16844,1209.5,El Paso,73686.0,38.83249,-104.81342,68,163,22,26338
80917,409000.0,4,3,1676,4901 TURQUOISE CIR,Colorado Springs,Colorado,31614,2174.4,El Paso,83184.0,38.88684,-104.74049,68,163,22,26675
80919,634500.0,4,3,3569,6120 PONCHA CT,Colorado Springs,Colorado,27788,392.0,El Paso,135460.0,38.92797,-104.88025,68,163,22,26767
80922,315000.0,2,2,1123,7104 ASH CREEK HTS APT 103,Colorado Springs,Colorado,29623,1962.6,El Paso,111074.0,38.88996,-104.70084,68,163,22,26857
80922,429900.0,3,3,1499,5432 STATUTE DR,Colorado Springs,Colorado,29623,1962.6,El Paso,111074.0,38.88996,-104.70084,68,163,22,26867
80925,461430.0,3,3,1898,11425 WHISTLING DUCK WAY,Colorado Springs,Colorado,14084,189.4,El Paso,119440.0,38.76156,-104.64441,68,163,22,26978
80905,433900.0,2,3,1484,1450 GOLD HILL MESA DR,Colorado Springs,Colorado,16717,1261.9,El Paso,92985.0,38.81855,-104.83649,68,163,22,26391
80923,569000.0,4,3,3114,6955 COTTON DR,Colorado Springs,Colorado,32050,1771.6,El Paso,109942.0,38.92673,-104.71433,68,163,22,26901
80916,265000.0,2,3,1546,2468 LEXINGTON VILLAGE LN,Colorado Springs,Colorado,41087,862.7,El Paso,68391.0,38.80327,-104.71208,68,163,22,26648
80904,275000.0,1,1,876,2820 W CUCHARRAS ST,Colorado Springs,Colorado,21162,731.7,El Paso,95588.0,38.86321,-104.87197,68,163,22,26351
80923,550000.0,5,4,3269,6340 VICKIE LN,Colorado Springs,Colorado,32050,1771.6,El Paso,109942.0,38.92673,-104.71433,68,163,22,26905
80918,249900.0,2,2,924,4875 EL CAMINO DR APT C,Colorado Springs,Colorado,48404,1559.6,El Paso,102288.0,38.91156,-104.78032,68,163,22,26736
80924,799450.0,6,4,4402,4919 OLYMPUS DR,Colorado Springs,Colorado,13607,897.9,El Paso,158446.0,38.96727,-104.72199,68,163,22,26923
80923,550000.0,3,3,2759,7237 CAT TAIL CREEK DR,Colorado Springs,Colorado,32050,1771.6,El Paso,109942.0,38.92673,-104.71433,68,163,22,26909
80924,750000.0,4,4,3838,6903 ENCLAVE VISTA LOOP,Colorado Springs,Colorado,13607,897.9,El Paso,158446.0,38.96727,-104.72199,68,163,22,26929
80923,497000.0,4,2,2146,7302 FLATHEAD LAKE DR,Colorado Springs,Colorado,32050,1771.6,El Paso,109942.0,38.92673,-104.71433,68,163,22,26892
80904,475000.0,3,2,1552,1624 W COLORADO AVE,Colorado Springs,Colorado,21162,731.7,El Paso,95588.0,38.86321,-104.87197,68,163,22,26368
80908,450000.0,2,2,1200,13210 SIERRA MADRE RD,Colorado Springs,Colorado,20622,84.1,El Paso,160845.0,39.0463,-104.69094,68,163,22,26495
80917,425000.0,4,2,2121,4416 N DELIGHTED CIR,Colorado Springs,Colorado,31614,2174.4,El Paso,83184.0,38.88684,-104.74049,68,163,22,26679
80904,335000.0,2,2,1159,1590 LITTLE BEAR CREEK PT UNIT 201,Colorado Springs,Colorado,21162,731.7,El Paso,95588.0,38.86321,-104.87197,68,163,22,26375
80925,629900.0,5,4,3388,7181 PEACHLEAF DR,Colorado Springs,Colorado,14084,189.4,El Paso,119440.0,38.76156,-104.64441,68,163,22,26988
80921,752000.0,5,5,3956,12610 BROAD OAKS DR,Colorado Springs,Colorado,22725,179.0,El Paso,163704.0,39.02648,-104.88156,68,163,22,26813
80908,650000.0,5,3,3396,18145 WOODHAVEN DR,Colorado Springs,Colorado,20622,84.1,El Paso,160845.0,39.0463,-104.69094,68,163,22,26483
80923,550000.0,5,4,3466,7027 SILVERWIND CIR,Colorado Springs,Colorado,32050,1771.6,El Paso,109942.0,38.92673,-104.71433,68,163,22,26906
80910,395000.0,4,3,1710,1519 SERVER DR,Colorado Springs,Colorado,31827,2011.2,El Paso,69434.0,38.81178,-104.7743,68,163,22,26544
80925,519995.0,3,3,2531,5233 ROUNDHOUSE DR,Colorado Springs,Colorado,14084,189.4,El Paso,119440.0,38.76156,-104.64441,68,163,22,26964
80911,369900.0,4,2,1768,121 CORNELL ST,Colorado Springs,Colorado,36496,1268.3,El Paso,90906.0,38.75325,-104.71955,68,163,22,26592
80925,519000.0,5,4,3064,6522 TILLAMOOK DR,Colorado Springs,Colorado,14084,189.4,El Paso,119440.0,38.76156,-104.64441,68,163,22,26987
80925,439999.0,4,3,1994,6153 NASH DR,Colorado Springs,Colorado,14084,189.4,El Paso,119440.0,38.76156,-104.64441,68,163,22,26984
80910,325000.0,4,3,2748,528 LAKEWOOD CIR,Colorado Springs,Colorado,31827,2011.2,El Paso,69434.0,38.81178,-104.7743,68,163,22,26552
80919,565000.0,4,3,3576,1315 BISON RIDGE DR,Colorado Springs,Colorado,27788,392.0,El Paso,135460.0,38.92797,-104.88025,68,163,22,26745
80906,989000.0,5,4,4949,375 OAKHURST LN,Colorado Springs,Colorado,38046,322.3,El Paso,132989.0,38.76744,-104.87023,68,163,22,26415
80925,445000.0,4,3,2365,10907 ZEALAND DR,Colorado Springs,Colorado,14084,189.4,El Paso,119440.0,38.76156,-104.64441,68,163,22,26993
80923,399900.0,3,3,1584,6227 RIVERDALE DR,Colorado Springs,Colorado,32050,1771.6,El Paso,109942.0,38.92673,-104.71433,68,163,22,26898
80911,317000.0,3,1,936,2110 FRONTIER DR,Colorado Springs,Colorado,36496,1268.3,El Paso,90906.0,38.75325,-104.71955,68,163,22,26581
80919,624900.0,7,4,3168,704 POINT OF THE PINES DR,Colorado Springs,Colorado,27788,392.0,El Paso,135460.0,38.92797,-104.88025,68,163,22,26776
80909,385000.0,3,2,1377,1610 N CHELTON RD,Colorado Springs,Colorado,37821,1841.6,El Paso,72120.0,38.85255,-104.77434,68,163,22,26520
80938,623950.0,4,3,2740,9304 MAYFLOWER GULCH WAY,Colorado Springs,Colorado,565,41.0,El Paso,106290.0,38.90157,-104.65926,68,163,22,27031
80925,559000.0,5,4,3405,7436 BIGTOOTH MAPLE DR,Colorado Springs,Colorado,14084,189.4,El Paso,119440.0,38.76156,-104.64441,68,163,22,26969
80903,292000.0,2,1,733,12 W MILL ST,Colorado Springs,Colorado,16844,1209.5,El Paso,73686.0,38.83249,-104.81342,68,163,22,26334
80918,850000.0,4,4,4419,4855 TOPAZ DR,Colorado Springs,Colorado,48404,1559.6,El Paso,102288.0,38.91156,-104.78032,68,163,22,26726
80908,1385000.0,2,3,2069,9775 WALKER RD,Colorado Springs,Colorado,20622,84.1,El Paso,160845.0,39.0463,-104.69094,68,163,22,26497
80904,345000.0,3,2,1595,2575 WHEATON DR,Colorado Springs,Colorado,21162,731.7,El Paso,95588.0,38.86321,-104.87197,68,163,22,26362
80906,315000.0,2,2,1084,3715 STRAWBERRY FIELD GRV APT D,Colorado Springs,Colorado,38046,322.3,El Paso,132989.0,38.76744,-104.87023,68,163,22,26416
80920,400000.0,3,3,1882,7824 FRENCH RD,Colorado Springs,Colorado,38988,1212.4,El Paso,128902.0,38.95579,-104.77191,68,163,22,26782
80915,420000.0,4,2,1928,1645 TAHLEQUAH DR,Colorado Springs,Colorado,22382,1099.9,El Paso,81611.0,38.85271,-104.71652,68,163,22,26607
80920,1345000.0,4,4,3303,2525 SHRIDER RD,Colorado Springs,Colorado,38988,1212.4,El Paso,128902.0,38.95579,-104.77191,68,163,22,26784
80906,620000.0,3,3,2228,726 ORCHESTRA DR,Colorado Springs,Colorado,38046,322.3,El Paso,132989.0,38.76744,-104.87023,68,163,22,26417
80921,550000.0,4,3,2499,824 YELLOW JASPER PT,Colorado Springs,Colorado,22725,179.0,El Paso,163704.0,39.02648,-104.88156,68,163,22,26812
80905,265000.0,3,1,894,1010 FLORENCE AVE,Colorado Springs,Colorado,16717,1261.9,El Paso,92985.0,38.81855,-104.83649,68,163,22,26386
80918,450000.0,3,2,1810,6250 NORTHWIND DR,Colorado Springs,Colorado,48404,1559.6,El Paso,102288.0,38.91156,-104.78032,68,163,22,26740
80920,763800.0,5,3,4144,3655 SHADY ROCK DR,Colorado Springs,Colorado,38988,1212.4,El Paso,128902.0,38.95579,-104.77191,68,163,22,26802
80920,1345000.0,4,4,6684,2525 SHRIDER RD,Colorado Springs,Colorado,38988,1212.4,El Paso,128902.0,38.95579,-104.77191,68,163,22,26784
80922,495000.0,3,3,3280,4513 CROW CREEK DR,Colorado Springs,Colorado,29623,1962.6,El Paso,111074.0,38.88996,-104.70084,68,163,22,26877
80905,380000.0,4,2,1453,2601 S HANCOCK AVE,Colorado Springs,Colorado,16717,1261.9,El Paso,92985.0,38.81855,-104.83649,68,163,22,26379
80926,689000.0,3,2,2164,995 GLENROCK DR,Colorado Springs,Colorado,2029,10.0,El Paso,123143.0,38.64318,-104.92439,68,163,22,27006
80910,325000.0,4,2,1862,133 S CHELTON RD,Colorado Springs,Colorado,31827,2011.2,El Paso,69434.0,38.81178,-104.7743,68,163,22,26551
80911,415000.0,4,4,2164,1035 CRANDALL DR,Colorado Springs,Colorado,36496,1268.3,El Paso,90906.0,38.75325,-104.71955,68,163,22,26571
80905,665000.0,4,4,3205,1230 HERMOSA WAY,Colorado Springs,Colorado,16717,1261.9,El Paso,92985.0,38.81855,-104.83649,68,163,22,26383
80922,499900.0,7,3,3507,6660 TURKEY TRACKS RD,Colorado Springs,Colorado,29623,1962.6,El Paso,111074.0,38.88996,-104.70084,68,163,22,26864
80915,425000.0,3,2,1241,1914 WOOTEN RD,Colorado Springs,Colorado,22382,1099.9,El Paso,81611.0,38.85271,-104.71652,68,163,22,26616
80903,600000.0,3,2,832,518 E BIJOU ST,Colorado Springs,Colorado,16844,1209.5,El Paso,73686.0,38.83249,-104.81342,68,163,22,26340
80917,514900.0,4,3,2874,3949 IRON HORSE TRL,Colorado Springs,Colorado,31614,2174.4,El Paso,83184.0,38.88684,-104.74049,68,163,22,26697
80925,425000.0,4,3,1748,6183 NASH DR,Colorado Springs,Colorado,14084,189.4,El Paso,119440.0,38.76156,-104.64441,68,163,22,26971
80925,455095.0,3,3,1898,6133 BIG BIRD DR,Colorado Springs,Colorado,14084,189.4,El Paso,119440.0,38.76156,-104.64441,68,163,22,26957
80904,449000.0,2,2,1830,528 S 26TH ST,Colorado Springs,Colorado,21162,731.7,El Paso,95588.0,38.86321,-104.87197,68,163,22,26346
80908,669900.0,3,2,3024,7815 MAVERICK RD,Colorado Springs,Colorado,20622,84.1,El Paso,160845.0,39.0463,-104.69094,68,163,22,26484
80907,530000.0,4,3,2286,3348 TEMPLETON GAP RD,Colorado Springs,Colorado,28549,1119.8,El Paso,89203.0,38.87912,-104.82137,68,163,22,26444
80906,611500.0,3,2,1880,1523 WINFIELD AVE,Colorado Springs,Colorado,38046,322.3,El Paso,132989.0,38.76744,-104.87023,68,163,22,26402
80905,475000.0,4,2,1625,1685 DORCHESTER DR,Colorado Springs,Colorado,16717,1261.9,El Paso,92985.0,38.81855,-104.83649,68,163,22,26382
80925,465000.0,3,3,2800,6730 MANDAN DR,Colorado Springs,Colorado,14084,189.4,El Paso,119440.0,38.76156,-104.64441,68,163,22,26954
80923,359999.0,3,3,1361,6279 LIBERTY HILL PT,Colorado Springs,Colorado,32050,1771.6,El Paso,109942.0,38.92673,-104.71433,68,163,22,26894
80911,470000.0,4,3,2925,4701 JUSTEAGEN DR,Colorado Springs,Colorado,36496,1268.3,El Paso,90906.0,38.75325,-104.71955,68,163,22,26574
80908,1679500.0,5,5,5410,12860 ABERT WAY,Colorado Springs,Colorado,20622,84.1,El Paso,160845.0,39.0463,-104.69094,68,163,22,26487
80919,360000.0,3,3,1767,408 W ROCKRIMMON BLVD APT H,Colorado Springs,Colorado,27788,392.0,El Paso,135460.0,38.92797,-104.88025,68,163,22,26760
80927,498900.0,3,3,2197,6262 KILDARE DR,Colorado Springs,Colorado,5231,449.4,El Paso,153811.0,38.92833,-104.65878,68,163,22,27020
80920,441950.0,3,3,1438,5023 AGGREGATE PT,Colorado Springs,Colorado,38988,1212.4,El Paso,128902.0,38.95579,-104.77191,68,163,22,26798
80919,650000.0,4,3,3062,4540 GRANBY CIR,Colorado Springs,Colorado,27788,392.0,El Paso,135460.0,38.92797,-104.88025,68,163,22,26758
80918,785000.0,5,4,3931,5830 CLIFFSIDE TER,Colorado Springs,Colorado,48404,1559.6,El Paso,102288.0,38.91156,-104.78032,68,163,22,26707
80919,1100000.0,4,4,3357,5155 LANAGAN ST,Colorado Springs,Colorado,27788,392.0,El Paso,135460.0,38.92797,-104.88025,68,163,22,26743
80911,418000.0,3,3,2266,4083 CREEK LEGEND VW,Colorado Springs,Colorado,36496,1268.3,El Paso,90906.0,38.75325,-104.71955,68,163,22,26599
80927,445000.0,3,2,1780,5752 TRAMORE CT,Colorado Springs,Colorado,5231,449.4,El Paso,153811.0,38.92833,-104.65878,68,163,22,27015
80924,699900.0,4,3,2968,5247 MOUNT CUTLER CT,Colorado Springs,Colorado,13607,897.9,El Paso,158446.0,38.96727,-104.72199,68,163,22,26946
80921,465000.0,3,3,2594,278 LUXURY LN,Colorado Springs,Colorado,22725,179.0,El Paso,163704.0,39.02648,-104.88156,68,163,22,26823
80921,699000.0,3,4,3225,12941 SERENITY PARK DR,Colorado Springs,Colorado,22725,179.0,El Paso,163704.0,39.02648,-104.88156,68,163,22,26818
80919,459900.0,3,3,1533,5818 WISTERIA DR,Colorado Springs,Colorado,27788,392.0,El Paso,135460.0,38.92797,-104.88025,68,163,22,26750
80920,525000.0,4,4,3316,8120 LYTHRUM DR,Colorado Springs,Colorado,38988,1212.4,El Paso,128902.0,38.95579,-104.77191,68,163,22,26789
80922,495000.0,3,3,2162,4513 CROW CREEK DR,Colorado Springs,Colorado,29623,1962.6,El Paso,111074.0,38.88996,-104.70084,68,163,22,26877
80909,375000.0,3,2,1956,2238 STRATFORD LN,Colorado Springs,Colorado,37821,1841.6,El Paso,72120.0,38.85255,-104.77434,68,163,22,26521
80910,249900.0,2,2,992,1860 ZEBULON DR,Colorado Springs,Colorado,31827,2011.2,El Paso,69434.0,38.81178,-104.7743,68,163,22,26555
80908,586700.0,4,4,2395,8125 YELLOWLEAF PL,Colorado Springs,Colorado,20622,84.1,El Paso,160845.0,39.0463,-104.69094,68,163,22,26462
80904,1250000.0,5,5,3885,4035 CEDAR HEIGHTS DR,Colorado Springs,Colorado,21162,731.7,El Paso,95588.0,38.86321,-104.87197,68,163,22,26365
80908,860000.0,4,4,3462,17794 SAWMILL RD,Colorado Springs,Colorado,20622,84.1,El Paso,160845.0,39.0463,-104.69094,68,163,22,26469
80918,310000.0,2,2,1650,5556 DUNBAR CT,Colorado Springs,Colorado,48404,1559.6,El Paso,102288.0,38.91156,-104.78032,68,163,22,26723
80906,449000.0,5,3,2486,1252 LIVINGSTON AVE,Colorado Springs,Colorado,38046,322.3,El Paso,132989.0,38.76744,-104.87023,68,163,22,26441
80922,445000.0,3,3,1838,3659 REINDEER CIR,Colorado Springs,Colorado,29623,1962.6,El Paso,111074.0,38.88996,-104.70084,68,163,22,26856
80906,460000.0,4,4,2262,1216 GUMWOOD DR,Colorado Springs,Colorado,38046,322.3,El Paso,132989.0,38.76744,-104.87023,68,163,22,26401
80921,1125000.0,4,3,2890,14415 SILVERTON RD,Colorado Springs,Colorado,22725,179.0,El Paso,163704.0,39.02648,-104.88156,68,163,22,26830
80923,489500.0,3,3,1768,6713 LUCKY STAR LN,Colorado Springs,Colorado,32050,1771.6,El Paso,109942.0,38.92673,-104.71433,68,163,22,26902
80919,565000.0,4,3,2256,1315 BISON RIDGE DR,Colorado Springs,Colorado,27788,392.0,El Paso,135460.0,38.92797,-104.88025,68,163,22,26745
80926,825000.0,5,4,4850,15828 CALA ROJO DR,Colorado Springs,Colorado,2029,10.0,El Paso,123143.0,38.64318,-104.92439,68,163,22,27007
80927,685000.0,5,4,4536,7215 FAUNA GLEN DR,Colorado Springs,Colorado,5231,449.4,El Paso,153811.0,38.92833,-104.65878,68,163,22,27016
80905,297000.0,3,1,894,2003 S CORONA AVE,Colorado Springs,Colorado,16717,1261.9,El Paso,92985.0,38.81855,-104.83649,68,163,22,26380
80906,3999995.0,4,7,6900,1605 OAKMOOR HTS,Colorado Springs,Colorado,38046,322.3,El Paso,132989.0,38.76744,-104.87023,68,163,22,26436
80927,459900.0,4,4,1932,6129 ASHMORE LN,Colorado Springs,Colorado,5231,449.4,El Paso,153811.0,38.92833,-104.65878,68,163,22,27010
80917,280000.0,2,1,992,3102 VAIL PASS DR,Colorado Springs,Colorado,31614,2174.4,El Paso,83184.0,38.88684,-104.74049,68,163,22,26688
80904,749500.0,4,3,2049,2223 W BIJOU ST,Colorado Springs,Colorado,21162,731.7,El Paso,95588.0,38.86321,-104.87197,68,163,22,26352
80920,415000.0,3,3,1490,8325 SNAPDRAGON DR,Colorado Springs,Colorado,38988,1212.4,El Paso,128902.0,38.95579,-104.77191,68,163,22,26804
80907,450000.0,2,2,1275,2305 N LOGAN AVE,Colorado Springs,Colorado,28549,1119.8,El Paso,89203.0,38.87912,-104.82137,68,163,22,26448
80906,825000.0,5,4,2759,3004 SPRINGLAKE CIR E,Colorado Springs,Colorado,38046,322.3,El Paso,132989.0,38.76744,-104.87023,68,163,22,26409
80924,699900.0,4,3,3259,5247 MOUNT CUTLER CT,Colorado Springs,Colorado,13607,897.9,El Paso,158446.0,38.96727,-104.72199,68,163,22,26946
80922,557037.0,3,3,2792,4125 WYEDALE WAY,Colorado Springs,Colorado,29623,1962.6,El Paso,111074.0,38.88996,-104.70084,68,163,22,26848
80925,485000.0,5,3,2909,8123 SEDGEWICK DR,Colorado Springs,Colorado,14084,189.4,El Paso,119440.0,38.76156,-104.64441,68,163,22,26980
80905,389900.0,2,1,1956,1605 S CASCADE AVE,Colorado Springs,Colorado,16717,1261.9,El Paso,92985.0,38.81855,-104.83649,68,163,22,26395
80906,370000.0,4,2,1642,624 CATALINA DR,Colorado Springs,Colorado,38046,322.3,El Paso,132989.0,38.76744,-104.87023,68,163,22,26418
80922,450000.0,4,3,2155,7059 CLIMBING ROSE CT,Colorado Springs,Colorado,29623,1962.6,El Paso,111074.0,38.88996,-104.70084,68,163,22,26858
80929,525000.0,3,2,1988,2685 LONE FEATHER DR,Colorado Springs,Colorado,39,0.6,El Paso,68594.0,38.82453,-104.60833,68,163,22,27030
80904,749500.0,4,3,2049,2223 W BIJOU ST,Colorado Springs,Colorado,21162,731.7,El Paso,95588.0,38.86321,-104.87197,68,163,22,26352
80907,400000.0,5,2,2050,3502 CORBETT LN,Colorado Springs,Colorado,28549,1119.8,El Paso,89203.0,38.87912,-104.82137,68,163,22,26447
80922,429900.0,3,3,2232,5432 STATUTE DR,Colorado Springs,Colorado,29623,1962.6,El Paso,111074.0,38.88996,-104.70084,68,163,22,26867
80906,1699000.0,5,4,4066,7 5TH ST,Colorado Springs,Colorado,38046,322.3,El Paso,132989.0,38.76744,-104.87023,68,163,22,26411
80906,325000.0,3,1,931,2005 CHAMBERLIN S,Colorado Springs,Colorado,38046,322.3,El Paso,132989.0,38.76744,-104.87023,68,163,22,26435
80918,450000.0,4,3,2329,4515 BUENA PARK CIR,Colorado Springs,Colorado,48404,1559.6,El Paso,102288.0,38.91156,-104.78032,68,163,22,26730
80918,439000.0,3,3,2706,3230 CHESTNUT GLEN LN,Colorado Springs,Colorado,48404,1559.6,El Paso,102288.0,38.91156,-104.78032,68,163,22,26735
80911,380000.0,3,2,1500,5235 HARRINGTON DR,Colorado Springs,Colorado,36496,1268.3,El Paso,90906.0,38.75325,-104.71955,68,163,22,26604
80916,322500.0,2,3,1216,3451 EAGLES BAY PT,Colorado Springs,Colorado,41087,862.7,El Paso,68391.0,38.80327,-104.71208,68,163,22,26653
80925,657575.0,5,3,3448,9165 BUFFALO BUR TRL,Colorado Springs,Colorado,14084,189.4,El Paso,119440.0,38.76156,-104.64441,68,163,22,26974
80904,449900.0,3,2,1416,212 N 23RD ST,Colorado Springs,Colorado,21162,731.7,El Paso,95588.0,38.86321,-104.87197,68,163,22,26348
80923,378000.0,2,3,1625,6206 ESCALADE PT,Colorado Springs,Colorado,32050,1771.6,El Paso,109942.0,38.92673,-104.71433,68,163,22,26907
80926,85000.0,3,1,924,8160 PIUTE RD,Colorado Springs,Colorado,2029,10.0,El Paso,123143.0,38.64318,-104.92439,68,163,22,27004
80905,169500.0,1,1,670,777 SATURN DR UNIT 506,Colorado Springs,Colorado,16717,1261.9,El Paso,92985.0,38.81855,-104.83649,68,163,22,26387
80918,390000.0,4,2,1343,5410 ESCONDIDO DR,Colorado Springs,Colorado,48404,1559.6,El Paso,102288.0,38.91156,-104.78032,68,163,22,26738
80951,435000.0,3,4,2225,1804 DEWHIRST DR,Colorado Springs,Colorado,5357,706.9,El Paso,98962.0,38.88396,-104.6558,68,163,22,27038
80918,415000.0,3,3,2374,6135 VADLE LN,Colorado Springs,Colorado,48404,1559.6,El Paso,102288.0,38.91156,-104.78032,68,163,22,26711
80918,179900.0,1,1,561,5042 EL CAMINO DR APT 90,Colorado Springs,Colorado,48404,1559.6,El Paso,102288.0,38.91156,-104.78032,68,163,22,26713
80906,350000.0,2,3,1229,3207 APOGEE VW,Colorado Springs,Colorado,38046,322.3,El Paso,132989.0,38.76744,-104.87023,68,163,22,26403
80917,414900.0,3,2,1429,5429 TENNESSEE PASS DR,Colorado Springs,Colorado,31614,2174.4,El Paso,83184.0,38.88684,-104.74049,68,163,22,26686
80927,529250.0,4,3,2794,7938 SILVER BIRCH DR,Colorado Springs,Colorado,5231,449.4,El Paso,153811.0,38.92833,-104.65878,68,163,22,27017
80911,419000.0,5,3,2527,7530 SILVERDALE ST,Colorado Springs,Colorado,36496,1268.3,El Paso,90906.0,38.75325,-104.71955,68,163,22,26567
80909,515000.0,4,2,2680,1925 CREST HAVEN CIR,Colorado Springs,Colorado,37821,1841.6,El Paso,72120.0,38.85255,-104.77434,68,163,22,26529
80919,533900.0,3,3,1773,5778 VILLA LORENZO DR,Colorado Springs,Colorado,27788,392.0,El Paso,135460.0,38.92797,-104.88025,68,163,22,26753
80925,480000.0,5,3,2698,10106 INTREPID WAY,Colorado Springs,Colorado,14084,189.4,El Paso,119440.0,38.76156,-104.64441,68,163,22,26976
80925,525000.0,4,3,3168,6820 WEEPING WILLOW DR,Colorado Springs,Colorado,14084,189.4,El Paso,119440.0,38.76156,-104.64441,68,163,22,26952
80927,490000.0,3,3,3003,8273 LONGLEAF LN,Colorado Springs,Colorado,5231,449.4,El Paso,153811.0,38.92833,-104.65878,68,163,22,27023
80925,445000.0,4,3,1994,6178 KETTLE FIRE TRL,Colorado Springs,Colorado,14084,189.4,El Paso,119440.0,38.76156,-104.64441,68,163,22,26973
80916,345900.0,3,2,1274,247 TANNA CT,Colorado Springs,Colorado,41087,862.7,El Paso,68391.0,38.80327,-104.71208,68,163,22,26654
80938,475000.0,3,3,2154,8052 PUMICE PT,Colorado Springs,Colorado,565,41.0,El Paso,106290.0,38.90157,-104.65926,68,163,22,27032
80922,607062.0,4,3,2986,4037 PATTERDALE PT,Colorado Springs,Colorado,29623,1962.6,El Paso,111074.0,38.88996,-104.70084,68,163,22,26880
80910,350000.0,3,2,1162,3106 GOMER AVE,Colorado Springs,Colorado,31827,2011.2,El Paso,69434.0,38.81178,-104.7743,68,163,22,26542
80903,795000.0,3,4,2488,114 E SAN MIGUEL ST,Colorado Springs,Colorado,16844,1209.5,El Paso,73686.0,38.83249,-104.81342,68,163,22,26325
80908,825000.0,5,3,2693,7425 TOBIN RD,Colorado Springs,Colorado,20622,84.1,El Paso,160845.0,39.0463,-104.69094,68,163,22,26473
80910,350000.0,3,1,931,3510 BRIDGEWOOD LN,Colorado Springs,Colorado,31827,2011.2,El Paso,69434.0,38.81178,-104.7743,68,163,22,26556
80908,925000.0,5,4,3380,5140 SHOUP RD,Colorado Springs,Colorado,20622,84.1,El Paso,160845.0,39.0463,-104.69094,68,163,22,26471
80908,827541.0,5,4,3272,8870 ELK ANTLER LN,Colorado Springs,Colorado,20622,84.1,El Paso,160845.0,39.0463,-104.69094,68,163,22,26496
80938,485000.0,3,3,2154,4443 HESSITE LOOP,Colorado Springs,Colorado,565,41.0,El Paso,106290.0,38.90157,-104.65926,68,163,22,27033
80917,185000.0,3,2,1072,3425 REBECCA LN APT A,Colorado Springs,Colorado,31614,2174.4,El Paso,83184.0,38.88684,-104.74049,68,163,22,26684
80920,430950.0,3,3,1438,5051 AGGREGATE PT,Colorado Springs,Colorado,38988,1212.4,El Paso,128902.0,38.95579,-104.77191,68,163,22,26790
80925,452745.0,3,3,1804,6265 GODWIT LN,Colorado Springs,Colorado,14084,189.4,El Paso,119440.0,38.76156,-104.64441,68,163,22,26997
80910,195000.0,2,2,1191,2902 AIRPORT RD APT 211,Colorado Springs,Colorado,31827,2011.2,El Paso,69434.0,38.81178,-104.7743,68,163,22,26547
80911,360000.0,2,1,2101,5623 HAWKESBURY DR,Colorado Springs,Colorado,36496,1268.3,El Paso,90906.0,38.75325,-104.71955,68,163,22,26600
80906,874900.0,5,3,3156,439 MOUNTAIN PASS VW,Colorado Springs,Colorado,38046,322.3,El Paso,132989.0,38.76744,-104.87023,68,163,22,26432
80911,359900.0,4,2,1312,7220 RED CLOUD ST,Colorado Springs,Colorado,36496,1268.3,El Paso,90906.0,38.75325,-104.71955,68,163,22,26569
80917,420000.0,4,2,1886,3220 WHIMSICAL PL,Colorado Springs,Colorado,31614,2174.4,El Paso,83184.0,38.88684,-104.74049,68,163,22,26672
80909,380000.0,3,2,1080,1623 DELAWARE DR,Colorado Springs,Colorado,37821,1841.6,El Paso,72120.0,38.85255,-104.77434,68,163,22,26516
80922,572919.0,4,4,3489,3914 RYEDALE WAY,Colorado Springs,Colorado,29623,1962.6,El Paso,111074.0,38.88996,-104.70084,68,163,22,26886
80918,475000.0,5,3,2278,4010 DOLPHIN CIR,Colorado Springs,Colorado,48404,1559.6,El Paso,102288.0,38.91156,-104.78032,68,163,22,26737
80922,305000.0,2,2,979,6964 ASH CREEK HTS APT 202,Colorado Springs,Colorado,29623,1962.6,El Paso,111074.0,38.88996,-104.70084,68,163,22,26835
80922,637106.0,4,3,3218,6636 VISTANCIA AVE,Colorado Springs,Colorado,29623,1962.6,El Paso,111074.0,38.88996,-104.70084,68,163,22,26875
80915,335000.0,3,1,1064,1995 PAWHUSKA PL,Colorado Springs,Colorado,22382,1099.9,El Paso,81611.0,38.85271,-104.71652,68,163,22,26609
80905,825000.0,3,2,1918,4 CHEYENNE BLVD,Colorado Springs,Colorado,16717,1261.9,El Paso,92985.0,38.81855,-104.83649,68,163,22,26392
80904,1480000.0,3,6,4718,4450 MONITOR ROCK LN,Colorado Springs,Colorado,21162,731.7,El Paso,95588.0,38.86321,-104.87197,68,163,22,26347
80908,1100000.0,4,3,3045,11325 FAWN LN,Colorado Springs,Colorado,20622,84.1,El Paso,160845.0,39.0463,-104.69094,68,163,22,26460
80919,600000.0,3,3,3305,5530 FLAG WAY,Colorado Springs,Colorado,27788,392.0,El Paso,135460.0,38.92797,-104.88025,68,163,22,26744
80918,450000.0,3,2,1858,5355 DEL PAZ DR,Colorado Springs,Colorado,48404,1559.6,El Paso,102288.0,38.91156,-104.78032,68,163,22,26727
80906,895000.0,3,3,2600,1644 GOLD CAMP RD,Colorado Springs,Colorado,38046,322.3,El Paso,132989.0,38.76744,-104.87023,68,163,22,26412
80905,312000.0,2,4,1568,1951 GILTSHIRE DR,Colorado Springs,Colorado,16717,1261.9,El Paso,92985.0,38.81855,-104.83649,68,163,22,26393
80927,535000.0,4,3,3818,7151 LAUREL CHERRY CT,Colorado Springs,Colorado,5231,449.4,El Paso,153811.0,38.92833,-104.65878,68,163,22,27018
80918,458000.0,3,3,2448,5985 ELDORA LN,Colorado Springs,Colorado,48404,1559.6,El Paso,102288.0,38.91156,-104.78032,68,163,22,26729
80921,859000.0,5,4,4411,1198 CRYSTAL BASIN DR,Colorado Springs,Colorado,22725,179.0,El Paso,163704.0,39.02648,-104.88156,68,163,22,26810
80911,415000.0,5,3,2198,1520 LUNA VISTA ST,Colorado Springs,Colorado,36496,1268.3,El Paso,90906.0,38.75325,-104.71955,68,163,22,26595
80908,825000.0,5,3,4170,7425 TOBIN RD,Colorado Springs,Colorado,20622,84.1,El Paso,160845.0,39.0463,-104.69094,68,163,22,26473
80917,600000.0,5,4,3384,4433 S WHISPERING CIR,Colorado Springs,Colorado,31614,2174.4,El Paso,83184.0,38.88684,-104.74049,68,163,22,26691
80927,575000.0,4,4,3148,8596 BRIAR BRUSH LN,Colorado Springs,Colorado,5231,449.4,El Paso,153811.0,38.92833,-104.65878,68,163,22,27021
80908,1075000.0,6,5,4321,18015 BAKERS FARM RD,Colorado Springs,Colorado,20622,84.1,El Paso,160845.0,39.0463,-104.69094,68,163,22,26472
80904,305000.0,2,2,1045,1914 OCASO GRV,Colorado Springs,Colorado,21162,731.7,El Paso,95588.0,38.86321,-104.87197,68,163,22,26370
80903,435000.0,2,1,1336,620 N HANCOCK AVE,Colorado Springs,Colorado,16844,1209.5,El Paso,73686.0,38.83249,-104.81342,68,163,22,26341
80917,449900.0,4,3,2302,3291 TEARDROP CIR,Colorado Springs,Colorado,31614,2174.4,El Paso,83184.0,38.88684,-104.74049,68,163,22,26690
80924,408407.0,3,3,1566,6122 VENADO GRV,Colorado Springs,Colorado,13607,897.9,El Paso,158446.0,38.96727,-104.72199,68,163,22,26921
80919,319500.0,3,2,1406,6520 DELMONICO DR APT 301,Colorado Springs,Colorado,27788,392.0,El Paso,135460.0,38.92797,-104.88025,68,163,22,26765
80918,410000.0,4,2,1600,5345 DEL PAZ DR,Colorado Springs,Colorado,48404,1559.6,El Paso,102288.0,38.91156,-104.78032,68,163,22,26724
80908,860000.0,4,4,3562,17794 SAWMILL RD,Colorado Springs,Colorado,20622,84.1,El Paso,160845.0,39.0463,-104.69094,68,163,22,26469
80918,369000.0,2,3,1256,3964 DIAMOND RIDGE VW,Colorado Springs,Colorado,48404,1559.6,El Paso,102288.0,38.91156,-104.78032,68,163,22,26725
80922,295000.0,4,2,834,2770 FREDRICKSBURG DR,Colorado Springs,Colorado,29623,1962.6,El Paso,111074.0,38.88996,-104.70084,68,163,22,26862
80919,330000.0,2,3,1440,1428 TERRITORY TRL,Colorado Springs,Colorado,27788,392.0,El Paso,135460.0,38.92797,-104.88025,68,163,22,26754
80916,110000.0,3,2,1280,5150 AIRPORT RD,Colorado Springs,Colorado,41087,862.7,El Paso,68391.0,38.80327,-104.71208,68,163,22,26652
80909,359000.0,2,2,1170,2024 E WILLAMETTE AVE,Colorado Springs,Colorado,37821,1841.6,El Paso,72120.0,38.85255,-104.77434,68,163,22,26533
80905,179900.0,1,1,728,900 SATURN DR APT 202,Colorado Springs,Colorado,16717,1261.9,El Paso,92985.0,38.81855,-104.83649,68,163,22,26381
80921,559900.0,4,3,3373,1663 LOOKOUT SPRINGS DR,Colorado Springs,Colorado,22725,179.0,El Paso,163704.0,39.02648,-104.88156,68,163,22,26824
80921,1050000.0,5,5,4349,12643 TIMBERGLEN TER,Colorado Springs,Colorado,22725,179.0,El Paso,163704.0,39.02648,-104.88156,68,163,22,26814
80915,350000.0,3,2,1028,6560 LONSDALE DR,Colorado Springs,Colorado,22382,1099.9,El Paso,81611.0,38.85271,-104.71652,68,163,22,26614
80922,449000.0,4,3,2155,5181 HORSE CARRIAGE RD,Colorado Springs,Colorado,29623,1962.6,El Paso,111074.0,38.88996,-104.70084,68,163,22,26838
80924,759000.0,6,5,3952,5644 OLD RIVER DR,Colorado Springs,Colorado,13607,897.9,El Paso,158446.0,38.96727,-104.72199,68,163,22,26942
80916,435000.0,4,2,1632,204 FROST LN,Colorado Springs,Colorado,41087,862.7,El Paso,68391.0,38.80327,-104.71208,68,163,22,26643
80925,465000.0,3,3,1940,6730 MANDAN DR,Colorado Springs,Colorado,14084,189.4,El Paso,119440.0,38.76156,-104.64441,68,163,22,26954
80908,1130000.0,5,6,5564,19520 STILL GLEN DR,Colorado Springs,Colorado,20622,84.1,El Paso,160845.0,39.0463,-104.69094,68,163,22,26480
80915,569900.0,5,4,3429,2035 REED GRASS WAY,Colorado Springs,Colorado,22382,1099.9,El Paso,81611.0,38.85271,-104.71652,68,163,22,26611
80921,769999.0,4,3,3647,11739 SPECTACULAR BID CIR,Colorado Springs,Colorado,22725,179.0,El Paso,163704.0,39.02648,-104.88156,68,163,22,26828
80921,759000.0,5,3,4362,583 COYOTE WILLOW DR,Colorado Springs,Colorado,22725,179.0,El Paso,163704.0,39.02648,-104.88156,68,163,22,26827
80921,1266656.0,4,5,4591,11590 SILVER CHARM WAY,Colorado Springs,Colorado,22725,179.0,El Paso,163704.0,39.02648,-104.88156,68,163,22,26808
80924,925067.0,5,4,3748,6377 CHAGALL TRL,Colorado Springs,Colorado,13607,897.9,El Paso,158446.0,38.96727,-104.72199,68,163,22,26936
80904,1850000.0,4,6,6359,2952 CATHEDRAL PARK VW,Colorado Springs,Colorado,21162,731.7,El Paso,95588.0,38.86321,-104.87197,68,163,22,26345
80908,1385000.0,2,3,2069,9775 WALKER RD,Colorado Springs,Colorado,20622,84.1,El Paso,160845.0,39.0463,-104.69094,68,163,22,26497
80922,399000.0,2,3,1255,3623 LEVY PARK DRIVE,Colorado Springs,Colorado,29623,1962.6,El Paso,111074.0,38.88996,-104.70084,68,163,22,26859
80919,964900.0,4,5,4291,480 BUCKEYE DR,Colorado Springs,Colorado,27788,392.0,El Paso,135460.0,38.92797,-104.88025,68,163,22,26759
80924,456417.0,3,4,2305,6130 VENADO GRV,Colorado Springs,Colorado,13607,897.9,El Paso,158446.0,38.96727,-104.72199,68,163,22,26931
80909,410000.0,5,3,2226,1912 SNYDER AVE,Colorado Springs,Colorado,37821,1841.6,El Paso,72120.0,38.85255,-104.77434,68,163,22,26527
80927,559900.0,4,4,3005,6472 FOREST THORN CT,Colorado Springs,Colorado,5231,449.4,El Paso,153811.0,38.92833,-104.65878,68,163,22,27011
80918,395000.0,3,2,1472,6631 BUGLE DR,Colorado Springs,Colorado,48404,1559.6,El Paso,102288.0,38.91156,-104.78032,68,163,22,26722
80909,331000.0,2,1,975,2525 E BOULDER ST,Colorado Springs,Colorado,37821,1841.6,El Paso,72120.0,38.85255,-104.77434,68,163,22,26515
80923,575000.0,4,3,2784,7283 ISSAQUAH DR,Colorado Springs,Colorado,32050,1771.6,El Paso,109942.0,38.92673,-104.71433,68,163,22,26913
80921,739000.0,4,3,2686,14205 GLENEAGLE DR,Colorado Springs,Colorado,22725,179.0,El Paso,163704.0,39.02648,-104.88156,68,163,22,26806
80907,400000.0,3,2,1107,2115 WESTMORELAND RD,Colorado Springs,Colorado,28549,1119.8,El Paso,89203.0,38.87912,-104.82137,68,163,22,26446
80923,540000.0,4,4,2546,6640 WHEREABOUT CT,Colorado Springs,Colorado,32050,1771.6,El Paso,109942.0,38.92673,-104.71433,68,163,22,26900
80908,733088.0,5,4,3935,7977 POLSON DR,Colorado Springs,Colorado,20622,84.1,El Paso,160845.0,39.0463,-104.69094,68,163,22,26493
80905,374900.0,3,2,1792,1218 ASPEN AVE,Colorado Springs,Colorado,16717,1261.9,El Paso,92985.0,38.81855,-104.83649,68,163,22,26388
80921,750000.0,5,5,4586,848 SPECTRUM LOOP,Colorado Springs,Colorado,22725,179.0,El Paso,163704.0,39.02648,-104.88156,68,163,22,26820
80915,335000.0,3,1,1064,1995 PAWHUSKA PL,Colorado Springs,Colorado,22382,1099.9,El Paso,81611.0,38.85271,-104.71652,68,163,22,26609
80916,299000.0,2,3,1092,4002 BAYTOWN DR,Colorado Springs,Colorado,41087,862.7,El Paso,68391.0,38.80327,-104.71208,68,163,22,26661
80924,715000.0,4,3,3662,4494 CAPTAIN JACK LN,Colorado Springs,Colorado,13607,897.9,El Paso,158446.0,38.96727,-104.72199,68,163,22,26927
80908,503951.0,3,2,1607,8675 BYNUM DR,Colorado Springs,Colorado,20622,84.1,El Paso,160845.0,39.0463,-104.69094,68,163,22,26498
80918,420000.0,3,2,1400,5590 ORO GRANDE DR,Colorado Springs,Colorado,48404,1559.6,El Paso,102288.0,38.91156,-104.78032,68,163,22,26721
80916,350000.0,3,4,2000,1225 FLYCATCHER LN,Colorado Springs,Colorado,41087,862.7,El Paso,68391.0,38.80327,-104.71208,68,163,22,26639
80917,479900.0,4,3,2156,5255 BLUESTEM DR,Colorado Springs,Colorado,31614,2174.4,El Paso,83184.0,38.88684,-104.74049,68,163,22,26696
80925,445000.0,3,3,1702,6145 WHITE WOLF PT,Colorado Springs,Colorado,14084,189.4,El Paso,119440.0,38.76156,-104.64441,68,163,22,26965
80916,420000.0,4,4,1657,1078 NOLTE DR W,Colorado Springs,Colorado,41087,862.7,El Paso,68391.0,38.80327,-104.71208,68,163,22,26647
80909,375000.0,3,2,2021,2238 STRATFORD LN,Colorado Springs,Colorado,37821,1841.6,El Paso,72120.0,38.85255,-104.77434,68,163,22,26521
80910,320000.0,2,1,1518,2039 TAHOE BLVD,Colorado Springs,Colorado,31827,2011.2,El Paso,69434.0,38.81178,-104.7743,68,163,22,26546
80910,315000.0,3,2,912,207 MILTON DR,Colorado Springs,Colorado,31827,2011.2,El Paso,69434.0,38.81178,-104.7743,68,163,22,26558
80923,569000.0,4,3,3024,6955 COTTON DR,Colorado Springs,Colorado,32050,1771.6,El Paso,109942.0,38.92673,-104.71433,68,163,22,26901
80910,329000.0,3,1,864,935 HAYDEN DR,Colorado Springs,Colorado,31827,2011.2,El Paso,69434.0,38.81178,-104.7743,68,163,22,26557
80908,517450.0,3,3,2199,7726 CORDGRASS DR,Colorado Springs,Colorado,20622,84.1,El Paso,160845.0,39.0463,-104.69094,68,163,22,26508
80903,750000.0,5,3,2845,924 E DALE ST,Colorado Springs,Colorado,16844,1209.5,El Paso,73686.0,38.83249,-104.81342,68,163,22,26327
80910,170000.0,1,1,864,411 LAKEWOOD CIR APT A1204,Colorado Springs,Colorado,31827,2011.2,El Paso,69434.0,38.81178,-104.7743,68,163,22,26565
80919,579999.0,4,3,2390,315 SUNBIRD CLIFFS LN,Colorado Springs,Colorado,27788,392.0,El Paso,135460.0,38.92797,-104.88025,68,163,22,26775
80911,379900.0,4,2,1824,7550 SUNNY VIEW LN,Colorado Springs,Colorado,36496,1268.3,El Paso,90906.0,38.75325,-104.71955,68,163,22,26583
80919,345000.0,2,3,1632,6158 COLONY CIR,Colorado Springs,Colorado,27788,392.0,El Paso,135460.0,38.92797,-104.88025,68,163,22,26742
80924,838456.0,5,3,3272,5296 GANSE VOORT DR,Colorado Springs,Colorado,13607,897.9,El Paso,158446.0,38.96727,-104.72199,68,163,22,26922
80923,569900.0,4,4,2978,6237 TENDERFOOT DR,Colorado Springs,Colorado,32050,1771.6,El Paso,109942.0,38.92673,-104.71433,68,163,22,26910
80904,284900.0,1,1,628,107 N 30TH ST,Colorado Springs,Colorado,21162,731.7,El Paso,95588.0,38.86321,-104.87197,68,163,22,26357
80909,465000.0,4,2,2466,2311 MARLBOROUGH RD,Colorado Springs,Colorado,37821,1841.6,El Paso,72120.0,38.85255,-104.77434,68,163,22,26513
80922,559476.0,3,3,3486,4131 WYEDALE WAY,Colorado Springs,Colorado,29623,1962.6,El Paso,111074.0,38.88996,-104.70084,68,163,22,26872
80922,394900.0,4,3,1624,8069 KETTLE DRUM ST,Colorado Springs,Colorado,29623,1962.6,El Paso,111074.0,38.88996,-104.70084,68,163,22,26855
80922,441763.0,3,3,1508,3635 LEVY PARK DRIVE,Colorado Springs,Colorado,29623,1962.6,El Paso,111074.0,38.88996,-104.70084,68,163,22,26883
80922,229000.0,3,2,1198,4655 GRAY FOX HTS,Colorado Springs,Colorado,29623,1962.6,El Paso,111074.0,38.88996,-104.70084,68,163,22,26866
80908,1220000.0,5,5,5196,19670 STILL GLEN DR,Colorado Springs,Colorado,20622,84.1,El Paso,160845.0,39.0463,-104.69094,68,163,22,26476
80908,504410.0,3,3,1724,8133 YELLOWLEAF PL,Colorado Springs,Colorado,20622,84.1,El Paso,160845.0,39.0463,-104.69094,68,163,22,26464
80939,565000.0,6,4,3064,2418 TEMPEST DR,Colorado Springs,Colorado,0,0.0,El Paso,,38.87772,-104.67742,68,163,22,27037
80925,413000.0,3,4,1979,10536 KALAMA DR,Colorado Springs,Colorado,14084,189.4,El Paso,119440.0,38.76156,-104.64441,68,163,22,26972
80925,499000.0,5,3,3128,10427 DESERT BLOOM WAY,Colorado Springs,Colorado,14084,189.4,El Paso,119440.0,38.76156,-104.64441,68,163,22,26970
80927,490000.0,3,3,2300,6702 THICKET PASS LN,Colorado Springs,Colorado,5231,449.4,El Paso,153811.0,38.92833,-104.65878,68,163,22,27008
80911,322000.0,4,2,1902,123 BRADLEY ST,Colorado Springs,Colorado,36496,1268.3,El Paso,90906.0,38.75325,-104.71955,68,163,22,26594
80906,320000.0,3,1,929,4210 COLLEGE VIEW DR,Colorado Springs,Colorado,38046,322.3,El Paso,132989.0,38.76744,-104.87023,68,163,22,26424
80916,365000.0,3,2,1334,4449 WORDSWORTH CIR S,Colorado Springs,Colorado,41087,862.7,El Paso,68391.0,38.80327,-104.71208,68,163,22,26658
80917,475000.0,4,3,2266,4830 SANTIAGO WAY,Colorado Springs,Colorado,31614,2174.4,El Paso,83184.0,38.88684,-104.74049,68,163,22,26687
80918,275000.0,2,1,780,4857 SONATA DR APT A,Colorado Springs,Colorado,48404,1559.6,El Paso,102288.0,38.91156,-104.78032,68,163,22,26710
80916,419612.0,3,3,1727,5267 AEROGLIDE LOOP,Colorado Springs,Colorado,41087,862.7,El Paso,68391.0,38.80327,-104.71208,68,163,22,26660
80909,330000.0,3,2,1027,1723 HOLMES DR,Colorado Springs,Colorado,37821,1841.6,El Paso,72120.0,38.85255,-104.77434,68,163,22,26518
80923,350000.0,3,3,1480,7126 SAND CREST VW,Colorado Springs,Colorado,32050,1771.6,El Paso,109942.0,38.92673,-104.71433,68,163,22,26916
80925,649900.0,5,4,3777,8081 BUFFALO HORN DR,Colorado Springs,Colorado,14084,189.4,El Paso,119440.0,38.76156,-104.64441,68,163,22,26950
80915,229000.0,2,2,960,1308 SOARING EAGLE DR,Colorado Springs,Colorado,22382,1099.9,El Paso,81611.0,38.85271,-104.71652,68,163,22,26613
80919,308000.0,2,1,784,6830 OVERLAND DR,Colorado Springs,Colorado,27788,392.0,El Paso,135460.0,38.92797,-104.88025,68,163,22,26751
80919,795000.0,4,4,3016,2560 ROSSMERE ST,Colorado Springs,Colorado,27788,392.0,El Paso,135460.0,38.92797,-104.88025,68,163,22,26766
80911,500000.0,7,4,3119,6887 FIELDING CIR,Colorado Springs,Colorado,36496,1268.3,El Paso,90906.0,38.75325,-104.71955,68,163,22,26575
80916,419318.0,3,2,1949,5275 AEROGLIDE LOOP,Colorado Springs,Colorado,41087,862.7,El Paso,68391.0,38.80327,-104.71208,68,163,22,26651
80910,400000.0,4,2,1886,1603 SARATOGA DR,Colorado Springs,Colorado,31827,2011.2,El Paso,69434.0,38.81178,-104.7743,68,163,22,26543
80917,440000.0,4,2,1976,4950 WOOD BROOK CT,Colorado Springs,Colorado,31614,2174.4,El Paso,83184.0,38.88684,-104.74049,68,163,22,26699
80915,450000.0,3,3,1910,7196 PREBLE DR,Colorado Springs,Colorado,22382,1099.9,El Paso,81611.0,38.85271,-104.71652,68,163,22,26628
80917,260000.0,3,1,1008,3963 SIFERD BLVD,Colorado Springs,Colorado,31614,2174.4,El Paso,83184.0,38.88684,-104.74049,68,163,22,26701
80904,945900.0,4,3,4943,3055 VALLEYBROOK LN,Colorado Springs,Colorado,21162,731.7,El Paso,95588.0,38.86321,-104.87197,68,163,22,26355
80925,453310.0,3,3,1804,11434 WHISTLING DUCK WAY,Colorado Springs,Colorado,14084,189.4,El Paso,119440.0,38.76156,-104.64441,68,163,22,26982
80924,675000.0,4,3,2760,9605 SURREY RUN DR,Colorado Springs,Colorado,13607,897.9,El Paso,158446.0,38.96727,-104.72199,68,163,22,26941
80911,399000.0,4,4,2166,280 LANFARE PL,Colorado Springs,Colorado,36496,1268.3,El Paso,90906.0,38.75325,-104.71955,68,163,22,26590
80907,424999.0,4,2,1984,3707 PEMBROKE ST,Colorado Springs,Colorado,28549,1119.8,El Paso,89203.0,38.87912,-104.82137,68,163,22,26455
80910,265000.0,2,1,666,705 S UNION BLVD,Colorado Springs,Colorado,31827,2011.2,El Paso,69434.0,38.81178,-104.7743,68,163,22,26564
80922,285000.0,2,2,979,6924 ASH CREEK HTS APT 102,Colorado Springs,Colorado,29623,1962.6,El Paso,111074.0,38.88996,-104.70084,68,163,22,26851
80924,451717.0,3,4,2230,6138 VENADO GRV,Colorado Springs,Colorado,13607,897.9,El Paso,158446.0,38.96727,-104.72199,68,163,22,26939
80911,390000.0,4,2,1448,615 SYRACUSE ST,Colorado Springs,Colorado,36496,1268.3,El Paso,90906.0,38.75325,-104.71955,68,163,22,26601
80909,355000.0,3,1,1689,107 ARLEN ST,Colorado Springs,Colorado,37821,1841.6,El Paso,72120.0,38.85255,-104.77434,68,163,22,26528
80920,690000.0,4,4,3958,2480 LINENHALL CT,Colorado Springs,Colorado,38988,1212.4,El Paso,128902.0,38.95579,-104.77191,68,163,22,26780
80922,539900.0,3,3,1578,2767 HAYSTACK DR,Colorado Springs,Colorado,29623,1962.6,El Paso,111074.0,38.88996,-104.70084,68,163,22,26847
80920,539900.0,5,3,3184,8058 SCARBOROUGH DR,Colorado Springs,Colorado,38988,1212.4,El Paso,128902.0,38.95579,-104.77191,68,163,22,26788
80923,384999.0,2,3,1625,7238 RED SAND GRV,Colorado Springs,Colorado,32050,1771.6,El Paso,109942.0,38.92673,-104.71433,68,163,22,26911
80922,630000.0,5,4,3751,2794 GRAND PRIX CT,Colorado Springs,Colorado,29623,1962.6,El Paso,111074.0,38.88996,-104.70084,68,163,22,26841
80923,487000.0,4,4,2285,5854 BRENNAN AVE,Colorado Springs,Colorado,32050,1771.6,El Paso,109942.0,38.92673,-104.71433,68,163,22,26915
80906,1175000.0,7,5,4759,2735 PEGASUS DR,Colorado Springs,Colorado,38046,322.3,El Paso,132989.0,38.76744,-104.87023,68,163,22,26439
80925,425000.0,3,3,2354,3872 CHIA DR,Colorado Springs,Colorado,14084,189.4,El Paso,119440.0,38.76156,-104.64441,68,163,22,26966
80911,390000.0,4,2,1758,4040 CANTRELL DR,Colorado Springs,Colorado,36496,1268.3,El Paso,90906.0,38.75325,-104.71955,68,163,22,26585
80923,485000.0,3,2,1521,6573 CHEYENNE AUTUMN WAY,Colorado Springs,Colorado,32050,1771.6,El Paso,109942.0,38.92673,-104.71433,68,163,22,26896
80911,389900.0,4,2,1679,62 WATSON BLVD,Colorado Springs,Colorado,36496,1268.3,El Paso,90906.0,38.75325,-104.71955,68,163,22,26584
80904,1975000.0,3,3,3190,3135 SUNNYBROOK LN,Colorado Springs,Colorado,21162,731.7,El Paso,95588.0,38.86321,-104.87197,68,163,22,26344
80922,530000.0,5,4,2927,4803 SADDLE RIDGE DR,Colorado Springs,Colorado,29623,1962.6,El Paso,111074.0,38.88996,-104.70084,68,163,22,26860
80906,125000.0,3,2,1440,2840 S CIRCLE DR,Colorado Springs,Colorado,38046,322.3,El Paso,132989.0,38.76744,-104.87023,68,163,22,26427
80908,500000.0,4,4,2964,6913 SIERRA MEADOWS DR,Colorado Springs,Colorado,20622,84.1,El Paso,160845.0,39.0463,-104.69094,68,163,22,26463
80918,1250000.0,4,4,4424,1760 COLGATE DR,Colorado Springs,Colorado,48404,1559.6,El Paso,102288.0,38.91156,-104.78032,68,163,22,26720
80920,585000.0,4,3,3714,8105 DARTMOOR CT,Colorado Springs,Colorado,38988,1212.4,El Paso,128902.0,38.95579,-104.77191,68,163,22,26794
80925,450515.0,3,3,1804,11465 PIPING PLOVER PL,Colorado Springs,Colorado,14084,189.4,El Paso,119440.0,38.76156,-104.64441,68,163,22,26996
80906,460000.0,4,4,2304,1216 GUMWOOD DR,Colorado Springs,Colorado,38046,322.3,El Paso,132989.0,38.76744,-104.87023,68,163,22,26401
80908,3500000.0,5,5,6691,5975 HODGEN RD,Colorado Springs,Colorado,20622,84.1,El Paso,160845.0,39.0463,-104.69094,68,163,22,26502
80908,800000.0,3,2,4235,14940 QUAIL RUN RD,Colorado Springs,Colorado,20622,84.1,El Paso,160845.0,39.0463,-104.69094,68,163,22,26499
80916,265000.0,2,3,1546,2468 LEXINGTON VILLAGE LN,Colorado Springs,Colorado,41087,862.7,El Paso,68391.0,38.80327,-104.71208,68,163,22,26648
80927,669999.0,4,3,2980,6299 LOCHSIDE VW,Colorado Springs,Colorado,5231,449.4,El Paso,153811.0,38.92833,-104.65878,68,163,22,27019
80922,508000.0,5,3,3878,5846 INSTONE CIR,Colorado Springs,Colorado,29623,1962.6,El Paso,111074.0,38.88996,-104.70084,68,163,22,26887
80920,599000.0,5,4,3134,2015 BRAMBLWOOD LN,Colorado Springs,Colorado,38988,1212.4,El Paso,128902.0,38.95579,-104.77191,68,163,22,26783
80926,59000.0,2,1,728,8160 PIUTE RD,Colorado Springs,Colorado,2029,10.0,El Paso,123143.0,38.64318,-104.92439,68,163,22,27004
80923,435000.0,3,3,1966,6560 PENNYWHISTLE PT,Colorado Springs,Colorado,32050,1771.6,El Paso,109942.0,38.92673,-104.71433,68,163,22,26917
80908,768593.0,5,5,3459,7965 POLSON DR,Colorado Springs,Colorado,20622,84.1,El Paso,160845.0,39.0463,-104.69094,68,163,22,26501
80908,650000.0,3,2,2168,8075 CYPRUS RD,Colorado Springs,Colorado,20622,84.1,El Paso,160845.0,39.0463,-104.69094,68,163,22,26503
80906,775000.0,5,4,3300,6055 FARTHING DR,Colorado Springs,Colorado,38046,322.3,El Paso,132989.0,38.76744,-104.87023,68,163,22,26400
80916,352500.0,3,3,1414,2520 SIERRA SPRINGS DR,Colorado Springs,Colorado,41087,862.7,El Paso,68391.0,38.80327,-104.71208,68,163,22,26637
80903,292000.0,2,1,733,12 W MILL ST,Colorado Springs,Colorado,16844,1209.5,El Paso,73686.0,38.83249,-104.81342,68,163,22,26334
80917,500000.0,4,3,2868,2909 ESCAPARDO PL,Colorado Springs,Colorado,31614,2174.4,El Paso,83184.0,38.88684,-104.74049,68,163,22,26685
80905,555000.0,3,3,1586,1004 SKYWAY BLVD,Colorado Springs,Colorado,16717,1261.9,El Paso,92985.0,38.81855,-104.83649,68,163,22,26397
80907,300000.0,4,2,1636,3319 VIRGINIA AVE,Colorado Springs,Colorado,28549,1119.8,El Paso,89203.0,38.87912,-104.82137,68,163,22,26456
80909,349999.0,4,2,1382,3424 E LA SALLE ST,Colorado Springs,Colorado,37821,1841.6,El Paso,72120.0,38.85255,-104.77434,68,163,22,26519
80924,1075000.0,6,4,4606,9124 DOME ROCK PL,Colorado Springs,Colorado,13607,897.9,El Paso,158446.0,38.96727,-104.72199,68,163,22,26945
80925,425000.0,3,2,1500,6873 TOMOKA DR,Colorado Springs,Colorado,14084,189.4,El Paso,119440.0,38.76156,-104.64441,68,163,22,26975
80911,379900.0,4,2,1734,2537 IVANHOE DR,Colorado Springs,Colorado,36496,1268.3,El Paso,90906.0,38.75325,-104.71955,68,163,22,26586
80911,450000.0,5,4,2788,6267 PASSING SKY DR,Colorado Springs,Colorado,36496,1268.3,El Paso,90906.0,38.75325,-104.71955,68,163,22,26605
80910,275000.0,2,2,1196,3483 ATLANTIC DR,Colorado Springs,Colorado,31827,2011.2,El Paso,69434.0,38.81178,-104.7743,68,163,22,26549
80916,379946.0,3,3,1671,4087 SAMARITAN LOOP,Colorado Springs,Colorado,41087,862.7,El Paso,68391.0,38.80327,-104.71208,68,163,22,26635
80916,399999.0,4,3,1563,3370 AMBERWICK CT,Colorado Springs,Colorado,41087,862.7,El Paso,68391.0,38.80327,-104.71208,68,163,22,26646
80925,529975.0,5,4,3486,10330 DECLARATION DR,Colorado Springs,Colorado,14084,189.4,El Paso,119440.0,38.76156,-104.64441,68,163,22,26960
80917,545000.0,4,3,2363,2629 E SERENDIPITY CIR,Colorado Springs,Colorado,31614,2174.4,El Paso,83184.0,38.88684,-104.74049,68,163,22,26683
80911,372900.0,4,2,1800,7210 GOLDFIELD DR,Colorado Springs,Colorado,36496,1268.3,El Paso,90906.0,38.75325,-104.71955,68,163,22,26587
80923,550000.0,5,4,3373,6340 VICKIE LN,Colorado Springs,Colorado,32050,1771.6,El Paso,109942.0,38.92673,-104.71433,68,163,22,26905
80922,314900.0,3,2,1498,5354 PALOMINO RANCH PT UNIT 205,Colorado Springs,Colorado,29623,1962.6,El Paso,111074.0,38.88996,-104.70084,68,163,22,26873
80909,425000.0,4,2,2220,2009 SNYDER AVE,Colorado Springs,Colorado,37821,1841.6,El Paso,72120.0,38.85255,-104.77434,68,163,22,26532
80922,530830.0,2,2,2842,3902 RYEDALE WAY,Colorado Springs,Colorado,29623,1962.6,El Paso,111074.0,38.88996,-104.70084,68,163,22,26844
80922,432000.0,3,3,1508,3691 MOON RIVER DR,Colorado Springs,Colorado,29623,1962.6,El Paso,111074.0,38.88996,-104.70084,68,163,22,26843
80907,549000.0,2,1,1621,1931 N TEJON ST,Colorado Springs,Colorado,28549,1119.8,El Paso,89203.0,38.87912,-104.82137,68,163,22,26453
80915,300000.0,2,2,1144,1018 LUTHERAN WAY,Colorado Springs,Colorado,22382,1099.9,El Paso,81611.0,38.85271,-104.71652,68,163,22,26618
80916,395000.0,4,2,1785,4015 WYLIE LN,Colorado Springs,Colorado,41087,862.7,El Paso,68391.0,38.80327,-104.71208,68,163,22,26634
80927,633978.0,5,3,3649,9287 MAYFLOWER GULCH WAY,Colorado Springs,Colorado,5231,449.4,El Paso,153811.0,38.92833,-104.65878,68,163,22,27014
80911,310000.0,2,2,1178,6608 BOBTAIL DR,Colorado Springs,Colorado,36496,1268.3,El Paso,90906.0,38.75325,-104.71955,68,163,22,26570
80920,925000.0,5,4,3884,2471 WILLOW GLEN DR,Colorado Springs,Colorado,38988,1212.4,El Paso,128902.0,38.95579,-104.77191,68,163,22,26792
80908,1075000.0,6,5,4281,18015 BAKERS FARM RD,Colorado Springs,Colorado,20622,84.1,El Paso,160845.0,39.0463,-104.69094,68,163,22,26472
80915,274900.0,3,2,1280,1854 LANKA LN,Colorado Springs,Colorado,22382,1099.9,El Paso,81611.0,38.85271,-104.71652,68,163,22,26608
80910,535000.0,5,4,3596,1090 ANTRIM LOOP,Colorado Springs,Colorado,31827,2011.2,El Paso,69434.0,38.81178,-104.7743,68,163,22,26540
80906,1075000.0,4,3,3357,230 SIERRA VISTA DR,Colorado Springs,Colorado,38046,322.3,El Paso,132989.0,38.76744,-104.87023,68,163,22,26421
80911,335000.0,3,1,1164,96 ESTHER DR,Colorado Springs,Colorado,36496,1268.3,El Paso,90906.0,38.75325,-104.71955,68,163,22,26598
80905,297000.0,3,1,894,2003 S CORONA AVE,Colorado Springs,Colorado,16717,1261.9,El Paso,92985.0,38.81855,-104.83649,68,163,22,26380
80908,559900.0,4,2,2323,7125 MCFERRAN RD,Colorado Springs,Colorado,20622,84.1,El Paso,160845.0,39.0463,-104.69094,68,163,22,26506
80951,409900.0,3,4,1750,7917 PARSONAGE LN,Colorado Springs,Colorado,5357,706.9,El Paso,98962.0,38.88396,-104.6558,68,163,22,27042
80923,495000.0,3,3,1828,6685 LUCKY STAR LN,Colorado Springs,Colorado,32050,1771.6,El Paso,109942.0,38.92673,-104.71433,68,163,22,26895
80906,300000.0,1,1,1306,4230 AUTUMN HEIGHTS DR UNIT D,Colorado Springs,Colorado,38046,322.3,El Paso,132989.0,38.76744,-104.87023,68,163,22,26437
80916,395000.0,3,3,1577,2886 MONICA DR W,Colorado Springs,Colorado,41087,862.7,El Paso,68391.0,38.80327,-104.71208,68,163,22,26656
80925,529000.0,4,4,3251,5198 ROUNDHOUSE DR,Colorado Springs,Colorado,14084,189.4,El Paso,119440.0,38.76156,-104.64441,68,163,22,26990
80915,425000.0,3,2,1497,1914 WOOTEN RD,Colorado Springs,Colorado,22382,1099.9,El Paso,81611.0,38.85271,-104.71652,68,163,22,26616
80909,520000.0,3,2,1806,19 N FOOTE AVE,Colorado Springs,Colorado,37821,1841.6,El Paso,72120.0,38.85255,-104.77434,68,163,22,26534
80908,650000.0,3,3,1792,10720 EGERTON RD,Colorado Springs,Colorado,20622,84.1,El Paso,160845.0,39.0463,-104.69094,68,163,22,26475
80908,475000.0,3,3,1838,7280 CEDAR BRUSH CT,Colorado Springs,Colorado,20622,84.1,El Paso,160845.0,39.0463,-104.69094,68,163,22,26494
80903,490000.0,2,2,1399,89 W BOULDER ST,Colorado Springs,Colorado,16844,1209.5,El Paso,73686.0,38.83249,-104.81342,68,163,22,26339
80921,525000.0,3,3,1780,1579 PROMONTORY BLUFF VW,Colorado Springs,Colorado,22725,179.0,El Paso,163704.0,39.02648,-104.88156,68,163,22,26826
80938,683950.0,5,4,3665,5709 ZOUNDS WAY,Colorado Springs,Colorado,565,41.0,El Paso,106290.0,38.90157,-104.65926,68,163,22,27034
80907,405000.0,3,3,1714,3649 CRAGWOOD DR,Colorado Springs,Colorado,28549,1119.8,El Paso,89203.0,38.87912,-104.82137,68,163,22,26449
80927,535000.0,4,3,3285,7151 LAUREL CHERRY CT,Colorado Springs,Colorado,5231,449.4,El Paso,153811.0,38.92833,-104.65878,68,163,22,27018
80919,390000.0,3,1,1200,7208 WHITE BUFFALO RD,Colorado Springs,Colorado,27788,392.0,El Paso,135460.0,38.92797,-104.88025,68,163,22,26771
80909,569000.0,5,3,3080,2502 FAIRVIEW CIR,Colorado Springs,Colorado,37821,1841.6,El Paso,72120.0,38.85255,-104.77434,68,163,22,26523
80915,569900.0,5,4,3429,2035 REED GRASS WAY,Colorado Springs,Colorado,22382,1099.9,El Paso,81611.0,38.85271,-104.71652,68,163,22,26611
80916,265000.0,2,2,985,25 STOVEL CIR,Colorado Springs,Colorado,41087,862.7,El Paso,68391.0,38.80327,-104.71208,68,163,22,26659
80911,420000.0,3,3,2238,6675 PASSING SKY DR,Colorado Springs,Colorado,36496,1268.3,El Paso,90906.0,38.75325,-104.71955,68,163,22,26576
80917,385000.0,4,2,1836,4725 S SPLENDID CIR,Colorado Springs,Colorado,31614,2174.4,El Paso,83184.0,38.88684,-104.74049,68,163,22,26671
80905,275000.0,3,1,894,618 WARREN AVE,Colorado Springs,Colorado,16717,1261.9,El Paso,92985.0,38.81855,-104.83649,68,163,22,26399
80921,699999.0,4,3,4134,260 PAUMA VALLEY DR,Colorado Springs,Colorado,22725,179.0,El Paso,163704.0,39.02648,-104.88156,68,163,22,26816
80903,385000.0,2,2,1573,752 E COSTILLA ST,Colorado Springs,Colorado,16844,1209.5,El Paso,73686.0,38.83249,-104.81342,68,163,22,26333
80904,550000.0,3,2,2549,829 PLEASANT ST,Colorado Springs,Colorado,21162,731.7,El Paso,95588.0,38.86321,-104.87197,68,163,22,26361
80924,425000.0,2,3,1484,10057 VERVAIN VW,Colorado Springs,Colorado,13607,897.9,El Paso,158446.0,38.96727,-104.72199,68,163,22,26926
80920,455000.0,3,3,2010,2712 THRUSH GRV,Colorado Springs,Colorado,38988,1212.4,El Paso,128902.0,38.95579,-104.77191,68,163,22,26801
80920,699900.0,5,4,3959,9195 CHETWOOD DR,Colorado Springs,Colorado,38988,1212.4,El Paso,128902.0,38.95579,-104.77191,68,163,22,26781
80904,850000.0,4,3,3148,3075 VALLEYBROOK LN,Colorado Springs,Colorado,21162,731.7,El Paso,95588.0,38.86321,-104.87197,68,163,22,26356
80908,463952.0,3,2,1542,8157 YELLOWLEAF PL,Colorado Springs,Colorado,20622,84.1,El Paso,160845.0,39.0463,-104.69094,68,163,22,26477
80911,430000.0,3,4,1985,5632 MARABOU WAY,Colorado Springs,Colorado,36496,1268.3,El Paso,90906.0,38.75325,-104.71955,68,163,22,26568
80925,399000.0,3,3,2240,6276 ROUNDUP BUTTE ST,Colorado Springs,Colorado,14084,189.4,El Paso,119440.0,38.76156,-104.64441,68,163,22,26977
80922,425000.0,3,3,1553,7762 MOUNTAIN LAUREL DR,Colorado Springs,Colorado,29623,1962.6,El Paso,111074.0,38.88996,-104.70084,68,163,22,26861
80910,275000.0,2,2,1196,3483 ATLANTIC DR,Colorado Springs,Colorado,31827,2011.2,El Paso,69434.0,38.81178,-104.7743,68,163,22,26549
80917,459900.0,5,3,2388,4837 ESCAPARDO WAY,Colorado Springs,Colorado,31614,2174.4,El Paso,83184.0,38.88684,-104.74049,68,163,22,26692
80920,825000.0,5,4,4190,10250 PINE GLADE DR,Colorado Springs,Colorado,38988,1212.4,El Paso,128902.0,38.95579,-104.77191,68,163,22,26787
80906,350000.0,2,2,1629,4050 AUTUMN HEIGHTS DR UNIT D,Colorado Springs,Colorado,38046,322.3,El Paso,132989.0,38.76744,-104.87023,68,163,22,26426
80922,460000.0,4,4,2994,2945 LEOTI DR,Colorado Springs,Colorado,29623,1962.6,El Paso,111074.0,38.88996,-104.70084,68,163,22,26853
80906,310000.0,3,1,944,1960 SWEARINGER DR,Colorado Springs,Colorado,38046,322.3,El Paso,132989.0,38.76744,-104.87023,68,163,22,26414
80910,324900.0,3,3,1772,426 LAKEWOOD CIR,Colorado Springs,Colorado,31827,2011.2,El Paso,69434.0,38.81178,-104.7743,68,163,22,26548
80923,360000.0,2,3,1430,5433 PROMINENCE PT,Colorado Springs,Colorado,32050,1771.6,El Paso,109942.0,38.92673,-104.71433,68,163,22,26918
80920,620000.0,5,4,3408,8785 QUAIL GLEN DR,Colorado Springs,Colorado,38988,1212.4,El Paso,128902.0,38.95579,-104.77191,68,163,22,26803
80908,1679500.0,5,5,5210,12860 ABERT WAY,Colorado Springs,Colorado,20622,84.1,El Paso,160845.0,39.0463,-104.69094,68,163,22,26487
80918,169500.0,1,1,561,5038 EL CAMINO DR APT 52,Colorado Springs,Colorado,48404,1559.6,El Paso,102288.0,38.91156,-104.78032,68,163,22,26709
80915,350000.0,4,3,1888,1503 CONWAY DR,Colorado Springs,Colorado,22382,1099.9,El Paso,81611.0,38.85271,-104.71652,68,163,22,26615
80917,505000.0,5,4,2838,5205 WHIP TRL,Colorado Springs,Colorado,31614,2174.4,El Paso,83184.0,38.88684,-104.74049,68,163,22,26704
80927,590000.0,3,3,3003,6439 FOREST THORN CT,Colorado Springs,Colorado,5231,449.4,El Paso,153811.0,38.92833,-104.65878,68,163,22,27013
80924,425000.0,2,3,1484,10057 VERVAIN VW,Colorado Springs,Colorado,13607,897.9,El Paso,158446.0,38.96727,-104.72199,68,163,22,26926
80907,650000.0,3,1,1882,102 E JEFFERSON ST,Colorado Springs,Colorado,28549,1119.8,El Paso,89203.0,38.87912,-104.82137,68,163,22,26454
80925,530000.0,5,3,3004,6851 MANDAN DR,Colorado Springs,Colorado,14084,189.4,El Paso,119440.0,38.76156,-104.64441,68,163,22,26949
80918,410000.0,4,2,1600,5345 DEL PAZ DR,Colorado Springs,Colorado,48404,1559.6,El Paso,102288.0,38.91156,-104.78032,68,163,22,26724
80911,330000.0,3,1,925,113 KIVA RD,Colorado Springs,Colorado,36496,1268.3,El Paso,90906.0,38.75325,-104.71955,68,163,22,26578
80919,459900.0,3,3,1533,5818 WISTERIA DR,Colorado Springs,Colorado,27788,392.0,El Paso,135460.0,38.92797,-104.88025,68,163,22,26750
80922,455000.0,3,3,1915,4699 LARAMIE SKY DR,Colorado Springs,Colorado,29623,1962.6,El Paso,111074.0,38.88996,-104.70084,68,163,22,26845
80908,561860.0,3,3,2999,8162 GOLDENRAY PL,Colorado Springs,Colorado,20622,84.1,El Paso,160845.0,39.0463,-104.69094,68,163,22,26466
80907,120000.0,3,2,1792,3405 SINTON RD,Colorado Springs,Colorado,28549,1119.8,El Paso,89203.0,38.87912,-104.82137,68,163,22,26450
80909,420000.0,4,3,2477,1423 TWEED ST,Colorado Springs,Colorado,37821,1841.6,El Paso,72120.0,38.85255,-104.77434,68,163,22,26531
80907,815000.0,8,4,2808,4230 FORREST HILL RD,Colorado Springs,Colorado,28549,1119.8,El Paso,89203.0,38.87912,-104.82137,68,163,22,26457
80927,445000.0,3,2,1780,5752 TRAMORE CT,Colorado Springs,Colorado,5231,449.4,El Paso,153811.0,38.92833,-104.65878,68,163,22,27015
80910,184900.0,2,2,1072,434 VALLEY HI CIR APT B24,Colorado Springs,Colorado,31827,2011.2,El Paso,69434.0,38.81178,-104.7743,68,163,22,26559
80923,465000.0,3,3,2646,7622 DERRINGER PT,Colorado Springs,Colorado,32050,1771.6,El Paso,109942.0,38.92673,-104.71433,68,163,22,26899
80925,442000.0,4,3,1996,10465 CASTOR DR,Colorado Springs,Colorado,14084,189.4,El Paso,119440.0,38.76156,-104.64441,68,163,22,26961
80915,425000.0,6,2,2028,6655 PAWNEE CIR,Colorado Springs,Colorado,22382,1099.9,El Paso,81611.0,38.85271,-104.71652,68,163,22,26619
80925,462810.0,3,3,1916,11419 SANDERLING ST,Colorado Springs,Colorado,14084,189.4,El Paso,119440.0,38.76156,-104.64441,68,163,22,26985
80918,450000.0,4,4,2775,6015 BREEZE CT,Colorado Springs,Colorado,48404,1559.6,El Paso,102288.0,38.91156,-104.78032,68,163,22,26732
80911,399900.0,4,2,1796,7545 SUNBEAM WAY,Colorado Springs,Colorado,36496,1268.3,El Paso,90906.0,38.75325,-104.71955,68,163,22,26596
80921,660000.0,5,4,3936,216 CAPRICE CT,Colorado Springs,Colorado,22725,179.0,El Paso,163704.0,39.02648,-104.88156,68,163,22,26821
80925,474950.0,3,3,1831,8261 BUFFALO HORN DR,Colorado Springs,Colorado,14084,189.4,El Paso,119440.0,38.76156,-104.64441,68,163,22,26951
80917,439900.0,4,2,2142,3215 RAINDROP DR,Colorado Springs,Colorado,31614,2174.4,El Paso,83184.0,38.88684,-104.74049,68,163,22,26674
80904,300000.0,2,2,1195,2931 MESA RD APT A,Colorado Springs,Colorado,21162,731.7,El Paso,95588.0,38.86321,-104.87197,68,163,22,26350
80904,550000.0,2,2,1883,3670 CAMELS RIDGE LN,Colorado Springs,Colorado,21162,731.7,El Paso,95588.0,38.86321,-104.87197,68,163,22,26354
80922,563834.0,3,3,1783,3118 MONTELUNA GROVE,Colorado Springs,Colorado,29623,1962.6,El Paso,111074.0,38.88996,-104.70084,68,163,22,26865
80922,559793.0,4,3,2842,4023 RYEDALE WAY,Colorado Springs,Colorado,29623,1962.6,El Paso,111074.0,38.88996,-104.70084,68,163,22,26846
80916,329900.0,3,3,1501,3978 WARTHOG HTS,Colorado Springs,Colorado,41087,862.7,El Paso,68391.0,38.80327,-104.71208,68,163,22,26663
80908,475000.0,4,3,1994,7627 FOREST VALLEY LOOP,Colorado Springs,Colorado,20622,84.1,El Paso,160845.0,39.0463,-104.69094,68,163,22,26492
80924,825000.0,4,4,3982,9226 GLITTER WAY,Colorado Springs,Colorado,13607,897.9,El Paso,158446.0,38.96727,-104.72199,68,163,22,26924
80922,474900.0,3,3,2164,6855 DONNELAITH PL,Colorado Springs,Colorado,29623,1962.6,El Paso,111074.0,38.88996,-104.70084,68,163,22,26849
80919,330000.0,2,3,1416,1428 TERRITORY TRL,Colorado Springs,Colorado,27788,392.0,El Paso,135460.0,38.92797,-104.88025,68,163,22,26754
80924,654000.0,5,4,3636,8883 STONY CREEK DR,Colorado Springs,Colorado,13607,897.9,El Paso,158446.0,38.96727,-104.72199,68,163,22,26920
80904,675000.0,4,4,2292,2826 W PLATTE AVE,Colorado Springs,Colorado,21162,731.7,El Paso,95588.0,38.86321,-104.87197,68,163,22,26364
80916,415000.0,4,3,1725,4556 TETMAN LN,Colorado Springs,Colorado,41087,862.7,El Paso,68391.0,38.80327,-104.71208,68,163,22,26665
80905,339000.0,1,1,1269,111 S 8TH ST,Colorado Springs,Colorado,16717,1261.9,El Paso,92985.0,38.81855,-104.83649,68,163,22,26398
80916,350000.0,3,2,1262,4517 FENTON RD,Colorado Springs,Colorado,41087,862.7,El Paso,68391.0,38.80327,-104.71208,68,163,22,26640
80906,335000.0,2,2,1336,620 SAN GABRIEL PL,Colorado Springs,Colorado,38046,322.3,El Paso,132989.0,38.76744,-104.87023,68,163,22,26442
80920,449900.0,3,3,1318,2145 NORWICH DR,Colorado Springs,Colorado,38988,1212.4,El Paso,128902.0,38.95579,-104.77191,68,163,22,26795
80908,2750000.0,4,4,3956,16850 STEPPLER RD,Colorado Springs,Colorado,20622,84.1,El Paso,160845.0,39.0463,-104.69094,68,163,22,26481
80904,450000.0,5,2,1662,730 N 25TH ST,Colorado Springs,Colorado,21162,731.7,El Paso,95588.0,38.86321,-104.87197,68,163,22,26358
80906,989000.0,5,4,4917,375 OAKHURST LN,Colorado Springs,Colorado,38046,322.3,El Paso,132989.0,38.76744,-104.87023,68,163,22,26415
80905,349900.0,2,1,1170,1601 NAVAJO CIR,Colorado Springs,Colorado,16717,1261.9,El Paso,92985.0,38.81855,-104.83649,68,163,22,26390
80927,598500.0,4,3,3342,7119 FAUNA GLEN DR,Colorado Springs,Colorado,5231,449.4,El Paso,153811.0,38.92833,-104.65878,68,163,22,27024
80917,430000.0,3,3,1618,4885 W OLD FARM CIR,Colorado Springs,Colorado,31614,2174.4,El Paso,83184.0,38.88684,-104.74049,68,163,22,26700
80904,199000.0,2,1,717,1422 W VERMIJO AVE,Colorado Springs,Colorado,21162,731.7,El Paso,95588.0,38.86321,-104.87197,68,163,22,26374
80919,775000.0,4,3,3011,525 POPES VALLEY DR,Colorado Springs,Colorado,27788,392.0,El Paso,135460.0,38.92797,-104.88025,68,163,22,26755
80920,495700.0,3,3,1922,8475 CONTRAILS DR,Colorado Springs,Colorado,38988,1212.4,El Paso,128902.0,38.95579,-104.77191,68,163,22,26779
80919,865000.0,5,4,4730,6203 WINTER HAVEN DR,Colorado Springs,Colorado,27788,392.0,El Paso,135460.0,38.92797,-104.88025,68,163,22,26761
80918,370000.0,2,3,1277,2216 PALM DR,Colorado Springs,Colorado,48404,1559.6,El Paso,102288.0,38.91156,-104.78032,68,163,22,26731
80908,1130000.0,5,6,5315,19520 STILL GLEN DR,Colorado Springs,Colorado,20622,84.1,El Paso,160845.0,39.0463,-104.69094,68,163,22,26480
80904,565000.0,2,3,2249,1019 RACE ST,Colorado Springs,Colorado,21162,731.7,El Paso,95588.0,38.86321,-104.87197,68,163,22,26377
80918,380000.0,4,2,1560,4659 RIDGEGLEN RD,Colorado Springs,Colorado,48404,1559.6,El Paso,102288.0,38.91156,-104.78032,68,163,22,26718
80906,325000.0,2,3,1416,3231 APOGEE VW,Colorado Springs,Colorado,38046,322.3,El Paso,132989.0,38.76744,-104.87023,68,163,22,26410
80915,399000.0,3,3,2063,6720 KRISTY LN,Colorado Springs,Colorado,22382,1099.9,El Paso,81611.0,38.85271,-104.71652,68,163,22,26617
80924,635000.0,4,3,2630,8529 JACKS FORK DR,Colorado Springs,Colorado,13607,897.9,El Paso,158446.0,38.96727,-104.72199,68,163,22,26934
80906,350000.0,2,2,1353,4050 AUTUMN HEIGHTS DR UNIT D,Colorado Springs,Colorado,38046,322.3,El Paso,132989.0,38.76744,-104.87023,68,163,22,26426
80908,525000.0,3,3,2723,8851 DRY NEEDLE PL,Colorado Springs,Colorado,20622,84.1,El Paso,160845.0,39.0463,-104.69094,68,163,22,26467
80908,1400000.0,5,6,6273,4538 SETTLERS RANCH RD,Colorado Springs,Colorado,20622,84.1,El Paso,160845.0,39.0463,-104.69094,68,163,22,26505
80906,1725000.0,5,5,4576,3 BROADMOOR AVE,Colorado Springs,Colorado,38046,322.3,El Paso,132989.0,38.76744,-104.87023,68,163,22,26423
80923,559000.0,4,3,2602,6898 TULLAMORE DR,Colorado Springs,Colorado,32050,1771.6,El Paso,109942.0,38.92673,-104.71433,68,163,22,26890
80909,315000.0,3,2,1497,1449 SWOPE AVE,Colorado Springs,Colorado,37821,1841.6,El Paso,72120.0,38.85255,-104.77434,68,163,22,26530
80910,200000.0,1,1,864,411 LAKEWOOD CIR APT A906,Colorado Springs,Colorado,31827,2011.2,El Paso,69434.0,38.81178,-104.7743,68,163,22,26566
80916,430000.0,2,3,1603,628 PRAIRIE STAR CIR,Colorado Springs,Colorado,41087,862.7,El Paso,68391.0,38.80327,-104.71208,68,163,22,26645
80903,385000.0,3,2,1730,948 E FOUNTAIN BLVD,Colorado Springs,Colorado,16844,1209.5,El Paso,73686.0,38.83249,-104.81342,68,163,22,26329
80924,675000.0,5,3,3448,10021 THRIVE LN,Colorado Springs,Colorado,13607,897.9,El Paso,158446.0,38.96727,-104.72199,68,163,22,26938
80904,345000.0,3,2,1595,2575 WHEATON DR,Colorado Springs,Colorado,21162,731.7,El Paso,95588.0,38.86321,-104.87197,68,163,22,26362
80925,425000.0,3,3,1351,7530 SILVER BOW DR,Colorado Springs,Colorado,14084,189.4,El Paso,119440.0,38.76156,-104.64441,68,163,22,26958
80910,195000.0,2,2,1191,2902 AIRPORT RD APT 211,Colorado Springs,Colorado,31827,2011.2,El Paso,69434.0,38.81178,-104.7743,68,163,22,26547
80924,807888.0,4,3,3784,6379 MONDRIAN WAY,Colorado Springs,Colorado,13607,897.9,El Paso,158446.0,38.96727,-104.72199,68,163,22,26940
80923,500000.0,3,3,1920,4942 SPOTTED HORSE DR,Colorado Springs,Colorado,32050,1771.6,El Paso,109942.0,38.92673,-104.71433,68,163,22,26897
80920,519900.0,5,4,2540,5122 HERNDON CIR,Colorado Springs,Colorado,38988,1212.4,El Paso,128902.0,38.95579,-104.77191,68,163,22,26796
80904,525000.0,2,3,1761,3850 CAMELS RIDGE LN,Colorado Springs,Colorado,21162,731.7,El Paso,95588.0,38.86321,-104.87197,68,163,22,26353
80925,452000.0,4,3,2194,6960 YAZOO DR,Colorado Springs,Colorado,14084,189.4,El Paso,119440.0,38.76156,-104.64441,68,163,22,26989
80927,375000.0,2,3,1280,9383 CASHEL TRL,Colorado Springs,Colorado,5231,449.4,El Paso,153811.0,38.92833,-104.65878,68,163,22,27009
80919,650000.0,4,3,2520,5345 AUTUMN HILLS CT,Colorado Springs,Colorado,27788,392.0,El Paso,135460.0,38.92797,-104.88025,68,163,22,26764
80921,699000.0,3,4,3388,12941 SERENITY PARK DR,Colorado Springs,Colorado,22725,179.0,El Paso,163704.0,39.02648,-104.88156,68,163,22,26818
80911,365000.0,4,2,1692,506 QUEBEC PL,Colorado Springs,Colorado,36496,1268.3,El Paso,90906.0,38.75325,-104.71955,68,163,22,26597
80910,470000.0,4,3,3091,1546 GRAND OVERLOOK ST,Colorado Springs,Colorado,31827,2011.2,El Paso,69434.0,38.81178,-104.7743,68,163,22,26545
80918,499900.0,4,3,2229,4506 RANCH CIR,Colorado Springs,Colorado,48404,1559.6,El Paso,102288.0,38.91156,-104.78032,68,163,22,26728
80909,460000.0,3,2,2878,2732 E DALE ST,Colorado Springs,Colorado,37821,1841.6,El Paso,72120.0,38.85255,-104.77434,68,163,22,26524
80921,859000.0,5,4,4111,1198 CRYSTAL BASIN DR,Colorado Springs,Colorado,22725,179.0,El Paso,163704.0,39.02648,-104.88156,68,163,22,26810
80905,169500.0,1,1,670,777 SATURN DR UNIT 506,Colorado Springs,Colorado,16717,1261.9,El Paso,92985.0,38.81855,-104.83649,68,163,22,26387
80925,445000.0,3,3,1702,6145 WHITE WOLF PT,Colorado Springs,Colorado,14084,189.4,El Paso,119440.0,38.76156,-104.64441,68,163,22,26965
80919,635000.0,5,4,3552,6175 MOORFIELD AVE,Colorado Springs,Colorado,27788,392.0,El Paso,135460.0,38.92797,-104.88025,68,163,22,26763
80908,2900000.0,5,8,9532,6185 CONNAUGHT DR,Colorado Springs,Colorado,20622,84.1,El Paso,160845.0,39.0463,-104.69094,68,163,22,26470
80910,369900.0,3,2,2028,2007 CAPULIN DR,Colorado Springs,Colorado,31827,2011.2,El Paso,69434.0,38.81178,-104.7743,68,163,22,26541
80917,389900.0,3,2,1780,4620 ADIEU CIR,Colorado Springs,Colorado,31614,2174.4,El Paso,83184.0,38.88684,-104.74049,68,163,22,26680
80925,614000.0,5,5,4022,7895 DUTCH LOOP,Colorado Springs,Colorado,14084,189.4,El Paso,119440.0,38.76156,-104.64441,68,163,22,26986
80921,650000.0,4,4,3462,1474 LILY LAKE DR,Colorado Springs,Colorado,22725,179.0,El Paso,163704.0,39.02648,-104.88156,68,163,22,26829
80925,505000.0,4,3,2365,7269 BIGTOOTH MAPLE DR,Colorado Springs,Colorado,14084,189.4,El Paso,119440.0,38.76156,-104.64441,68,163,22,26998
80925,434780.0,3,3,2507,5191 ROUNDHOUSE DR,Colorado Springs,Colorado,14084,189.4,El Paso,119440.0,38.76156,-104.64441,68,163,22,26962
80915,274900.0,3,2,1280,1854 LANKA LN,Colorado Springs,Colorado,22382,1099.9,El Paso,81611.0,38.85271,-104.71652,68,163,22,26608
80911,379900.0,4,2,1826,2537 IVANHOE DR,Colorado Springs,Colorado,36496,1268.3,El Paso,90906.0,38.75325,-104.71955,68,163,22,26586
80925,400000.0,3,3,1684,4341 BRAMBLE LN,Colorado Springs,Colorado,14084,189.4,El Paso,119440.0,38.76156,-104.64441,68,163,22,26956
80915,229000.0,2,2,960,1327 SOARING EAGLE DR,Colorado Springs,Colorado,22382,1099.9,El Paso,81611.0,38.85271,-104.71652,68,163,22,26621
80924,695000.0,6,4,3064,5617 MAKALU DR,Colorado Springs,Colorado,13607,897.9,El Paso,158446.0,38.96727,-104.72199,68,163,22,26919
80903,600000.0,2,2,1059,926 N WAHSATCH AVE,Colorado Springs,Colorado,16844,1209.5,El Paso,73686.0,38.83249,-104.81342,68,163,22,26343
80906,475000.0,4,3,2820,3430 OAK CREEK DR E,Colorado Springs,Colorado,38046,322.3,El Paso,132989.0,38.76744,-104.87023,68,163,22,26425
80925,555000.0,4,4,3341,7529 BONTERRA LN,Colorado Springs,Colorado,14084,189.4,El Paso,119440.0,38.76156,-104.64441,68,163,22,26983
80919,499000.0,4,4,3137,725 BIG VALLEY DR,Colorado Springs,Colorado,27788,392.0,El Paso,135460.0,38.92797,-104.88025,68,163,22,26773
80903,339900.0,2,2,980,417 E KIOWA ST UNIT 806,Colorado Springs,Colorado,16844,1209.5,El Paso,73686.0,38.83249,-104.81342,68,163,22,26336
