Zip Code,Price,Beds,Baths,Living Space,Address,City,State,Zip Code Population,Zip Code Density,County,Median Household Income,Latitude,Longitude,county_num,city_num,state_num,address_num
19119,250000.0,4,1,1580,758 CARPENTER LN,Philadelphia,Pennsylvania,29206,3313.6,Philadelphia,120369.0,40.05303,-75.19223,6,40,1,622
19130,679000.0,3,3,1755,827 N 25TH ST,Philadelphia,Pennsylvania,29378,9166.1,Philadelphia,138891.0,39.9676,-75.17495,6,40,1,801
19134,209900.0,3,1,1086,3145 ARAMINGO AVE,Philadelphia,Pennsylvania,59590,6676.6,Philadelphia,53460.0,39.98953,-75.10838,6,40,1,861
19124,150000.0,3,1,960,2005 CHURCH ST,Philadelphia,Pennsylvania,71496,5365.8,Philadelphia,65736.0,40.01728,-75.09387,6,40,1,712
19138,275000.0,4,3,1194,7159 ANDREWS AVE,Philadelphia,Pennsylvania,33197,7265.4,Philadelphia,61093.0,40.05594,-75.15947,6,40,1,933
19133,362500.0,4,3,2300,2529 N MASCHER ST,Philadelphia,Pennsylvania,25893,7791.3,Philadelphia,45818.0,39.99238,-75.14149,6,40,1,854
19128,899000.0,5,3,4100,952 E CATHEDRAL RD,Philadelphia,Pennsylvania,38840,2147.0,Philadelphia,107171.0,40.05003,-75.23003,6,40,1,777
19146,685000.0,3,4,2350,1330 S WOODSTOCK ST,Philadelphia,Pennsylvania,40983,9178.7,Philadelphia,129271.0,39.93917,-75.18398,6,40,1,1106
19122,499000.0,3,3,2034,1220 GERMANTOWN AVE,Philadelphia,Pennsylvania,22080,6592.2,Philadelphia,87642.0,39.97767,-75.14571,6,40,1,686
19103,329900.0,1,1,614,219 S 18TH ST # 806,Philadelphia,Pennsylvania,25368,15173.9,Philadelphia,159697.0,39.95303,-75.17386,6,40,1,530
19146,675000.0,3,4,2350,1325 S CAPITOL ST,Philadelphia,Pennsylvania,40983,9178.7,Philadelphia,129271.0,39.93917,-75.18398,6,40,1,1105
19151,170000.0,3,2,1408,6457 MORRIS PARK RD,Philadelphia,Pennsylvania,31815,5121.3,Philadelphia,70134.0,39.97562,-75.25616,6,40,1,1235
19133,95000.0,2,1,625,2668 N ORKNEY ST,Philadelphia,Pennsylvania,25893,7791.3,Philadelphia,45818.0,39.99238,-75.14149,6,40,1,851
19103,419000.0,1,1,715,1917 SPRUCE ST APT C,Philadelphia,Pennsylvania,25368,15173.9,Philadelphia,159697.0,39.95303,-75.17386,6,40,1,533
19119,335000.0,3,3,1600,221 W SEDGWICK ST,Philadelphia,Pennsylvania,29206,3313.6,Philadelphia,120369.0,40.05303,-75.19223,6,40,1,626
19149,170900.0,2,1,693,1607 CRESTON ST,Philadelphia,Pennsylvania,59899,9687.9,Philadelphia,67745.0,40.03781,-75.06544,6,40,1,1205
19134,199700.0,3,1,1156,2538 E CLEARFIELD ST,Philadelphia,Pennsylvania,59590,6676.6,Philadelphia,53460.0,39.98953,-75.10838,6,40,1,875
19141,255000.0,3,3,1596,1701 W GRANGE AVE,Philadelphia,Pennsylvania,33641,7441.8,Philadelphia,51264.0,40.03788,-75.14541,6,40,1,988
19151,225000.0,3,3,1300,6639 LEEDS ST,Philadelphia,Pennsylvania,31815,5121.3,Philadelphia,70134.0,39.97562,-75.25616,6,40,1,1233
19145,324900.0,3,2,1200,1836 S 29TH ST,Philadelphia,Pennsylvania,45101,3631.1,Philadelphia,88659.0,39.91469,-75.19194,6,40,1,1066
19152,360000.0,3,3,1104,1825 TOLBUT ST,Philadelphia,Pennsylvania,35528,4759.9,Philadelphia,82402.0,40.06158,-75.04663,6,40,1,1247
19124,199900.0,5,2,1440,4333 WORTH ST,Philadelphia,Pennsylvania,71496,5365.8,Philadelphia,65736.0,40.01728,-75.09387,6,40,1,715
19132,90000.0,2,1,924,2736 N OPAL ST,Philadelphia,Pennsylvania,32802,5879.3,Philadelphia,48243.0,39.99649,-75.17102,6,40,1,840
19139,155000.0,3,2,1160,162 N 62ND ST,Philadelphia,Pennsylvania,45642,9964.3,Philadelphia,58668.0,39.96144,-75.22964,6,40,1,955
19121,255000.0,3,1,1050,1833 N NEWKIRK ST,Philadelphia,Pennsylvania,34702,5660.1,Philadelphia,60326.0,39.98231,-75.17995,6,40,1,677
19136,79900.0,3,1,1248,4317 SHEFFIELD AVE,Philadelphia,Pennsylvania,37193,2992.9,Philadelphia,80802.0,40.03973,-75.01932,6,40,1,907
19103,2350000.0,6,3,4694,2024 DELANCEY PL,Philadelphia,Pennsylvania,25368,15173.9,Philadelphia,159697.0,39.95303,-75.17386,6,40,1,534
19119,659000.0,6,3,2915,420 W UPSAL ST,Philadelphia,Pennsylvania,29206,3313.6,Philadelphia,120369.0,40.05303,-75.19223,6,40,1,620
19125,350000.0,3,2,1935,434 MOYER ST,Philadelphia,Pennsylvania,24948,7123.8,Philadelphia,115644.0,39.97611,-75.12472,6,40,1,740
19148,314000.0,3,1,970,535 SIGEL ST,Philadelphia,Pennsylvania,51010,4652.6,Philadelphia,89150.0,39.91175,-75.1514,6,40,1,1193
19121,345000.0,2,2,1230,3132 W MASTER ST,Philadelphia,Pennsylvania,34702,5660.1,Philadelphia,60326.0,39.98231,-75.17995,6,40,1,664
19124,239900.0,4,2,1960,4340 MALTA ST,Philadelphia,Pennsylvania,71496,5365.8,Philadelphia,65736.0,40.01728,-75.09387,6,40,1,723
19128,319000.0,2,2,1015,6160 LAWNTON ST,Philadelphia,Pennsylvania,38840,2147.0,Philadelphia,107171.0,40.05003,-75.23003,6,40,1,780
19150,299000.0,3,2,1383,8622 TEMPLE RD,Philadelphia,Pennsylvania,22760,5942.5,Philadelphia,73243.0,40.07251,-75.17165,6,40,1,1229
19139,69000.0,3,1,1114,26 N CONESTOGA ST,Philadelphia,Pennsylvania,45642,9964.3,Philadelphia,58668.0,39.96144,-75.22964,6,40,1,944
19135,115900.0,3,1,1134,6820 MARSDEN ST,Philadelphia,Pennsylvania,36304,6187.2,Philadelphia,69853.0,40.02192,-75.04966,6,40,1,891
19134,75000.0,2,1,968,2833 N LEE ST,Philadelphia,Pennsylvania,59590,6676.6,Philadelphia,53460.0,39.98953,-75.10838,6,40,1,860
19139,185000.0,3,2,1092,40 N REDFIELD ST,Philadelphia,Pennsylvania,45642,9964.3,Philadelphia,58668.0,39.96144,-75.22964,6,40,1,950
19135,149000.0,3,1,1200,6624 HEGERMAN ST,Philadelphia,Pennsylvania,36304,6187.2,Philadelphia,69853.0,40.02192,-75.04966,6,40,1,898
19144,200000.0,4,2,1440,123 E MAYLAND ST,Philadelphia,Pennsylvania,46854,5041.4,Philadelphia,61854.0,40.03278,-75.17523,6,40,1,1049
19129,300000.0,3,1,1120,3435 VAUX ST,Philadelphia,Pennsylvania,11551,2174.1,Philadelphia,115650.0,40.01338,-75.18454,6,40,1,783
19129,265000.0,4,2,1192,3252 N NEWKIRK ST,Philadelphia,Pennsylvania,11551,2174.1,Philadelphia,115650.0,40.01338,-75.18454,6,40,1,787
19134,327700.0,3,2,1284,3137 CEDAR ST,Philadelphia,Pennsylvania,59590,6676.6,Philadelphia,53460.0,39.98953,-75.10838,6,40,1,858
19128,299900.0,2,2,1556,411 PAOLI AVE,Philadelphia,Pennsylvania,38840,2147.0,Philadelphia,107171.0,40.05003,-75.23003,6,40,1,770
19131,385000.0,4,3,2596,5702 OVERBROOK AVE,Philadelphia,Pennsylvania,44791,3280.7,Philadelphia,60575.0,39.98865,-75.21835,6,40,1,817
19135,204999.0,3,2,960,6336 ALGARD ST,Philadelphia,Pennsylvania,36304,6187.2,Philadelphia,69853.0,40.02192,-75.04966,6,40,1,892
19144,72000.0,2,1,74340,5720 WISSAHICKON AVE APT B10,Philadelphia,Pennsylvania,46854,5041.4,Philadelphia,61854.0,40.03278,-75.17523,6,40,1,1051
19125,220000.0,2,2,956,2618 ALMOND ST,Philadelphia,Pennsylvania,24948,7123.8,Philadelphia,115644.0,39.97611,-75.12472,6,40,1,749
19139,200000.0,2,1,900,160 N DEARBORN ST,Philadelphia,Pennsylvania,45642,9964.3,Philadelphia,58668.0,39.96144,-75.22964,6,40,1,942
19107,635000.0,2,2,980,204 S DELHI ST # R2,Philadelphia,Pennsylvania,14984,10634.5,Philadelphia,105692.0,39.9518,-75.15864,6,40,1,561
19121,42900.0,3,1,876,2156 N NEWKIRK ST,Philadelphia,Pennsylvania,34702,5660.1,Philadelphia,60326.0,39.98231,-75.17995,6,40,1,662
19143,189000.0,3,1,1088,6202 HAZEL AVE,Philadelphia,Pennsylvania,63861,7914.0,Philadelphia,61781.0,39.94315,-75.22664,6,40,1,1035
19140,134900.0,3,2,1320,4441 N 5TH ST,Philadelphia,Pennsylvania,54831,6715.9,Philadelphia,44659.0,40.01224,-75.14512,6,40,1,957
19145,359900.0,2,2,1024,1714 WATKINS ST,Philadelphia,Pennsylvania,45101,3631.1,Philadelphia,88659.0,39.91469,-75.19194,6,40,1,1067
19111,290000.0,3,3,1550,814 KERPER ST,Philadelphia,Pennsylvania,68452,5454.3,Philadelphia,77163.0,40.06065,-75.08019,6,40,1,572
19143,239900.0,4,3,960,1014 S 56TH ST,Philadelphia,Pennsylvania,63861,7914.0,Philadelphia,61781.0,39.94315,-75.22664,6,40,1,1019
19120,219000.0,3,2,1560,5629 N FAIRHILL ST,Philadelphia,Pennsylvania,73896,8821.9,Philadelphia,62768.0,40.03417,-75.11986,6,40,1,646
19154,284900.0,2,2,900,245 GOODFORD RD,Philadelphia,Pennsylvania,34803,2100.3,Philadelphia,102138.0,40.0951,-74.98159,6,40,1,1266
19125,575000.0,4,3,2400,2511 EMERALD ST,Philadelphia,Pennsylvania,24948,7123.8,Philadelphia,115644.0,39.97611,-75.12472,6,40,1,748
19104,759000.0,5,2,2760,3710 HAMILTON ST,Philadelphia,Pennsylvania,52126,6575.6,Philadelphia,54629.0,39.95891,-75.19836,6,40,1,544
19133,362500.0,4,3,2300,2527 N MASCHER ST,Philadelphia,Pennsylvania,25893,7791.3,Philadelphia,45818.0,39.99238,-75.14149,6,40,1,848
19120,90000.0,3,1,1560,445 W ROOSEVELT BLVD,Philadelphia,Pennsylvania,73896,8821.9,Philadelphia,62768.0,40.03417,-75.11986,6,40,1,650
19152,348000.0,3,3,1552,3033 NESPER ST,Philadelphia,Pennsylvania,35528,4759.9,Philadelphia,82402.0,40.06158,-75.04663,6,40,1,1239
19146,380000.0,2,2,1354,2721 LATONA ST,Philadelphia,Pennsylvania,40983,9178.7,Philadelphia,129271.0,39.93917,-75.18398,6,40,1,1135
19146,975000.0,3,4,2800,924 S BONSALL ST,Philadelphia,Pennsylvania,40983,9178.7,Philadelphia,129271.0,39.93917,-75.18398,6,40,1,1133
19141,135000.0,3,2,1808,4906 OLD YORK RD,Philadelphia,Pennsylvania,33641,7441.8,Philadelphia,51264.0,40.03788,-75.14541,6,40,1,982
19147,674500.0,4,3,2187,827 DICKINSON ST,Philadelphia,Pennsylvania,39335,11352.6,Philadelphia,154389.0,39.93645,-75.15468,6,40,1,1145
19131,269900.0,3,2,1284,1704 N 57TH ST,Philadelphia,Pennsylvania,44791,3280.7,Philadelphia,60575.0,39.98865,-75.21835,6,40,1,816
19115,389900.0,5,3,1200,9819 HALDEMAN AVE,Philadelphia,Pennsylvania,35901,2685.3,Philadelphia,99941.0,40.09094,-75.04595,6,40,1,601
19125,635000.0,3,4,2400,2328 COLLINS ST,Philadelphia,Pennsylvania,24948,7123.8,Philadelphia,115644.0,39.97611,-75.12472,6,40,1,732
19133,265000.0,5,4,1908,2816 N 11TH ST,Philadelphia,Pennsylvania,25893,7791.3,Philadelphia,45818.0,39.99238,-75.14149,6,40,1,849
19146,219900.0,2,1,948,2106 CROSS ST,Philadelphia,Pennsylvania,40983,9178.7,Philadelphia,129271.0,39.93917,-75.18398,6,40,1,1112
19148,139500.0,2,2,944,2417 S BEULAH ST,Philadelphia,Pennsylvania,51010,4652.6,Philadelphia,89150.0,39.91175,-75.1514,6,40,1,1164
19147,267000.0,2,1,1008,610 S CLIFTON ST,Philadelphia,Pennsylvania,39335,11352.6,Philadelphia,154389.0,39.93645,-75.15468,6,40,1,1142
19149,299000.0,3,1,1272,7128 RUTLAND ST,Philadelphia,Pennsylvania,59899,9687.9,Philadelphia,67745.0,40.03781,-75.06544,6,40,1,1225
19103,350000.0,1,1,707,2429 LOCUST ST APT 516,Philadelphia,Pennsylvania,25368,15173.9,Philadelphia,159697.0,39.95303,-75.17386,6,40,1,535
19111,309900.0,3,3,1332,1029 KERPER ST,Philadelphia,Pennsylvania,68452,5454.3,Philadelphia,77163.0,40.06065,-75.08019,6,40,1,571
19145,299000.0,3,2,940,2418 S CHADWICK ST,Philadelphia,Pennsylvania,45101,3631.1,Philadelphia,88659.0,39.91469,-75.19194,6,40,1,1074
19130,1150000.0,5,4,2484,880 N 20TH ST,Philadelphia,Pennsylvania,29378,9166.1,Philadelphia,138891.0,39.9676,-75.17495,6,40,1,800
19131,499900.0,4,5,3840,4901 PARKSIDE AVE,Philadelphia,Pennsylvania,44791,3280.7,Philadelphia,60575.0,39.98865,-75.21835,6,40,1,819
19116,375999.0,3,2,1224,807 AVON RD,Philadelphia,Pennsylvania,33573,2482.7,Philadelphia,86502.0,40.11655,-75.01399,6,40,1,612
19144,165900.0,3,2,1226,5124 MARION ST,Philadelphia,Pennsylvania,46854,5041.4,Philadelphia,61854.0,40.03278,-75.17523,6,40,1,1065
19147,750000.0,4,3,1888,416 S 11TH ST,Philadelphia,Pennsylvania,39335,11352.6,Philadelphia,154389.0,39.93645,-75.15468,6,40,1,1154
19138,344900.0,4,2,1890,5910 DEVON PL,Philadelphia,Pennsylvania,33197,7265.4,Philadelphia,61093.0,40.05594,-75.15947,6,40,1,924
19122,695000.0,3,3,2508,1347 N HANCOCK ST,Philadelphia,Pennsylvania,22080,6592.2,Philadelphia,87642.0,39.97767,-75.14571,6,40,1,683
19141,190000.0,3,2,1120,1525 W CHAMPLOST ST,Philadelphia,Pennsylvania,33641,7441.8,Philadelphia,51264.0,40.03788,-75.14541,6,40,1,991
19146,145000.0,3,2,1050,1545 S 30TH ST,Philadelphia,Pennsylvania,40983,9178.7,Philadelphia,129271.0,39.93917,-75.18398,6,40,1,1101
19147,639900.0,3,2,1449,715 S 11TH ST,Philadelphia,Pennsylvania,39335,11352.6,Philadelphia,154389.0,39.93645,-75.15468,6,40,1,1156
19145,249900.0,2,1,880,2021 PIERCE ST,Philadelphia,Pennsylvania,45101,3631.1,Philadelphia,88659.0,39.91469,-75.19194,6,40,1,1085
19142,80000.0,3,2,1728,6430 GUYER AVE,Philadelphia,Pennsylvania,29993,6632.5,Philadelphia,52935.0,39.92278,-75.23375,6,40,1,1010
19144,154900.0,3,2,1654,6129 MUSGRAVE ST,Philadelphia,Pennsylvania,46854,5041.4,Philadelphia,61854.0,40.03278,-75.17523,6,40,1,1056
19134,224999.0,3,2,1134,2977 WEIKEL ST,Philadelphia,Pennsylvania,59590,6676.6,Philadelphia,53460.0,39.98953,-75.10838,6,40,1,873
19149,199000.0,3,2,1088,6005 SHISLER ST,Philadelphia,Pennsylvania,59899,9687.9,Philadelphia,67745.0,40.03781,-75.06544,6,40,1,1210
19146,285000.0,3,2,1128,1632 ELLSWORTH ST,Philadelphia,Pennsylvania,40983,9178.7,Philadelphia,129271.0,39.93917,-75.18398,6,40,1,1124
19148,399000.0,3,3,2100,631 CANTRELL ST,Philadelphia,Pennsylvania,51010,4652.6,Philadelphia,89150.0,39.91175,-75.1514,6,40,1,1161
19140,138900.0,3,1,1282,3531 N MARVINE ST,Philadelphia,Pennsylvania,54831,6715.9,Philadelphia,44659.0,40.01224,-75.14512,6,40,1,960
19111,315000.0,3,2,1380,1235 MCKINLEY ST,Philadelphia,Pennsylvania,68452,5454.3,Philadelphia,77163.0,40.06065,-75.08019,6,40,1,581
19125,439999.0,2,2,1275,1510 FRANKFORD AVE APT 4,Philadelphia,Pennsylvania,24948,7123.8,Philadelphia,115644.0,39.97611,-75.12472,6,40,1,735
19149,226000.0,3,2,1236,6520 KINDRED ST,Philadelphia,Pennsylvania,59899,9687.9,Philadelphia,67745.0,40.03781,-75.06544,6,40,1,1222
19132,155000.0,3,2,1162,2823 CHALMERS AVE,Philadelphia,Pennsylvania,32802,5879.3,Philadelphia,48243.0,39.99649,-75.17102,6,40,1,825
19114,275000.0,3,2,1215,3208 PRIMROSE RD,Philadelphia,Pennsylvania,31815,2182.8,Philadelphia,92588.0,40.06743,-75.00361,6,40,1,594
19106,428000.0,2,1,1063,604 S WASHINGTON SQ APT 2514,Philadelphia,Pennsylvania,14211,6454.7,Philadelphia,176029.0,39.94589,-75.14224,6,40,1,557
19136,275000.0,3,2,1152,2716 MAXWELL ST,Philadelphia,Pennsylvania,37193,2992.9,Philadelphia,80802.0,40.03973,-75.01932,6,40,1,909
19121,238000.0,2,1,1476,1218 N 16TH ST,Philadelphia,Pennsylvania,34702,5660.1,Philadelphia,60326.0,39.98231,-75.17995,6,40,1,672
19143,125000.0,3,1,1024,5649 RIDGEWOOD ST,Philadelphia,Pennsylvania,63861,7914.0,Philadelphia,61781.0,39.94315,-75.22664,6,40,1,1034
19106,2495000.0,2,3,2423,101 WALNUT ST APT 2,Philadelphia,Pennsylvania,14211,6454.7,Philadelphia,176029.0,39.94589,-75.14224,6,40,1,554
19111,359900.0,4,2,1386,7350 RYERS AVE,Philadelphia,Pennsylvania,68452,5454.3,Philadelphia,77163.0,40.06065,-75.08019,6,40,1,584
19145,315000.0,4,2,1564,2022 MORRIS ST,Philadelphia,Pennsylvania,45101,3631.1,Philadelphia,88659.0,39.91469,-75.19194,6,40,1,1086
19147,329000.0,3,1,1480,1522 S 8TH ST,Philadelphia,Pennsylvania,39335,11352.6,Philadelphia,154389.0,39.93645,-75.15468,6,40,1,1141
19148,299000.0,3,2,1150,2643 S SHERIDAN ST,Philadelphia,Pennsylvania,51010,4652.6,Philadelphia,89150.0,39.91175,-75.1514,6,40,1,1167
19134,350000.0,3,1,1062,3167 E THOMPSON ST,Philadelphia,Pennsylvania,59590,6676.6,Philadelphia,53460.0,39.98953,-75.10838,6,40,1,876
19149,224900.0,3,1,1176,2124 LARDNER ST,Philadelphia,Pennsylvania,59899,9687.9,Philadelphia,67745.0,40.03781,-75.06544,6,40,1,1201
19132,49900.0,3,1,970,2128 W INDIANA AVE,Philadelphia,Pennsylvania,32802,5879.3,Philadelphia,48243.0,39.99649,-75.17102,6,40,1,833
19131,78995.0,3,1,1030,409 N WANAMAKER ST,Philadelphia,Pennsylvania,44791,3280.7,Philadelphia,60575.0,39.98865,-75.21835,6,40,1,813
19148,289900.0,2,2,687,2840 S HUTCHINSON ST,Philadelphia,Pennsylvania,51010,4652.6,Philadelphia,89150.0,39.91175,-75.1514,6,40,1,1195
19125,590000.0,3,4,1785,2550 SALMON ST,Philadelphia,Pennsylvania,24948,7123.8,Philadelphia,115644.0,39.97611,-75.12472,6,40,1,750
19130,275000.0,1,1,1005,2401 PENNSYLVANIA AVE APT 5A9,Philadelphia,Pennsylvania,29378,9166.1,Philadelphia,138891.0,39.9676,-75.17495,6,40,1,798
19120,152000.0,3,1,1058,5920 MALTA ST,Philadelphia,Pennsylvania,73896,8821.9,Philadelphia,62768.0,40.03417,-75.11986,6,40,1,645
19146,759900.0,3,3,2100,2200 CHRISTIAN ST # A,Philadelphia,Pennsylvania,40983,9178.7,Philadelphia,129271.0,39.93917,-75.18398,6,40,1,1128
19147,325000.0,2,2,1400,1324 S 9TH ST,Philadelphia,Pennsylvania,39335,11352.6,Philadelphia,154389.0,39.93645,-75.15468,6,40,1,1158
19103,2990000.0,4,7,5230,1640 CARLTON ST,Philadelphia,Pennsylvania,25368,15173.9,Philadelphia,159697.0,39.95303,-75.17386,6,40,1,529
19137,248900.0,3,2,1332,4433 RICHMOND ST,Philadelphia,Pennsylvania,8470,1350.3,Philadelphia,77072.0,39.99455,-75.074,6,40,1,921
19132,130000.0,3,1,1726,2514 W CUMBERLAND ST,Philadelphia,Pennsylvania,32802,5879.3,Philadelphia,48243.0,39.99649,-75.17102,6,40,1,823
19153,155000.0,3,1,960,2435 S MILAN ST,Philadelphia,Pennsylvania,12810,489.1,Philadelphia,58936.0,39.88391,-75.2343,6,40,1,1256
19120,239900.0,3,2,1104,575 E CHELTENHAM AVE,Philadelphia,Pennsylvania,73896,8821.9,Philadelphia,62768.0,40.03417,-75.11986,6,40,1,657
19140,159000.0,5,2,1503,1827 BRUNNER ST,Philadelphia,Pennsylvania,54831,6715.9,Philadelphia,44659.0,40.01224,-75.14512,6,40,1,963
19152,350000.0,3,2,1120,7835 REVERE ST,Philadelphia,Pennsylvania,35528,4759.9,Philadelphia,82402.0,40.06158,-75.04663,6,40,1,1245
19147,529900.0,1,2,1023,410 S FRONT ST UNIT 408,Philadelphia,Pennsylvania,39335,11352.6,Philadelphia,154389.0,39.93645,-75.15468,6,40,1,1153
19152,280000.0,3,2,1107,8935 ROOSEVELT BLVD,Philadelphia,Pennsylvania,35528,4759.9,Philadelphia,82402.0,40.06158,-75.04663,6,40,1,1237
19144,110000.0,3,1,1200,546 E WALNUT LN,Philadelphia,Pennsylvania,46854,5041.4,Philadelphia,61854.0,40.03278,-75.17523,6,40,1,1054
19115,425000.0,3,2,2082,9527 NORTHEAST AVE,Philadelphia,Pennsylvania,35901,2685.3,Philadelphia,99941.0,40.09094,-75.04595,6,40,1,606
19123,350000.0,3,2,1218,152 BROWN ST,Philadelphia,Pennsylvania,18071,5532.1,Philadelphia,126530.0,39.96399,-75.14568,6,40,1,703
19125,329900.0,2,2,757,2216 E BOSTON ST,Philadelphia,Pennsylvania,24948,7123.8,Philadelphia,115644.0,39.97611,-75.12472,6,40,1,746
19124,110000.0,2,1,896,2082 FRALEY ST,Philadelphia,Pennsylvania,71496,5365.8,Philadelphia,65736.0,40.01728,-75.09387,6,40,1,724
19111,249900.0,2,1,796,7828 VERREE RD,Philadelphia,Pennsylvania,68452,5454.3,Philadelphia,77163.0,40.06065,-75.08019,6,40,1,576
19135,212900.0,3,3,1634,4111 PRINCETON AVE,Philadelphia,Pennsylvania,36304,6187.2,Philadelphia,69853.0,40.02192,-75.04966,6,40,1,887
19131,285000.0,4,3,1079,5659 ARLINGTON ST,Philadelphia,Pennsylvania,44791,3280.7,Philadelphia,60575.0,39.98865,-75.21835,6,40,1,815
19123,615000.0,2,3,1614,600 FAIRMOUNT AVE # G3-UPPER,Philadelphia,Pennsylvania,18071,5532.1,Philadelphia,126530.0,39.96399,-75.14568,6,40,1,704
19154,289900.0,2,2,1600,11929 FARWELL RD,Philadelphia,Pennsylvania,34803,2100.3,Philadelphia,102138.0,40.0951,-74.98159,6,40,1,1260
19143,250000.0,4,2,1601,446 S 56TH ST,Philadelphia,Pennsylvania,63861,7914.0,Philadelphia,61781.0,39.94315,-75.22664,6,40,1,1016
19143,175000.0,3,1,1109,2038 S CECIL ST,Philadelphia,Pennsylvania,63861,7914.0,Philadelphia,61781.0,39.94315,-75.22664,6,40,1,1028
19149,229999.0,3,2,1568,3350 DISSTON ST,Philadelphia,Pennsylvania,59899,9687.9,Philadelphia,67745.0,40.03781,-75.06544,6,40,1,1208
19128,450000.0,4,2,2250,7932 RIDGE AVE,Philadelphia,Pennsylvania,38840,2147.0,Philadelphia,107171.0,40.05003,-75.23003,6,40,1,766
19154,330000.0,3,2,1860,3719 WESTHAMPTON DR,Philadelphia,Pennsylvania,34803,2100.3,Philadelphia,102138.0,40.0951,-74.98159,6,40,1,1263
19138,310000.0,3,3,1444,7377 WOOLSTON AVE,Philadelphia,Pennsylvania,33197,7265.4,Philadelphia,61093.0,40.05594,-75.15947,6,40,1,931
19146,279900.0,3,2,1176,3213 WHARTON ST,Philadelphia,Pennsylvania,40983,9178.7,Philadelphia,129271.0,39.93917,-75.18398,6,40,1,1110
19119,385000.0,3,2,1660,126 W SEDGWICK ST,Philadelphia,Pennsylvania,29206,3313.6,Philadelphia,120369.0,40.05303,-75.19223,6,40,1,628
19128,399000.0,3,3,1472,252 PARKER AVE,Philadelphia,Pennsylvania,38840,2147.0,Philadelphia,107171.0,40.05003,-75.23003,6,40,1,767
19149,240000.0,2,2,958,7245 OAKLAND ST,Philadelphia,Pennsylvania,59899,9687.9,Philadelphia,67745.0,40.03781,-75.06544,6,40,1,1213
19134,37000.0,3,1,1120,3117 F ST,Philadelphia,Pennsylvania,59590,6676.6,Philadelphia,53460.0,39.98953,-75.10838,6,40,1,859
19145,674900.0,4,3,2869,1424 CASTLE AVE,Philadelphia,Pennsylvania,45101,3631.1,Philadelphia,88659.0,39.91469,-75.19194,6,40,1,1082
19141,110000.0,3,2,1360,4820 N 9TH ST,Philadelphia,Pennsylvania,33641,7441.8,Philadelphia,51264.0,40.03788,-75.14541,6,40,1,986
19135,230000.0,3,1,1224,7219 MONTAGUE ST,Philadelphia,Pennsylvania,36304,6187.2,Philadelphia,69853.0,40.02192,-75.04966,6,40,1,894
19145,270000.0,2,2,1062,2227 SIGEL ST,Philadelphia,Pennsylvania,45101,3631.1,Philadelphia,88659.0,39.91469,-75.19194,6,40,1,1070
19124,549900.0,10,5,3460,3717 FRANKFORD AVE,Philadelphia,Pennsylvania,71496,5365.8,Philadelphia,65736.0,40.01728,-75.09387,6,40,1,720
19125,189900.0,3,1,1065,2142 E LETTERLY ST,Philadelphia,Pennsylvania,24948,7123.8,Philadelphia,115644.0,39.97611,-75.12472,6,40,1,730
19132,91000.0,3,1,1040,2529 N GRATZ ST,Philadelphia,Pennsylvania,32802,5879.3,Philadelphia,48243.0,39.99649,-75.17102,6,40,1,828
19104,300000.0,3,1,1089,751 N 36TH ST,Philadelphia,Pennsylvania,52126,6575.6,Philadelphia,54629.0,39.95891,-75.19836,6,40,1,547
19142,110000.0,3,1,1200,2906 S DEWEY ST,Philadelphia,Pennsylvania,29993,6632.5,Philadelphia,52935.0,39.92278,-75.23375,6,40,1,995
19102,1550000.0,3,3,2250,262 S 16TH ST # 2,Philadelphia,Pennsylvania,5108,10565.9,Philadelphia,171362.0,39.95301,-75.16544,6,40,1,527
19144,114900.0,3,1,1070,519 E PENN ST,Philadelphia,Pennsylvania,46854,5041.4,Philadelphia,61854.0,40.03278,-75.17523,6,40,1,1063
19129,354900.0,3,2,1120,3611 W EARLHAM ST,Philadelphia,Pennsylvania,11551,2174.1,Philadelphia,115650.0,40.01338,-75.18454,6,40,1,785
19138,500000.0,3,2,2650,6208 CLEARVIEW ST,Philadelphia,Pennsylvania,33197,7265.4,Philadelphia,61093.0,40.05594,-75.15947,6,40,1,934
19127,380000.0,3,2,1694,140 DAVIS ST,Philadelphia,Pennsylvania,5522,3735.5,Philadelphia,140600.0,40.02854,-75.22746,6,40,1,758
19143,400000.0,3,3,1821,351 S 47TH ST APT B410,Philadelphia,Pennsylvania,63861,7914.0,Philadelphia,61781.0,39.94315,-75.22664,6,40,1,1045
19136,230000.0,3,2,1152,8719 JACKSON ST,Philadelphia,Pennsylvania,37193,2992.9,Philadelphia,80802.0,40.03973,-75.01932,6,40,1,903
19145,145000.0,3,1,904,2042 SIGEL ST,Philadelphia,Pennsylvania,45101,3631.1,Philadelphia,88659.0,39.91469,-75.19194,6,40,1,1069
19143,225000.0,3,2,1246,834 S 57TH ST,Philadelphia,Pennsylvania,63861,7914.0,Philadelphia,61781.0,39.94315,-75.22664,6,40,1,1023
19147,279900.0,2,1,1118,250 WILDER ST,Philadelphia,Pennsylvania,39335,11352.6,Philadelphia,154389.0,39.93645,-75.15468,6,40,1,1146
19142,260000.0,3,2,1224,6823 LINDBERGH BLVD,Philadelphia,Pennsylvania,29993,6632.5,Philadelphia,52935.0,39.92278,-75.23375,6,40,1,1009
19132,150000.0,3,1,1065,1604 W CLEARFIELD ST,Philadelphia,Pennsylvania,32802,5879.3,Philadelphia,48243.0,39.99649,-75.17102,6,40,1,834
19125,499000.0,3,2,1608,2232 CEDAR ST,Philadelphia,Pennsylvania,24948,7123.8,Philadelphia,115644.0,39.97611,-75.12472,6,40,1,729
19119,385000.0,3,2,1829,704 CARPENTER LN,Philadelphia,Pennsylvania,29206,3313.6,Philadelphia,120369.0,40.05303,-75.19223,6,40,1,631
19140,110000.0,3,2,1230,4147 N 8TH ST,Philadelphia,Pennsylvania,54831,6715.9,Philadelphia,44659.0,40.01224,-75.14512,6,40,1,966
19120,180000.0,3,1,1436,6125 N FRANKLIN ST,Philadelphia,Pennsylvania,73896,8821.9,Philadelphia,62768.0,40.03417,-75.11986,6,40,1,644
19142,145000.0,3,2,952,2049 S AIKENS ST,Philadelphia,Pennsylvania,29993,6632.5,Philadelphia,52935.0,39.92278,-75.23375,6,40,1,996
19136,339000.0,5,3,1650,4526 STRAHLE ST,Philadelphia,Pennsylvania,37193,2992.9,Philadelphia,80802.0,40.03973,-75.01932,6,40,1,917
19118,800000.0,3,1,2584,8226 GERMANTOWN AVE,Philadelphia,Pennsylvania,10743,1294.2,Philadelphia,173051.0,40.07233,-75.21247,6,40,1,618
19145,279900.0,2,3,1282,2802 SNYDER AVE,Philadelphia,Pennsylvania,45101,3631.1,Philadelphia,88659.0,39.91469,-75.19194,6,40,1,1078
19125,250000.0,3,2,990,2505 EMERALD ST,Philadelphia,Pennsylvania,24948,7123.8,Philadelphia,115644.0,39.97611,-75.12472,6,40,1,737
19124,200000.0,4,2,1702,1926 BRIDGE ST,Philadelphia,Pennsylvania,71496,5365.8,Philadelphia,65736.0,40.01728,-75.09387,6,40,1,719
19141,260000.0,6,2,2499,5019 N 12TH ST,Philadelphia,Pennsylvania,33641,7441.8,Philadelphia,51264.0,40.03788,-75.14541,6,40,1,985
19148,380000.0,2,2,1100,1031 DALY ST,Philadelphia,Pennsylvania,51010,4652.6,Philadelphia,89150.0,39.91175,-75.1514,6,40,1,1172
19148,289900.0,2,1,1000,437 DUDLEY ST,Philadelphia,Pennsylvania,51010,4652.6,Philadelphia,89150.0,39.91175,-75.1514,6,40,1,1187
19154,349900.0,3,2,1660,12507 FEDOR RD,Philadelphia,Pennsylvania,34803,2100.3,Philadelphia,102138.0,40.0951,-74.98159,6,40,1,1265
19132,275000.0,5,3,1656,3137 N 17TH ST,Philadelphia,Pennsylvania,32802,5879.3,Philadelphia,48243.0,39.99649,-75.17102,6,40,1,830
19153,195000.0,3,1,1056,2430 S CLAYMONT ST,Philadelphia,Pennsylvania,12810,489.1,Philadelphia,58936.0,39.88391,-75.2343,6,40,1,1257
19125,425000.0,3,2,1108,2318 GAUL ST,Philadelphia,Pennsylvania,24948,7123.8,Philadelphia,115644.0,39.97611,-75.12472,6,40,1,742
19121,225000.0,2,1,948,1749 N BAMBREY ST,Philadelphia,Pennsylvania,34702,5660.1,Philadelphia,60326.0,39.98231,-75.17995,6,40,1,668
19145,324900.0,3,2,1200,1836 S 29TH ST,Philadelphia,Pennsylvania,45101,3631.1,Philadelphia,88659.0,39.91469,-75.19194,6,40,1,1066
19136,180000.0,2,1,914,8039 TERRY ST,Philadelphia,Pennsylvania,37193,2992.9,Philadelphia,80802.0,40.03973,-75.01932,6,40,1,904
19139,125000.0,2,1,900,124 N DEARBORN ST,Philadelphia,Pennsylvania,45642,9964.3,Philadelphia,58668.0,39.96144,-75.22964,6,40,1,949
19122,519000.0,2,2,1437,184 W OXFORD ST,Philadelphia,Pennsylvania,22080,6592.2,Philadelphia,87642.0,39.97767,-75.14571,6,40,1,687
19115,359900.0,3,3,1200,9817 HALDEMAN AVE,Philadelphia,Pennsylvania,35901,2685.3,Philadelphia,99941.0,40.09094,-75.04595,6,40,1,607
19145,225000.0,4,2,1444,2110 S 20TH ST,Philadelphia,Pennsylvania,45101,3631.1,Philadelphia,88659.0,39.91469,-75.19194,6,40,1,1093
19104,165000.0,4,2,1450,749 N 44TH ST,Philadelphia,Pennsylvania,52126,6575.6,Philadelphia,54629.0,39.95891,-75.19836,6,40,1,552
19138,149900.0,3,1,918,2146 CONLYN ST,Philadelphia,Pennsylvania,33197,7265.4,Philadelphia,61093.0,40.05594,-75.15947,6,40,1,926
19152,439900.0,3,2,1836,2003 ARTHUR ST,Philadelphia,Pennsylvania,35528,4759.9,Philadelphia,82402.0,40.06158,-75.04663,6,40,1,1252
19141,159500.0,3,2,1310,6231 N GRATZ ST,Philadelphia,Pennsylvania,33641,7441.8,Philadelphia,51264.0,40.03788,-75.14541,6,40,1,987
19134,149000.0,2,1,990,2247 E CAMBRIA ST,Philadelphia,Pennsylvania,59590,6676.6,Philadelphia,53460.0,39.98953,-75.10838,6,40,1,862
19106,300000.0,1,1,902,50 N FRONT ST APT 402,Philadelphia,Pennsylvania,14211,6454.7,Philadelphia,176029.0,39.94589,-75.14224,6,40,1,558
19148,225000.0,3,2,1070,823 JACKSON ST,Philadelphia,Pennsylvania,51010,4652.6,Philadelphia,89150.0,39.91175,-75.1514,6,40,1,1185
19106,344900.0,1,1,853,102 CHURCH ST APT 403,Philadelphia,Pennsylvania,14211,6454.7,Philadelphia,176029.0,39.94589,-75.14224,6,40,1,553
19142,160000.0,3,2,1080,6543 BELMAR ST,Philadelphia,Pennsylvania,29993,6632.5,Philadelphia,52935.0,39.92278,-75.23375,6,40,1,994
19143,229900.0,3,1,1024,1000 S FRAZIER ST,Philadelphia,Pennsylvania,63861,7914.0,Philadelphia,61781.0,39.94315,-75.22664,6,40,1,1027
19114,231500.0,3,1,1368,3603 PRINCE CIR,Philadelphia,Pennsylvania,31815,2182.8,Philadelphia,92588.0,40.06743,-75.00361,6,40,1,590
19138,339000.0,3,3,1728,1231 E JOHNSON ST,Philadelphia,Pennsylvania,33197,7265.4,Philadelphia,61093.0,40.05594,-75.15947,6,40,1,928
19134,199700.0,3,1,1156,2538 E CLEARFIELD ST,Philadelphia,Pennsylvania,59590,6676.6,Philadelphia,53460.0,39.98953,-75.10838,6,40,1,875
19144,149900.0,3,3,1052,122 W DUVAL ST,Philadelphia,Pennsylvania,46854,5041.4,Philadelphia,61854.0,40.03278,-75.17523,6,40,1,1057
19119,399990.0,3,3,1684,6479 MILTON ST,Philadelphia,Pennsylvania,29206,3313.6,Philadelphia,120369.0,40.05303,-75.19223,6,40,1,624
19145,635000.0,3,4,2885,3207 SALERNO WAY,Philadelphia,Pennsylvania,45101,3631.1,Philadelphia,88659.0,39.91469,-75.19194,6,40,1,1096
19127,450000.0,5,2,1970,162 GREEN LN,Philadelphia,Pennsylvania,5522,3735.5,Philadelphia,140600.0,40.02854,-75.22746,6,40,1,756
19134,114900.0,3,1,1458,2029 E AUBURN ST,Philadelphia,Pennsylvania,59590,6676.6,Philadelphia,53460.0,39.98953,-75.10838,6,40,1,880
19148,425000.0,3,3,1260,2104 S PHILIP ST,Philadelphia,Pennsylvania,51010,4652.6,Philadelphia,89150.0,39.91175,-75.1514,6,40,1,1181
19107,115000.0,1,1,319,1324 LOCUST ST APT 1030,Philadelphia,Pennsylvania,14984,10634.5,Philadelphia,105692.0,39.9518,-75.15864,6,40,1,568
19118,895000.0,9,8,7119,8760 STENTON AVE,Philadelphia,Pennsylvania,10743,1294.2,Philadelphia,173051.0,40.07233,-75.21247,6,40,1,615
19140,219000.0,3,2,1200,4048 N FRANKLIN ST,Philadelphia,Pennsylvania,54831,6715.9,Philadelphia,44659.0,40.01224,-75.14512,6,40,1,970
19145,200000.0,3,1,1104,2110 MCCLELLAN ST,Philadelphia,Pennsylvania,45101,3631.1,Philadelphia,88659.0,39.91469,-75.19194,6,40,1,1090
19115,524900.0,3,3,2267,1002 TWIST RD,Philadelphia,Pennsylvania,35901,2685.3,Philadelphia,99941.0,40.09094,-75.04595,6,40,1,603
19148,600000.0,4,3,2633,1729 S BROAD ST,Philadelphia,Pennsylvania,51010,4652.6,Philadelphia,89150.0,39.91175,-75.1514,6,40,1,1188
19121,434900.0,3,3,1674,1458 N NEWKIRK ST,Philadelphia,Pennsylvania,34702,5660.1,Philadelphia,60326.0,39.98231,-75.17995,6,40,1,675
19125,264900.0,3,1,960,2346 E ALBERT ST,Philadelphia,Pennsylvania,24948,7123.8,Philadelphia,115644.0,39.97611,-75.12472,6,40,1,743
19145,335000.0,3,2,848,1829 S MOLE ST,Philadelphia,Pennsylvania,45101,3631.1,Philadelphia,88659.0,39.91469,-75.19194,6,40,1,1087
19118,650000.0,3,2,1440,201 E MEADE ST,Philadelphia,Pennsylvania,10743,1294.2,Philadelphia,173051.0,40.07233,-75.21247,6,40,1,616
19143,177900.0,3,1,1230,5846 PENTRIDGE ST,Philadelphia,Pennsylvania,63861,7914.0,Philadelphia,61781.0,39.94315,-75.22664,6,40,1,1017
19134,89900.0,2,1,870,1844 HART LN,Philadelphia,Pennsylvania,59590,6676.6,Philadelphia,53460.0,39.98953,-75.10838,6,40,1,867
19140,120000.0,4,3,1728,3861 N 17TH ST,Philadelphia,Pennsylvania,54831,6715.9,Philadelphia,44659.0,40.01224,-75.14512,6,40,1,974
19141,72000.0,3,1,1536,5131 N 12TH ST,Philadelphia,Pennsylvania,33641,7441.8,Philadelphia,51264.0,40.03788,-75.14541,6,40,1,981
19149,189000.0,3,1,1152,3136 LEVICK ST,Philadelphia,Pennsylvania,59899,9687.9,Philadelphia,67745.0,40.03781,-75.06544,6,40,1,1212
19147,810000.0,3,3,2286,1 CHRISTIAN ST UNIT 17,Philadelphia,Pennsylvania,39335,11352.6,Philadelphia,154389.0,39.93645,-75.15468,6,40,1,1152
19136,249990.0,3,2,1728,4245 FROST ST,Philadelphia,Pennsylvania,37193,2992.9,Philadelphia,80802.0,40.03973,-75.01932,6,40,1,914
19128,290000.0,4,3,1666,7528 VALLEY AVE,Philadelphia,Pennsylvania,38840,2147.0,Philadelphia,107171.0,40.05003,-75.23003,6,40,1,775
19143,319900.0,3,3,1757,1207 S PEACH ST,Philadelphia,Pennsylvania,63861,7914.0,Philadelphia,61781.0,39.94315,-75.22664,6,40,1,1013
19148,149000.0,2,1,848,319 TREE ST,Philadelphia,Pennsylvania,51010,4652.6,Philadelphia,89150.0,39.91175,-75.1514,6,40,1,1179
19136,259900.0,3,2,1152,8607 GILLESPIE ST,Philadelphia,Pennsylvania,37193,2992.9,Philadelphia,80802.0,40.03973,-75.01932,6,40,1,908
19145,434900.0,3,3,1778,2316 S 17TH ST,Philadelphia,Pennsylvania,45101,3631.1,Philadelphia,88659.0,39.91469,-75.19194,6,40,1,1092
19129,650000.0,3,3,2592,3525 W SCHOOL HOUSE LN,Philadelphia,Pennsylvania,11551,2174.1,Philadelphia,115650.0,40.01338,-75.18454,6,40,1,789
19136,279999.0,3,2,1184,4232 VISTA ST,Philadelphia,Pennsylvania,37193,2992.9,Philadelphia,80802.0,40.03973,-75.01932,6,40,1,910
19124,160000.0,2,2,1166,4513 E STILES ST,Philadelphia,Pennsylvania,71496,5365.8,Philadelphia,65736.0,40.01728,-75.09387,6,40,1,710
19128,259900.0,3,1,1490,314 PENSDALE ST,Philadelphia,Pennsylvania,38840,2147.0,Philadelphia,107171.0,40.05003,-75.23003,6,40,1,778
19131,85000.0,2,1,842,1216 N SAINT BERNARD ST,Philadelphia,Pennsylvania,44791,3280.7,Philadelphia,60575.0,39.98865,-75.21835,6,40,1,814
19145,374900.0,3,3,1700,1906 S 22ND ST,Philadelphia,Pennsylvania,45101,3631.1,Philadelphia,88659.0,39.91469,-75.19194,6,40,1,1095
19147,595000.0,3,3,3000,740 S COLUMBUS BLVD UNIT 28,Philadelphia,Pennsylvania,39335,11352.6,Philadelphia,154389.0,39.93645,-75.15468,6,40,1,1147
19131,98000.0,3,1,1080,655 N CREIGHTON ST,Philadelphia,Pennsylvania,44791,3280.7,Philadelphia,60575.0,39.98865,-75.21835,6,40,1,806
19143,175000.0,4,1,1214,5715 LARCHWOOD AVE,Philadelphia,Pennsylvania,63861,7914.0,Philadelphia,61781.0,39.94315,-75.22664,6,40,1,1018
19143,350000.0,4,1,1484,1125 S WILTON ST,Philadelphia,Pennsylvania,63861,7914.0,Philadelphia,61781.0,39.94315,-75.22664,6,40,1,1031
19149,285000.0,3,2,1120,3249 SAINT VINCENT ST,Philadelphia,Pennsylvania,59899,9687.9,Philadelphia,67745.0,40.03781,-75.06544,6,40,1,1206
19120,135500.0,3,1,942,329 W ALBANUS ST,Philadelphia,Pennsylvania,73896,8821.9,Philadelphia,62768.0,40.03417,-75.11986,6,40,1,651
19133,362500.0,4,3,2300,2525 N MASCHER ST,Philadelphia,Pennsylvania,25893,7791.3,Philadelphia,45818.0,39.99238,-75.14149,6,40,1,850
19122,791350.0,3,3,2739,1751 N HOWARD ST,Philadelphia,Pennsylvania,22080,6592.2,Philadelphia,87642.0,39.97767,-75.14571,6,40,1,684
19131,175000.0,4,2,1504,1619 N 55TH ST,Philadelphia,Pennsylvania,44791,3280.7,Philadelphia,60575.0,39.98865,-75.21835,6,40,1,807
19124,249900.0,3,1,1260,2125 ORTHODOX ST,Philadelphia,Pennsylvania,71496,5365.8,Philadelphia,65736.0,40.01728,-75.09387,6,40,1,722
19143,169000.0,3,1,1578,5542 DELANCEY ST,Philadelphia,Pennsylvania,63861,7914.0,Philadelphia,61781.0,39.94315,-75.22664,6,40,1,1037
19154,310000.0,3,2,1332,12513 NANTON DR,Philadelphia,Pennsylvania,34803,2100.3,Philadelphia,102138.0,40.0951,-74.98159,6,40,1,1267
19144,249999.0,4,2,960,328 W MILNE ST,Philadelphia,Pennsylvania,46854,5041.4,Philadelphia,61854.0,40.03278,-75.17523,6,40,1,1064
19136,190000.0,2,2,914,8043 TERRY ST,Philadelphia,Pennsylvania,37193,2992.9,Philadelphia,80802.0,40.03973,-75.01932,6,40,1,911
19146,599000.0,2,2,1408,2149 CATHARINE ST APT 3,Philadelphia,Pennsylvania,40983,9178.7,Philadelphia,129271.0,39.93917,-75.18398,6,40,1,1104
19119,325000.0,3,2,1312,6524 CHEW AVE,Philadelphia,Pennsylvania,29206,3313.6,Philadelphia,120369.0,40.05303,-75.19223,6,40,1,625
19152,135000.0,2,2,961,7600 ROOSEVELT BLVD APT 911,Philadelphia,Pennsylvania,35528,4759.9,Philadelphia,82402.0,40.06158,-75.04663,6,40,1,1243
19141,130000.0,4,1,1538,4845 N WARNOCK ST,Philadelphia,Pennsylvania,33641,7441.8,Philadelphia,51264.0,40.03788,-75.14541,6,40,1,983
19104,320000.0,4,4,2805,3213 WALLACE ST,Philadelphia,Pennsylvania,52126,6575.6,Philadelphia,54629.0,39.95891,-75.19836,6,40,1,550
19146,750000.0,3,3,1900,1529 MONTROSE ST,Philadelphia,Pennsylvania,40983,9178.7,Philadelphia,129271.0,39.93917,-75.18398,6,40,1,1120
19139,244000.0,4,2,1560,5438 LOCUST ST,Philadelphia,Pennsylvania,45642,9964.3,Philadelphia,58668.0,39.96144,-75.22964,6,40,1,938
19136,259900.0,3,2,1504,3546 ALDINE ST,Philadelphia,Pennsylvania,37193,2992.9,Philadelphia,80802.0,40.03973,-75.01932,6,40,1,915
19132,70000.0,3,1,1140,2722 W YORK ST,Philadelphia,Pennsylvania,32802,5879.3,Philadelphia,48243.0,39.99649,-75.17102,6,40,1,835
19138,74000.0,3,1,978,5811 N WOODSTOCK ST,Philadelphia,Pennsylvania,33197,7265.4,Philadelphia,61093.0,40.05594,-75.15947,6,40,1,927
19106,249000.0,1,1,750,3 N COLUMBUS BLVD # PL231,Philadelphia,Pennsylvania,14211,6454.7,Philadelphia,176029.0,39.94589,-75.14224,6,40,1,556
19149,180000.0,2,1,1120,6027 SUMMERDALE AVE,Philadelphia,Pennsylvania,59899,9687.9,Philadelphia,67745.0,40.03781,-75.06544,6,40,1,1202
19153,225000.0,3,1,1088,7361 GARMAN ST,Philadelphia,Pennsylvania,12810,489.1,Philadelphia,58936.0,39.88391,-75.2343,6,40,1,1255
19114,315000.0,3,3,1540,9929 S CANTERBURY RD,Philadelphia,Pennsylvania,31815,2182.8,Philadelphia,92588.0,40.06743,-75.00361,6,40,1,588
19145,749900.0,3,3,3150,2208 S BROAD ST,Philadelphia,Pennsylvania,45101,3631.1,Philadelphia,88659.0,39.91469,-75.19194,6,40,1,1083
19121,279000.0,1,1,564,1501 N 31ST ST APT 205,Philadelphia,Pennsylvania,34702,5660.1,Philadelphia,60326.0,39.98231,-75.17995,6,40,1,671
19140,130000.0,3,1,1062,4154 N 8TH ST,Philadelphia,Pennsylvania,54831,6715.9,Philadelphia,44659.0,40.01224,-75.14512,6,40,1,958
19141,150000.0,3,1,1398,6062 N CAMAC ST,Philadelphia,Pennsylvania,33641,7441.8,Philadelphia,51264.0,40.03788,-75.14541,6,40,1,990
19143,319900.0,3,3,1757,1207 S PEACH ST,Philadelphia,Pennsylvania,63861,7914.0,Philadelphia,61781.0,39.94315,-75.22664,6,40,1,1013
19146,415000.0,4,3,1995,2933 WHARTON ST,Philadelphia,Pennsylvania,40983,9178.7,Philadelphia,129271.0,39.93917,-75.18398,6,40,1,1121
19151,250000.0,3,1,1062,808 KENMORE RD,Philadelphia,Pennsylvania,31815,5121.3,Philadelphia,70134.0,39.97562,-75.25616,6,40,1,1231
19114,215000.0,2,2,1651,5023 S CONVENT LN APT H,Philadelphia,Pennsylvania,31815,2182.8,Philadelphia,92588.0,40.06743,-75.00361,6,40,1,595
19139,139900.0,3,1,1156,116 N SALFORD ST,Philadelphia,Pennsylvania,45642,9964.3,Philadelphia,58668.0,39.96144,-75.22964,6,40,1,954
19152,290000.0,3,3,1047,8560 CASTOR AVE,Philadelphia,Pennsylvania,35528,4759.9,Philadelphia,82402.0,40.06158,-75.04663,6,40,1,1242
19154,429900.0,3,2,1518,3216 BYBERRY RD,Philadelphia,Pennsylvania,34803,2100.3,Philadelphia,102138.0,40.0951,-74.98159,6,40,1,1259
19134,75000.0,3,1,1120,3038 E ST,Philadelphia,Pennsylvania,59590,6676.6,Philadelphia,53460.0,39.98953,-75.10838,6,40,1,882
19148,219900.0,2,1,868,252 SIGEL ST,Philadelphia,Pennsylvania,51010,4652.6,Philadelphia,89150.0,39.91175,-75.1514,6,40,1,1178
19139,100000.0,3,2,1152,27 N ITHAN ST,Philadelphia,Pennsylvania,45642,9964.3,Philadelphia,58668.0,39.96144,-75.22964,6,40,1,952
19119,185000.0,3,1,1400,414 E MONTANA ST,Philadelphia,Pennsylvania,29206,3313.6,Philadelphia,120369.0,40.05303,-75.19223,6,40,1,621
19147,1100000.0,3,4,3000,618 CATHARINE ST,Philadelphia,Pennsylvania,39335,11352.6,Philadelphia,154389.0,39.93645,-75.15468,6,40,1,1143
19141,230000.0,3,2,1374,5744 N 12TH ST,Philadelphia,Pennsylvania,33641,7441.8,Philadelphia,51264.0,40.03788,-75.14541,6,40,1,984
19145,160000.0,2,1,1176,1728 S BANCROFT ST,Philadelphia,Pennsylvania,45101,3631.1,Philadelphia,88659.0,39.91469,-75.19194,6,40,1,1098
19149,169000.0,3,1,1088,1212 ALCOTT ST,Philadelphia,Pennsylvania,59899,9687.9,Philadelphia,67745.0,40.03781,-75.06544,6,40,1,1199
19124,175900.0,3,1,1046,959 ANCHOR ST,Philadelphia,Pennsylvania,71496,5365.8,Philadelphia,65736.0,40.01728,-75.09387,6,40,1,726
19139,174900.0,4,3,1680,59 N 59TH ST,Philadelphia,Pennsylvania,45642,9964.3,Philadelphia,58668.0,39.96144,-75.22964,6,40,1,947
19132,160000.0,3,3,2100,3008 W DAUPHIN ST,Philadelphia,Pennsylvania,32802,5879.3,Philadelphia,48243.0,39.99649,-75.17102,6,40,1,841
19145,309900.0,4,3,1535,1617 PACKER AVE,Philadelphia,Pennsylvania,45101,3631.1,Philadelphia,88659.0,39.91469,-75.19194,6,40,1,1091
19120,185000.0,3,1,1120,266 RUBICAM ST,Philadelphia,Pennsylvania,73896,8821.9,Philadelphia,62768.0,40.03417,-75.11986,6,40,1,640
19146,1200000.0,3,3,2615,2314 SOUTH ST,Philadelphia,Pennsylvania,40983,9178.7,Philadelphia,129271.0,39.93917,-75.18398,6,40,1,1103
19142,209000.0,3,2,992,7032 GRAYS AVE,Philadelphia,Pennsylvania,29993,6632.5,Philadelphia,52935.0,39.92278,-75.23375,6,40,1,1002
19120,109900.0,3,1,1280,5937 N LEITHGOW ST,Philadelphia,Pennsylvania,73896,8821.9,Philadelphia,62768.0,40.03417,-75.11986,6,40,1,659
19123,999000.0,2,3,2950,1238 CALLOWHILL ST STE 801,Philadelphia,Pennsylvania,18071,5532.1,Philadelphia,126530.0,39.96399,-75.14568,6,40,1,699
19123,420000.0,2,2,1106,1148 N 2ND ST UNIT 2D,Philadelphia,Pennsylvania,18071,5532.1,Philadelphia,126530.0,39.96399,-75.14568,6,40,1,696
19138,500000.0,3,2,2650,6210 CLEARVIEW ST,Philadelphia,Pennsylvania,33197,7265.4,Philadelphia,61093.0,40.05594,-75.15947,6,40,1,925
19123,600000.0,3,2,1386,956 N LAWRENCE ST # A,Philadelphia,Pennsylvania,18071,5532.1,Philadelphia,126530.0,39.96399,-75.14568,6,40,1,694
19125,295000.0,2,1,672,2545 TULIP ST,Philadelphia,Pennsylvania,24948,7123.8,Philadelphia,115644.0,39.97611,-75.12472,6,40,1,751
19149,295000.0,3,2,1512,3146 FANSHAWE ST,Philadelphia,Pennsylvania,59899,9687.9,Philadelphia,67745.0,40.03781,-75.06544,6,40,1,1217
19133,74900.0,2,1,1088,2839 N HOPE ST,Philadelphia,Pennsylvania,25893,7791.3,Philadelphia,45818.0,39.99238,-75.14149,6,40,1,853
19149,269900.0,3,1,1278,2952 MCKINLEY ST,Philadelphia,Pennsylvania,59899,9687.9,Philadelphia,67745.0,40.03781,-75.06544,6,40,1,1220
19144,154900.0,3,2,1654,6129 MUSGRAVE ST,Philadelphia,Pennsylvania,46854,5041.4,Philadelphia,61854.0,40.03278,-75.17523,6,40,1,1056
19124,229000.0,3,3,1540,972 BRIDGE ST,Philadelphia,Pennsylvania,71496,5365.8,Philadelphia,65736.0,40.01728,-75.09387,6,40,1,716
19138,199000.0,4,2,960,5731 N WOODSTOCK ST,Philadelphia,Pennsylvania,33197,7265.4,Philadelphia,61093.0,40.05594,-75.15947,6,40,1,929
19121,445000.0,4,3,1848,1814 W THOMPSON ST,Philadelphia,Pennsylvania,34702,5660.1,Philadelphia,60326.0,39.98231,-75.17995,6,40,1,667
19150,205000.0,3,1,1176,8048 FAYETTE ST,Philadelphia,Pennsylvania,22760,5942.5,Philadelphia,73243.0,40.07251,-75.17165,6,40,1,1228
19143,258900.0,3,2,1420,5315 HADFIELD ST,Philadelphia,Pennsylvania,63861,7914.0,Philadelphia,61781.0,39.94315,-75.22664,6,40,1,1036
19146,650000.0,3,3,1620,1801 WEBSTER ST,Philadelphia,Pennsylvania,40983,9178.7,Philadelphia,129271.0,39.93917,-75.18398,6,40,1,1100
19140,109900.0,3,1,960,3950 N PERCY ST,Philadelphia,Pennsylvania,54831,6715.9,Philadelphia,44659.0,40.01224,-75.14512,6,40,1,977
19111,325000.0,3,2,1350,1122 BLEIGH AVE,Philadelphia,Pennsylvania,68452,5454.3,Philadelphia,77163.0,40.06065,-75.08019,6,40,1,577
19152,299900.0,3,2,1128,7705 BRADFORD ST,Philadelphia,Pennsylvania,35528,4759.9,Philadelphia,82402.0,40.06158,-75.04663,6,40,1,1249
19122,299000.0,2,1,756,175 W WILT ST,Philadelphia,Pennsylvania,22080,6592.2,Philadelphia,87642.0,39.97767,-75.14571,6,40,1,679
19137,269999.0,3,2,1368,2601 CROYDON ST,Philadelphia,Pennsylvania,8470,1350.3,Philadelphia,77072.0,39.99455,-75.074,6,40,1,922
19114,269900.0,2,2,1651,5009 S CONVENT LN APT B,Philadelphia,Pennsylvania,31815,2182.8,Philadelphia,92588.0,40.06743,-75.00361,6,40,1,599
19123,429000.0,1,2,1101,901 N PENN ST UNIT R603,Philadelphia,Pennsylvania,18071,5532.1,Philadelphia,126530.0,39.96399,-75.14568,6,40,1,698
19104,69900.0,3,1,1070,614 N PALLAS ST,Philadelphia,Pennsylvania,52126,6575.6,Philadelphia,54629.0,39.95891,-75.19836,6,40,1,541
19128,360000.0,3,2,1216,619 ACORN ST,Philadelphia,Pennsylvania,38840,2147.0,Philadelphia,107171.0,40.05003,-75.23003,6,40,1,763
19149,320000.0,4,2,1260,6601 EASTWOOD ST,Philadelphia,Pennsylvania,59899,9687.9,Philadelphia,67745.0,40.03781,-75.06544,6,40,1,1223
19135,215000.0,3,1,1152,7178 WALKER ST,Philadelphia,Pennsylvania,36304,6187.2,Philadelphia,69853.0,40.02192,-75.04966,6,40,1,890
19138,144900.0,3,1,950,1217 E STAFFORD ST,Philadelphia,Pennsylvania,33197,7265.4,Philadelphia,61093.0,40.05594,-75.15947,6,40,1,936
19103,319900.0,1,1,661,219 S 18TH ST # 1119,Philadelphia,Pennsylvania,25368,15173.9,Philadelphia,159697.0,39.95303,-75.17386,6,40,1,536
19121,230000.0,3,2,1050,1632 N DOVER ST,Philadelphia,Pennsylvania,34702,5660.1,Philadelphia,60326.0,39.98231,-75.17995,6,40,1,660
19142,179500.0,3,2,1124,7275 SAYBROOK AVE,Philadelphia,Pennsylvania,29993,6632.5,Philadelphia,52935.0,39.92278,-75.23375,6,40,1,1001
19133,115000.0,3,1,1332,1121 W INDIANA AVE,Philadelphia,Pennsylvania,25893,7791.3,Philadelphia,45818.0,39.99238,-75.14149,6,40,1,847
19132,150000.0,3,1,1038,2203 N COLORADO ST,Philadelphia,Pennsylvania,32802,5879.3,Philadelphia,48243.0,39.99649,-75.17102,6,40,1,826
19120,234999.0,3,2,1266,5730 N FRONT ST,Philadelphia,Pennsylvania,73896,8821.9,Philadelphia,62768.0,40.03417,-75.11986,6,40,1,658
19132,75000.0,2,1,686,2416 N CLARION ST,Philadelphia,Pennsylvania,32802,5879.3,Philadelphia,48243.0,39.99649,-75.17102,6,40,1,831
19144,310000.0,3,1,1024,634 W JOHNSON ST,Philadelphia,Pennsylvania,46854,5041.4,Philadelphia,61854.0,40.03278,-75.17523,6,40,1,1059
19139,194900.0,3,2,1008,5952 LOCUST ST,Philadelphia,Pennsylvania,45642,9964.3,Philadelphia,58668.0,39.96144,-75.22964,6,40,1,948
19104,319900.0,5,3,1887,3510 WALLACE ST,Philadelphia,Pennsylvania,52126,6575.6,Philadelphia,54629.0,39.95891,-75.19836,6,40,1,551
19143,169900.0,4,1,1400,5225 PINE ST,Philadelphia,Pennsylvania,63861,7914.0,Philadelphia,61781.0,39.94315,-75.22664,6,40,1,1026
19111,309000.0,3,2,1260,8012 JEANES ST,Philadelphia,Pennsylvania,68452,5454.3,Philadelphia,77163.0,40.06065,-75.08019,6,40,1,574
19124,150000.0,3,1,1164,1031 HERBERT ST,Philadelphia,Pennsylvania,71496,5365.8,Philadelphia,65736.0,40.01728,-75.09387,6,40,1,711
19107,1475000.0,4,4,2905,921 SPRUCE ST,Philadelphia,Pennsylvania,14984,10634.5,Philadelphia,105692.0,39.9518,-75.15864,6,40,1,567
19154,250000.0,3,2,1200,2814 NORCOM RD,Philadelphia,Pennsylvania,34803,2100.3,Philadelphia,102138.0,40.0951,-74.98159,6,40,1,1270
19111,263000.0,3,1,1330,1301 FAUNCE ST,Philadelphia,Pennsylvania,68452,5454.3,Philadelphia,77163.0,40.06065,-75.08019,6,40,1,582
19132,180000.0,3,2,1200,2541 N MARSTON ST,Philadelphia,Pennsylvania,32802,5879.3,Philadelphia,48243.0,39.99649,-75.17102,6,40,1,822
19133,219000.0,3,2,1088,3154 N 8TH ST,Philadelphia,Pennsylvania,25893,7791.3,Philadelphia,45818.0,39.99238,-75.14149,6,40,1,855
19128,310000.0,3,1,1148,447 PARKER AVE,Philadelphia,Pennsylvania,38840,2147.0,Philadelphia,107171.0,40.05003,-75.23003,6,40,1,768
19111,409900.0,3,2,1188,1835 GRIFFITH ST,Philadelphia,Pennsylvania,68452,5454.3,Philadelphia,77163.0,40.06065,-75.08019,6,40,1,579
19144,250000.0,4,2,1451,132 W ASHMEAD ST,Philadelphia,Pennsylvania,46854,5041.4,Philadelphia,61854.0,40.03278,-75.17523,6,40,1,1062
19146,545000.0,2,2,1260,746 S CLEVELAND ST,Philadelphia,Pennsylvania,40983,9178.7,Philadelphia,129271.0,39.93917,-75.18398,6,40,1,1115
19140,122000.0,3,1,1290,703 W WINGOHOCKING ST,Philadelphia,Pennsylvania,54831,6715.9,Philadelphia,44659.0,40.01224,-75.14512,6,40,1,965
19114,364500.0,3,2,1806,9342 TULIP ST,Philadelphia,Pennsylvania,31815,2182.8,Philadelphia,92588.0,40.06743,-75.00361,6,40,1,596
19124,175000.0,3,1,956,843 ANCHOR ST,Philadelphia,Pennsylvania,71496,5365.8,Philadelphia,65736.0,40.01728,-75.09387,6,40,1,714
19135,160000.0,2,1,980,6754 MARSDEN ST,Philadelphia,Pennsylvania,36304,6187.2,Philadelphia,69853.0,40.02192,-75.04966,6,40,1,895
19111,399900.0,3,2,2010,524 PENNY LN # C41,Philadelphia,Pennsylvania,68452,5454.3,Philadelphia,77163.0,40.06065,-75.08019,6,40,1,569
19124,179900.0,3,2,1350,1615 ALLENGROVE ST,Philadelphia,Pennsylvania,71496,5365.8,Philadelphia,65736.0,40.01728,-75.09387,6,40,1,709
19148,239900.0,3,2,940,139 W PORTER ST,Philadelphia,Pennsylvania,51010,4652.6,Philadelphia,89150.0,39.91175,-75.1514,6,40,1,1186
19131,234900.0,5,4,1350,5512 W THOMPSON ST,Philadelphia,Pennsylvania,44791,3280.7,Philadelphia,60575.0,39.98865,-75.21835,6,40,1,820
19154,369900.0,3,2,1332,3856 KIPLING PL,Philadelphia,Pennsylvania,34803,2100.3,Philadelphia,102138.0,40.0951,-74.98159,6,40,1,1269
19126,149999.0,4,1,1502,6629 N GRATZ ST,Philadelphia,Pennsylvania,18269,5928.8,Philadelphia,71954.0,40.05516,-75.13728,6,40,1,754
19148,309000.0,3,2,942,2512 S ISEMINGER ST,Philadelphia,Pennsylvania,51010,4652.6,Philadelphia,89150.0,39.91175,-75.1514,6,40,1,1159
19114,329000.0,3,2,1900,3504 GRANT AVE,Philadelphia,Pennsylvania,31815,2182.8,Philadelphia,92588.0,40.06743,-75.00361,6,40,1,591
19136,255000.0,3,2,1352,3523 MERIDIAN ST,Philadelphia,Pennsylvania,37193,2992.9,Philadelphia,80802.0,40.03973,-75.01932,6,40,1,916
19142,150000.0,3,1,960,2608 S 70TH ST,Philadelphia,Pennsylvania,29993,6632.5,Philadelphia,52935.0,39.92278,-75.23375,6,40,1,999
19111,274900.0,4,1,1956,365 FANSHAWE ST,Philadelphia,Pennsylvania,68452,5454.3,Philadelphia,77163.0,40.06065,-75.08019,6,40,1,583
19140,184900.0,3,2,1350,3849 N GRATZ ST,Philadelphia,Pennsylvania,54831,6715.9,Philadelphia,44659.0,40.01224,-75.14512,6,40,1,972
19136,179900.0,3,2,1179,4750 OAKMONT ST,Philadelphia,Pennsylvania,37193,2992.9,Philadelphia,80802.0,40.03973,-75.01932,6,40,1,905
19128,419900.0,4,3,1800,305 GINGER LN,Philadelphia,Pennsylvania,38840,2147.0,Philadelphia,107171.0,40.05003,-75.23003,6,40,1,776
19147,299000.0,2,1,1440,1312 S 3RD ST,Philadelphia,Pennsylvania,39335,11352.6,Philadelphia,154389.0,39.93645,-75.15468,6,40,1,1150
19132,150000.0,3,1,1008,2415 W INDIANA AVE,Philadelphia,Pennsylvania,32802,5879.3,Philadelphia,48243.0,39.99649,-75.17102,6,40,1,829
19134,99900.0,3,1,1008,3542 STOUTON ST,Philadelphia,Pennsylvania,59590,6676.6,Philadelphia,53460.0,39.98953,-75.10838,6,40,1,881
19139,120000.0,4,1,1560,5456 LOCUST ST,Philadelphia,Pennsylvania,45642,9964.3,Philadelphia,58668.0,39.96144,-75.22964,6,40,1,943
19121,160000.0,4,2,1160,1621 FRENCH ST,Philadelphia,Pennsylvania,34702,5660.1,Philadelphia,60326.0,39.98231,-75.17995,6,40,1,676
19148,249000.0,3,2,968,1126 TREE ST,Philadelphia,Pennsylvania,51010,4652.6,Philadelphia,89150.0,39.91175,-75.1514,6,40,1,1162
19145,360000.0,2,2,1466,2629 S HICKS ST,Philadelphia,Pennsylvania,45101,3631.1,Philadelphia,88659.0,39.91469,-75.19194,6,40,1,1079
19121,285999.0,4,4,1640,3146 EUCLID AVE,Philadelphia,Pennsylvania,34702,5660.1,Philadelphia,60326.0,39.98231,-75.17995,6,40,1,665
19143,275000.0,3,2,1066,1046 S PAXON ST,Philadelphia,Pennsylvania,63861,7914.0,Philadelphia,61781.0,39.94315,-75.22664,6,40,1,1015
19148,220000.0,3,1,930,2602 S MARSHALL ST,Philadelphia,Pennsylvania,51010,4652.6,Philadelphia,89150.0,39.91175,-75.1514,6,40,1,1177
19135,150000.0,2,1,1108,4149 PASSMORE ST,Philadelphia,Pennsylvania,36304,6187.2,Philadelphia,69853.0,40.02192,-75.04966,6,40,1,899
19133,185000.0,3,2,1160,1142 W NEVADA ST,Philadelphia,Pennsylvania,25893,7791.3,Philadelphia,45818.0,39.99238,-75.14149,6,40,1,845
19146,385000.0,3,2,1820,1436 S CHADWICK ST,Philadelphia,Pennsylvania,40983,9178.7,Philadelphia,129271.0,39.93917,-75.18398,6,40,1,1127
19154,299900.0,3,2,1360,3583 OAKHILL RD,Philadelphia,Pennsylvania,34803,2100.3,Philadelphia,102138.0,40.0951,-74.98159,6,40,1,1261
19152,278900.0,3,2,1320,2042 GLENDALE AVE,Philadelphia,Pennsylvania,35528,4759.9,Philadelphia,82402.0,40.06158,-75.04663,6,40,1,1238
19146,214999.0,3,2,1020,1529 S PATTON ST,Philadelphia,Pennsylvania,40983,9178.7,Philadelphia,129271.0,39.93917,-75.18398,6,40,1,1113
19116,235000.0,2,2,1074,301 BYBERRY RD APT E32,Philadelphia,Pennsylvania,33573,2482.7,Philadelphia,86502.0,40.11655,-75.01399,6,40,1,609
19130,985000.0,5,4,3590,601 N 18TH ST,Philadelphia,Pennsylvania,29378,9166.1,Philadelphia,138891.0,39.9676,-75.17495,6,40,1,794
19122,600000.0,3,3,1534,1509 N BODINE ST,Philadelphia,Pennsylvania,22080,6592.2,Philadelphia,87642.0,39.97767,-75.14571,6,40,1,680
19124,129900.0,3,2,1350,4145 DUNGAN ST,Philadelphia,Pennsylvania,71496,5365.8,Philadelphia,65736.0,40.01728,-75.09387,6,40,1,708
19148,289900.0,3,2,1032,1011 FERNON ST,Philadelphia,Pennsylvania,51010,4652.6,Philadelphia,89150.0,39.91175,-75.1514,6,40,1,1170
19130,918750.0,3,2,1753,1900 HAMILTON ST UNIT D6,Philadelphia,Pennsylvania,29378,9166.1,Philadelphia,138891.0,39.9676,-75.17495,6,40,1,805
19133,99000.0,3,2,1384,2358 N 12TH ST,Philadelphia,Pennsylvania,25893,7791.3,Philadelphia,45818.0,39.99238,-75.14149,6,40,1,852
19121,392999.0,3,4,2000,1641 N NEWKIRK ST,Philadelphia,Pennsylvania,34702,5660.1,Philadelphia,60326.0,39.98231,-75.17995,6,40,1,674
19123,945000.0,4,4,2387,607 N 6TH ST,Philadelphia,Pennsylvania,18071,5532.1,Philadelphia,126530.0,39.96399,-75.14568,6,40,1,691
19144,312000.0,4,1,1350,410 W WOODLAWN ST,Philadelphia,Pennsylvania,46854,5041.4,Philadelphia,61854.0,40.03278,-75.17523,6,40,1,1060
19140,149900.0,4,2,1334,3318 N GRATZ ST,Philadelphia,Pennsylvania,54831,6715.9,Philadelphia,44659.0,40.01224,-75.14512,6,40,1,973
19140,35000.0,3,1,1120,3523 N 7TH ST,Philadelphia,Pennsylvania,54831,6715.9,Philadelphia,44659.0,40.01224,-75.14512,6,40,1,961
19120,185000.0,3,2,1504,572 E SANGER ST,Philadelphia,Pennsylvania,73896,8821.9,Philadelphia,62768.0,40.03417,-75.11986,6,40,1,649
19149,249000.0,3,1,1208,6835 LYNFORD ST,Philadelphia,Pennsylvania,59899,9687.9,Philadelphia,67745.0,40.03781,-75.06544,6,40,1,1200
19131,324999.0,4,3,1574,5333 ARLINGTON ST,Philadelphia,Pennsylvania,44791,3280.7,Philadelphia,60575.0,39.98865,-75.21835,6,40,1,812
19136,269000.0,3,1,1152,3556 MERIDIAN ST,Philadelphia,Pennsylvania,37193,2992.9,Philadelphia,80802.0,40.03973,-75.01932,6,40,1,900
19152,117000.0,1,1,712,7600 ROOSEVELT BLVD APT 604,Philadelphia,Pennsylvania,35528,4759.9,Philadelphia,82402.0,40.06158,-75.04663,6,40,1,1250
19121,225000.0,2,1,749,1737 N DOVER ST,Philadelphia,Pennsylvania,34702,5660.1,Philadelphia,60326.0,39.98231,-75.17995,6,40,1,663
19139,65000.0,2,1,994,207 N VODGES ST,Philadelphia,Pennsylvania,45642,9964.3,Philadelphia,58668.0,39.96144,-75.22964,6,40,1,951
19153,299900.0,2,2,1250,7426 SANDPIPER PL,Philadelphia,Pennsylvania,12810,489.1,Philadelphia,58936.0,39.88391,-75.2343,6,40,1,1253
19135,169000.0,3,1,1068,4071 HIGBEE ST,Philadelphia,Pennsylvania,36304,6187.2,Philadelphia,69853.0,40.02192,-75.04966,6,40,1,897
19150,329900.0,3,4,1502,919 E MCPHERSON ST,Philadelphia,Pennsylvania,22760,5942.5,Philadelphia,73243.0,40.07251,-75.17165,6,40,1,1226
19148,425000.0,3,4,1925,616 MCKEAN ST,Philadelphia,Pennsylvania,51010,4652.6,Philadelphia,89150.0,39.91175,-75.1514,6,40,1,1169
19146,399999.0,3,3,1616,1244 S BONSALL ST,Philadelphia,Pennsylvania,40983,9178.7,Philadelphia,129271.0,39.93917,-75.18398,6,40,1,1122
19124,159900.0,3,1,1064,1615 WOMRATH ST,Philadelphia,Pennsylvania,71496,5365.8,Philadelphia,65736.0,40.01728,-75.09387,6,40,1,721
19134,225000.0,4,3,2116,3618 EMERALD ST,Philadelphia,Pennsylvania,59590,6676.6,Philadelphia,53460.0,39.98953,-75.10838,6,40,1,868
19146,499000.0,3,3,2840,1243 S 24TH ST,Philadelphia,Pennsylvania,40983,9178.7,Philadelphia,129271.0,39.93917,-75.18398,6,40,1,1114
19139,244900.0,4,2,1312,125 N 60TH ST,Philadelphia,Pennsylvania,45642,9964.3,Philadelphia,58668.0,39.96144,-75.22964,6,40,1,953
19135,160000.0,3,2,1080,7152 TULIP ST,Philadelphia,Pennsylvania,36304,6187.2,Philadelphia,69853.0,40.02192,-75.04966,6,40,1,893
19130,249000.0,1,1,938,2601 PENNSYLVANIA AVE APT 742,Philadelphia,Pennsylvania,29378,9166.1,Philadelphia,138891.0,39.9676,-75.17495,6,40,1,792
19115,349000.0,3,2,1178,2201 CONWELL AVE,Philadelphia,Pennsylvania,35901,2685.3,Philadelphia,99941.0,40.09094,-75.04595,6,40,1,600
19122,349000.0,2,2,1157,1521 N FRANKLIN ST APT 3,Philadelphia,Pennsylvania,22080,6592.2,Philadelphia,87642.0,39.97767,-75.14571,6,40,1,681
19121,349900.0,4,2,1440,2044 N 25TH ST,Philadelphia,Pennsylvania,34702,5660.1,Philadelphia,60326.0,39.98231,-75.17995,6,40,1,670
19140,45000.0,3,1,1134,4405 N FRANKLIN ST,Philadelphia,Pennsylvania,54831,6715.9,Philadelphia,44659.0,40.01224,-75.14512,6,40,1,964
19119,225000.0,3,2,1150,155 E PLEASANT ST,Philadelphia,Pennsylvania,29206,3313.6,Philadelphia,120369.0,40.05303,-75.19223,6,40,1,627
19142,69900.0,3,2,1200,2139 S SIMPSON ST,Philadelphia,Pennsylvania,29993,6632.5,Philadelphia,52935.0,39.92278,-75.23375,6,40,1,998
19142,119000.0,4,1,1044,6527 PASCHALL AVE,Philadelphia,Pennsylvania,29993,6632.5,Philadelphia,52935.0,39.92278,-75.23375,6,40,1,1004
19148,599000.0,3,3,1500,2833 S WARNOCK ST,Philadelphia,Pennsylvania,51010,4652.6,Philadelphia,89150.0,39.91175,-75.1514,6,40,1,1168
19147,815000.0,3,3,2195,1013 LOMBARD ST,Philadelphia,Pennsylvania,39335,11352.6,Philadelphia,154389.0,39.93645,-75.15468,6,40,1,1148
19135,215000.0,4,2,1600,7029 TORRESDALE AVE,Philadelphia,Pennsylvania,36304,6187.2,Philadelphia,69853.0,40.02192,-75.04966,6,40,1,886
19114,499000.0,4,2,1600,9318 TREATY RD,Philadelphia,Pennsylvania,31815,2182.8,Philadelphia,92588.0,40.06743,-75.00361,6,40,1,585
19107,275000.0,1,1,944,1010 ARCH ST UNIT 206,Philadelphia,Pennsylvania,14984,10634.5,Philadelphia,105692.0,39.9518,-75.15864,6,40,1,565
19145,110000.0,3,1,988,2341 MCCLELLAN ST,Philadelphia,Pennsylvania,45101,3631.1,Philadelphia,88659.0,39.91469,-75.19194,6,40,1,1089
19152,350000.0,3,2,1995,2122 GRIFFITH ST,Philadelphia,Pennsylvania,35528,4759.9,Philadelphia,82402.0,40.06158,-75.04663,6,40,1,1244
19128,250000.0,3,1,1344,305 KRAMS AVE,Philadelphia,Pennsylvania,38840,2147.0,Philadelphia,107171.0,40.05003,-75.23003,6,40,1,774
19132,199900.0,3,2,1618,2543 W GORDON ST,Philadelphia,Pennsylvania,32802,5879.3,Philadelphia,48243.0,39.99649,-75.17102,6,40,1,824
19116,529900.0,3,3,2032,806 REGINA ST,Philadelphia,Pennsylvania,33573,2482.7,Philadelphia,86502.0,40.11655,-75.01399,6,40,1,610
19140,140500.0,3,1,1486,2046 W WESTMORELAND ST,Philadelphia,Pennsylvania,54831,6715.9,Philadelphia,44659.0,40.01224,-75.14512,6,40,1,956
19106,1100000.0,2,2,1100,160 N 2ND ST # 1,Philadelphia,Pennsylvania,14211,6454.7,Philadelphia,176029.0,39.94589,-75.14224,6,40,1,559
19146,419000.0,2,2,1470,2141 OAKFORD ST,Philadelphia,Pennsylvania,40983,9178.7,Philadelphia,129271.0,39.93917,-75.18398,6,40,1,1129
19106,850000.0,2,2,1790,121 WALNUT ST # 503,Philadelphia,Pennsylvania,14211,6454.7,Philadelphia,176029.0,39.94589,-75.14224,6,40,1,560
19123,690000.0,3,4,2034,849 N ORIANNA ST,Philadelphia,Pennsylvania,18071,5532.1,Philadelphia,126530.0,39.96399,-75.14568,6,40,1,697
19124,199900.0,4,2,2256,1306 FOULKROD ST,Philadelphia,Pennsylvania,71496,5365.8,Philadelphia,65736.0,40.01728,-75.09387,6,40,1,713
19138,199900.0,3,1,1148,929 CHURCH LN,Philadelphia,Pennsylvania,33197,7265.4,Philadelphia,61093.0,40.05594,-75.15947,6,40,1,935
19152,315000.0,3,2,1224,2685 WINCHESTER AVE,Philadelphia,Pennsylvania,35528,4759.9,Philadelphia,82402.0,40.06158,-75.04663,6,40,1,1251
19123,290000.0,2,1,850,1025 N LAWRENCE ST APT B,Philadelphia,Pennsylvania,18071,5532.1,Philadelphia,126530.0,39.96399,-75.14568,6,40,1,705
19146,425000.0,2,1,912,1935 KATER ST,Philadelphia,Pennsylvania,40983,9178.7,Philadelphia,129271.0,39.93917,-75.18398,6,40,1,1136
19130,1150000.0,3,5,2856,869 CORINTHIAN AVE UNIT 5,Philadelphia,Pennsylvania,29378,9166.1,Philadelphia,138891.0,39.9676,-75.17495,6,40,1,793
19132,136000.0,3,2,1134,2334 N GRATZ ST,Philadelphia,Pennsylvania,32802,5879.3,Philadelphia,48243.0,39.99649,-75.17102,6,40,1,838
19132,87900.0,3,1,1040,2519 N GRATZ ST,Philadelphia,Pennsylvania,32802,5879.3,Philadelphia,48243.0,39.99649,-75.17102,6,40,1,836
19131,179900.0,3,3,1388,5728 NASSAU RD,Philadelphia,Pennsylvania,44791,3280.7,Philadelphia,60575.0,39.98865,-75.21835,6,40,1,810
19143,249900.0,4,3,1438,5342 BALTIMORE AVE,Philadelphia,Pennsylvania,63861,7914.0,Philadelphia,61781.0,39.94315,-75.22664,6,40,1,1033
19139,149821.0,3,1,990,218 S ALDEN ST,Philadelphia,Pennsylvania,45642,9964.3,Philadelphia,58668.0,39.96144,-75.22964,6,40,1,941
19149,259000.0,3,2,1400,6938 LYNFORD ST,Philadelphia,Pennsylvania,59899,9687.9,Philadelphia,67745.0,40.03781,-75.06544,6,40,1,1215
19152,305000.0,3,2,1164,2840 SHIPLEY RD,Philadelphia,Pennsylvania,35528,4759.9,Philadelphia,82402.0,40.06158,-75.04663,6,40,1,1240
19149,299000.0,3,2,1120,7053 LARGE ST,Philadelphia,Pennsylvania,59899,9687.9,Philadelphia,67745.0,40.03781,-75.06544,6,40,1,1224
19145,749900.0,3,3,2970,1822 S BROAD ST,Philadelphia,Pennsylvania,45101,3631.1,Philadelphia,88659.0,39.91469,-75.19194,6,40,1,1071
19123,619900.0,2,2,1520,440 OLIVE ST,Philadelphia,Pennsylvania,18071,5532.1,Philadelphia,126530.0,39.96399,-75.14568,6,40,1,702
19145,239000.0,3,2,1350,1904 S 22ND ST,Philadelphia,Pennsylvania,45101,3631.1,Philadelphia,88659.0,39.91469,-75.19194,6,40,1,1072
19120,170000.0,3,1,1280,120 E LOUDON ST,Philadelphia,Pennsylvania,73896,8821.9,Philadelphia,62768.0,40.03417,-75.11986,6,40,1,639
19148,275000.0,3,1,1084,1912 S 9TH ST,Philadelphia,Pennsylvania,51010,4652.6,Philadelphia,89150.0,39.91175,-75.1514,6,40,1,1192
19146,525000.0,3,3,2000,1415 S CHADWICK ST,Philadelphia,Pennsylvania,40983,9178.7,Philadelphia,129271.0,39.93917,-75.18398,6,40,1,1116
19136,215000.0,3,1,1126,4023 ALDINE ST,Philadelphia,Pennsylvania,37193,2992.9,Philadelphia,80802.0,40.03973,-75.01932,6,40,1,902
19148,315000.0,3,1,1272,931 WOLF ST,Philadelphia,Pennsylvania,51010,4652.6,Philadelphia,89150.0,39.91175,-75.1514,6,40,1,1173
19146,499000.0,2,2,1228,755 S 20TH ST # A,Philadelphia,Pennsylvania,40983,9178.7,Philadelphia,129271.0,39.93917,-75.18398,6,40,1,1102
19111,314000.0,3,1,1224,1914 AFTON ST,Philadelphia,Pennsylvania,68452,5454.3,Philadelphia,77163.0,40.06065,-75.08019,6,40,1,578
19146,275000.0,4,1,1720,1533 S CARLISLE ST,Philadelphia,Pennsylvania,40983,9178.7,Philadelphia,129271.0,39.93917,-75.18398,6,40,1,1109
19130,315000.0,1,1,758,714 N CHADWICK ST UNIT 6,Philadelphia,Pennsylvania,29378,9166.1,Philadelphia,138891.0,39.9676,-75.17495,6,40,1,804
19114,195000.0,2,2,1498,5010 H CONVENT # 130,Philadelphia,Pennsylvania,31815,2182.8,Philadelphia,92588.0,40.06743,-75.00361,6,40,1,586
19131,98000.0,3,1,1080,655 N CREIGHTON ST,Philadelphia,Pennsylvania,44791,3280.7,Philadelphia,60575.0,39.98865,-75.21835,6,40,1,806
19134,79000.0,3,1,960,3244 F ST,Philadelphia,Pennsylvania,59590,6676.6,Philadelphia,53460.0,39.98953,-75.10838,6,40,1,864
19129,325000.0,3,2,936,3342 TILDEN ST,Philadelphia,Pennsylvania,11551,2174.1,Philadelphia,115650.0,40.01338,-75.18454,6,40,1,790
19128,329000.0,4,2,1980,4428 FLEMING ST,Philadelphia,Pennsylvania,38840,2147.0,Philadelphia,107171.0,40.05003,-75.23003,6,40,1,779
19130,429000.0,2,1,840,783 N JUDSON ST,Philadelphia,Pennsylvania,29378,9166.1,Philadelphia,138891.0,39.9676,-75.17495,6,40,1,797
19102,325000.0,1,2,865,1420 LOCUST ST APT 14D,Philadelphia,Pennsylvania,5108,10565.9,Philadelphia,171362.0,39.95301,-75.16544,6,40,1,526
19125,490000.0,2,1,938,1247 E COLUMBIA AVE APT 26,Philadelphia,Pennsylvania,24948,7123.8,Philadelphia,115644.0,39.97611,-75.12472,6,40,1,734
19126,160000.0,3,2,1082,1534 KINSDALE ST,Philadelphia,Pennsylvania,18269,5928.8,Philadelphia,71954.0,40.05516,-75.13728,6,40,1,753
19128,359000.0,3,1,1331,677 RECTOR ST,Philadelphia,Pennsylvania,38840,2147.0,Philadelphia,107171.0,40.05003,-75.23003,6,40,1,765
19148,449900.0,3,3,1986,1634 S 8TH ST,Philadelphia,Pennsylvania,51010,4652.6,Philadelphia,89150.0,39.91175,-75.1514,6,40,1,1175
19127,314000.0,3,1,1200,164 CARSON ST,Philadelphia,Pennsylvania,5522,3735.5,Philadelphia,140600.0,40.02854,-75.22746,6,40,1,760
19122,255000.0,2,1,714,2010 N 5TH ST # 2B,Philadelphia,Pennsylvania,22080,6592.2,Philadelphia,87642.0,39.97767,-75.14571,6,40,1,689
19141,249900.0,4,3,1408,4827 N 9TH ST,Philadelphia,Pennsylvania,33641,7441.8,Philadelphia,51264.0,40.03788,-75.14541,6,40,1,992
19145,200000.0,3,2,1128,2130 TASKER ST,Philadelphia,Pennsylvania,45101,3631.1,Philadelphia,88659.0,39.91469,-75.19194,6,40,1,1094
19131,345000.0,3,3,1938,2413 N 57TH ST,Philadelphia,Pennsylvania,44791,3280.7,Philadelphia,60575.0,39.98865,-75.21835,6,40,1,809
19143,65000.0,3,1,1368,5501 WARRINGTON AVE,Philadelphia,Pennsylvania,63861,7914.0,Philadelphia,61781.0,39.94315,-75.22664,6,40,1,1040
19129,70000.0,3,1,914,2705 W WESTMORELAND ST,Philadelphia,Pennsylvania,11551,2174.1,Philadelphia,115650.0,40.01338,-75.18454,6,40,1,786
19142,125000.0,3,1,1216,6160 WHEELER ST,Philadelphia,Pennsylvania,29993,6632.5,Philadelphia,52935.0,39.92278,-75.23375,6,40,1,1007
19123,500000.0,3,3,2040,1133 N HOPE ST # 17,Philadelphia,Pennsylvania,18071,5532.1,Philadelphia,126530.0,39.96399,-75.14568,6,40,1,700
19139,259000.0,4,2,1650,227 N 53RD ST,Philadelphia,Pennsylvania,45642,9964.3,Philadelphia,58668.0,39.96144,-75.22964,6,40,1,945
19139,145000.0,3,1,1194,6021 SANSOM ST,Philadelphia,Pennsylvania,45642,9964.3,Philadelphia,58668.0,39.96144,-75.22964,6,40,1,937
19132,299900.0,4,4,1915,2411 N 19TH ST,Philadelphia,Pennsylvania,32802,5879.3,Philadelphia,48243.0,39.99649,-75.17102,6,40,1,827
19125,699995.0,3,3,2406,3000 CITYVIEW WALK # 169,Philadelphia,Pennsylvania,24948,7123.8,Philadelphia,115644.0,39.97611,-75.12472,6,40,1,741
19140,89000.0,3,1,1080,435 W BRISTOL ST,Philadelphia,Pennsylvania,54831,6715.9,Philadelphia,44659.0,40.01224,-75.14512,6,40,1,975
19127,299000.0,2,2,1360,4638 CANTON ST,Philadelphia,Pennsylvania,5522,3735.5,Philadelphia,140600.0,40.02854,-75.22746,6,40,1,755
19128,349900.0,3,2,1320,155 W SALAIGNAC ST,Philadelphia,Pennsylvania,38840,2147.0,Philadelphia,107171.0,40.05003,-75.23003,6,40,1,769
19134,115000.0,3,1,1064,3140 CUSTER ST,Philadelphia,Pennsylvania,59590,6676.6,Philadelphia,53460.0,39.98953,-75.10838,6,40,1,871
19146,400000.0,3,3,1707,1421 S RINGGOLD ST,Philadelphia,Pennsylvania,40983,9178.7,Philadelphia,129271.0,39.93917,-75.18398,6,40,1,1132
19147,595000.0,3,3,3000,740 S COLUMBUS BLVD UNIT 28,Philadelphia,Pennsylvania,39335,11352.6,Philadelphia,154389.0,39.93645,-75.15468,6,40,1,1147
19114,319999.0,3,2,1488,9226 ACADEMY RD,Philadelphia,Pennsylvania,31815,2182.8,Philadelphia,92588.0,40.06743,-75.00361,6,40,1,592
19132,109900.0,3,1,1050,2611 N COLORADO ST,Philadelphia,Pennsylvania,32802,5879.3,Philadelphia,48243.0,39.99649,-75.17102,6,40,1,842
19149,249000.0,3,1,1152,2806 KNORR ST,Philadelphia,Pennsylvania,59899,9687.9,Philadelphia,67745.0,40.03781,-75.06544,6,40,1,1204
19143,179900.0,3,1,1320,6045 DELANCEY ST,Philadelphia,Pennsylvania,63861,7914.0,Philadelphia,61781.0,39.94315,-75.22664,6,40,1,1044
19115,462000.0,4,4,2157,109 ALMATT DR,Philadelphia,Pennsylvania,35901,2685.3,Philadelphia,99941.0,40.09094,-75.04595,6,40,1,604
19142,150000.0,3,1,1220,6322 THEODORE ST,Philadelphia,Pennsylvania,29993,6632.5,Philadelphia,52935.0,39.92278,-75.23375,6,40,1,1008
19104,314900.0,5,3,1428,529 N 33RD ST,Philadelphia,Pennsylvania,52126,6575.6,Philadelphia,54629.0,39.95891,-75.19836,6,40,1,542
19122,219000.0,2,1,824,2015 N REESE ST # 5D,Philadelphia,Pennsylvania,22080,6592.2,Philadelphia,87642.0,39.97767,-75.14571,6,40,1,688
19148,515000.0,5,5,3250,1933 S 6TH ST,Philadelphia,Pennsylvania,51010,4652.6,Philadelphia,89150.0,39.91175,-75.1514,6,40,1,1190
19154,284000.0,2,2,900,215 GOODFORD RD,Philadelphia,Pennsylvania,34803,2100.3,Philadelphia,102138.0,40.0951,-74.98159,6,40,1,1264
19143,249900.0,3,3,1856,1321 S 54TH ST,Philadelphia,Pennsylvania,63861,7914.0,Philadelphia,61781.0,39.94315,-75.22664,6,40,1,1014
19120,240000.0,3,2,1362,258 W RUSCOMB ST,Philadelphia,Pennsylvania,73896,8821.9,Philadelphia,62768.0,40.03417,-75.11986,6,40,1,641
19135,147500.0,3,1,1076,6319 MARSDEN ST,Philadelphia,Pennsylvania,36304,6187.2,Philadelphia,69853.0,40.02192,-75.04966,6,40,1,884
19149,209000.0,3,1,1046,3008 HALE ST,Philadelphia,Pennsylvania,59899,9687.9,Philadelphia,67745.0,40.03781,-75.06544,6,40,1,1211
19145,189900.0,3,2,986,2211 PIERCE ST,Philadelphia,Pennsylvania,45101,3631.1,Philadelphia,88659.0,39.91469,-75.19194,6,40,1,1097
19145,239900.0,2,3,1240,2805 CANTRELL ST,Philadelphia,Pennsylvania,45101,3631.1,Philadelphia,88659.0,39.91469,-75.19194,6,40,1,1073
19143,169900.0,3,1,1066,1017 S PAXON ST,Philadelphia,Pennsylvania,63861,7914.0,Philadelphia,61781.0,39.94315,-75.22664,6,40,1,1024
19140,90000.0,2,2,1120,4235 N CLARISSA ST,Philadelphia,Pennsylvania,54831,6715.9,Philadelphia,44659.0,40.01224,-75.14512,6,40,1,969
19132,180000.0,3,2,1200,2541 N MARSTON ST,Philadelphia,Pennsylvania,32802,5879.3,Philadelphia,48243.0,39.99649,-75.17102,6,40,1,822
19134,86500.0,3,1,1064,3424 BRADDOCK ST,Philadelphia,Pennsylvania,59590,6676.6,Philadelphia,53460.0,39.98953,-75.10838,6,40,1,857
19124,160000.0,4,2,1230,4128 GLENDALE ST,Philadelphia,Pennsylvania,71496,5365.8,Philadelphia,65736.0,40.01728,-75.09387,6,40,1,707
19128,339900.0,3,2,1680,355 DAWSON ST,Philadelphia,Pennsylvania,38840,2147.0,Philadelphia,107171.0,40.05003,-75.23003,6,40,1,772
19120,135500.0,3,1,1120,237 W SHELDON ST,Philadelphia,Pennsylvania,73896,8821.9,Philadelphia,62768.0,40.03417,-75.11986,6,40,1,654
19131,299000.0,4,2,1520,5425 STEWART ST,Philadelphia,Pennsylvania,44791,3280.7,Philadelphia,60575.0,39.98865,-75.21835,6,40,1,818
19136,239900.0,3,2,1024,4625 LANSING ST,Philadelphia,Pennsylvania,37193,2992.9,Philadelphia,80802.0,40.03973,-75.01932,6,40,1,901
19106,387500.0,2,2,907,315 NEW ST APT 702,Philadelphia,Pennsylvania,14211,6454.7,Philadelphia,176029.0,39.94589,-75.14224,6,40,1,555
19111,299000.0,3,2,1600,321 FANSHAWE ST,Philadelphia,Pennsylvania,68452,5454.3,Philadelphia,77163.0,40.06065,-75.08019,6,40,1,570
19120,195000.0,3,2,948,633 E SANGER ST,Philadelphia,Pennsylvania,73896,8821.9,Philadelphia,62768.0,40.03417,-75.11986,6,40,1,647
19148,699900.0,4,4,2400,1611 S 6TH ST,Philadelphia,Pennsylvania,51010,4652.6,Philadelphia,89150.0,39.91175,-75.1514,6,40,1,1180
19146,460000.0,3,3,1461,1304 S CLEVELAND ST,Philadelphia,Pennsylvania,40983,9178.7,Philadelphia,129271.0,39.93917,-75.18398,6,40,1,1137
19133,49000.0,5,1,1680,2811 N MUTTER ST,Philadelphia,Pennsylvania,25893,7791.3,Philadelphia,45818.0,39.99238,-75.14149,6,40,1,846
19148,699900.0,4,5,3000,2817 S HUTCHINSON ST,Philadelphia,Pennsylvania,51010,4652.6,Philadelphia,89150.0,39.91175,-75.1514,6,40,1,1191
19146,625000.0,3,4,3096,2046 REED ST,Philadelphia,Pennsylvania,40983,9178.7,Philadelphia,129271.0,39.93917,-75.18398,6,40,1,1108
19125,699000.0,3,2,2201,1502 EARL ST,Philadelphia,Pennsylvania,24948,7123.8,Philadelphia,115644.0,39.97611,-75.12472,6,40,1,731
19148,399000.0,2,3,1250,1815 S WATTS ST,Philadelphia,Pennsylvania,51010,4652.6,Philadelphia,89150.0,39.91175,-75.1514,6,40,1,1160
19145,215000.0,3,2,1448,1837 MORRIS ST,Philadelphia,Pennsylvania,45101,3631.1,Philadelphia,88659.0,39.91469,-75.19194,6,40,1,1088
19143,137500.0,3,2,922,538 S SALFORD ST,Philadelphia,Pennsylvania,63861,7914.0,Philadelphia,61781.0,39.94315,-75.22664,6,40,1,1020
19152,399900.0,3,3,1552,3031 VISTA ST,Philadelphia,Pennsylvania,35528,4759.9,Philadelphia,82402.0,40.06158,-75.04663,6,40,1,1241
19146,650000.0,3,2,1300,2117 RODMAN ST,Philadelphia,Pennsylvania,40983,9178.7,Philadelphia,129271.0,39.93917,-75.18398,6,40,1,1134
19143,195000.0,3,1,1227,1412 S 55TH ST,Philadelphia,Pennsylvania,63861,7914.0,Philadelphia,61781.0,39.94315,-75.22664,6,40,1,1030
19149,219000.0,2,2,896,7136 BUSTLETON AVE,Philadelphia,Pennsylvania,59899,9687.9,Philadelphia,67745.0,40.03781,-75.06544,6,40,1,1221
19116,429900.0,3,3,1656,663 PARLIN ST,Philadelphia,Pennsylvania,33573,2482.7,Philadelphia,86502.0,40.11655,-75.01399,6,40,1,614
19114,499900.0,4,2,2700,9601 STATE RD,Philadelphia,Pennsylvania,31815,2182.8,Philadelphia,92588.0,40.06743,-75.00361,6,40,1,593
19142,179900.0,3,1,1174,6917 DICKS AVE,Philadelphia,Pennsylvania,29993,6632.5,Philadelphia,52935.0,39.92278,-75.23375,6,40,1,1003
19107,279000.0,3,2,729,1010 RACE ST APT 7J,Philadelphia,Pennsylvania,14984,10634.5,Philadelphia,105692.0,39.9518,-75.15864,6,40,1,563
19150,179900.0,3,1,1088,1331 E VERNON RD,Philadelphia,Pennsylvania,22760,5942.5,Philadelphia,73243.0,40.07251,-75.17165,6,40,1,1230
19120,250000.0,3,2,2043,465 VAN KIRK ST,Philadelphia,Pennsylvania,73896,8821.9,Philadelphia,62768.0,40.03417,-75.11986,6,40,1,656
19140,85000.0,3,1,1021,4418 N ORIANNA ST,Philadelphia,Pennsylvania,54831,6715.9,Philadelphia,44659.0,40.01224,-75.14512,6,40,1,967
19118,795000.0,8,3,4352,222 E GRAVERS LN,Philadelphia,Pennsylvania,10743,1294.2,Philadelphia,173051.0,40.07233,-75.21247,6,40,1,617
19144,429900.0,5,3,2974,646 E CHELTEN AVE,Philadelphia,Pennsylvania,46854,5041.4,Philadelphia,61854.0,40.03278,-75.17523,6,40,1,1053
19146,300000.0,3,2,1120,1316 S CHADWICK ST,Philadelphia,Pennsylvania,40983,9178.7,Philadelphia,129271.0,39.93917,-75.18398,6,40,1,1099
19103,1150000.0,2,2,1634,2101 MARKET ST UNIT 3506,Philadelphia,Pennsylvania,25368,15173.9,Philadelphia,159697.0,39.95303,-75.17386,6,40,1,540
19132,209000.0,2,2,958,3109 W ARIZONA ST,Philadelphia,Pennsylvania,32802,5879.3,Philadelphia,48243.0,39.99649,-75.17102,6,40,1,832
19141,159000.0,3,2,1136,5454 N MARVINE ST,Philadelphia,Pennsylvania,33641,7441.8,Philadelphia,51264.0,40.03788,-75.14541,6,40,1,993
19140,140500.0,3,1,1486,2046 W WESTMORELAND ST,Philadelphia,Pennsylvania,54831,6715.9,Philadelphia,44659.0,40.01224,-75.14512,6,40,1,956
19138,299900.0,3,2,1424,1027 E RITTENHOUSE ST,Philadelphia,Pennsylvania,33197,7265.4,Philadelphia,61093.0,40.05594,-75.15947,6,40,1,932
19140,120000.0,3,1,1050,3852 N FAIRHILL ST,Philadelphia,Pennsylvania,54831,6715.9,Philadelphia,44659.0,40.01224,-75.14512,6,40,1,976
19148,449900.0,3,3,2034,604 DUDLEY ST,Philadelphia,Pennsylvania,51010,4652.6,Philadelphia,89150.0,39.91175,-75.1514,6,40,1,1182
19134,58000.0,2,1,840,3123 ARBOR ST,Philadelphia,Pennsylvania,59590,6676.6,Philadelphia,53460.0,39.98953,-75.10838,6,40,1,869
19123,399000.0,6,4,3384,952 N MARSHALL ST,Philadelphia,Pennsylvania,18071,5532.1,Philadelphia,126530.0,39.96399,-75.14568,6,40,1,692
19137,135500.0,3,1,1190,4731 JAMES ST,Philadelphia,Pennsylvania,8470,1350.3,Philadelphia,77072.0,39.99455,-75.074,6,40,1,920
19123,575000.0,3,3,2500,919 N 5TH ST UNIT 22,Philadelphia,Pennsylvania,18071,5532.1,Philadelphia,126530.0,39.96399,-75.14568,6,40,1,693
19111,395000.0,5,3,1828,933 FANSHAWE ST,Philadelphia,Pennsylvania,68452,5454.3,Philadelphia,77163.0,40.06065,-75.08019,6,40,1,573
19143,270000.0,4,2,1232,5847 LARCHWOOD AVE,Philadelphia,Pennsylvania,63861,7914.0,Philadelphia,61781.0,39.94315,-75.22664,6,40,1,1038
19104,689500.0,6,3,1935,3722 HAMILTON ST,Philadelphia,Pennsylvania,52126,6575.6,Philadelphia,54629.0,39.95891,-75.19836,6,40,1,543
19127,259900.0,3,1,1100,224 CARSON ST,Philadelphia,Pennsylvania,5522,3735.5,Philadelphia,140600.0,40.02854,-75.22746,6,40,1,757
19142,165000.0,3,1,953,6317 BUIST AVE,Philadelphia,Pennsylvania,29993,6632.5,Philadelphia,52935.0,39.92278,-75.23375,6,40,1,997
19139,399000.0,4,3,1760,5045 CHESTNUT ST,Philadelphia,Pennsylvania,45642,9964.3,Philadelphia,58668.0,39.96144,-75.22964,6,40,1,946
19149,209000.0,3,2,1332,6218 BROUS AVE,Philadelphia,Pennsylvania,59899,9687.9,Philadelphia,67745.0,40.03781,-75.06544,6,40,1,1216
19153,186500.0,3,2,1152,7508 CHELWYNDE AVE,Philadelphia,Pennsylvania,12810,489.1,Philadelphia,58936.0,39.88391,-75.2343,6,40,1,1254
19149,269900.0,3,1,1332,3237 ENGLEWOOD ST,Philadelphia,Pennsylvania,59899,9687.9,Philadelphia,67745.0,40.03781,-75.06544,6,40,1,1209
19130,875000.0,3,3,2210,850 N TAYLOR ST,Philadelphia,Pennsylvania,29378,9166.1,Philadelphia,138891.0,39.9676,-75.17495,6,40,1,796
19103,439000.0,2,2,1176,1919 CHESTNUT ST APT 618,Philadelphia,Pennsylvania,25368,15173.9,Philadelphia,159697.0,39.95303,-75.17386,6,40,1,532
19122,519000.0,2,2,1437,184 W OXFORD ST,Philadelphia,Pennsylvania,22080,6592.2,Philadelphia,87642.0,39.97767,-75.14571,6,40,1,687
19146,500000.0,4,3,2184,2616 LATONA ST,Philadelphia,Pennsylvania,40983,9178.7,Philadelphia,129271.0,39.93917,-75.18398,6,40,1,1125
19149,259900.0,3,2,1242,1564 DEVEREAUX AVE,Philadelphia,Pennsylvania,59899,9687.9,Philadelphia,67745.0,40.03781,-75.06544,6,40,1,1196
19148,250000.0,2,1,848,312 TREE ST,Philadelphia,Pennsylvania,51010,4652.6,Philadelphia,89150.0,39.91175,-75.1514,6,40,1,1171
19139,150000.0,3,2,1184,120 N RUBY ST,Philadelphia,Pennsylvania,45642,9964.3,Philadelphia,58668.0,39.96144,-75.22964,6,40,1,940
19104,333000.0,3,2,1365,534 N 36TH ST,Philadelphia,Pennsylvania,52126,6575.6,Philadelphia,54629.0,39.95891,-75.19836,6,40,1,549
19104,239000.0,3,1,1194,433 N 42ND ST,Philadelphia,Pennsylvania,52126,6575.6,Philadelphia,54629.0,39.95891,-75.19836,6,40,1,545
19143,250000.0,3,2,960,542 S YEWDALL ST,Philadelphia,Pennsylvania,63861,7914.0,Philadelphia,61781.0,39.94315,-75.22664,6,40,1,1043
19111,275000.0,3,2,1170,1032 TYSON AVE,Philadelphia,Pennsylvania,68452,5454.3,Philadelphia,77163.0,40.06065,-75.08019,6,40,1,575
19116,359800.0,3,2,1610,616 POQUESSING AVE,Philadelphia,Pennsylvania,33573,2482.7,Philadelphia,86502.0,40.11655,-75.01399,6,40,1,613
19146,430000.0,2,1,1008,2206 KATER ST,Philadelphia,Pennsylvania,40983,9178.7,Philadelphia,129271.0,39.93917,-75.18398,6,40,1,1138
19148,319000.0,3,2,1328,2236 S 13TH ST,Philadelphia,Pennsylvania,51010,4652.6,Philadelphia,89150.0,39.91175,-75.1514,6,40,1,1176
19134,289900.0,2,1,840,2718 E CAMBRIA ST,Philadelphia,Pennsylvania,59590,6676.6,Philadelphia,53460.0,39.98953,-75.10838,6,40,1,865
19151,240000.0,3,2,1120,7538 BROCKTON RD,Philadelphia,Pennsylvania,31815,5121.3,Philadelphia,70134.0,39.97562,-75.25616,6,40,1,1232
19139,65000.0,2,1,994,207 N VODGES ST,Philadelphia,Pennsylvania,45642,9964.3,Philadelphia,58668.0,39.96144,-75.22964,6,40,1,951
19154,340000.0,3,2,1296,132 HICKORY HILL RD,Philadelphia,Pennsylvania,34803,2100.3,Philadelphia,102138.0,40.0951,-74.98159,6,40,1,1258
19116,370000.0,3,3,1200,433 WARING ST,Philadelphia,Pennsylvania,33573,2482.7,Philadelphia,86502.0,40.11655,-75.01399,6,40,1,611
19119,209999.0,3,2,1108,6634 CHEW AVE,Philadelphia,Pennsylvania,29206,3313.6,Philadelphia,120369.0,40.05303,-75.19223,6,40,1,634
19127,370000.0,3,2,1910,126 HERMIT ST,Philadelphia,Pennsylvania,5522,3735.5,Philadelphia,140600.0,40.02854,-75.22746,6,40,1,759
19129,199900.0,2,2,1054,4000 GYPSY LN # 219A2,Philadelphia,Pennsylvania,11551,2174.1,Philadelphia,115650.0,40.01338,-75.18454,6,40,1,788
19140,159900.0,4,2,1200,3438 N FRONT ST,Philadelphia,Pennsylvania,54831,6715.9,Philadelphia,44659.0,40.01224,-75.14512,6,40,1,978
19142,150000.0,3,1,1224,1728 S EDGEWOOD ST,Philadelphia,Pennsylvania,29993,6632.5,Philadelphia,52935.0,39.92278,-75.23375,6,40,1,1006
19152,310000.0,3,2,1046,2129 AFTON ST,Philadelphia,Pennsylvania,35528,4759.9,Philadelphia,82402.0,40.06158,-75.04663,6,40,1,1248
19146,206800.0,3,2,1184,1636 REED ST,Philadelphia,Pennsylvania,40983,9178.7,Philadelphia,129271.0,39.93917,-75.18398,6,40,1,1111
19143,497900.0,3,4,2464,936 S 50TH ST,Philadelphia,Pennsylvania,63861,7914.0,Philadelphia,61781.0,39.94315,-75.22664,6,40,1,1042
19121,250000.0,3,1,984,1721 N TANEY ST,Philadelphia,Pennsylvania,34702,5660.1,Philadelphia,60326.0,39.98231,-75.17995,6,40,1,661
19122,285000.0,2,3,215,2010 N 5TH ST # 2A,Philadelphia,Pennsylvania,22080,6592.2,Philadelphia,87642.0,39.97767,-75.14571,6,40,1,685
19143,99900.0,3,1,1230,5640 THOMAS AVE,Philadelphia,Pennsylvania,63861,7914.0,Philadelphia,61781.0,39.94315,-75.22664,6,40,1,1039
19119,105000.0,3,1,1252,333 E SHARPNACK ST,Philadelphia,Pennsylvania,29206,3313.6,Philadelphia,120369.0,40.05303,-75.19223,6,40,1,635
19125,715000.0,3,4,2134,1128 DAY ST,Philadelphia,Pennsylvania,24948,7123.8,Philadelphia,115644.0,39.97611,-75.12472,6,40,1,728
19119,265000.0,3,1,1440,319 E MEEHAN AVE,Philadelphia,Pennsylvania,29206,3313.6,Philadelphia,120369.0,40.05303,-75.19223,6,40,1,630
19121,42900.0,3,1,876,2156 N NEWKIRK ST,Philadelphia,Pennsylvania,34702,5660.1,Philadelphia,60326.0,39.98231,-75.17995,6,40,1,662
19135,115000.0,3,1,1216,6001 TULIP ST,Philadelphia,Pennsylvania,36304,6187.2,Philadelphia,69853.0,40.02192,-75.04966,6,40,1,896
19143,89999.0,4,2,1560,5632 CEDAR AVE,Philadelphia,Pennsylvania,63861,7914.0,Philadelphia,61781.0,39.94315,-75.22664,6,40,1,1012
19140,64900.0,2,1,966,174 W LURAY ST,Philadelphia,Pennsylvania,54831,6715.9,Philadelphia,44659.0,40.01224,-75.14512,6,40,1,971
19107,525000.0,3,1,933,246 S WARNOCK ST,Philadelphia,Pennsylvania,14984,10634.5,Philadelphia,105692.0,39.9518,-75.15864,6,40,1,564
19130,368000.0,2,1,937,2001 HAMILTON ST APT 415,Philadelphia,Pennsylvania,29378,9166.1,Philadelphia,138891.0,39.9676,-75.17495,6,40,1,803
19145,234000.0,2,1,971,2033 S CLEVELAND ST,Philadelphia,Pennsylvania,45101,3631.1,Philadelphia,88659.0,39.91469,-75.19194,6,40,1,1080
19129,139900.0,3,1,1180,3216 W HILTON ST,Philadelphia,Pennsylvania,11551,2174.1,Philadelphia,115650.0,40.01338,-75.18454,6,40,1,781
19128,299000.0,3,2,1536,460 HERMIT ST,Philadelphia,Pennsylvania,38840,2147.0,Philadelphia,107171.0,40.05003,-75.23003,6,40,1,762
19124,239900.0,3,1,1078,926 MARCELLA ST,Philadelphia,Pennsylvania,71496,5365.8,Philadelphia,65736.0,40.01728,-75.09387,6,40,1,718
19122,259000.0,2,1,706,2010 N 5TH ST # 2C,Philadelphia,Pennsylvania,22080,6592.2,Philadelphia,87642.0,39.97767,-75.14571,6,40,1,690
19139,119000.0,3,1,1240,5312 CHANCELLOR ST,Philadelphia,Pennsylvania,45642,9964.3,Philadelphia,58668.0,39.96144,-75.22964,6,40,1,939
19135,260000.0,3,2,1350,7010 CHARLES ST,Philadelphia,Pennsylvania,36304,6187.2,Philadelphia,69853.0,40.02192,-75.04966,6,40,1,888
19146,324900.0,4,1,1833,1508 DICKINSON ST,Philadelphia,Pennsylvania,40983,9178.7,Philadelphia,129271.0,39.93917,-75.18398,6,40,1,1119
