Zip Code,Price,Beds,Baths,Living Space,Address,City,State,Zip Code Population,Zip Code Density,County,Median Household Income,Latitude,Longitude,county_num,city_num,state_num,address_num
28217,449000.0,3,2,1276,3419 MANCHESTER DR,Charlotte,North Carolina,31338,810.3,Mecklenburg,75391.0,35.17146,-80.9077,14,60,5,5144
28269,424900.0,4,3,2480,5704 FALLS RIDGE LN,Charlotte,North Carolina,78353,989.6,Mecklenburg,94980.0,35.33747,-80.8026,14,60,5,5321
28214,389900.0,4,3,2338,1208 LONG PAW LN,Charlotte,North Carolina,40619,462.6,Mecklenburg,92059.0,35.27177,-80.96847,14,60,5,4957
28262,385000.0,3,3,1860,10920 GREENHEAD VIEW RD,Charlotte,North Carolina,43664,802.5,Mecklenburg,78552.0,35.32609,-80.74234,14,60,5,5270
28227,355000.0,3,3,1696,9315 MAGNOLIA LILY AVE,Charlotte,North Carolina,58524,562.7,Mecklenburg,90457.0,35.18851,-80.6507,14,60,5,5205
28277,1200000.0,4,5,4940,14015 LISSADELL CIR,Charlotte,North Carolina,71321,1140.3,Mecklenburg,159304.0,35.05212,-80.81622,14,60,5,5440
28210,440000.0,3,3,1812,2233 WHITFORD LN,Charlotte,North Carolina,48214,1500.9,Mecklenburg,137848.0,35.12969,-80.8548,14,60,5,4853
28214,379900.0,4,3,1800,5220 WOLFRIDGE AVE,Charlotte,North Carolina,40619,462.6,Mecklenburg,92059.0,35.27177,-80.96847,14,60,5,4948
28205,325000.0,3,1,1132,1013 NORLAND RD,Charlotte,North Carolina,51418,1678.5,Mecklenburg,99270.0,35.22019,-80.78737,14,60,5,4709
28202,355000.0,1,1,778,210 N CHURCH ST UNIT 1708,Charlotte,North Carolina,14359,3072.6,Mecklenburg,132909.0,35.22773,-80.8447,14,60,5,4615
28205,165000.0,1,1,729,1635 MERRY OAKS RD,Charlotte,North Carolina,51418,1678.5,Mecklenburg,99270.0,35.22019,-80.78737,14,60,5,4676
28215,370000.0,3,3,1915,9702 CROOMS CT,Charlotte,North Carolina,63548,850.5,Mecklenburg,80157.0,35.24854,-80.69571,14,60,5,5064
28213,420000.0,3,2,1891,10811 JOHN RUSSELL RD,Charlotte,North Carolina,44553,1209.4,Mecklenburg,69585.0,35.28459,-80.73339,14,60,5,4929
28212,315000.0,3,2,1448,5906 MEADOW HILL DR,Charlotte,North Carolina,45180,1899.2,Mecklenburg,65165.0,35.1896,-80.74519,14,60,5,4912
28227,285000.0,2,2,1024,10110 CROMARTY LN,Charlotte,North Carolina,58524,562.7,Mecklenburg,90457.0,35.18851,-80.6507,14,60,5,5239
28205,462485.0,3,4,1570,344 SPEARFIELD LANE # 1007H,Charlotte,North Carolina,51418,1678.5,Mecklenburg,99270.0,35.22019,-80.78737,14,60,5,4692
28205,999000.0,3,2,2017,1401 THE PLZ,Charlotte,North Carolina,51418,1678.5,Mecklenburg,99270.0,35.22019,-80.78737,14,60,5,4677
28227,585350.0,3,4,2269,9435 LIBERTY HILL DR,Charlotte,North Carolina,58524,562.7,Mecklenburg,90457.0,35.18851,-80.6507,14,60,5,5227
28214,470000.0,4,3,2510,4335 BRIGHT RD,Charlotte,North Carolina,40619,462.6,Mecklenburg,92059.0,35.27177,-80.96847,14,60,5,4980
28213,395000.0,4,3,2465,444 BLUE ROCK DR,Charlotte,North Carolina,44553,1209.4,Mecklenburg,69585.0,35.28459,-80.73339,14,60,5,4941
28269,469000.0,3,3,1889,2400 KENDRICK AVE,Charlotte,North Carolina,78353,989.6,Mecklenburg,94980.0,35.33747,-80.8026,14,60,5,5292
28216,345900.0,3,2,1598,8703 WOODCOCK LN,Charlotte,North Carolina,51477,662.1,Mecklenburg,75507.0,35.31039,-80.8883,14,60,5,5123
28269,299900.0,3,2,1437,8635 MINERAL RIDGE WAY,Charlotte,North Carolina,78353,989.6,Mecklenburg,94980.0,35.33747,-80.8026,14,60,5,5278
28210,487800.0,3,2,1507,5217 FURMAN PL,Charlotte,North Carolina,48214,1500.9,Mecklenburg,137848.0,35.12969,-80.8548,14,60,5,4827
28209,560000.0,2,2,1517,3278 PARK RD,Charlotte,North Carolina,23339,1641.1,Mecklenburg,146696.0,35.17878,-80.85418,14,60,5,4798
28202,530000.0,2,3,1300,405 W 7TH ST APT 305,Charlotte,North Carolina,14359,3072.6,Mecklenburg,132909.0,35.22773,-80.8447,14,60,5,4632
28278,850000.0,5,5,3629,13119 FEALE CT,Charlotte,North Carolina,34272,459.3,Mecklenburg,140683.0,35.13063,-81.00753,14,60,5,5449
28270,345000.0,3,3,1408,6867 ROTHCHILD DR,Charlotte,North Carolina,34583,1074.7,Mecklenburg,165619.0,35.10963,-80.76005,14,60,5,5329
28215,452080.0,5,3,2850,6660 KINGBIRD CT,Charlotte,North Carolina,63548,850.5,Mecklenburg,80157.0,35.24854,-80.69571,14,60,5,5060
28270,799900.0,5,4,3371,927 IBERVILLE ST,Charlotte,North Carolina,34583,1074.7,Mecklenburg,165619.0,35.10963,-80.76005,14,60,5,5335
28227,449999.0,4,3,2024,10437 SURRY CT,Charlotte,North Carolina,58524,562.7,Mecklenburg,90457.0,35.18851,-80.6507,14,60,5,5194
28217,799900.0,4,4,2293,435 W CAMA ST # 1,Charlotte,North Carolina,31338,810.3,Mecklenburg,75391.0,35.17146,-80.9077,14,60,5,5136
28226,525000.0,3,4,2839,3227 LUKE CROSSING DR,Charlotte,North Carolina,38347,1005.4,Mecklenburg,184053.0,35.10767,-80.81837,14,60,5,5179
28214,335000.0,3,2,1362,9221 MOUNT HOLLY RD,Charlotte,North Carolina,40619,462.6,Mecklenburg,92059.0,35.27177,-80.96847,14,60,5,4966
28270,420000.0,3,2,1678,9607 WATERGATE RD,Charlotte,North Carolina,34583,1074.7,Mecklenburg,165619.0,35.10963,-80.76005,14,60,5,5339
28278,369757.0,3,3,1529,14710 TAMARACK DR # 36,Charlotte,North Carolina,34272,459.3,Mecklenburg,140683.0,35.13063,-81.00753,14,60,5,5452
28226,499900.0,4,3,2076,11420 FIVE CEDARS RD,Charlotte,North Carolina,38347,1005.4,Mecklenburg,184053.0,35.10767,-80.81837,14,60,5,5157
28273,290000.0,3,2,1155,8405 KINGS CREEK DR,Charlotte,North Carolina,44048,755.3,Mecklenburg,100576.0,35.12624,-80.94469,14,60,5,5381
28217,245000.0,3,2,1464,7248 CORMWELL LN,Charlotte,North Carolina,31338,810.3,Mecklenburg,75391.0,35.17146,-80.9077,14,60,5,5140
28207,485000.0,2,2,1300,2222 SELWYN AVE APT 703,Charlotte,North Carolina,9733,1546.7,Mecklenburg,389928.0,35.19512,-80.82606,14,60,5,4741
28215,415000.0,4,3,1892,7114 COVECREEK DR,Charlotte,North Carolina,63548,850.5,Mecklenburg,80157.0,35.24854,-80.69571,14,60,5,5019
28227,595000.0,3,4,2842,3229 MARCHERS TRACE DR,Charlotte,North Carolina,58524,562.7,Mecklenburg,90457.0,35.18851,-80.6507,14,60,5,5197
28205,299000.0,2,1,933,5039 ERICKSON RD,Charlotte,North Carolina,51418,1678.5,Mecklenburg,99270.0,35.22019,-80.78737,14,60,5,4699
28207,1750000.0,4,4,3152,641 LLEWELLYN PL,Charlotte,North Carolina,9733,1546.7,Mecklenburg,389928.0,35.19512,-80.82606,14,60,5,4740
28215,180000.0,2,1,878,4903 HIGHLAKE DR,Charlotte,North Carolina,63548,850.5,Mecklenburg,80157.0,35.24854,-80.69571,14,60,5,5042
28208,595000.0,3,3,2139,635 TENNYSON DR,Charlotte,North Carolina,40885,780.1,Mecklenburg,72104.0,35.23153,-80.90611,14,60,5,4764
28205,379500.0,3,2,1906,5035 AUBURNDALE RD,Charlotte,North Carolina,51418,1678.5,Mecklenburg,99270.0,35.22019,-80.78737,14,60,5,4710
28211,574900.0,4,4,1886,3004 RED CARDINAL LN # 7,Charlotte,North Carolina,31581,1113.4,Mecklenburg,211706.0,35.16816,-80.79604,14,60,5,4877
28269,315000.0,3,3,1627,8407 GALENA VIEW DR,Charlotte,North Carolina,78353,989.6,Mecklenburg,94980.0,35.33747,-80.8026,14,60,5,5303
28215,410000.0,4,3,2401,9127 BROCKLEHURST LN,Charlotte,North Carolina,63548,850.5,Mecklenburg,80157.0,35.24854,-80.69571,14,60,5,5032
28269,599000.0,4,3,2859,9928 COLVARD CIR,Charlotte,North Carolina,78353,989.6,Mecklenburg,94980.0,35.33747,-80.8026,14,60,5,5325
28213,220000.0,2,2,1220,9616 VINCA CIR APT D,Charlotte,North Carolina,44553,1209.4,Mecklenburg,69585.0,35.28459,-80.73339,14,60,5,4936
28277,649900.0,4,3,2403,8422 DENNINGTON GROVE LN,Charlotte,North Carolina,71321,1140.3,Mecklenburg,159304.0,35.05212,-80.81622,14,60,5,5431
28203,1100000.0,3,4,2438,2300 FLORAL AVE,Charlotte,North Carolina,17358,2139.7,Mecklenburg,147504.0,35.20832,-80.8577,14,60,5,4640
28262,580000.0,4,4,3408,2309 TREYMORE LN,Charlotte,North Carolina,43664,802.5,Mecklenburg,78552.0,35.32609,-80.74234,14,60,5,5271
28211,584900.0,4,4,1886,2208 MAGNOLIA BLOSSOM WAY # 41,Charlotte,North Carolina,31581,1113.4,Mecklenburg,211706.0,35.16816,-80.79604,14,60,5,4862
28206,405000.0,3,3,1335,1301 RISING OAK DR,Charlotte,North Carolina,12812,708.9,Mecklenburg,67213.0,35.25631,-80.82144,14,60,5,4737
28215,545000.0,2,2,2262,7106 OVERJOYED XING,Charlotte,North Carolina,63548,850.5,Mecklenburg,80157.0,35.24854,-80.69571,14,60,5,5061
28206,469900.0,3,3,1555,1507 HIDDEN FALLS RD,Charlotte,North Carolina,12812,708.9,Mecklenburg,67213.0,35.25631,-80.82144,14,60,5,4734
28270,525000.0,3,2,1687,6545 CEDAR CROFT DR,Charlotte,North Carolina,34583,1074.7,Mecklenburg,165619.0,35.10963,-80.76005,14,60,5,5336
28216,320770.0,3,3,1429,9114 LOWFALLS LN,Charlotte,North Carolina,51477,662.1,Mecklenburg,75507.0,35.31039,-80.8883,14,60,5,5125
28211,2600000.0,5,6,4915,4107 MELCHOR AVE,Charlotte,North Carolina,31581,1113.4,Mecklenburg,211706.0,35.16816,-80.79604,14,60,5,4899
28216,395000.0,4,4,2592,2428 ALEX RYAN DR,Charlotte,North Carolina,51477,662.1,Mecklenburg,75507.0,35.31039,-80.8883,14,60,5,5083
28273,390000.0,4,4,2339,7726 JACKSON POND DR,Charlotte,North Carolina,44048,755.3,Mecklenburg,100576.0,35.12624,-80.94469,14,60,5,5361
28211,275000.0,1,2,921,3520 COLONY RD APT F,Charlotte,North Carolina,31581,1113.4,Mecklenburg,211706.0,35.16816,-80.79604,14,60,5,4887
28211,309000.0,2,3,1240,3500 COLONY RD APT E,Charlotte,North Carolina,31581,1113.4,Mecklenburg,211706.0,35.16816,-80.79604,14,60,5,4874
28204,399000.0,2,2,1393,2406 E 5TH ST,Charlotte,North Carolina,8649,1893.7,Mecklenburg,120966.0,35.21469,-80.82677,14,60,5,4649
28205,470000.0,3,3,1954,2111 BIRCHSIDE DR,Charlotte,North Carolina,51418,1678.5,Mecklenburg,99270.0,35.22019,-80.78737,14,60,5,4660
28227,355990.0,3,3,1762,5236 KINSBRIDGE DR # 12C,Charlotte,North Carolina,58524,562.7,Mecklenburg,90457.0,35.18851,-80.6507,14,60,5,5191
28206,445000.0,3,2,1428,3900 SOFLEY RD,Charlotte,North Carolina,12812,708.9,Mecklenburg,67213.0,35.25631,-80.82144,14,60,5,4722
28213,159900.0,2,2,870,9511 SHANNON GREEN DR APT E,Charlotte,North Carolina,44553,1209.4,Mecklenburg,69585.0,35.28459,-80.73339,14,60,5,4923
28206,445000.0,4,3,1614,4119 RUTGERS AVE,Charlotte,North Carolina,12812,708.9,Mecklenburg,67213.0,35.25631,-80.82144,14,60,5,4735
28278,484879.0,4,3,2202,14023 TURNCLOAK DR # 160,Charlotte,North Carolina,34272,459.3,Mecklenburg,140683.0,35.13063,-81.00753,14,60,5,5466
28209,1965000.0,6,5,4529,322 BRANDYWINE RD,Charlotte,North Carolina,23339,1641.1,Mecklenburg,146696.0,35.17878,-80.85418,14,60,5,4811
28202,599900.0,2,2,1406,401 N CHURCH ST APT 403,Charlotte,North Carolina,14359,3072.6,Mecklenburg,132909.0,35.22773,-80.8447,14,60,5,4631
28215,429999.0,2,2,1581,5058 SUMMER SURPRISE LN,Charlotte,North Carolina,63548,850.5,Mecklenburg,80157.0,35.24854,-80.69571,14,60,5,5035
28216,425000.0,4,3,2768,11113 CHASTAIN PARC DR,Charlotte,North Carolina,51477,662.1,Mecklenburg,75507.0,35.31039,-80.8883,14,60,5,5087
28205,429000.0,2,1,1007,3460 AIRLIE ST,Charlotte,North Carolina,51418,1678.5,Mecklenburg,99270.0,35.22019,-80.78737,14,60,5,4658
28226,485000.0,4,3,2182,7520 RED OAK LN,Charlotte,North Carolina,38347,1005.4,Mecklenburg,184053.0,35.10767,-80.81837,14,60,5,5153
28214,175000.0,3,3,1302,9100 BLACK HEATH CIR UNIT B,Charlotte,North Carolina,40619,462.6,Mecklenburg,92059.0,35.27177,-80.96847,14,60,5,4982
28273,555000.0,5,5,3719,10420 PAISLEY ABBEY LN,Charlotte,North Carolina,44048,755.3,Mecklenburg,100576.0,35.12624,-80.94469,14,60,5,5372
28203,819900.0,4,2,1512,2132 CHARLOTTE DR,Charlotte,North Carolina,17358,2139.7,Mecklenburg,147504.0,35.20832,-80.8577,14,60,5,4646
28214,368000.0,3,2,1362,2117 TOM SADLER RD,Charlotte,North Carolina,40619,462.6,Mecklenburg,92059.0,35.27177,-80.96847,14,60,5,4977
28278,775000.0,5,5,3704,15127 SHALLOW RIDGE RD,Charlotte,North Carolina,34272,459.3,Mecklenburg,140683.0,35.13063,-81.00753,14,60,5,5455
28214,315000.0,4,3,1473,4524 MERRYVALE FOREST DR,Charlotte,North Carolina,40619,462.6,Mecklenburg,92059.0,35.27177,-80.96847,14,60,5,4947
28211,312500.0,2,2,1321,1700 ROXBOROUGH RD,Charlotte,North Carolina,31581,1113.4,Mecklenburg,211706.0,35.16816,-80.79604,14,60,5,4895
28214,495000.0,3,3,2339,1122 TOM SADLER RD,Charlotte,North Carolina,40619,462.6,Mecklenburg,92059.0,35.27177,-80.96847,14,60,5,4985
28213,370000.0,3,3,1765,9305 PONDSIDE LN,Charlotte,North Carolina,44553,1209.4,Mecklenburg,69585.0,35.28459,-80.73339,14,60,5,4942
28227,299999.0,3,2,1796,6726 PALOVERDE LN,Charlotte,North Carolina,58524,562.7,Mecklenburg,90457.0,35.18851,-80.6507,14,60,5,5203
28212,390000.0,4,3,2010,5500 AMITY PL,Charlotte,North Carolina,45180,1899.2,Mecklenburg,65165.0,35.1896,-80.74519,14,60,5,4906
28203,900000.0,3,4,2105,1571 S CHURCH ST,Charlotte,North Carolina,17358,2139.7,Mecklenburg,147504.0,35.20832,-80.8577,14,60,5,4647
28205,457000.0,3,2,1572,3512 HAVENWOOD RD,Charlotte,North Carolina,51418,1678.5,Mecklenburg,99270.0,35.22019,-80.78737,14,60,5,4706
28227,825000.0,4,4,4301,8635 CARLY LN E,Charlotte,North Carolina,58524,562.7,Mecklenburg,90457.0,35.18851,-80.6507,14,60,5,5235
28210,239000.0,2,3,1249,7811 LENNOXSHIRE LN,Charlotte,North Carolina,48214,1500.9,Mecklenburg,137848.0,35.12969,-80.8548,14,60,5,4825
28278,435000.0,4,3,2860,10135 WALKERS FERRY RD,Charlotte,North Carolina,34272,459.3,Mecklenburg,140683.0,35.13063,-81.00753,14,60,5,5463
28215,344298.0,3,3,1602,4113 STONEYGREEN LANE,Charlotte,North Carolina,63548,850.5,Mecklenburg,80157.0,35.24854,-80.69571,14,60,5,5040
28269,382363.0,3,3,1680,4420 IRON OAK LN # 307,Charlotte,North Carolina,78353,989.6,Mecklenburg,94980.0,35.33747,-80.8026,14,60,5,5327
28277,445000.0,3,2,1722,8839 SHAVER DR,Charlotte,North Carolina,71321,1140.3,Mecklenburg,159304.0,35.05212,-80.81622,14,60,5,5403
28273,335000.0,3,2,1250,4920 PLEASANT WAY LN,Charlotte,North Carolina,44048,755.3,Mecklenburg,100576.0,35.12624,-80.94469,14,60,5,5364
28269,305000.0,2,3,1175,8921 SOCATA WAY,Charlotte,North Carolina,78353,989.6,Mecklenburg,94980.0,35.33747,-80.8026,14,60,5,5302
28270,675000.0,4,3,2741,7312 LEHARNE DR,Charlotte,North Carolina,34583,1074.7,Mecklenburg,165619.0,35.10963,-80.76005,14,60,5,5345
28269,525000.0,5,3,2895,7220 MERIDALE FOREST DR,Charlotte,North Carolina,78353,989.6,Mecklenburg,94980.0,35.33747,-80.8026,14,60,5,5299
28216,376665.0,4,3,1927,2137 ALLIUM DRIVE,Charlotte,North Carolina,51477,662.1,Mecklenburg,75507.0,35.31039,-80.8883,14,60,5,5116
28262,406000.0,3,3,1895,1348 SOUTHERN SUGAR DR,Charlotte,North Carolina,43664,802.5,Mecklenburg,78552.0,35.32609,-80.74234,14,60,5,5262
28209,370000.0,2,1,767,1820 JAMESTON DR,Charlotte,North Carolina,23339,1641.1,Mecklenburg,146696.0,35.17878,-80.85418,14,60,5,4799
28203,729900.0,2,3,1323,1726 EUCLID AVE,Charlotte,North Carolina,17358,2139.7,Mecklenburg,147504.0,35.20832,-80.8577,14,60,5,4639
28214,522950.0,3,3,2529,5408 CASPER DR,Charlotte,North Carolina,40619,462.6,Mecklenburg,92059.0,35.27177,-80.96847,14,60,5,4955
28226,245000.0,2,2,974,10923 HARROWFIELD RD,Charlotte,North Carolina,38347,1005.4,Mecklenburg,184053.0,35.10767,-80.81837,14,60,5,5186
28205,450000.0,3,1,1661,1409 PINECREST AVE,Charlotte,North Carolina,51418,1678.5,Mecklenburg,99270.0,35.22019,-80.78737,14,60,5,4711
28277,385000.0,3,3,1889,10920 PRINCETON COMMONS DR,Charlotte,North Carolina,71321,1140.3,Mecklenburg,159304.0,35.05212,-80.81622,14,60,5,5438
28278,569900.0,3,4,2670,17117 SAND BANK RD,Charlotte,North Carolina,34272,459.3,Mecklenburg,140683.0,35.13063,-81.00753,14,60,5,5472
28215,295000.0,3,3,1523,727 PLAZA WALK DR,Charlotte,North Carolina,63548,850.5,Mecklenburg,80157.0,35.24854,-80.69571,14,60,5,5031
28205,475000.0,5,4,2205,3801 DRIFTWOOD DR,Charlotte,North Carolina,51418,1678.5,Mecklenburg,99270.0,35.22019,-80.78737,14,60,5,4686
28217,249900.0,2,3,1218,8849 GERREN CT,Charlotte,North Carolina,31338,810.3,Mecklenburg,75391.0,35.17146,-80.9077,14,60,5,5143
28226,949900.0,3,3,3435,6222 FLETCHER CIR,Charlotte,North Carolina,38347,1005.4,Mecklenburg,184053.0,35.10767,-80.81837,14,60,5,5166
28269,335000.0,3,3,1630,5519 LEE MARIE LN,Charlotte,North Carolina,78353,989.6,Mecklenburg,94980.0,35.33747,-80.8026,14,60,5,5308
28269,410000.0,4,3,2710,4121 JOHN DALE LN,Charlotte,North Carolina,78353,989.6,Mecklenburg,94980.0,35.33747,-80.8026,14,60,5,5279
28214,450000.0,3,2,1702,4415 BRIGHT RD,Charlotte,North Carolina,40619,462.6,Mecklenburg,92059.0,35.27177,-80.96847,14,60,5,4959
28227,354900.0,3,3,1626,8226 MEADOWDALE LN,Charlotte,North Carolina,58524,562.7,Mecklenburg,90457.0,35.18851,-80.6507,14,60,5,5195
28211,1550500.0,4,3,3844,1301 RICHLAND DR,Charlotte,North Carolina,31581,1113.4,Mecklenburg,211706.0,35.16816,-80.79604,14,60,5,4894
28216,363752.0,3,3,1896,3201 MCGEE HILL DR,Charlotte,North Carolina,51477,662.1,Mecklenburg,75507.0,35.31039,-80.8883,14,60,5,5096
28212,365000.0,3,3,1880,4715 CRICKLEWOOD LN,Charlotte,North Carolina,45180,1899.2,Mecklenburg,65165.0,35.1896,-80.74519,14,60,5,4915
28269,315000.0,3,2,1576,5927 MOOSE LN,Charlotte,North Carolina,78353,989.6,Mecklenburg,94980.0,35.33747,-80.8026,14,60,5,5293
28215,370000.0,4,3,2150,9310 JOHN RUSSELL RD,Charlotte,North Carolina,63548,850.5,Mecklenburg,80157.0,35.24854,-80.69571,14,60,5,5020
28226,1375000.0,3,3,3730,4605 PROVIDENCE RD,Charlotte,North Carolina,38347,1005.4,Mecklenburg,184053.0,35.10767,-80.81837,14,60,5,5150
28278,600000.0,4,4,2688,17105 SAND BANK RD,Charlotte,North Carolina,34272,459.3,Mecklenburg,140683.0,35.13063,-81.00753,14,60,5,5482
28215,425000.0,3,3,1570,1828 PURSER DR,Charlotte,North Carolina,63548,850.5,Mecklenburg,80157.0,35.24854,-80.69571,14,60,5,5047
28211,5600000.0,6,10,9149,4424 FOX BROOK LN,Charlotte,North Carolina,31581,1113.4,Mecklenburg,211706.0,35.16816,-80.79604,14,60,5,4861
28208,139900.0,1,1,578,201 S HOSKINS RD APT 107,Charlotte,North Carolina,40885,780.1,Mecklenburg,72104.0,35.23153,-80.90611,14,60,5,4757
28210,357500.0,2,3,1600,7204 QUAIL MEADOW LN,Charlotte,North Carolina,48214,1500.9,Mecklenburg,137848.0,35.12969,-80.8548,14,60,5,4834
28270,1050000.0,4,4,3984,3109 PLANTATION RD,Charlotte,North Carolina,34583,1074.7,Mecklenburg,165619.0,35.10963,-80.76005,14,60,5,5357
28215,415000.0,3,3,1570,1824 PURSER DR,Charlotte,North Carolina,63548,850.5,Mecklenburg,80157.0,35.24854,-80.69571,14,60,5,5046
28208,389900.0,4,3,2097,2125 STRAWBERRY PATCH ST # 33,Charlotte,North Carolina,40885,780.1,Mecklenburg,72104.0,35.23153,-80.90611,14,60,5,4772
28211,399000.0,3,2,1622,1704 ROXBOROUGH RD,Charlotte,North Carolina,31581,1113.4,Mecklenburg,211706.0,35.16816,-80.79604,14,60,5,4869
28277,612000.0,5,3,2633,8428 CASTLEBAY DR,Charlotte,North Carolina,71321,1140.3,Mecklenburg,159304.0,35.05212,-80.81622,14,60,5,5417
28216,315000.0,3,2,1154,509 N LINWOOD AVE,Charlotte,North Carolina,51477,662.1,Mecklenburg,75507.0,35.31039,-80.8883,14,60,5,5100
28213,335000.0,4,3,1800,9629 MELANIE THOMPSON DR,Charlotte,North Carolina,44553,1209.4,Mecklenburg,69585.0,35.28459,-80.73339,14,60,5,4939
28215,398000.0,3,2,1580,6926 PASSERES CT,Charlotte,North Carolina,63548,850.5,Mecklenburg,80157.0,35.24854,-80.69571,14,60,5,5053
28212,175000.0,2,2,877,8208 CEDAR GLEN DR,Charlotte,North Carolina,45180,1899.2,Mecklenburg,65165.0,35.1896,-80.74519,14,60,5,4910
28211,1850000.0,5,6,4838,2919 COLONY RD,Charlotte,North Carolina,31581,1113.4,Mecklenburg,211706.0,35.16816,-80.79604,14,60,5,4860
28203,699000.0,2,3,1323,331 EAST BLVD,Charlotte,North Carolina,17358,2139.7,Mecklenburg,147504.0,35.20832,-80.8577,14,60,5,4643
28269,715000.0,6,6,3100,3059 & 3061 HUBBARD ROAD,Charlotte,North Carolina,78353,989.6,Mecklenburg,94980.0,35.33747,-80.8026,14,60,5,5306
28209,385000.0,2,2,1188,4611 HEDGEMORE DR UNIT D,Charlotte,North Carolina,23339,1641.1,Mecklenburg,146696.0,35.17878,-80.85418,14,60,5,4792
28278,2575000.0,4,6,5803,13305 CLAYSPARROW RD,Charlotte,North Carolina,34272,459.3,Mecklenburg,140683.0,35.13063,-81.00753,14,60,5,5485
28211,899000.0,4,3,2871,4758 ADDISON DR,Charlotte,North Carolina,31581,1113.4,Mecklenburg,211706.0,35.16816,-80.79604,14,60,5,4856
28278,549000.0,4,3,2816,10511 HONEYFUR CT,Charlotte,North Carolina,34272,459.3,Mecklenburg,140683.0,35.13063,-81.00753,14,60,5,5465
28216,359900.0,4,3,2230,405 ROOK RD,Charlotte,North Carolina,51477,662.1,Mecklenburg,75507.0,35.31039,-80.8883,14,60,5,5092
28210,400000.0,4,3,2155,5914 SHARON RD,Charlotte,North Carolina,48214,1500.9,Mecklenburg,137848.0,35.12969,-80.8548,14,60,5,4831
28206,604500.0,3,4,1661,2226 N GRAHAM ST # 6,Charlotte,North Carolina,12812,708.9,Mecklenburg,67213.0,35.25631,-80.82144,14,60,5,4733
28203,1100000.0,4,3,2746,2040 WILMORE DR,Charlotte,North Carolina,17358,2139.7,Mecklenburg,147504.0,35.20832,-80.8577,14,60,5,4635
28213,337000.0,4,3,1756,2032 PIMPERNEL RD,Charlotte,North Carolina,44553,1209.4,Mecklenburg,69585.0,35.28459,-80.73339,14,60,5,4933
28278,361989.0,3,3,1529,11238 BARTRAMS WAY # 121,Charlotte,North Carolina,34272,459.3,Mecklenburg,140683.0,35.13063,-81.00753,14,60,5,5498
28214,325000.0,4,2,1471,7912 LOBILIA LN,Charlotte,North Carolina,40619,462.6,Mecklenburg,92059.0,35.27177,-80.96847,14,60,5,4969
28209,1435000.0,4,4,3020,1329 BYWOOD LN,Charlotte,North Carolina,23339,1641.1,Mecklenburg,146696.0,35.17878,-80.85418,14,60,5,4803
28269,424900.0,4,3,2124,4512 VICTORY LANE # 11,Charlotte,North Carolina,78353,989.6,Mecklenburg,94980.0,35.33747,-80.8026,14,60,5,5298
28215,350000.0,3,2,1273,3716 COBBLERIDGE DR,Charlotte,North Carolina,63548,850.5,Mecklenburg,80157.0,35.24854,-80.69571,14,60,5,5058
28210,1200000.0,3,4,2788,6114 CAMPANA LN,Charlotte,North Carolina,48214,1500.9,Mecklenburg,137848.0,35.12969,-80.8548,14,60,5,4824
28226,1350000.0,5,5,4793,5714 FIVE KNOLLS DR,Charlotte,North Carolina,38347,1005.4,Mecklenburg,184053.0,35.10767,-80.81837,14,60,5,5160
28215,389000.0,3,2,1396,7640 FARM GATE DR,Charlotte,North Carolina,63548,850.5,Mecklenburg,80157.0,35.24854,-80.69571,14,60,5,5043
28205,524468.0,3,4,1952,6020 TOWERING OAKS DR,Charlotte,North Carolina,51418,1678.5,Mecklenburg,99270.0,35.22019,-80.78737,14,60,5,4661
28205,352000.0,2,2,1034,3726 THE PLZ,Charlotte,North Carolina,51418,1678.5,Mecklenburg,99270.0,35.22019,-80.78737,14,60,5,4680
28269,377341.0,3,3,1680,4421 IRON OAK LN # 338,Charlotte,North Carolina,78353,989.6,Mecklenburg,94980.0,35.33747,-80.8026,14,60,5,5318
28208,325000.0,3,3,1431,2649 HEMPHILL ST,Charlotte,North Carolina,40885,780.1,Mecklenburg,72104.0,35.23153,-80.90611,14,60,5,4753
28208,359000.0,4,3,1693,1409 EFFINGHAM RD,Charlotte,North Carolina,40885,780.1,Mecklenburg,72104.0,35.23153,-80.90611,14,60,5,4779
28205,689900.0,3,3,1647,2157 MCCLINTOCK RD # 212,Charlotte,North Carolina,51418,1678.5,Mecklenburg,99270.0,35.22019,-80.78737,14,60,5,4679
28277,725000.0,4,3,3074,9701 TENENCIA CT,Charlotte,North Carolina,71321,1140.3,Mecklenburg,159304.0,35.05212,-80.81622,14,60,5,5434
28209,1500000.0,3,3,2752,1339 MARYLAND AVE,Charlotte,North Carolina,23339,1641.1,Mecklenburg,146696.0,35.17878,-80.85418,14,60,5,4802
28216,395000.0,3,3,2017,8917 OVERLAY CT,Charlotte,North Carolina,51477,662.1,Mecklenburg,75507.0,35.31039,-80.8883,14,60,5,5072
28215,450000.0,2,2,1590,6912 KEPLAR RD,Charlotte,North Carolina,63548,850.5,Mecklenburg,80157.0,35.24854,-80.69571,14,60,5,5033
28277,242500.0,2,2,1013,10214 ROSE MEADOW LN # H,Charlotte,North Carolina,71321,1140.3,Mecklenburg,159304.0,35.05212,-80.81622,14,60,5,5397
28277,440000.0,3,3,1606,10612 FOUR MILE CREEK RD,Charlotte,North Carolina,71321,1140.3,Mecklenburg,159304.0,35.05212,-80.81622,14,60,5,5437
28208,330000.0,3,1,1000,1335 WESTSTONE DR,Charlotte,North Carolina,40885,780.1,Mecklenburg,72104.0,35.23153,-80.90611,14,60,5,4766
28278,519990.0,4,3,2420,16023 RIVER TREE LN,Charlotte,North Carolina,34272,459.3,Mecklenburg,140683.0,35.13063,-81.00753,14,60,5,5475
28214,396065.0,4,3,2164,4538 OPUS LANE,Charlotte,North Carolina,40619,462.6,Mecklenburg,92059.0,35.27177,-80.96847,14,60,5,4976
28269,525000.0,4,4,2767,3008 CHEYNEY PARK DR,Charlotte,North Carolina,78353,989.6,Mecklenburg,94980.0,35.33747,-80.8026,14,60,5,5315
28205,279000.0,2,2,852,1218 GREEN OAKS LN APT D,Charlotte,North Carolina,51418,1678.5,Mecklenburg,99270.0,35.22019,-80.78737,14,60,5,4689
28211,574000.0,3,3,1906,6525 WHEELER DR,Charlotte,North Carolina,31581,1113.4,Mecklenburg,211706.0,35.16816,-80.79604,14,60,5,4900
28204,949900.0,3,2,1856,2405 E 5TH ST,Charlotte,North Carolina,8649,1893.7,Mecklenburg,120966.0,35.21469,-80.82677,14,60,5,4650
28206,582800.0,3,4,1637,2242 N GRAHAM ST # 2,Charlotte,North Carolina,12812,708.9,Mecklenburg,67213.0,35.25631,-80.82144,14,60,5,4723
28211,569900.0,4,4,1886,2212 MAGNOLIA BLOSSOM WAY # 40,Charlotte,North Carolina,31581,1113.4,Mecklenburg,211706.0,35.16816,-80.79604,14,60,5,4892
28209,2495000.0,3,4,3195,2033 NOLEN PARK LN,Charlotte,North Carolina,23339,1641.1,Mecklenburg,146696.0,35.17878,-80.85418,14,60,5,4795
28277,875000.0,4,4,3456,8802 BALMORAL PARK DR,Charlotte,North Carolina,71321,1140.3,Mecklenburg,159304.0,35.05212,-80.81622,14,60,5,5414
28215,475000.0,4,3,2338,10200 WINDTREE LN,Charlotte,North Carolina,63548,850.5,Mecklenburg,80157.0,35.24854,-80.69571,14,60,5,5007
28208,400000.0,2,1,798,1817 WEST BLVD,Charlotte,North Carolina,40885,780.1,Mecklenburg,72104.0,35.23153,-80.90611,14,60,5,4774
28209,345000.0,2,2,1142,1000 E WOODLAWN RD APT 123,Charlotte,North Carolina,23339,1641.1,Mecklenburg,146696.0,35.17878,-80.85418,14,60,5,4793
28262,325000.0,3,2,1745,1728 W SUGAR CREEK RD,Charlotte,North Carolina,43664,802.5,Mecklenburg,78552.0,35.32609,-80.74234,14,60,5,5272
28227,425000.0,3,2,2032,1804 MARLWOOD CIR,Charlotte,North Carolina,58524,562.7,Mecklenburg,90457.0,35.18851,-80.6507,14,60,5,5224
28270,790000.0,5,3,3477,3220 TWELVE OAKS PL,Charlotte,North Carolina,34583,1074.7,Mecklenburg,165619.0,35.10963,-80.76005,14,60,5,5352
28202,320000.0,2,3,1023,508 N GRAHAM ST UNIT M,Charlotte,North Carolina,14359,3072.6,Mecklenburg,132909.0,35.22773,-80.8447,14,60,5,4623
28262,185000.0,2,2,929,7049 SOMERSET SPRINGS DR,Charlotte,North Carolina,43664,802.5,Mecklenburg,78552.0,35.32609,-80.74234,14,60,5,5259
28226,550000.0,4,2,2031,4141 BON REA DR,Charlotte,North Carolina,38347,1005.4,Mecklenburg,184053.0,35.10767,-80.81837,14,60,5,5174
28227,628396.0,3,4,2677,9417 LIBERTY HILL DR,Charlotte,North Carolina,58524,562.7,Mecklenburg,90457.0,35.18851,-80.6507,14,60,5,5201
28269,449995.0,2,2,1706,7108 WAYFARER DRIVE # 0082,Charlotte,North Carolina,78353,989.6,Mecklenburg,94980.0,35.33747,-80.8026,14,60,5,5310
28278,439900.0,4,3,2338,10213 BARRANDS LN,Charlotte,North Carolina,34272,459.3,Mecklenburg,140683.0,35.13063,-81.00753,14,60,5,5494
28202,268000.0,1,1,544,715 N CHURCH ST UNIT 804,Charlotte,North Carolina,14359,3072.6,Mecklenburg,132909.0,35.22773,-80.8447,14,60,5,4624
28270,238000.0,2,2,1016,4912 SARDIS RD APT B,Charlotte,North Carolina,34583,1074.7,Mecklenburg,165619.0,35.10963,-80.76005,14,60,5,5332
28209,975000.0,4,3,2300,1410 PADDOCK CIR,Charlotte,North Carolina,23339,1641.1,Mecklenburg,146696.0,35.17878,-80.85418,14,60,5,4797
28205,490000.0,3,2,1686,4242 FOLKSTON DR,Charlotte,North Carolina,51418,1678.5,Mecklenburg,99270.0,35.22019,-80.78737,14,60,5,4716
28214,406535.0,4,3,2052,10019 TRAVIS FLOYD LN # 046,Charlotte,North Carolina,40619,462.6,Mecklenburg,92059.0,35.27177,-80.96847,14,60,5,4995
28227,294900.0,3,2,1275,5502 CHICOPEE DR,Charlotte,North Carolina,58524,562.7,Mecklenburg,90457.0,35.18851,-80.6507,14,60,5,5233
28277,719900.0,5,3,3084,15548 DONNINGTON DR,Charlotte,North Carolina,71321,1140.3,Mecklenburg,159304.0,35.05212,-80.81622,14,60,5,5398
28278,955000.0,5,5,3985,16729 DOVES CANYON LN,Charlotte,North Carolina,34272,459.3,Mecklenburg,140683.0,35.13063,-81.00753,14,60,5,5461
28227,439900.0,3,2,1999,9918 VERDAS PATH,Charlotte,North Carolina,58524,562.7,Mecklenburg,90457.0,35.18851,-80.6507,14,60,5,5237
28212,225000.0,2,2,1124,5851 HARRIS GROVE LN,Charlotte,North Carolina,45180,1899.2,Mecklenburg,65165.0,35.1896,-80.74519,14,60,5,4913
28269,345000.0,3,3,1493,3703 SMALL AVE,Charlotte,North Carolina,78353,989.6,Mecklenburg,94980.0,35.33747,-80.8026,14,60,5,5317
28269,207900.0,2,3,1066,6450 MALLARD VIEW LN,Charlotte,North Carolina,78353,989.6,Mecklenburg,94980.0,35.33747,-80.8026,14,60,5,5288
28262,310000.0,3,2,1236,6500 RAIN CREEK WAY,Charlotte,North Carolina,43664,802.5,Mecklenburg,78552.0,35.32609,-80.74234,14,60,5,5256
28211,559900.0,4,4,1886,526 N SHARON AMITY RD # 6,Charlotte,North Carolina,31581,1113.4,Mecklenburg,211706.0,35.16816,-80.79604,14,60,5,4880
28204,995000.0,4,3,3089,2117 E 8TH ST,Charlotte,North Carolina,8649,1893.7,Mecklenburg,120966.0,35.21469,-80.82677,14,60,5,4651
28277,1300000.0,4,5,3255,12316 OLYMPIC CLUB DR,Charlotte,North Carolina,71321,1140.3,Mecklenburg,159304.0,35.05212,-80.81622,14,60,5,5400
28208,380000.0,3,3,1630,2917 MACVEAN LN,Charlotte,North Carolina,40885,780.1,Mecklenburg,72104.0,35.23153,-80.90611,14,60,5,4752
28205,786000.0,4,3,2034,1904 HALL AVE,Charlotte,North Carolina,51418,1678.5,Mecklenburg,99270.0,35.22019,-80.78737,14,60,5,4700
28210,289000.0,3,3,1450,8012 REGENT PARK LN,Charlotte,North Carolina,48214,1500.9,Mecklenburg,137848.0,35.12969,-80.8548,14,60,5,4851
28217,629800.0,3,4,1727,334 E CAMA ST # 63,Charlotte,North Carolina,31338,810.3,Mecklenburg,75391.0,35.17146,-80.9077,14,60,5,5142
28215,517740.0,3,3,2690,4029 PECKHAM PL # KEN0028,Charlotte,North Carolina,63548,850.5,Mecklenburg,80157.0,35.24854,-80.69571,14,60,5,5003
28212,315000.0,3,2,1653,7511 MEADOWDALE LN,Charlotte,North Carolina,45180,1899.2,Mecklenburg,65165.0,35.1896,-80.74519,14,60,5,4905
28227,184900.0,2,2,1105,7230 WINERY LN,Charlotte,North Carolina,58524,562.7,Mecklenburg,90457.0,35.18851,-80.6507,14,60,5,5209
28226,250000.0,2,2,957,11011 HARROWFIELD RD,Charlotte,North Carolina,38347,1005.4,Mecklenburg,184053.0,35.10767,-80.81837,14,60,5,5163
28211,1235000.0,3,2,2154,2501 TANGLEWOOD LN,Charlotte,North Carolina,31581,1113.4,Mecklenburg,211706.0,35.16816,-80.79604,14,60,5,4897
28269,350000.0,4,3,1900,5023 DOWNHAUL DR,Charlotte,North Carolina,78353,989.6,Mecklenburg,94980.0,35.33747,-80.8026,14,60,5,5300
28227,658060.0,4,4,2922,9514 LIBERTY HILL DR,Charlotte,North Carolina,58524,562.7,Mecklenburg,90457.0,35.18851,-80.6507,14,60,5,5188
28216,372402.0,4,3,1971,3144 MCGEE HILL DR,Charlotte,North Carolina,51477,662.1,Mecklenburg,75507.0,35.31039,-80.8883,14,60,5,5093
28210,465000.0,3,2,1212,6201 NETHERWOOD DR,Charlotte,North Carolina,48214,1500.9,Mecklenburg,137848.0,35.12969,-80.8548,14,60,5,4829
28206,795300.0,4,5,2310,3026 KHAN PARK DR # 62,Charlotte,North Carolina,12812,708.9,Mecklenburg,67213.0,35.25631,-80.82144,14,60,5,4718
28215,489017.0,3,3,2111,5802 STRATHMORE CT,Charlotte,North Carolina,63548,850.5,Mecklenburg,80157.0,35.24854,-80.69571,14,60,5,5059
28207,299000.0,2,2,964,2512 CRANBROOK LN APT 1,Charlotte,North Carolina,9733,1546.7,Mecklenburg,389928.0,35.19512,-80.82606,14,60,5,4747
28214,399500.0,5,3,2088,418 NEWFOUND HOLLOW DR,Charlotte,North Carolina,40619,462.6,Mecklenburg,92059.0,35.27177,-80.96847,14,60,5,5000
28210,600000.0,3,2,1681,4014 SULKIRK RD,Charlotte,North Carolina,48214,1500.9,Mecklenburg,137848.0,35.12969,-80.8548,14,60,5,4813
28227,593357.0,3,3,2048,9608 LIBERTY HILL DR,Charlotte,North Carolina,58524,562.7,Mecklenburg,90457.0,35.18851,-80.6507,14,60,5,5219
28277,975000.0,5,4,4104,10033 HAZELVIEW DR,Charlotte,North Carolina,71321,1140.3,Mecklenburg,159304.0,35.05212,-80.81622,14,60,5,5436
28205,925000.0,3,3,2382,4219 COMMONWEALTH AVE,Charlotte,North Carolina,51418,1678.5,Mecklenburg,99270.0,35.22019,-80.78737,14,60,5,4705
28203,999500.0,3,2,1601,1818 EUCLID AVE,Charlotte,North Carolina,17358,2139.7,Mecklenburg,147504.0,35.20832,-80.8577,14,60,5,4645
28205,565000.0,4,2,1678,633 MAYVIEW DR,Charlotte,North Carolina,51418,1678.5,Mecklenburg,99270.0,35.22019,-80.78737,14,60,5,4697
28226,1200000.0,4,5,3829,2228 ROCK CREEK DR,Charlotte,North Carolina,38347,1005.4,Mecklenburg,184053.0,35.10767,-80.81837,14,60,5,5165
28262,270000.0,3,3,1531,6553 QUARTERBRIDGE LN,Charlotte,North Carolina,43664,802.5,Mecklenburg,78552.0,35.32609,-80.74234,14,60,5,5266
28278,449000.0,4,3,2670,12903 SETTLERS TRAIL CT,Charlotte,North Carolina,34272,459.3,Mecklenburg,140683.0,35.13063,-81.00753,14,60,5,5469
28226,600000.0,3,2,1993,6723 SUMMERLIN PL,Charlotte,North Carolina,38347,1005.4,Mecklenburg,184053.0,35.10767,-80.81837,14,60,5,5159
28214,385000.0,4,3,2034,6307 DEEP FOREST LN,Charlotte,North Carolina,40619,462.6,Mecklenburg,92059.0,35.27177,-80.96847,14,60,5,4974
28215,425000.0,3,3,1570,1828 PURSER DR,Charlotte,North Carolina,63548,850.5,Mecklenburg,80157.0,35.24854,-80.69571,14,60,5,5047
28269,335000.0,3,3,1608,4427 DAVID COX RD,Charlotte,North Carolina,78353,989.6,Mecklenburg,94980.0,35.33747,-80.8026,14,60,5,5280
28273,375000.0,3,3,2018,13339 SAVANNAH POINT DR,Charlotte,North Carolina,44048,755.3,Mecklenburg,100576.0,35.12624,-80.94469,14,60,5,5384
28212,299800.0,3,2,1245,8900 EAGLEWIND DR,Charlotte,North Carolina,45180,1899.2,Mecklenburg,65165.0,35.1896,-80.74519,14,60,5,4909
28270,1750000.0,5,5,4356,7005 CHATEAU BORDEAUX LN,Charlotte,North Carolina,34583,1074.7,Mecklenburg,165619.0,35.10963,-80.76005,14,60,5,5347
28205,470000.0,3,4,1608,3022 CITIZENS LN,Charlotte,North Carolina,51418,1678.5,Mecklenburg,99270.0,35.22019,-80.78737,14,60,5,4667
28226,769900.0,3,3,2265,6322 PROVIDENCE RD,Charlotte,North Carolina,38347,1005.4,Mecklenburg,184053.0,35.10767,-80.81837,14,60,5,5177
28214,413935.0,4,3,2052,10036 TRAVIS FLOYD LN # 010,Charlotte,North Carolina,40619,462.6,Mecklenburg,92059.0,35.27177,-80.96847,14,60,5,4946
28273,530000.0,5,3,3494,11102 HUNTINGTON MEADOW LN,Charlotte,North Carolina,44048,755.3,Mecklenburg,100576.0,35.12624,-80.94469,14,60,5,5377
28226,749900.0,3,3,2265,6314 PROVIDENCE RD,Charlotte,North Carolina,38347,1005.4,Mecklenburg,184053.0,35.10767,-80.81837,14,60,5,5184
28262,239000.0,2,2,1112,10671 HILL POINT CT,Charlotte,North Carolina,43664,802.5,Mecklenburg,78552.0,35.32609,-80.74234,14,60,5,5253
28269,375000.0,3,2,1716,5400 BARNVIEW CT,Charlotte,North Carolina,78353,989.6,Mecklenburg,94980.0,35.33747,-80.8026,14,60,5,5285
28214,385000.0,3,2,1512,5617 GALAXIE RD,Charlotte,North Carolina,40619,462.6,Mecklenburg,92059.0,35.27177,-80.96847,14,60,5,4949
28209,1000000.0,4,3,3012,2526 TOWER CT,Charlotte,North Carolina,23339,1641.1,Mecklenburg,146696.0,35.17878,-80.85418,14,60,5,4808
28205,529990.0,3,4,1580,344 TWINFLOWER LN # 1020D,Charlotte,North Carolina,51418,1678.5,Mecklenburg,99270.0,35.22019,-80.78737,14,60,5,4687
28203,725000.0,3,4,1753,1244 PIERCE ST,Charlotte,North Carolina,17358,2139.7,Mecklenburg,147504.0,35.20832,-80.8577,14,60,5,4641
28227,349900.0,3,2,1653,8921 GOSNELL DR,Charlotte,North Carolina,58524,562.7,Mecklenburg,90457.0,35.18851,-80.6507,14,60,5,5247
28212,359900.0,3,1,1040,5423 LANTANA AVE,Charlotte,North Carolina,45180,1899.2,Mecklenburg,65165.0,35.1896,-80.74519,14,60,5,4907
28209,625000.0,3,2,1561,4601 MURRAYHILL RD,Charlotte,North Carolina,23339,1641.1,Mecklenburg,146696.0,35.17878,-80.85418,14,60,5,4787
28269,200000.0,2,2,976,3015 SUMMERCROFT LN,Charlotte,North Carolina,78353,989.6,Mecklenburg,94980.0,35.33747,-80.8026,14,60,5,5313
28277,1059900.0,5,5,4888,6813 S CREEK RD,Charlotte,North Carolina,71321,1140.3,Mecklenburg,159304.0,35.05212,-80.81622,14,60,5,5406
28214,355000.0,4,4,2000,8022 BRISTLE LN,Charlotte,North Carolina,40619,462.6,Mecklenburg,92059.0,35.27177,-80.96847,14,60,5,4983
28273,400000.0,4,2,1971,6012 GROVE CREEK LN,Charlotte,North Carolina,44048,755.3,Mecklenburg,100576.0,35.12624,-80.94469,14,60,5,5388
28226,258000.0,2,3,1224,8217 PINEVILLE MATTHEWS RD APT H,Charlotte,North Carolina,38347,1005.4,Mecklenburg,184053.0,35.10767,-80.81837,14,60,5,5181
28227,425000.0,3,2,1854,8832 BLAIR RD,Charlotte,North Carolina,58524,562.7,Mecklenburg,90457.0,35.18851,-80.6507,14,60,5,5241
28215,335000.0,3,2,3256,7200 PLOTT RD,Charlotte,North Carolina,63548,850.5,Mecklenburg,80157.0,35.24854,-80.69571,14,60,5,5013
28278,670000.0,4,4,3406,15804 WALNUT HILL DR,Charlotte,North Carolina,34272,459.3,Mecklenburg,140683.0,35.13063,-81.00753,14,60,5,5451
28269,348000.0,3,3,1448,9114 SWALLOW TAIL LN,Charlotte,North Carolina,78353,989.6,Mecklenburg,94980.0,35.33747,-80.8026,14,60,5,5314
28214,299900.0,4,3,1549,9430 DEWEY DR,Charlotte,North Carolina,40619,462.6,Mecklenburg,92059.0,35.27177,-80.96847,14,60,5,4958
28209,815000.0,2,3,1732,3100 SELWYN AVE # 8,Charlotte,North Carolina,23339,1641.1,Mecklenburg,146696.0,35.17878,-80.85418,14,60,5,4791
28277,475000.0,4,3,1891,7009 BEVINGTON HOLLOW CIR,Charlotte,North Carolina,71321,1140.3,Mecklenburg,159304.0,35.05212,-80.81622,14,60,5,5432
28278,428106.0,3,3,1837,14702 TAMARACK DR # 38,Charlotte,North Carolina,34272,459.3,Mecklenburg,140683.0,35.13063,-81.00753,14,60,5,5473
28206,435000.0,4,2,1319,2120 EDISON ST,Charlotte,North Carolina,12812,708.9,Mecklenburg,67213.0,35.25631,-80.82144,14,60,5,4731
28203,1595000.0,5,4,3696,1911 LOMBARDY CIR,Charlotte,North Carolina,17358,2139.7,Mecklenburg,147504.0,35.20832,-80.8577,14,60,5,4644
28269,325000.0,3,2,1627,5112 GRANITE CREEK LN,Charlotte,North Carolina,78353,989.6,Mecklenburg,94980.0,35.33747,-80.8026,14,60,5,5295
28277,390000.0,2,3,1610,8206 CHURCHTON PL,Charlotte,North Carolina,71321,1140.3,Mecklenburg,159304.0,35.05212,-80.81622,14,60,5,5416
28215,399000.0,2,1,1274,11910 ROCKY RIVER CHURCH RD,Charlotte,North Carolina,63548,850.5,Mecklenburg,80157.0,35.24854,-80.69571,14,60,5,5044
28214,3299990.0,4,6,6060,5930 MIDSOMER RD,Charlotte,North Carolina,40619,462.6,Mecklenburg,92059.0,35.27177,-80.96847,14,60,5,4990
28207,825000.0,3,3,1908,146 PERRIN PL,Charlotte,North Carolina,9733,1546.7,Mecklenburg,389928.0,35.19512,-80.82606,14,60,5,4749
28278,479268.0,3,3,1832,16030 RIVER TREE LN,Charlotte,North Carolina,34272,459.3,Mecklenburg,140683.0,35.13063,-81.00753,14,60,5,5468
28202,685000.0,3,3,1837,400 N CHURCH ST UNIT 228,Charlotte,North Carolina,14359,3072.6,Mecklenburg,132909.0,35.22773,-80.8447,14,60,5,4622
28273,379900.0,3,3,1748,7620 RED MULBERRY WAY,Charlotte,North Carolina,44048,755.3,Mecklenburg,100576.0,35.12624,-80.94469,14,60,5,5380
28214,420000.0,4,3,2350,10028 TRAVIS FLOYD LN # 008,Charlotte,North Carolina,40619,462.6,Mecklenburg,92059.0,35.27177,-80.96847,14,60,5,4996
28208,315000.0,3,3,1600,1902 BROMWICH RD,Charlotte,North Carolina,40885,780.1,Mecklenburg,72104.0,35.23153,-80.90611,14,60,5,4768
28202,1400000.0,3,3,2049,127 N TRYON ST UNIT 603,Charlotte,North Carolina,14359,3072.6,Mecklenburg,132909.0,35.22773,-80.8447,14,60,5,4617
28214,362900.0,3,3,1679,5143 WOLFRIDGE AVE,Charlotte,North Carolina,40619,462.6,Mecklenburg,92059.0,35.27177,-80.96847,14,60,5,4993
28226,950000.0,5,3,3371,7104 KANFER CT,Charlotte,North Carolina,38347,1005.4,Mecklenburg,184053.0,35.10767,-80.81837,14,60,5,5155
28215,115000.0,2,2,992,4408 SHARON CHASE DR APT B,Charlotte,North Carolina,63548,850.5,Mecklenburg,80157.0,35.24854,-80.69571,14,60,5,5045
28269,435000.0,3,3,2104,4123 BEAUVISTA DR,Charlotte,North Carolina,78353,989.6,Mecklenburg,94980.0,35.33747,-80.8026,14,60,5,5283
28213,355000.0,3,3,1519,2727 WINGDALE DR,Charlotte,North Carolina,44553,1209.4,Mecklenburg,69585.0,35.28459,-80.73339,14,60,5,4927
28269,350000.0,3,2,1344,6400 CARVER BLVD,Charlotte,North Carolina,78353,989.6,Mecklenburg,94980.0,35.33747,-80.8026,14,60,5,5275
28208,377700.0,3,3,1939,2122 STRAWBERRY PATCH ST # 49,Charlotte,North Carolina,40885,780.1,Mecklenburg,72104.0,35.23153,-80.90611,14,60,5,4756
28210,124500.0,2,2,997,7992 SHADY OAK TRL,Charlotte,North Carolina,48214,1500.9,Mecklenburg,137848.0,35.12969,-80.8548,14,60,5,4848
28211,2875000.0,7,6,5652,3239 FOXCROFT RD,Charlotte,North Carolina,31581,1113.4,Mecklenburg,211706.0,35.16816,-80.79604,14,60,5,4882
28207,269900.0,1,1,679,118 ALTONDALE AVE,Charlotte,North Carolina,9733,1546.7,Mecklenburg,389928.0,35.19512,-80.82606,14,60,5,4745
28206,349800.0,2,3,1170,402 E 16TH ST,Charlotte,North Carolina,12812,708.9,Mecklenburg,67213.0,35.25631,-80.82144,14,60,5,4738
28204,350000.0,2,2,885,301 QUEENS RD APT 304,Charlotte,North Carolina,8649,1893.7,Mecklenburg,120966.0,35.21469,-80.82677,14,60,5,4654
28216,199900.0,3,1,980,1921 NEWCASTLE ST,Charlotte,North Carolina,51477,662.1,Mecklenburg,75507.0,35.31039,-80.8883,14,60,5,5085
28211,700000.0,4,3,2695,6221 AMBER MIST LN,Charlotte,North Carolina,31581,1113.4,Mecklenburg,211706.0,35.16816,-80.79604,14,60,5,4883
28205,559812.0,3,4,1906,6016 TOWERING OAKS DR,Charlotte,North Carolina,51418,1678.5,Mecklenburg,99270.0,35.22019,-80.78737,14,60,5,4666
28216,350000.0,4,3,1865,2215 B AVE,Charlotte,North Carolina,51477,662.1,Mecklenburg,75507.0,35.31039,-80.8883,14,60,5,5077
28214,379900.0,4,3,1800,6012 LOWE LN,Charlotte,North Carolina,40619,462.6,Mecklenburg,92059.0,35.27177,-80.96847,14,60,5,4992
28202,340000.0,1,1,942,626 N GRAHAM ST STE 310,Charlotte,North Carolina,14359,3072.6,Mecklenburg,132909.0,35.22773,-80.8447,14,60,5,4629
28205,300000.0,2,2,832,1627 HERRIN AVE,Charlotte,North Carolina,51418,1678.5,Mecklenburg,99270.0,35.22019,-80.78737,14,60,5,4669
28214,645000.0,4,3,2728,405 FIELDING RD,Charlotte,North Carolina,40619,462.6,Mecklenburg,92059.0,35.27177,-80.96847,14,60,5,4975
28208,320000.0,3,3,1432,5637 SECOND ST,Charlotte,North Carolina,40885,780.1,Mecklenburg,72104.0,35.23153,-80.90611,14,60,5,4751
28214,494840.0,4,3,2208,3148 SEVILLE ST,Charlotte,North Carolina,40619,462.6,Mecklenburg,92059.0,35.27177,-80.96847,14,60,5,4978
28214,379900.0,4,3,1800,5213 WOLFRIDGE AVE,Charlotte,North Carolina,40619,462.6,Mecklenburg,92059.0,35.27177,-80.96847,14,60,5,4998
28269,425000.0,4,2,2225,10214 STONEYKIRK LN,Charlotte,North Carolina,78353,989.6,Mecklenburg,94980.0,35.33747,-80.8026,14,60,5,5281
28226,420000.0,4,3,1908,10932 OSPREY DR,Charlotte,North Carolina,38347,1005.4,Mecklenburg,184053.0,35.10767,-80.81837,14,60,5,5167
28215,485000.0,4,3,3075,3905 WOODLAND VIEW DR,Charlotte,North Carolina,63548,850.5,Mecklenburg,80157.0,35.24854,-80.69571,14,60,5,5026
28215,436680.0,3,3,1849,5706 RUNNEL WAY,Charlotte,North Carolina,63548,850.5,Mecklenburg,80157.0,35.24854,-80.69571,14,60,5,5038
28205,498900.0,3,2,1742,3701 WINTERFIELD PL,Charlotte,North Carolina,51418,1678.5,Mecklenburg,99270.0,35.22019,-80.78737,14,60,5,4682
28209,575000.0,3,2,1389,537 INWOOD DR,Charlotte,North Carolina,23339,1641.1,Mecklenburg,146696.0,35.17878,-80.85418,14,60,5,4788
28278,353000.0,4,3,1789,4303 BUBBLING BROOK CT,Charlotte,North Carolina,34272,459.3,Mecklenburg,140683.0,35.13063,-81.00753,14,60,5,5487
28214,355000.0,4,3,1923,11610 CARRINGTON HILL DR,Charlotte,North Carolina,40619,462.6,Mecklenburg,92059.0,35.27177,-80.96847,14,60,5,4972
28278,503249.0,4,3,2012,16042 RIVER TREE LN,Charlotte,North Carolina,34272,459.3,Mecklenburg,140683.0,35.13063,-81.00753,14,60,5,5486
28226,225000.0,3,3,1306,10927 PARK RD,Charlotte,North Carolina,38347,1005.4,Mecklenburg,184053.0,35.10767,-80.81837,14,60,5,5176
28216,277000.0,2,3,1095,10787 HOLLY RIDGE BLVD,Charlotte,North Carolina,51477,662.1,Mecklenburg,75507.0,35.31039,-80.8883,14,60,5,5112
28277,289900.0,2,2,1282,12081 COPPER MOUNTAIN BLVD,Charlotte,North Carolina,71321,1140.3,Mecklenburg,159304.0,35.05212,-80.81622,14,60,5,5404
28214,1225000.0,5,5,3662,2727 MT ISLE HARBOR DR,Charlotte,North Carolina,40619,462.6,Mecklenburg,92059.0,35.27177,-80.96847,14,60,5,4964
28216,179900.0,3,1,950,3015 LASALLE ST,Charlotte,North Carolina,51477,662.1,Mecklenburg,75507.0,35.31039,-80.8883,14,60,5,5073
28269,430000.0,4,3,2500,11509 SWEETBRIAR RIDGE DR,Charlotte,North Carolina,78353,989.6,Mecklenburg,94980.0,35.33747,-80.8026,14,60,5,5296
28216,318690.0,3,3,1416,9106 LOWFALLS LN,Charlotte,North Carolina,51477,662.1,Mecklenburg,75507.0,35.31039,-80.8883,14,60,5,5120
28216,399900.0,4,3,1912,6228 PATRIC ALAN CT,Charlotte,North Carolina,51477,662.1,Mecklenburg,75507.0,35.31039,-80.8883,14,60,5,5105
28269,390230.0,3,3,1784,7122 BENTZ ST,Charlotte,North Carolina,78353,989.6,Mecklenburg,94980.0,35.33747,-80.8026,14,60,5,5328
28277,715000.0,4,3,3151,11532 STONEBRIAR DR,Charlotte,North Carolina,71321,1140.3,Mecklenburg,159304.0,35.05212,-80.81622,14,60,5,5420
28210,489500.0,2,2,1145,4620 PIEDMONT ROW DR UNIT 303,Charlotte,North Carolina,48214,1500.9,Mecklenburg,137848.0,35.12969,-80.8548,14,60,5,4850
28216,300000.0,3,2,1612,9463 KIMMEL LN,Charlotte,North Carolina,51477,662.1,Mecklenburg,75507.0,35.31039,-80.8883,14,60,5,5089
28216,403270.0,3,3,1658,1118 HARLAND ST,Charlotte,North Carolina,51477,662.1,Mecklenburg,75507.0,35.31039,-80.8883,14,60,5,5119
28202,264000.0,1,1,600,505 E 6TH ST UNIT 817,Charlotte,North Carolina,14359,3072.6,Mecklenburg,132909.0,35.22773,-80.8447,14,60,5,4620
28213,310000.0,3,2,1507,6036 FAIRHAVEN DR,Charlotte,North Carolina,44553,1209.4,Mecklenburg,69585.0,35.28459,-80.73339,14,60,5,4921
28206,499000.0,2,1,787,3413 RITCH AVE,Charlotte,North Carolina,12812,708.9,Mecklenburg,67213.0,35.25631,-80.82144,14,60,5,4719
28214,315000.0,3,2,1168,8035 BRISTLE LN,Charlotte,North Carolina,40619,462.6,Mecklenburg,92059.0,35.27177,-80.96847,14,60,5,4991
28205,1170000.0,4,4,3160,1905 ALLEN ST,Charlotte,North Carolina,51418,1678.5,Mecklenburg,99270.0,35.22019,-80.78737,14,60,5,4673
28215,400000.0,4,2,1916,6011 OLINDA ST APT 6013,Charlotte,North Carolina,63548,850.5,Mecklenburg,80157.0,35.24854,-80.69571,14,60,5,5005
28269,485000.0,5,3,2666,10300 FAIRBOURNE CT,Charlotte,North Carolina,78353,989.6,Mecklenburg,94980.0,35.33747,-80.8026,14,60,5,5276
28210,499900.0,4,2,1955,2411 ROUNDABOUT LN,Charlotte,North Carolina,48214,1500.9,Mecklenburg,137848.0,35.12969,-80.8548,14,60,5,4846
28211,1243260.0,5,5,3428,7223 TERRACE DR,Charlotte,North Carolina,31581,1113.4,Mecklenburg,211706.0,35.16816,-80.79604,14,60,5,4884
28205,349000.0,3,2,1393,4201 THE PLZ,Charlotte,North Carolina,51418,1678.5,Mecklenburg,99270.0,35.22019,-80.78737,14,60,5,4696
28205,430000.0,2,1,993,839 DRUMMOND AVE,Charlotte,North Carolina,51418,1678.5,Mecklenburg,99270.0,35.22019,-80.78737,14,60,5,4713
28270,560000.0,4,3,2641,3129 SURREYHILL CT,Charlotte,North Carolina,34583,1074.7,Mecklenburg,165619.0,35.10963,-80.76005,14,60,5,5350
28215,798000.0,4,4,3243,7435 SURPRISE CT,Charlotte,North Carolina,63548,850.5,Mecklenburg,80157.0,35.24854,-80.69571,14,60,5,5056
28227,534525.0,3,3,2090,8222 FRANKLIN TRAIL STREET,Charlotte,North Carolina,58524,562.7,Mecklenburg,90457.0,35.18851,-80.6507,14,60,5,5225
28215,445000.0,4,3,2618,3520 LEMSFORD WAY,Charlotte,North Carolina,63548,850.5,Mecklenburg,80157.0,35.24854,-80.69571,14,60,5,5016
28217,714900.0,4,5,2443,322 E CAMA ST # 66,Charlotte,North Carolina,31338,810.3,Mecklenburg,75391.0,35.17146,-80.9077,14,60,5,5148
28214,350000.0,3,2,1575,1609 RUNNING BROOK RD,Charlotte,North Carolina,40619,462.6,Mecklenburg,92059.0,35.27177,-80.96847,14,60,5,4987
28210,259900.0,2,2,1000,5935 QUAIL HOLLOW RD APT D,Charlotte,North Carolina,48214,1500.9,Mecklenburg,137848.0,35.12969,-80.8548,14,60,5,4854
28213,549000.0,5,4,3084,12315 CALDWELL RD # 1,Charlotte,North Carolina,44553,1209.4,Mecklenburg,69585.0,35.28459,-80.73339,14,60,5,4920
28273,447370.0,3,3,1835,13108 ROVER ST # 228,Charlotte,North Carolina,44048,755.3,Mecklenburg,100576.0,35.12624,-80.94469,14,60,5,5385
28208,300000.0,3,2,1900,2914 RAVENCROFT DR,Charlotte,North Carolina,40885,780.1,Mecklenburg,72104.0,35.23153,-80.90611,14,60,5,4762
28210,309900.0,2,2,992,5007 SHARON RD UNIT Q,Charlotte,North Carolina,48214,1500.9,Mecklenburg,137848.0,35.12969,-80.8548,14,60,5,4828
28214,310000.0,3,3,1531,5804 NATICK DR,Charlotte,North Carolina,40619,462.6,Mecklenburg,92059.0,35.27177,-80.96847,14,60,5,4981
28205,469900.0,3,2,1498,4061 SOUTHGATE DR,Charlotte,North Carolina,51418,1678.5,Mecklenburg,99270.0,35.22019,-80.78737,14,60,5,4712
28227,200000.0,2,2,1120,7134 WINERY LN,Charlotte,North Carolina,58524,562.7,Mecklenburg,90457.0,35.18851,-80.6507,14,60,5,5187
28277,400000.0,2,2,1492,9020 DUCKHORN DR,Charlotte,North Carolina,71321,1140.3,Mecklenburg,159304.0,35.05212,-80.81622,14,60,5,5426
28215,433340.0,3,3,2001,5712 RUNNEL WAY,Charlotte,North Carolina,63548,850.5,Mecklenburg,80157.0,35.24854,-80.69571,14,60,5,5023
28211,315000.0,2,3,1254,3508 COLONY RD APT E,Charlotte,North Carolina,31581,1113.4,Mecklenburg,211706.0,35.16816,-80.79604,14,60,5,4871
28269,312008.0,2,3,1512,9316 WIDDEN WAY,Charlotte,North Carolina,78353,989.6,Mecklenburg,94980.0,35.33747,-80.8026,14,60,5,5322
28262,384900.0,4,2,1857,1007 REIGATE RD,Charlotte,North Carolina,43664,802.5,Mecklenburg,78552.0,35.32609,-80.74234,14,60,5,5267
28215,375000.0,3,3,1852,5566 WHISPERFIELD LN,Charlotte,North Carolina,63548,850.5,Mecklenburg,80157.0,35.24854,-80.69571,14,60,5,5066
28207,955500.0,3,4,2620,2553 VAIL AVE,Charlotte,North Carolina,9733,1546.7,Mecklenburg,389928.0,35.19512,-80.82606,14,60,5,4743
28210,332500.0,2,2,1150,5013 SHARON RD UNIT G,Charlotte,North Carolina,48214,1500.9,Mecklenburg,137848.0,35.12969,-80.8548,14,60,5,4835
28210,253500.0,1,1,759,6510 CLAVELL LN APT A,Charlotte,North Carolina,48214,1500.9,Mecklenburg,137848.0,35.12969,-80.8548,14,60,5,4826
28227,379990.0,3,3,1762,7812 NELSON RD # 19A,Charlotte,North Carolina,58524,562.7,Mecklenburg,90457.0,35.18851,-80.6507,14,60,5,5208
28277,869995.0,4,3,3162,11910 JAMES RICHARD DR,Charlotte,North Carolina,71321,1140.3,Mecklenburg,159304.0,35.05212,-80.81622,14,60,5,5424
28269,469000.0,4,3,2524,8236 LAUREL RUN DR,Charlotte,North Carolina,78353,989.6,Mecklenburg,94980.0,35.33747,-80.8026,14,60,5,5284
28211,3095000.0,5,7,5101,2051 CASSAMIA PL,Charlotte,North Carolina,31581,1113.4,Mecklenburg,211706.0,35.16816,-80.79604,14,60,5,4886
28209,830000.0,3,3,1732,3100 SELWYN AVE # 32,Charlotte,North Carolina,23339,1641.1,Mecklenburg,146696.0,35.17878,-80.85418,14,60,5,4786
28269,249995.0,4,3,1854,2702 ROBYNS GLEN DR,Charlotte,North Carolina,78353,989.6,Mecklenburg,94980.0,35.33747,-80.8026,14,60,5,5316
28207,340000.0,2,2,970,1300 QUEENS RD UNIT 208,Charlotte,North Carolina,9733,1546.7,Mecklenburg,389928.0,35.19512,-80.82606,14,60,5,4739
28213,115000.0,1,1,606,326 ORCHARD TRACE LN APT 3,Charlotte,North Carolina,44553,1209.4,Mecklenburg,69585.0,35.28459,-80.73339,14,60,5,4935
28205,350000.0,3,2,1594,117 ROSS MOORE AVE,Charlotte,North Carolina,51418,1678.5,Mecklenburg,99270.0,35.22019,-80.78737,14,60,5,4690
28215,221000.0,2,2,1032,9542 LITTLELEAF DR,Charlotte,North Carolina,63548,850.5,Mecklenburg,80157.0,35.24854,-80.69571,14,60,5,5012
28210,565000.0,3,2,1275,1515 EMERYWOOD DR,Charlotte,North Carolina,48214,1500.9,Mecklenburg,137848.0,35.12969,-80.8548,14,60,5,4833
28269,485000.0,5,3,2502,10232 DOMINION VILLAGE DR,Charlotte,North Carolina,78353,989.6,Mecklenburg,94980.0,35.33747,-80.8026,14,60,5,5307
28211,2950000.0,6,6,5316,4115 MELCHOR AVE,Charlotte,North Carolina,31581,1113.4,Mecklenburg,211706.0,35.16816,-80.79604,14,60,5,4872
28217,597900.0,3,4,1723,338 E CAMA ST # 62,Charlotte,North Carolina,31338,810.3,Mecklenburg,75391.0,35.17146,-80.9077,14,60,5,5139
28209,615000.0,3,2,1640,3929 SELWYN AVE,Charlotte,North Carolina,23339,1641.1,Mecklenburg,146696.0,35.17878,-80.85418,14,60,5,4804
28210,3350000.0,5,8,6848,8834 WINGED BOURNE,Charlotte,North Carolina,48214,1500.9,Mecklenburg,137848.0,35.12969,-80.8548,14,60,5,4832
28213,401000.0,4,3,2194,819 BROOKE NICOLE PL,Charlotte,North Carolina,44553,1209.4,Mecklenburg,69585.0,35.28459,-80.73339,14,60,5,4938
28210,523000.0,3,2,1659,1148 SENECA PL,Charlotte,North Carolina,48214,1500.9,Mecklenburg,137848.0,35.12969,-80.8548,14,60,5,4815
28211,895000.0,4,3,2800,1016 REGENCY DR,Charlotte,North Carolina,31581,1113.4,Mecklenburg,211706.0,35.16816,-80.79604,14,60,5,4858
28270,390000.0,3,2,1598,9509 COVEDALE DR,Charlotte,North Carolina,34583,1074.7,Mecklenburg,165619.0,35.10963,-80.76005,14,60,5,5338
28216,376665.0,4,3,1927,2141 ALLIUM DRIVE,Charlotte,North Carolina,51477,662.1,Mecklenburg,75507.0,35.31039,-80.8883,14,60,5,5091
28277,750000.0,4,3,3280,10507 ROUGEMONT LN,Charlotte,North Carolina,71321,1140.3,Mecklenburg,159304.0,35.05212,-80.81622,14,60,5,5427
28202,399900.0,1,1,845,210 N CHURCH ST UNIT 3213,Charlotte,North Carolina,14359,3072.6,Mecklenburg,132909.0,35.22773,-80.8447,14,60,5,4618
28227,308000.0,2,2,1650,8051 SULTANA CIR,Charlotte,North Carolina,58524,562.7,Mecklenburg,90457.0,35.18851,-80.6507,14,60,5,5244
28278,424900.0,2,2,1330,7324 LAKEFRONT DR UNIT 4,Charlotte,North Carolina,34272,459.3,Mecklenburg,140683.0,35.13063,-81.00753,14,60,5,5491
28216,400000.0,4,3,2207,724 LARMORE AVE,Charlotte,North Carolina,51477,662.1,Mecklenburg,75507.0,35.31039,-80.8883,14,60,5,5110
28209,650000.0,3,3,1997,505 NORTHGATE AVE,Charlotte,North Carolina,23339,1641.1,Mecklenburg,146696.0,35.17878,-80.85418,14,60,5,4800
28215,850000.0,6,5,4757,12435 ROCKY RIVER CHURCH RD,Charlotte,North Carolina,63548,850.5,Mecklenburg,80157.0,35.24854,-80.69571,14,60,5,5017
28278,829999.0,5,4,3841,15230 CIMARRON HILLS LN,Charlotte,North Carolina,34272,459.3,Mecklenburg,140683.0,35.13063,-81.00753,14,60,5,5497
28278,402230.0,3,3,1742,14714 TAMARACK DR # 35,Charlotte,North Carolina,34272,459.3,Mecklenburg,140683.0,35.13063,-81.00753,14,60,5,5471
28215,385000.0,4,2,1908,9718 HOLLYSTONE LN,Charlotte,North Carolina,63548,850.5,Mecklenburg,80157.0,35.24854,-80.69571,14,60,5,5011
28226,989000.0,3,3,3205,5629 MERRY MOUNT DR,Charlotte,North Carolina,38347,1005.4,Mecklenburg,184053.0,35.10767,-80.81837,14,60,5,5182
28273,300000.0,3,3,1737,8015 KINGS CREEK DR,Charlotte,North Carolina,44048,755.3,Mecklenburg,100576.0,35.12624,-80.94469,14,60,5,5370
28278,350000.0,3,2,1273,13321 MICHAEL LYNN RD,Charlotte,North Carolina,34272,459.3,Mecklenburg,140683.0,35.13063,-81.00753,14,60,5,5458
28227,831500.0,5,5,3322,10438 ARDLEY PLACE CIR # 11,Charlotte,North Carolina,58524,562.7,Mecklenburg,90457.0,35.18851,-80.6507,14,60,5,5223
28278,405885.0,3,3,1750,15321 BRAID MEADOW DR # 171,Charlotte,North Carolina,34272,459.3,Mecklenburg,140683.0,35.13063,-81.00753,14,60,5,5488
28214,405000.0,3,3,1933,9925 SHELLVIEW LN,Charlotte,North Carolina,40619,462.6,Mecklenburg,92059.0,35.27177,-80.96847,14,60,5,4989
28206,584300.0,3,4,1637,2230 N GRAHAM ST # 5,Charlotte,North Carolina,12812,708.9,Mecklenburg,67213.0,35.25631,-80.82144,14,60,5,4720
28278,459900.0,4,3,2082,11803 THOMPSON FARM LN,Charlotte,North Carolina,34272,459.3,Mecklenburg,140683.0,35.13063,-81.00753,14,60,5,5480
28217,716900.0,4,5,2443,326 E CAMA ST # 65,Charlotte,North Carolina,31338,810.3,Mecklenburg,75391.0,35.17146,-80.9077,14,60,5,5132
28216,294999.0,3,1,1040,2814 SOUTHWEST BLVD,Charlotte,North Carolina,51477,662.1,Mecklenburg,75507.0,35.31039,-80.8883,14,60,5,5113
28213,525555.0,5,3,2486,4805 GATESMILLS AVENUE # 11,Charlotte,North Carolina,44553,1209.4,Mecklenburg,69585.0,35.28459,-80.73339,14,60,5,4930
28227,280000.0,3,2,1104,9933 HEATHERGATE LN,Charlotte,North Carolina,58524,562.7,Mecklenburg,90457.0,35.18851,-80.6507,14,60,5,5243
28217,596100.0,3,4,1723,6012 IRWINS BRANCH DR # 14,Charlotte,North Carolina,31338,810.3,Mecklenburg,75391.0,35.17146,-80.9077,14,60,5,5133
28270,1150000.0,4,4,3635,218 SARDIS LN,Charlotte,North Carolina,34583,1074.7,Mecklenburg,165619.0,35.10963,-80.76005,14,60,5,5356
28215,437500.0,3,3,1570,1832 PURSER DR,Charlotte,North Carolina,63548,850.5,Mecklenburg,80157.0,35.24854,-80.69571,14,60,5,5027
28209,1095000.0,3,4,2753,2828 HILLSIDE SPRINGS DR,Charlotte,North Carolina,23339,1641.1,Mecklenburg,146696.0,35.17878,-80.85418,14,60,5,4796
28213,390000.0,3,3,1808,309 NEAL DR,Charlotte,North Carolina,44553,1209.4,Mecklenburg,69585.0,35.28459,-80.73339,14,60,5,4922
28277,515000.0,4,3,2476,11627 KINGSLEY VIEW DR,Charlotte,North Carolina,71321,1140.3,Mecklenburg,159304.0,35.05212,-80.81622,14,60,5,5419
28277,350000.0,2,3,1631,15546 STRONVAR HOUSE LN,Charlotte,North Carolina,71321,1140.3,Mecklenburg,159304.0,35.05212,-80.81622,14,60,5,5410
28226,499900.0,4,3,1982,8709 NIGHTINGALE LN,Charlotte,North Carolina,38347,1005.4,Mecklenburg,184053.0,35.10767,-80.81837,14,60,5,5180
28273,370000.0,3,2,1371,16017 CIRCLEGREEN DR,Charlotte,North Carolina,44048,755.3,Mecklenburg,100576.0,35.12624,-80.94469,14,60,5,5383
28204,470000.0,3,2,1191,1902 BAXTER ST # 1,Charlotte,North Carolina,8649,1893.7,Mecklenburg,120966.0,35.21469,-80.82677,14,60,5,4652
28211,600000.0,3,3,2240,5427 ADDISON DR,Charlotte,North Carolina,31581,1113.4,Mecklenburg,211706.0,35.16816,-80.79604,14,60,5,4889
28215,539900.0,4,4,3353,5501 SILCHESTER LN,Charlotte,North Carolina,63548,850.5,Mecklenburg,80157.0,35.24854,-80.69571,14,60,5,5028
28277,750000.0,5,4,3233,10012 PAXTON RUN RD,Charlotte,North Carolina,71321,1140.3,Mecklenburg,159304.0,35.05212,-80.81622,14,60,5,5448
28211,4395000.0,5,6,5850,4052 ARBORWAY,Charlotte,North Carolina,31581,1113.4,Mecklenburg,211706.0,35.16816,-80.79604,14,60,5,4876
28210,715000.0,3,3,2408,5500 VALLEY FORGE RD,Charlotte,North Carolina,48214,1500.9,Mecklenburg,137848.0,35.12969,-80.8548,14,60,5,4838
28210,259000.0,2,2,1013,5927 QUAIL HOLLOW RD APT B,Charlotte,North Carolina,48214,1500.9,Mecklenburg,137848.0,35.12969,-80.8548,14,60,5,4841
28205,550000.0,4,2,1995,4225 & 4227 HIDDENBROOK DRIVE,Charlotte,North Carolina,51418,1678.5,Mecklenburg,99270.0,35.22019,-80.78737,14,60,5,4717
28210,600000.0,4,3,2267,5816 SHARON RD,Charlotte,North Carolina,48214,1500.9,Mecklenburg,137848.0,35.12969,-80.8548,14,60,5,4849
28216,234999.0,3,2,1038,3038 BRATCHER AVE,Charlotte,North Carolina,51477,662.1,Mecklenburg,75507.0,35.31039,-80.8883,14,60,5,5124
28214,369900.0,4,3,2265,9516 EAGLE FEATHERS DR,Charlotte,North Carolina,40619,462.6,Mecklenburg,92059.0,35.27177,-80.96847,14,60,5,4962
28214,411675.0,4,3,2350,10015 TRAVIS FLOYD LN # 047,Charlotte,North Carolina,40619,462.6,Mecklenburg,92059.0,35.27177,-80.96847,14,60,5,4986
28208,399000.0,2,3,1430,1521 WALTON RD,Charlotte,North Carolina,40885,780.1,Mecklenburg,72104.0,35.23153,-80.90611,14,60,5,4783
28214,420000.0,4,3,2350,10024 TRAVIS FLOYD LN # 007,Charlotte,North Carolina,40619,462.6,Mecklenburg,92059.0,35.27177,-80.96847,14,60,5,4973
28270,2396000.0,5,5,4981,6505 FOLGER DR,Charlotte,North Carolina,34583,1074.7,Mecklenburg,165619.0,35.10963,-80.76005,14,60,5,5358
28214,259000.0,3,2,1017,7242 KAVAN HUNTER DR,Charlotte,North Carolina,40619,462.6,Mecklenburg,92059.0,35.27177,-80.96847,14,60,5,4944
28226,850000.0,4,3,2635,4216 ROTUNDA RD,Charlotte,North Carolina,38347,1005.4,Mecklenburg,184053.0,35.10767,-80.81837,14,60,5,5178
28277,410000.0,2,2,1390,8218 WINDSOR RIDGE DR,Charlotte,North Carolina,71321,1140.3,Mecklenburg,159304.0,35.05212,-80.81622,14,60,5,5443
28269,475000.0,4,3,2778,8512 RIDGELINE LN,Charlotte,North Carolina,78353,989.6,Mecklenburg,94980.0,35.33747,-80.8026,14,60,5,5319
28211,1695000.0,5,4,4170,1351 RICHLAND DR,Charlotte,North Carolina,31581,1113.4,Mecklenburg,211706.0,35.16816,-80.79604,14,60,5,4857
28213,282500.0,2,3,1537,4016 QUEENSBRIDGE RD,Charlotte,North Carolina,44553,1209.4,Mecklenburg,69585.0,35.28459,-80.73339,14,60,5,4919
28210,299990.0,2,3,1175,5947 QUAIL HOLLOW RD APT B,Charlotte,North Carolina,48214,1500.9,Mecklenburg,137848.0,35.12969,-80.8548,14,60,5,4852
28278,442188.0,3,4,2077,14706 TAMARACK DR # 37,Charlotte,North Carolina,34272,459.3,Mecklenburg,140683.0,35.13063,-81.00753,14,60,5,5481
28216,328240.0,3,3,1416,9118 LOWFALLS LN,Charlotte,North Carolina,51477,662.1,Mecklenburg,75507.0,35.31039,-80.8883,14,60,5,5115
28214,819900.0,5,3,3868,2600 MT ISLE HARBOR DR,Charlotte,North Carolina,40619,462.6,Mecklenburg,92059.0,35.27177,-80.96847,14,60,5,4999
28210,1594900.0,5,4,4431,7028 OLD REID RD,Charlotte,North Carolina,48214,1500.9,Mecklenburg,137848.0,35.12969,-80.8548,14,60,5,4818
28213,365000.0,3,3,2501,9206 SANDBURG AVE,Charlotte,North Carolina,44553,1209.4,Mecklenburg,69585.0,35.28459,-80.73339,14,60,5,4917
28270,450000.0,5,3,2603,200 KIMROD LN,Charlotte,North Carolina,34583,1074.7,Mecklenburg,165619.0,35.10963,-80.76005,14,60,5,5337
28227,845000.0,6,5,4805,10617 EBONY TRESS LN,Charlotte,North Carolina,58524,562.7,Mecklenburg,90457.0,35.18851,-80.6507,14,60,5,5190
28215,474500.0,3,2,2662,5215 ROCKY RIVER RD,Charlotte,North Carolina,63548,850.5,Mecklenburg,80157.0,35.24854,-80.69571,14,60,5,5054
28216,340000.0,3,3,1713,3515 ANASTASIA CT,Charlotte,North Carolina,51477,662.1,Mecklenburg,75507.0,35.31039,-80.8883,14,60,5,5088
28205,1250000.0,12,6,5184,1111 BELMONT AVE,Charlotte,North Carolina,51418,1678.5,Mecklenburg,99270.0,35.22019,-80.78737,14,60,5,4701
28278,493696.0,4,3,2012,16034 RIVER TREE LN,Charlotte,North Carolina,34272,459.3,Mecklenburg,140683.0,35.13063,-81.00753,14,60,5,5467
28216,320690.0,3,3,1429,9110 LOWFALLS LN,Charlotte,North Carolina,51477,662.1,Mecklenburg,75507.0,35.31039,-80.8883,14,60,5,5103
28277,889000.0,4,3,2320,4516 ROUNDING RUN RD,Charlotte,North Carolina,71321,1140.3,Mecklenburg,159304.0,35.05212,-80.81622,14,60,5,5415
28210,475000.0,3,2,1541,8719 GRUENEWALD LN,Charlotte,North Carolina,48214,1500.9,Mecklenburg,137848.0,35.12969,-80.8548,14,60,5,4836
28277,1650000.0,4,5,4225,9564 GREYSON RIDGE DR,Charlotte,North Carolina,71321,1140.3,Mecklenburg,159304.0,35.05212,-80.81622,14,60,5,5439
28270,949900.0,5,4,3258,2348 HOWERTON CT,Charlotte,North Carolina,34583,1074.7,Mecklenburg,165619.0,35.10963,-80.76005,14,60,5,5346
28203,650000.0,3,4,1727,1937 ABBOTT ST,Charlotte,North Carolina,17358,2139.7,Mecklenburg,147504.0,35.20832,-80.8577,14,60,5,4636
28216,329240.0,3,3,1429,9102 LOWFALLS LN,Charlotte,North Carolina,51477,662.1,Mecklenburg,75507.0,35.31039,-80.8883,14,60,5,5084
28278,420016.0,3,3,1837,11242 BARTRAMS WAY # 120,Charlotte,North Carolina,34272,459.3,Mecklenburg,140683.0,35.13063,-81.00753,14,60,5,5456
28227,602288.0,3,3,2174,9616 LIBERTY HILL DR,Charlotte,North Carolina,58524,562.7,Mecklenburg,90457.0,35.18851,-80.6507,14,60,5,5214
28208,499000.0,3,2,2214,6012 TUCKASEEGEE RD,Charlotte,North Carolina,40885,780.1,Mecklenburg,72104.0,35.23153,-80.90611,14,60,5,4780
28216,350000.0,3,3,1609,2312 BELTERRA DR,Charlotte,North Carolina,51477,662.1,Mecklenburg,75507.0,35.31039,-80.8883,14,60,5,5098
28213,319900.0,3,2,1100,1655 VANCOUVER DR,Charlotte,North Carolina,44553,1209.4,Mecklenburg,69585.0,35.28459,-80.73339,14,60,5,4926
28273,499000.0,4,4,2951,9604 STEELE MEADOW RD,Charlotte,North Carolina,44048,755.3,Mecklenburg,100576.0,35.12624,-80.94469,14,60,5,5359
28210,675000.0,3,3,2533,5919 BARROWLANDS CT,Charlotte,North Carolina,48214,1500.9,Mecklenburg,137848.0,35.12969,-80.8548,14,60,5,4814
28227,629500.0,4,4,3478,9844 HOFSTRA CT,Charlotte,North Carolina,58524,562.7,Mecklenburg,90457.0,35.18851,-80.6507,14,60,5,5218
28217,636700.0,3,4,1727,6024 IRWINS BRANCH DR # 11,Charlotte,North Carolina,31338,810.3,Mecklenburg,75391.0,35.17146,-80.9077,14,60,5,5141
28203,729900.0,2,3,1323,1726 EUCLID AVE,Charlotte,North Carolina,17358,2139.7,Mecklenburg,147504.0,35.20832,-80.8577,14,60,5,4639
28227,355000.0,3,3,1696,9315 MAGNOLIA LILY AVE,Charlotte,North Carolina,58524,562.7,Mecklenburg,90457.0,35.18851,-80.6507,14,60,5,5205
28203,519900.0,2,1,1057,1013 SPRUCE ST,Charlotte,North Carolina,17358,2139.7,Mecklenburg,147504.0,35.20832,-80.8577,14,60,5,4637
28277,275000.0,2,3,1114,8135 CIRCLE TREE LN,Charlotte,North Carolina,71321,1140.3,Mecklenburg,159304.0,35.05212,-80.81622,14,60,5,5447
28227,219000.0,3,2,1262,7642 HOLLY GROVE CT,Charlotte,North Carolina,58524,562.7,Mecklenburg,90457.0,35.18851,-80.6507,14,60,5,5192
28277,679900.0,4,3,2969,9318 HANLIN CT,Charlotte,North Carolina,71321,1140.3,Mecklenburg,159304.0,35.05212,-80.81622,14,60,5,5412
28269,340000.0,3,2,1525,7411 CHIDLEY DR,Charlotte,North Carolina,78353,989.6,Mecklenburg,94980.0,35.33747,-80.8026,14,60,5,5282
28273,449040.0,3,3,1835,13124 ROVER ST # 224,Charlotte,North Carolina,44048,755.3,Mecklenburg,100576.0,35.12624,-80.94469,14,60,5,5378
28216,295000.0,3,2,922,2815 SOUTHWEST BLVD,Charlotte,North Carolina,51477,662.1,Mecklenburg,75507.0,35.31039,-80.8883,14,60,5,5081
28277,375000.0,2,2,1428,8970 SAINT CROIX LN,Charlotte,North Carolina,71321,1140.3,Mecklenburg,159304.0,35.05212,-80.81622,14,60,5,5411
28262,279000.0,3,2,1475,10673 HILL POINT CT,Charlotte,North Carolina,43664,802.5,Mecklenburg,78552.0,35.32609,-80.74234,14,60,5,5263
28211,290000.0,2,2,1397,4527 GAYNOR RD APT 201,Charlotte,North Carolina,31581,1113.4,Mecklenburg,211706.0,35.16816,-80.79604,14,60,5,4875
28208,550000.0,2,3,1627,159 S BRUNS AVE,Charlotte,North Carolina,40885,780.1,Mecklenburg,72104.0,35.23153,-80.90611,14,60,5,4763
28227,200000.0,3,2,1350,15420 SHARPE RD,Charlotte,North Carolina,58524,562.7,Mecklenburg,90457.0,35.18851,-80.6507,14,60,5,5206
28214,355000.0,3,2,1512,1140 FRANKLIN THOMAS PL,Charlotte,North Carolina,40619,462.6,Mecklenburg,92059.0,35.27177,-80.96847,14,60,5,4968
28273,550000.0,5,3,3431,14117 WINGED TEAL RD,Charlotte,North Carolina,44048,755.3,Mecklenburg,100576.0,35.12624,-80.94469,14,60,5,5362
28215,437500.0,3,3,1570,1832 PURSER DR,Charlotte,North Carolina,63548,850.5,Mecklenburg,80157.0,35.24854,-80.69571,14,60,5,5027
28226,519500.0,3,2,2082,7420 SHERWOOD FOREST DR,Charlotte,North Carolina,38347,1005.4,Mecklenburg,184053.0,35.10767,-80.81837,14,60,5,5172
28202,360000.0,1,1,777,210 N CHURCH ST UNIT 1906,Charlotte,North Carolina,14359,3072.6,Mecklenburg,132909.0,35.22773,-80.8447,14,60,5,4634
28226,265000.0,1,2,1010,7414 ASHFIELD CT # 24,Charlotte,North Carolina,38347,1005.4,Mecklenburg,184053.0,35.10767,-80.81837,14,60,5,5151
28269,450000.0,3,3,2551,9417 HARTINGTON PL,Charlotte,North Carolina,78353,989.6,Mecklenburg,94980.0,35.33747,-80.8026,14,60,5,5312
28227,602358.0,4,4,2298,9526 LIBERTY HILL DR,Charlotte,North Carolina,58524,562.7,Mecklenburg,90457.0,35.18851,-80.6507,14,60,5,5207
28278,295000.0,2,3,1416,13805 SINGLELEAF LN,Charlotte,North Carolina,34272,459.3,Mecklenburg,140683.0,35.13063,-81.00753,14,60,5,5459
28215,389900.0,3,3,1813,13006 PEACOCK LN,Charlotte,North Carolina,63548,850.5,Mecklenburg,80157.0,35.24854,-80.69571,14,60,5,5055
28227,315000.0,3,2,1353,5812 OLD MEADOW RD,Charlotte,North Carolina,58524,562.7,Mecklenburg,90457.0,35.18851,-80.6507,14,60,5,5211
28205,528871.0,3,4,1906,6032 TOWERING OAKS DR,Charlotte,North Carolina,51418,1678.5,Mecklenburg,99270.0,35.22019,-80.78737,14,60,5,4691
28205,700000.0,4,3,2454,5232 LYNNVILLE AVE,Charlotte,North Carolina,51418,1678.5,Mecklenburg,99270.0,35.22019,-80.78737,14,60,5,4668
28215,669000.0,3,3,2492,10220 SUPERB LN,Charlotte,North Carolina,63548,850.5,Mecklenburg,80157.0,35.24854,-80.69571,14,60,5,5052
28227,229000.0,2,3,1294,8659 WANDERING CREEK WAY,Charlotte,North Carolina,58524,562.7,Mecklenburg,90457.0,35.18851,-80.6507,14,60,5,5228
28227,515000.0,3,2,1866,6200 PHYLISS LN,Charlotte,North Carolina,58524,562.7,Mecklenburg,90457.0,35.18851,-80.6507,14,60,5,5236
28204,898000.0,4,3,2067,1936 E 8TH ST,Charlotte,North Carolina,8649,1893.7,Mecklenburg,120966.0,35.21469,-80.82677,14,60,5,4653
28208,450000.0,4,2,1400,2500 REVOLUTION PARK DR,Charlotte,North Carolina,40885,780.1,Mecklenburg,72104.0,35.23153,-80.90611,14,60,5,4781
28206,572700.0,3,4,1637,2238 N GRAHAM ST # 3,Charlotte,North Carolina,12812,708.9,Mecklenburg,67213.0,35.25631,-80.82144,14,60,5,4721
28202,575000.0,2,2,1165,333 W TRADE ST UNIT 801,Charlotte,North Carolina,14359,3072.6,Mecklenburg,132909.0,35.22773,-80.8447,14,60,5,4633
28277,624950.0,3,3,2601,13852 BALLANTYNE MEADOWS DR,Charlotte,North Carolina,71321,1140.3,Mecklenburg,159304.0,35.05212,-80.81622,14,60,5,5408
28278,575000.0,3,3,2850,15714 OLEANDER DR,Charlotte,North Carolina,34272,459.3,Mecklenburg,140683.0,35.13063,-81.00753,14,60,5,5490
28273,615000.0,6,6,4250,14427 RHODES HALL DR,Charlotte,North Carolina,44048,755.3,Mecklenburg,100576.0,35.12624,-80.94469,14,60,5,5363
28278,408047.0,3,3,1916,11230 BARTRAMS WAY # 123,Charlotte,North Carolina,34272,459.3,Mecklenburg,140683.0,35.13063,-81.00753,14,60,5,5496
28277,785000.0,4,4,3112,8057 CORNHILL AVE,Charlotte,North Carolina,71321,1140.3,Mecklenburg,159304.0,35.05212,-80.81622,14,60,5,5429
28212,285000.0,3,2,1445,6127 AMITY PL,Charlotte,North Carolina,45180,1899.2,Mecklenburg,65165.0,35.1896,-80.74519,14,60,5,4904
28210,389900.0,3,3,1739,8502 SHARONBROOK DR,Charlotte,North Carolina,48214,1500.9,Mecklenburg,137848.0,35.12969,-80.8548,14,60,5,4843
28227,621497.0,3,4,2416,9530 LIBERTY HILL DR,Charlotte,North Carolina,58524,562.7,Mecklenburg,90457.0,35.18851,-80.6507,14,60,5,5200
28216,450000.0,3,3,1623,3616 COWBOY LN,Charlotte,North Carolina,51477,662.1,Mecklenburg,75507.0,35.31039,-80.8883,14,60,5,5118
28214,385000.0,3,3,2136,9030 HENRY THOREAU RD,Charlotte,North Carolina,40619,462.6,Mecklenburg,92059.0,35.27177,-80.96847,14,60,5,4963
28269,490000.0,4,3,3255,12337 LOOKOUT POINT DR,Charlotte,North Carolina,78353,989.6,Mecklenburg,94980.0,35.33747,-80.8026,14,60,5,5320
28216,225000.0,3,3,1273,2024 LASALLE ST,Charlotte,North Carolina,51477,662.1,Mecklenburg,75507.0,35.31039,-80.8883,14,60,5,5071
28278,370000.0,3,3,1474,5543 MT MANSFIELD RD,Charlotte,North Carolina,34272,459.3,Mecklenburg,140683.0,35.13063,-81.00753,14,60,5,5492
28209,420000.0,3,4,1680,1117 KURT CT,Charlotte,North Carolina,23339,1641.1,Mecklenburg,146696.0,35.17878,-80.85418,14,60,5,4806
28210,360000.0,2,3,1600,7244 QUAIL MEADOW LN,Charlotte,North Carolina,48214,1500.9,Mecklenburg,137848.0,35.12969,-80.8548,14,60,5,4817
28277,675000.0,3,3,2850,10608 OLD ARDREY KELL RD,Charlotte,North Carolina,71321,1140.3,Mecklenburg,159304.0,35.05212,-80.81622,14,60,5,5402
28277,429000.0,3,3,1776,10244 GARMOYLE ST # 150,Charlotte,North Carolina,71321,1140.3,Mecklenburg,159304.0,35.05212,-80.81622,14,60,5,5441
28205,491260.0,3,4,1739,3112 ALLOY LN,Charlotte,North Carolina,51418,1678.5,Mecklenburg,99270.0,35.22019,-80.78737,14,60,5,4672
28278,395000.0,3,2,1943,6607 LATHERTON LN,Charlotte,North Carolina,34272,459.3,Mecklenburg,140683.0,35.13063,-81.00753,14,60,5,5464
28227,639158.0,4,4,2896,9522 LIBERTY HILL DR,Charlotte,North Carolina,58524,562.7,Mecklenburg,90457.0,35.18851,-80.6507,14,60,5,5232
28205,345000.0,3,2,1154,4716 CRESTMONT DR,Charlotte,North Carolina,51418,1678.5,Mecklenburg,99270.0,35.22019,-80.78737,14,60,5,4681
28226,754900.0,3,3,2265,6318 PROVIDENCE RD,Charlotte,North Carolina,38347,1005.4,Mecklenburg,184053.0,35.10767,-80.81837,14,60,5,5170
28270,545000.0,4,4,2878,2305 WYTHE HOUSE CT,Charlotte,North Carolina,34583,1074.7,Mecklenburg,165619.0,35.10963,-80.76005,14,60,5,5333
28227,265000.0,3,1,1001,3845 ASHLEY HALL DR,Charlotte,North Carolina,58524,562.7,Mecklenburg,90457.0,35.18851,-80.6507,14,60,5,5226
28210,565000.0,3,2,1516,4118 ASHTON DR,Charlotte,North Carolina,48214,1500.9,Mecklenburg,137848.0,35.12969,-80.8548,14,60,5,4845
28216,361670.0,3,3,1704,2133 ALLIUM DRIVE,Charlotte,North Carolina,51477,662.1,Mecklenburg,75507.0,35.31039,-80.8883,14,60,5,5104
28214,351000.0,3,3,2001,641 LUMBER LN,Charlotte,North Carolina,40619,462.6,Mecklenburg,92059.0,35.27177,-80.96847,14,60,5,4979
28205,445600.0,3,2,1417,3914 WOODLEAF RD,Charlotte,North Carolina,51418,1678.5,Mecklenburg,99270.0,35.22019,-80.78737,14,60,5,4678
28212,425000.0,3,2,1650,6017 AMITY PL,Charlotte,North Carolina,45180,1899.2,Mecklenburg,65165.0,35.1896,-80.74519,14,60,5,4903
28269,348000.0,3,3,1448,9114 SWALLOW TAIL LN,Charlotte,North Carolina,78353,989.6,Mecklenburg,94980.0,35.33747,-80.8026,14,60,5,5314
28205,599950.0,3,2,1608,1340 CAROLYN DR,Charlotte,North Carolina,51418,1678.5,Mecklenburg,99270.0,35.22019,-80.78737,14,60,5,4702
28202,799000.0,3,4,2228,382 MCNINCH ST,Charlotte,North Carolina,14359,3072.6,Mecklenburg,132909.0,35.22773,-80.8447,14,60,5,4626
28273,610000.0,5,4,3449,9934 LOUGHLIN LN # 27,Charlotte,North Carolina,44048,755.3,Mecklenburg,100576.0,35.12624,-80.94469,14,60,5,5368
28215,415000.0,4,2,2434,6710 REEDY CREEK RD,Charlotte,North Carolina,63548,850.5,Mecklenburg,80157.0,35.24854,-80.69571,14,60,5,5022
28270,549900.0,4,3,2211,2807 GLEN SUMMIT DR,Charlotte,North Carolina,34583,1074.7,Mecklenburg,165619.0,35.10963,-80.76005,14,60,5,5343
28270,700000.0,4,4,2837,2312 OBERWOOD DR,Charlotte,North Carolina,34583,1074.7,Mecklenburg,165619.0,35.10963,-80.76005,14,60,5,5349
28214,375365.0,4,3,1613,4542 OPUS LANE,Charlotte,North Carolina,40619,462.6,Mecklenburg,92059.0,35.27177,-80.96847,14,60,5,4950
28210,449900.0,3,2,1538,2536 HEIDLEBURG LN,Charlotte,North Carolina,48214,1500.9,Mecklenburg,137848.0,35.12969,-80.8548,14,60,5,4812
28227,553510.0,3,3,2268,8225 FRANKLIN TRAIL STREET,Charlotte,North Carolina,58524,562.7,Mecklenburg,90457.0,35.18851,-80.6507,14,60,5,5189
28208,525000.0,3,3,1800,2736 PARKWAY AVE,Charlotte,North Carolina,40885,780.1,Mecklenburg,72104.0,35.23153,-80.90611,14,60,5,4754
28227,750000.0,4,4,3460,9909 MINNIE LEMMOND LN,Charlotte,North Carolina,58524,562.7,Mecklenburg,90457.0,35.18851,-80.6507,14,60,5,5210
28226,225000.0,2,2,1090,8817 HUNTER RIDGE DR,Charlotte,North Carolina,38347,1005.4,Mecklenburg,184053.0,35.10767,-80.81837,14,60,5,5156
28277,1650000.0,4,5,5145,14117 BALLANTYNE COUNTRY CLUB DR,Charlotte,North Carolina,71321,1140.3,Mecklenburg,159304.0,35.05212,-80.81622,14,60,5,5444
28211,529900.0,3,4,1794,304 CHATTOOGA WAY,Charlotte,North Carolina,31581,1113.4,Mecklenburg,211706.0,35.16816,-80.79604,14,60,5,4867
28208,725000.0,3,4,2125,1555 DUCKWORTH AVE,Charlotte,North Carolina,40885,780.1,Mecklenburg,72104.0,35.23153,-80.90611,14,60,5,4758
28206,1890000.0,10,8,6300,1603/1605 N DAVIDSON STREET,Charlotte,North Carolina,12812,708.9,Mecklenburg,67213.0,35.25631,-80.82144,14,60,5,4728
28278,484900.0,5,3,3164,13327 HUNTING BIRDS LN,Charlotte,North Carolina,34272,459.3,Mecklenburg,140683.0,35.13063,-81.00753,14,60,5,5499
28205,1650000.0,5,6,4577,1506 PARSON ST,Charlotte,North Carolina,51418,1678.5,Mecklenburg,99270.0,35.22019,-80.78737,14,60,5,4698
28207,779900.0,4,2,1511,300 CIRCLE AVE,Charlotte,North Carolina,9733,1546.7,Mecklenburg,389928.0,35.19512,-80.82606,14,60,5,4746
28215,415000.0,3,3,1570,1824 PURSER DR,Charlotte,North Carolina,63548,850.5,Mecklenburg,80157.0,35.24854,-80.69571,14,60,5,5046
28269,402000.0,4,3,2767,4316 HUBBARD RD,Charlotte,North Carolina,78353,989.6,Mecklenburg,94980.0,35.33747,-80.8026,14,60,5,5277
28211,589900.0,4,4,1886,2220 MAGNOLIA BLOSSOM WAY # 38,Charlotte,North Carolina,31581,1113.4,Mecklenburg,211706.0,35.16816,-80.79604,14,60,5,4878
28216,270000.0,3,2,1015,3719 MAGGIE LANEY DR,Charlotte,North Carolina,51477,662.1,Mecklenburg,75507.0,35.31039,-80.8883,14,60,5,5106
28207,315000.0,2,2,939,2427 VAIL AVE APT B16,Charlotte,North Carolina,9733,1546.7,Mecklenburg,389928.0,35.19512,-80.82606,14,60,5,4742
28277,410000.0,2,2,1381,8238 WINDSOR RIDGE DR,Charlotte,North Carolina,71321,1140.3,Mecklenburg,159304.0,35.05212,-80.81622,14,60,5,5394
28273,335000.0,3,2,1571,4218 AMHERST VILLA CT,Charlotte,North Carolina,44048,755.3,Mecklenburg,100576.0,35.12624,-80.94469,14,60,5,5386
28212,237000.0,2,2,1001,2908 IRON GATE LN,Charlotte,North Carolina,45180,1899.2,Mecklenburg,65165.0,35.1896,-80.74519,14,60,5,4911
28215,377610.0,3,3,2013,5223 BELSTONE LANE,Charlotte,North Carolina,63548,850.5,Mecklenburg,80157.0,35.24854,-80.69571,14,60,5,5039
28215,470467.0,3,3,2017,5806 STRATHMORE CT,Charlotte,North Carolina,63548,850.5,Mecklenburg,80157.0,35.24854,-80.69571,14,60,5,5065
28215,490000.0,3,3,2493,4600 SARANDON CT,Charlotte,North Carolina,63548,850.5,Mecklenburg,80157.0,35.24854,-80.69571,14,60,5,5062
28226,2975000.0,5,6,4817,4714 OCKLEY MANOR LN,Charlotte,North Carolina,38347,1005.4,Mecklenburg,184053.0,35.10767,-80.81837,14,60,5,5162
28208,145000.0,2,1,726,3219 MINNESOTA RD,Charlotte,North Carolina,40885,780.1,Mecklenburg,72104.0,35.23153,-80.90611,14,60,5,4773
28270,359900.0,3,3,1666,11926 LAMBERT BRIDGE DR,Charlotte,North Carolina,34583,1074.7,Mecklenburg,165619.0,35.10963,-80.76005,14,60,5,5344
28205,465000.0,3,3,1706,656 CHIPLEY AVE,Charlotte,North Carolina,51418,1678.5,Mecklenburg,99270.0,35.22019,-80.78737,14,60,5,4715
28277,695000.0,3,3,2458,11449 CORLISS AVE,Charlotte,North Carolina,71321,1140.3,Mecklenburg,159304.0,35.05212,-80.81622,14,60,5,5422
28210,1350000.0,4,5,4727,8232 GREENCASTLE DR,Charlotte,North Carolina,48214,1500.9,Mecklenburg,137848.0,35.12969,-80.8548,14,60,5,4823
28210,950000.0,3,2,1973,3923 KITLEY PL,Charlotte,North Carolina,48214,1500.9,Mecklenburg,137848.0,35.12969,-80.8548,14,60,5,4839
28216,550000.0,3,3,2506,7731 SHALOM DR,Charlotte,North Carolina,51477,662.1,Mecklenburg,75507.0,35.31039,-80.8883,14,60,5,5067
28278,424900.0,4,3,2668,13737 KRISLYN WOODS PL,Charlotte,North Carolina,34272,459.3,Mecklenburg,140683.0,35.13063,-81.00753,14,60,5,5460
28273,510000.0,5,4,2855,8314 FLINT HILL DR,Charlotte,North Carolina,44048,755.3,Mecklenburg,100576.0,35.12624,-80.94469,14,60,5,5371
28277,370000.0,3,3,1651,11408 DELORES FERGUSON LN,Charlotte,North Carolina,71321,1140.3,Mecklenburg,159304.0,35.05212,-80.81622,14,60,5,5409
28205,875000.0,4,3,2493,2900 GEORGIA AVE,Charlotte,North Carolina,51418,1678.5,Mecklenburg,99270.0,35.22019,-80.78737,14,60,5,4707
28216,366670.0,3,3,1608,1057 PLUMCREST DR,Charlotte,North Carolina,51477,662.1,Mecklenburg,75507.0,35.31039,-80.8883,14,60,5,5109
28215,345000.0,3,2,1276,8215 GERA EMMA DR,Charlotte,North Carolina,63548,850.5,Mecklenburg,80157.0,35.24854,-80.69571,14,60,5,5014
28216,399900.0,4,3,2264,6810 BROAD VALLEY CT,Charlotte,North Carolina,51477,662.1,Mecklenburg,75507.0,35.31039,-80.8883,14,60,5,5068
28227,625000.0,5,4,3916,9700 BLACKBIRD HILL LN,Charlotte,North Carolina,58524,562.7,Mecklenburg,90457.0,35.18851,-80.6507,14,60,5,5202
28226,1025000.0,4,4,3858,8613 ABERDEEN WOOD CT,Charlotte,North Carolina,38347,1005.4,Mecklenburg,184053.0,35.10767,-80.81837,14,60,5,5183
28278,925000.0,3,3,2980,13816 POINT LOOKOUT RD,Charlotte,North Carolina,34272,459.3,Mecklenburg,140683.0,35.13063,-81.00753,14,60,5,5493
28215,190000.0,2,3,1098,6404 WINDSOR GATE LN,Charlotte,North Carolina,63548,850.5,Mecklenburg,80157.0,35.24854,-80.69571,14,60,5,5018
28273,560000.0,4,3,2912,11323 HUNTINGTON MEADOW LN,Charlotte,North Carolina,44048,755.3,Mecklenburg,100576.0,35.12624,-80.94469,14,60,5,5375
28214,249000.0,2,3,1144,9509 DRAINS BAY CT # 7,Charlotte,North Carolina,40619,462.6,Mecklenburg,92059.0,35.27177,-80.96847,14,60,5,4954
28211,819900.0,4,2,2693,1115 S WENDOVER RD,Charlotte,North Carolina,31581,1113.4,Mecklenburg,211706.0,35.16816,-80.79604,14,60,5,4885
28226,499000.0,5,3,2553,7214 CONNAN LN,Charlotte,North Carolina,38347,1005.4,Mecklenburg,184053.0,35.10767,-80.81837,14,60,5,5164
28211,650000.0,3,3,2479,1514 FALCON STREET,Charlotte,North Carolina,31581,1113.4,Mecklenburg,211706.0,35.16816,-80.79604,14,60,5,4898
28269,350000.0,2,2,1481,8932 KESTRAL RIDGE DR,Charlotte,North Carolina,78353,989.6,Mecklenburg,94980.0,35.33747,-80.8026,14,60,5,5291
28216,364460.0,3,3,1608,1025 PLUMCREST DR,Charlotte,North Carolina,51477,662.1,Mecklenburg,75507.0,35.31039,-80.8883,14,60,5,5076
28211,3150000.0,4,5,5240,3811 AYSCOUGH RD,Charlotte,North Carolina,31581,1113.4,Mecklenburg,211706.0,35.16816,-80.79604,14,60,5,4893
28212,269000.0,4,2,1600,6021 MORNINGLOW CT,Charlotte,North Carolina,45180,1899.2,Mecklenburg,65165.0,35.1896,-80.74519,14,60,5,4902
28227,615526.0,3,4,2333,9612 LIBERTY HILL DR,Charlotte,North Carolina,58524,562.7,Mecklenburg,90457.0,35.18851,-80.6507,14,60,5,5193
28277,925000.0,4,3,3398,9113 COTTON PRESS RD,Charlotte,North Carolina,71321,1140.3,Mecklenburg,159304.0,35.05212,-80.81622,14,60,5,5405
28262,390000.0,4,3,2166,10506 BARVAS ST,Charlotte,North Carolina,43664,802.5,Mecklenburg,78552.0,35.32609,-80.74234,14,60,5,5255
28208,535000.0,2,3,1356,120 JUDSON AVE,Charlotte,North Carolina,40885,780.1,Mecklenburg,72104.0,35.23153,-80.90611,14,60,5,4770
28208,398000.0,4,3,1690,3414 PELLIGRINI ST,Charlotte,North Carolina,40885,780.1,Mecklenburg,72104.0,35.23153,-80.90611,14,60,5,4776
28217,624300.0,3,4,1727,314 E CAMA ST # 61,Charlotte,North Carolina,31338,810.3,Mecklenburg,75391.0,35.17146,-80.9077,14,60,5,5147
28277,364996.0,3,2,1475,15037 SANTA LUCIA DR,Charlotte,North Carolina,71321,1140.3,Mecklenburg,159304.0,35.05212,-80.81622,14,60,5,5445
28205,280000.0,2,2,922,1330 GREEN OAKS LN APT A,Charlotte,North Carolina,51418,1678.5,Mecklenburg,99270.0,35.22019,-80.78737,14,60,5,4659
28211,1100000.0,2,4,2710,1228 COTSWOLD PL,Charlotte,North Carolina,31581,1113.4,Mecklenburg,211706.0,35.16816,-80.79604,14,60,5,4879
28226,739500.0,4,3,2511,4100 WINDWOOD CIR,Charlotte,North Carolina,38347,1005.4,Mecklenburg,184053.0,35.10767,-80.81837,14,60,5,5173
28226,499900.0,4,3,2386,4442 MULLENS FORD RD,Charlotte,North Carolina,38347,1005.4,Mecklenburg,184053.0,35.10767,-80.81837,14,60,5,5175
28210,365000.0,3,2,1089,7546 STARVALLEY DR,Charlotte,North Carolina,48214,1500.9,Mecklenburg,137848.0,35.12969,-80.8548,14,60,5,4822
28277,589900.0,3,3,2556,11612 MERSINGTON LN,Charlotte,North Carolina,71321,1140.3,Mecklenburg,159304.0,35.05212,-80.81622,14,60,5,5391
28216,800000.0,4,3,2995,4010 NICOLE EILEEN LN,Charlotte,North Carolina,51477,662.1,Mecklenburg,75507.0,35.31039,-80.8883,14,60,5,5114
28210,239000.0,2,3,1734,7348 QUAIL MEADOW LN,Charlotte,North Carolina,48214,1500.9,Mecklenburg,137848.0,35.12969,-80.8548,14,60,5,4842
28226,1375000.0,3,4,3426,2611 HORN POINT CT,Charlotte,North Carolina,38347,1005.4,Mecklenburg,184053.0,35.10767,-80.81837,14,60,5,5169
28214,369000.0,3,2,1362,2109 TOM SADLER RD,Charlotte,North Carolina,40619,462.6,Mecklenburg,92059.0,35.27177,-80.96847,14,60,5,4951
28278,775000.0,4,5,3083,8810 WINDYGAP RD,Charlotte,North Carolina,34272,459.3,Mecklenburg,140683.0,35.13063,-81.00753,14,60,5,5453
28278,425000.0,3,2,2111,13546 PLANTERS ROW DR,Charlotte,North Carolina,34272,459.3,Mecklenburg,140683.0,35.13063,-81.00753,14,60,5,5489
28227,717199.0,5,4,3053,7531 HAPPY HOLLOW DR,Charlotte,North Carolina,58524,562.7,Mecklenburg,90457.0,35.18851,-80.6507,14,60,5,5220
28278,439900.0,4,3,2409,12128 CREEK TURN DR,Charlotte,North Carolina,34272,459.3,Mecklenburg,140683.0,35.13063,-81.00753,14,60,5,5483
28213,519000.0,4,3,2826,12315 CALDWELL RD # 2,Charlotte,North Carolina,44553,1209.4,Mecklenburg,69585.0,35.28459,-80.73339,14,60,5,4932
28269,460000.0,4,3,2429,4819 DEER CROSS TRL,Charlotte,North Carolina,78353,989.6,Mecklenburg,94980.0,35.33747,-80.8026,14,60,5,5289
28216,370000.0,3,2,1329,5600 OAK DR,Charlotte,North Carolina,51477,662.1,Mecklenburg,75507.0,35.31039,-80.8883,14,60,5,5070
28205,459900.0,3,3,1706,652 CHIPLEY AVE,Charlotte,North Carolina,51418,1678.5,Mecklenburg,99270.0,35.22019,-80.78737,14,60,5,4670
28206,589000.0,3,3,2328,3918 WILLOW GREEN PL,Charlotte,North Carolina,12812,708.9,Mecklenburg,67213.0,35.25631,-80.82144,14,60,5,4736
28227,350000.0,3,2,1304,5900 FALSTAFF DR,Charlotte,North Carolina,58524,562.7,Mecklenburg,90457.0,35.18851,-80.6507,14,60,5,5246
28213,375000.0,3,3,2152,16342 HAYFIELD RD,Charlotte,North Carolina,44553,1209.4,Mecklenburg,69585.0,35.28459,-80.73339,14,60,5,4925
28277,279900.0,2,2,1254,12355 COPPER MOUNTAIN BLVD,Charlotte,North Carolina,71321,1140.3,Mecklenburg,159304.0,35.05212,-80.81622,14,60,5,5407
28277,915000.0,4,4,3715,9902 TRIPLE OAK RD,Charlotte,North Carolina,71321,1140.3,Mecklenburg,159304.0,35.05212,-80.81622,14,60,5,5428
28227,566480.0,3,4,2694,12719 TWILIGHT DR,Charlotte,North Carolina,58524,562.7,Mecklenburg,90457.0,35.18851,-80.6507,14,60,5,5222
28227,329000.0,3,2,1085,6105 WOODTHRUSH DR,Charlotte,North Carolina,58524,562.7,Mecklenburg,90457.0,35.18851,-80.6507,14,60,5,5204
28270,750000.0,5,3,2457,8301 ADRIAN CT,Charlotte,North Carolina,34583,1074.7,Mecklenburg,165619.0,35.10963,-80.76005,14,60,5,5342
28270,265000.0,2,2,1142,9004 NOLLEY CT UNIT B,Charlotte,North Carolina,34583,1074.7,Mecklenburg,165619.0,35.10963,-80.76005,14,60,5,5354
28273,259000.0,3,2,1410,12838 SPIRIT BOUND WAY,Charlotte,North Carolina,44048,755.3,Mecklenburg,100576.0,35.12624,-80.94469,14,60,5,5374
28210,1550000.0,5,4,4135,6927 CONSERVATORY LN,Charlotte,North Carolina,48214,1500.9,Mecklenburg,137848.0,35.12969,-80.8548,14,60,5,4816
28217,591000.0,3,4,1723,6008 IRWINS BRANCH DR # 15,Charlotte,North Carolina,31338,810.3,Mecklenburg,75391.0,35.17146,-80.9077,14,60,5,5131
28262,475000.0,4,3,2938,13813 MALLARD LAKE RD,Charlotte,North Carolina,43664,802.5,Mecklenburg,78552.0,35.32609,-80.74234,14,60,5,5265
28227,369990.0,3,3,1762,7816 NELSON RD # 19B,Charlotte,North Carolina,58524,562.7,Mecklenburg,90457.0,35.18851,-80.6507,14,60,5,5251
28227,540000.0,4,3,2785,6728 HOLLOW OAK DR,Charlotte,North Carolina,58524,562.7,Mecklenburg,90457.0,35.18851,-80.6507,14,60,5,5234
28270,450000.0,3,2,1939,3208 WILSON DR,Charlotte,North Carolina,34583,1074.7,Mecklenburg,165619.0,35.10963,-80.76005,14,60,5,5340
28277,869995.0,4,3,3162,11910 JAMES RICHARD DR,Charlotte,North Carolina,71321,1140.3,Mecklenburg,159304.0,35.05212,-80.81622,14,60,5,5424
28273,260000.0,3,3,1707,8031 KINGS CREEK DR,Charlotte,North Carolina,44048,755.3,Mecklenburg,100576.0,35.12624,-80.94469,14,60,5,5379
28269,385000.0,3,3,2337,12532 DERVISH LN,Charlotte,North Carolina,78353,989.6,Mecklenburg,94980.0,35.33747,-80.8026,14,60,5,5304
28205,320000.0,2,3,1554,1537 SYLVIA CT,Charlotte,North Carolina,51418,1678.5,Mecklenburg,99270.0,35.22019,-80.78737,14,60,5,4695
28207,1975000.0,4,6,4199,1247 WAREHAM CT,Charlotte,North Carolina,9733,1546.7,Mecklenburg,389928.0,35.19512,-80.82606,14,60,5,4748
28205,554352.0,4,4,1952,6024 TOWERING OAKS DR,Charlotte,North Carolina,51418,1678.5,Mecklenburg,99270.0,35.22019,-80.78737,14,60,5,4665
28273,489900.0,4,3,2694,4637 COLLINGHAM DR,Charlotte,North Carolina,44048,755.3,Mecklenburg,100576.0,35.12624,-80.94469,14,60,5,5382
28217,465840.0,4,4,2124,3918 MEMORIAL PKWY,Charlotte,North Carolina,31338,810.3,Mecklenburg,75391.0,35.17146,-80.9077,14,60,5,5134
28216,370552.0,3,3,1971,3200 MCGEE HILL DR,Charlotte,North Carolina,51477,662.1,Mecklenburg,75507.0,35.31039,-80.8883,14,60,5,5099
28216,323820.0,3,3,1429,8021 MURRAY BRANCH DR,Charlotte,North Carolina,51477,662.1,Mecklenburg,75507.0,35.31039,-80.8883,14,60,5,5108
28270,650000.0,3,2,2831,7200 CAROSAN LN,Charlotte,North Carolina,34583,1074.7,Mecklenburg,165619.0,35.10963,-80.76005,14,60,5,5331
28208,160000.0,3,1,916,3025 MINNESOTA RD,Charlotte,North Carolina,40885,780.1,Mecklenburg,72104.0,35.23153,-80.90611,14,60,5,4782
28278,470000.0,5,3,3020,10119 WHITEBURN CT,Charlotte,North Carolina,34272,459.3,Mecklenburg,140683.0,35.13063,-81.00753,14,60,5,5474
28215,680000.0,4,3,2756,3620 S DOWNS TRL,Charlotte,North Carolina,63548,850.5,Mecklenburg,80157.0,35.24854,-80.69571,14,60,5,5015
28227,475000.0,3,2,1694,7602 HOGANS BLUFF LN,Charlotte,North Carolina,58524,562.7,Mecklenburg,90457.0,35.18851,-80.6507,14,60,5,5252
28278,850000.0,4,4,2563,16428 CROSSHAVEN DR,Charlotte,North Carolina,34272,459.3,Mecklenburg,140683.0,35.13063,-81.00753,14,60,5,5457
28217,285000.0,4,2,1326,1058 BRIANNA WAY,Charlotte,North Carolina,31338,810.3,Mecklenburg,75391.0,35.17146,-80.9077,14,60,5,5149
28227,450000.0,3,3,2186,5420 NIGHTSHADE OAKS DR,Charlotte,North Carolina,58524,562.7,Mecklenburg,90457.0,35.18851,-80.6507,14,60,5,5217
28214,361900.0,3,3,1679,6008 LOWE LN,Charlotte,North Carolina,40619,462.6,Mecklenburg,92059.0,35.27177,-80.96847,14,60,5,4988
28205,550000.0,2,3,1637,2957 SIMPSON DR,Charlotte,North Carolina,51418,1678.5,Mecklenburg,99270.0,35.22019,-80.78737,14,60,5,4714
28277,1175000.0,4,4,3616,13108 WHISPER CREEK DR,Charlotte,North Carolina,71321,1140.3,Mecklenburg,159304.0,35.05212,-80.81622,14,60,5,5423
28227,232500.0,2,3,1205,7653 PETREA LN,Charlotte,North Carolina,58524,562.7,Mecklenburg,90457.0,35.18851,-80.6507,14,60,5,5245
28211,579900.0,4,4,1886,2216 MAGNOLIA BLOSSOM WAY # 39,Charlotte,North Carolina,31581,1113.4,Mecklenburg,211706.0,35.16816,-80.79604,14,60,5,4896
28269,333730.0,2,3,1601,9244 WIDDEN WAY,Charlotte,North Carolina,78353,989.6,Mecklenburg,94980.0,35.33747,-80.8026,14,60,5,5286
28226,679000.0,4,3,3138,8901 CHALLIS HILL LN,Charlotte,North Carolina,38347,1005.4,Mecklenburg,184053.0,35.10767,-80.81837,14,60,5,5152
28208,377500.0,3,3,1939,2117 STRAWBERRY PATCH ST # 31,Charlotte,North Carolina,40885,780.1,Mecklenburg,72104.0,35.23153,-80.90611,14,60,5,4784
28206,725000.0,3,4,2249,1312 N DAVIDSON ST,Charlotte,North Carolina,12812,708.9,Mecklenburg,67213.0,35.25631,-80.82144,14,60,5,4727
28277,749000.0,4,3,3103,6032 LEGACY CIR,Charlotte,North Carolina,71321,1140.3,Mecklenburg,159304.0,35.05212,-80.81622,14,60,5,5399
28216,265000.0,2,1,968,525 PEACHTREE RD,Charlotte,North Carolina,51477,662.1,Mecklenburg,75507.0,35.31039,-80.8883,14,60,5,5090
28205,350000.0,2,2,1053,1837 DALLAS AVE,Charlotte,North Carolina,51418,1678.5,Mecklenburg,99270.0,35.22019,-80.78737,14,60,5,4671
28217,625000.0,3,2,1931,1124 ARCHDALE DR,Charlotte,North Carolina,31338,810.3,Mecklenburg,75391.0,35.17146,-80.9077,14,60,5,5146
28214,392000.0,3,3,2168,9038 HENRY THOREAU RD,Charlotte,North Carolina,40619,462.6,Mecklenburg,92059.0,35.27177,-80.96847,14,60,5,4943
28217,405000.0,3,3,1653,6834 SQUIRRELS FOOT CT,Charlotte,North Carolina,31338,810.3,Mecklenburg,75391.0,35.17146,-80.9077,14,60,5,5129
28202,525000.0,1,1,1057,333 W TRADE ST UNIT 1808,Charlotte,North Carolina,14359,3072.6,Mecklenburg,132909.0,35.22773,-80.8447,14,60,5,4616
28269,375000.0,3,3,1934,4228 DAVID COX RD,Charlotte,North Carolina,78353,989.6,Mecklenburg,94980.0,35.33747,-80.8026,14,60,5,5326
28211,550000.0,4,4,1886,2522 MAGNOLIA BLOSSOM WAY # 14,Charlotte,North Carolina,31581,1113.4,Mecklenburg,211706.0,35.16816,-80.79604,14,60,5,4866
28273,399000.0,4,3,1756,3231 MEADOW STONE CT,Charlotte,North Carolina,44048,755.3,Mecklenburg,100576.0,35.12624,-80.94469,14,60,5,5367
28277,474900.0,3,4,2195,11044 LUCKY HORSESHOE LN,Charlotte,North Carolina,71321,1140.3,Mecklenburg,159304.0,35.05212,-80.81622,14,60,5,5413
28205,534346.0,3,4,1906,6028 TOWERING OAKS DR,Charlotte,North Carolina,51418,1678.5,Mecklenburg,99270.0,35.22019,-80.78737,14,60,5,4657
28214,379900.0,4,3,1800,5217 WOLFRIDGE AVE,Charlotte,North Carolina,40619,462.6,Mecklenburg,92059.0,35.27177,-80.96847,14,60,5,4945
28277,300000.0,2,3,1149,14930 SCOTHURST LN,Charlotte,North Carolina,71321,1140.3,Mecklenburg,159304.0,35.05212,-80.81622,14,60,5,5425
28277,659900.0,4,3,2665,11620 HARDWOOD WATCH CT,Charlotte,North Carolina,71321,1140.3,Mecklenburg,159304.0,35.05212,-80.81622,14,60,5,5421
28213,135000.0,1,1,595,338 ORCHARD TRACE LN APT 8,Charlotte,North Carolina,44553,1209.4,Mecklenburg,69585.0,35.28459,-80.73339,14,60,5,4940
28208,235000.0,3,1,981,1520 WESTDALE DR,Charlotte,North Carolina,40885,780.1,Mecklenburg,72104.0,35.23153,-80.90611,14,60,5,4759
28216,450000.0,4,3,2217,207 SURREY OAK LANE,Charlotte,North Carolina,51477,662.1,Mecklenburg,75507.0,35.31039,-80.8883,14,60,5,5082
28273,385000.0,3,2,1596,11213 RIDGE OAK DR,Charlotte,North Carolina,44048,755.3,Mecklenburg,100576.0,35.12624,-80.94469,14,60,5,5365
28206,579100.0,3,4,1637,2234 N GRAHAM ST # 4,Charlotte,North Carolina,12812,708.9,Mecklenburg,67213.0,35.25631,-80.82144,14,60,5,4724
28216,225000.0,3,1,1172,805 DEDMON DR,Charlotte,North Carolina,51477,662.1,Mecklenburg,75507.0,35.31039,-80.8883,14,60,5,5079
28270,498800.0,3,3,1946,6721 IRONKETTLE RD,Charlotte,North Carolina,34583,1074.7,Mecklenburg,165619.0,35.10963,-80.76005,14,60,5,5353
28269,409900.0,3,3,2076,5801 BRANTHURST DR,Charlotte,North Carolina,78353,989.6,Mecklenburg,94980.0,35.33747,-80.8026,14,60,5,5323
28211,2865900.0,4,5,5030,1001 CODDINGTON PL,Charlotte,North Carolina,31581,1113.4,Mecklenburg,211706.0,35.16816,-80.79604,14,60,5,4891
28216,189900.0,3,2,1000,3513 MERRILL PL,Charlotte,North Carolina,51477,662.1,Mecklenburg,75507.0,35.31039,-80.8883,14,60,5,5086
28227,340000.0,3,3,1655,7105 SYCAMORE GROVE CT,Charlotte,North Carolina,58524,562.7,Mecklenburg,90457.0,35.18851,-80.6507,14,60,5,5215
28215,465000.0,3,3,2444,4785 BIRCHHOLLOW DR,Charlotte,North Carolina,63548,850.5,Mecklenburg,80157.0,35.24854,-80.69571,14,60,5,5008
28217,375000.0,4,2,1392,5501 SOUTHAMPTON RD,Charlotte,North Carolina,31338,810.3,Mecklenburg,75391.0,35.17146,-80.9077,14,60,5,5126
28202,1250000.0,4,4,3223,337 W 7TH ST,Charlotte,North Carolina,14359,3072.6,Mecklenburg,132909.0,35.22773,-80.8447,14,60,5,4625
28214,522950.0,3,3,2529,5408 CASPER DR,Charlotte,North Carolina,40619,462.6,Mecklenburg,92059.0,35.27177,-80.96847,14,60,5,4955
28216,408668.0,3,3,2345,3148 MCGEE HILL DR,Charlotte,North Carolina,51477,662.1,Mecklenburg,75507.0,35.31039,-80.8883,14,60,5,5107
28215,459900.0,3,3,1544,4117 OAK FOREST DR,Charlotte,North Carolina,63548,850.5,Mecklenburg,80157.0,35.24854,-80.69571,14,60,5,5050
28209,715000.0,3,2,1913,1201 BARKLEY RD,Charlotte,North Carolina,23339,1641.1,Mecklenburg,146696.0,35.17878,-80.85418,14,60,5,4805
28273,325000.0,3,2,1320,14117 WILLIAMS GLENN RD,Charlotte,North Carolina,44048,755.3,Mecklenburg,100576.0,35.12624,-80.94469,14,60,5,5369
28213,285000.0,3,1,1015,319 BARRYMORE DR,Charlotte,North Carolina,44553,1209.4,Mecklenburg,69585.0,35.28459,-80.73339,14,60,5,4931
28215,375000.0,3,3,2377,7033 LAKESIDE DR E,Charlotte,North Carolina,63548,850.5,Mecklenburg,80157.0,35.24854,-80.69571,14,60,5,5034
28215,315000.0,3,2,1199,1408 SHANNONHOUSE DR,Charlotte,North Carolina,63548,850.5,Mecklenburg,80157.0,35.24854,-80.69571,14,60,5,5002
28206,350000.0,4,2,1771,800 THERA DR,Charlotte,North Carolina,12812,708.9,Mecklenburg,67213.0,35.25631,-80.82144,14,60,5,4725
28277,1450000.0,6,7,6392,7841 SETON HOUSE LN,Charlotte,North Carolina,71321,1140.3,Mecklenburg,159304.0,35.05212,-80.81622,14,60,5,5442
28215,395002.0,4,3,1964,5227 BELSTONE LANE,Charlotte,North Carolina,63548,850.5,Mecklenburg,80157.0,35.24854,-80.69571,14,60,5,5009
28212,365000.0,4,3,1930,4740 MARTHAS RIDGE DR,Charlotte,North Carolina,45180,1899.2,Mecklenburg,65165.0,35.1896,-80.74519,14,60,5,4914
28215,280000.0,3,1,944,1725 FINCHLEY DR,Charlotte,North Carolina,63548,850.5,Mecklenburg,80157.0,35.24854,-80.69571,14,60,5,5025
28270,597000.0,3,3,2300,6104 OXWYNN LN,Charlotte,North Carolina,34583,1074.7,Mecklenburg,165619.0,35.10963,-80.76005,14,60,5,5341
28277,615000.0,5,4,2726,17441 CAMPBELL HALL CT,Charlotte,North Carolina,71321,1140.3,Mecklenburg,159304.0,35.05212,-80.81622,14,60,5,5401
28215,319000.0,3,3,1708,4307 TIRLING CT,Charlotte,North Carolina,63548,850.5,Mecklenburg,80157.0,35.24854,-80.69571,14,60,5,5037
28262,369999.0,4,3,2084,1906 TREEFROG CT,Charlotte,North Carolina,43664,802.5,Mecklenburg,78552.0,35.32609,-80.74234,14,60,5,5273
28211,875000.0,3,2,1897,100 N WENDOVER RD,Charlotte,North Carolina,31581,1113.4,Mecklenburg,211706.0,35.16816,-80.79604,14,60,5,4863
28273,384999.0,2,4,2525,9965 KINGS PARADE BLVD,Charlotte,North Carolina,44048,755.3,Mecklenburg,100576.0,35.12624,-80.94469,14,60,5,5376
28214,490190.0,3,3,2001,3116 SEVILLE ST,Charlotte,North Carolina,40619,462.6,Mecklenburg,92059.0,35.27177,-80.96847,14,60,5,4967
28278,525000.0,4,3,2628,16327 PALISADES COMMONS DR,Charlotte,North Carolina,34272,459.3,Mecklenburg,140683.0,35.13063,-81.00753,14,60,5,5476
28204,1430000.0,5,4,3522,2021 E 9TH ST,Charlotte,North Carolina,8649,1893.7,Mecklenburg,120966.0,35.21469,-80.82677,14,60,5,4648
28227,190000.0,2,2,1131,7201 WINERY LN,Charlotte,North Carolina,58524,562.7,Mecklenburg,90457.0,35.18851,-80.6507,14,60,5,5196
28217,299900.0,3,1,888,1609 CHOYCE AVE,Charlotte,North Carolina,31338,810.3,Mecklenburg,75391.0,35.17146,-80.9077,14,60,5,5135
28278,457500.0,3,3,2341,13610 KENSAL GREEN DR # 60,Charlotte,North Carolina,34272,459.3,Mecklenburg,140683.0,35.13063,-81.00753,14,60,5,5479
28277,825000.0,5,4,3457,5509 PIPER GLEN DR,Charlotte,North Carolina,71321,1140.3,Mecklenburg,159304.0,35.05212,-80.81622,14,60,5,5395
28205,728550.0,3,4,1619,2041 THURMOND PL,Charlotte,North Carolina,51418,1678.5,Mecklenburg,99270.0,35.22019,-80.78737,14,60,5,4684
28211,659000.0,4,2,2252,635 N SHARON AMITY RD,Charlotte,North Carolina,31581,1113.4,Mecklenburg,211706.0,35.16816,-80.79604,14,60,5,4864
28209,2490026.0,5,6,4233,2734 PARK RD,Charlotte,North Carolina,23339,1641.1,Mecklenburg,146696.0,35.17878,-80.85418,14,60,5,4807
28215,250000.0,2,3,1274,1165 TRIECE LN,Charlotte,North Carolina,63548,850.5,Mecklenburg,80157.0,35.24854,-80.69571,14,60,5,5006
28215,305000.0,3,2,1394,314 FRANK DR,Charlotte,North Carolina,63548,850.5,Mecklenburg,80157.0,35.24854,-80.69571,14,60,5,5041
28270,484900.0,3,3,1761,641 SILVERSMITH LN,Charlotte,North Carolina,34583,1074.7,Mecklenburg,165619.0,35.10963,-80.76005,14,60,5,5334
28215,699000.0,4,4,2752,9715 WORLEY DR,Charlotte,North Carolina,63548,850.5,Mecklenburg,80157.0,35.24854,-80.69571,14,60,5,5010
