Zip Code,Price,Beds,Baths,Living Space,Address,City,State,Zip Code Population,Zip Code Density,County,Median Household Income,Latitude,Longitude,county_num,city_num,state_num,address_num
70118,369000.0,2,2,1165,1914 ADAMS ST,New Orleans,Louisiana,35699,2980.3,Orleans,111331.0,29.9451,-90.1257,46,118,19,17440
70116,479000.0,4,3,1858,825 N VILLERE ST,New Orleans,Louisiana,10901,3321.6,Orleans,77732.0,29.96697,-90.06448,46,118,19,17306
70117,465000.0,6,3,2475,4102 DAUPHINE ST,New Orleans,Louisiana,27009,1894.5,Orleans,61422.0,29.9685,-90.03004,46,118,19,17373
70115,499000.0,4,2,3800,4917 CAMP ST,New Orleans,Louisiana,34261,3439.2,Orleans,141812.0,29.92375,-90.10219,46,118,19,17235
70131,199000.0,3,1,1378,1637 RIVER OAKS DR,New Orleans,Louisiana,27160,895.4,Orleans,83534.0,29.9081,-89.96044,46,118,19,17931
70126,190000.0,5,3,1700,4301 REYNES ST,New Orleans,Louisiana,31168,996.5,Orleans,49971.0,30.01948,-90.01739,46,118,19,17776
70130,749500.0,3,2,1868,920 POEYFARRE ST UNIT 101,New Orleans,Louisiana,13478,2438.8,Orleans,120506.0,29.93671,-90.06949,46,118,19,17853
70117,320000.0,3,2,1469,1731 MARIGNY ST,New Orleans,Louisiana,27009,1894.5,Orleans,61422.0,29.9685,-90.03004,46,118,19,17434
70122,173999.0,2,1,822,4409 ANNETTE ST,New Orleans,Louisiana,35886,2210.2,Orleans,67620.0,30.00835,-90.06467,46,118,19,17593
70131,235000.0,3,2,1677,3501 HERALD ST,New Orleans,Louisiana,27160,895.4,Orleans,83534.0,29.9081,-89.96044,46,118,19,17951
70116,1050000.0,1,2,1280,1034 DAUPHINE ST,New Orleans,Louisiana,10901,3321.6,Orleans,77732.0,29.96697,-90.06448,46,118,19,17342
70118,329000.0,3,2,1497,2936 EAGLE ST,New Orleans,Louisiana,35699,2980.3,Orleans,111331.0,29.9451,-90.1257,46,118,19,17483
70117,525000.0,3,2,2200,417 TRICOU ST,New Orleans,Louisiana,27009,1894.5,Orleans,61422.0,29.9685,-90.03004,46,118,19,17398
70115,575000.0,3,3,1622,915 CADIZ ST,New Orleans,Louisiana,34261,3439.2,Orleans,141812.0,29.92375,-90.10219,46,118,19,17272
70116,575000.0,4,3,2414,1466 N JOHNSON ST,New Orleans,Louisiana,10901,3321.6,Orleans,77732.0,29.96697,-90.06448,46,118,19,17322
70118,597500.0,3,2,1460,1220 DUBLIN ST,New Orleans,Louisiana,35699,2980.3,Orleans,111331.0,29.9451,-90.1257,46,118,19,17464
70130,1195000.0,2,2,1237,700 MAGAZINE ST APT 202,New Orleans,Louisiana,13478,2438.8,Orleans,120506.0,29.93671,-90.06949,46,118,19,17894
70124,499000.0,3,3,2035,6014 CATINA ST,New Orleans,Louisiana,19578,1132.2,Orleans,166557.0,30.00747,-90.10378,46,118,19,17708
70117,320000.0,2,2,2480,1006 MAZANT ST,New Orleans,Louisiana,27009,1894.5,Orleans,61422.0,29.9685,-90.03004,46,118,19,17369
70130,815000.0,4,3,2389,2308 LAUREL ST,New Orleans,Louisiana,13478,2438.8,Orleans,120506.0,29.93671,-90.06949,46,118,19,17889
70126,95400.0,2,1,960,6937 DORIAN ST,New Orleans,Louisiana,31168,996.5,Orleans,49971.0,30.01948,-90.01739,46,118,19,17801
70122,285000.0,3,2,1590,5614 ELYSIAN FIELDS AVE,New Orleans,Louisiana,35886,2210.2,Orleans,67620.0,30.00835,-90.06467,46,118,19,17598
70131,219999.0,3,2,1844,506 AURORA OAKS DR,New Orleans,Louisiana,27160,895.4,Orleans,83534.0,29.9081,-89.96044,46,118,19,17930
70122,129000.0,3,1,1248,1558 SAINT DENIS ST,New Orleans,Louisiana,35886,2210.2,Orleans,67620.0,30.00835,-90.06467,46,118,19,17631
70125,410000.0,4,3,2015,3026 SHORT ST,New Orleans,Louisiana,19264,3176.5,Orleans,86112.0,29.95202,-90.10338,46,118,19,17750
70123,339000.0,3,2,1470,2205 GENERES DR,New Orleans,Louisiana,28078,1430.1,Jefferson,102117.0,29.951,-90.20501,24,118,19,17682
70117,379000.0,6,6,2462,1337 TUPELO ST,New Orleans,Louisiana,27009,1894.5,Orleans,61422.0,29.9685,-90.03004,46,118,19,17402
70114,670000.0,6,6,2790,213 THAYER ST APT 215,New Orleans,Louisiana,21911,1674.1,Orleans,57430.0,29.93704,-90.0321,46,118,19,17195
70114,249500.0,6,4,2554,3021 COPERNICUS ST,New Orleans,Louisiana,21911,1674.1,Orleans,57430.0,29.93704,-90.0321,46,118,19,17217
70121,299000.0,3,3,1500,2908 SAM LENOX ST,New Orleans,Louisiana,11648,1372.5,Jefferson,74284.0,29.9608,-90.15881,24,118,19,17577
70122,559000.0,3,3,1920,1489 MADRID ST,New Orleans,Louisiana,35886,2210.2,Orleans,67620.0,30.00835,-90.06467,46,118,19,17585
70130,1350000.0,4,4,3310,1402 MAGAZINE ST,New Orleans,Louisiana,13478,2438.8,Orleans,120506.0,29.93671,-90.06949,46,118,19,17887
70117,160000.0,1,1,452,3135 DAUPHINE ST APT A7,New Orleans,Louisiana,27009,1894.5,Orleans,61422.0,29.9685,-90.03004,46,118,19,17378
70127,185000.0,3,2,1566,9980 MORRISON RD,New Orleans,Louisiana,25177,1777.1,Orleans,51433.0,30.02966,-89.9761,46,118,19,17804
70119,499000.0,6,2,3604,231-233 TELEMACHUS STREET,New Orleans,Louisiana,36969,3159.6,Orleans,71124.0,29.97567,-90.08729,46,118,19,17489
70116,318000.0,2,2,628,734 DAUPHINE ST # 4,New Orleans,Louisiana,10901,3321.6,Orleans,77732.0,29.96697,-90.06448,46,118,19,17311
70112,599000.0,2,3,1251,639 DAUPHINE ST,New Orleans,Louisiana,3869,1520.3,Orleans,52338.0,29.95608,-90.07733,46,118,19,17175
70117,189000.0,2,1,980,4327 N DERBIGNY ST,New Orleans,Louisiana,27009,1894.5,Orleans,61422.0,29.9685,-90.03004,46,118,19,17383
70125,425000.0,4,3,2200,2749 AUDUBON ST,New Orleans,Louisiana,19264,3176.5,Orleans,86112.0,29.95202,-90.10338,46,118,19,17768
70119,235000.0,2,2,1034,2438 A P TUREAUD AVE,New Orleans,Louisiana,36969,3159.6,Orleans,71124.0,29.97567,-90.08729,46,118,19,17550
70117,274000.0,3,3,1665,2426 PAINTERS ST,New Orleans,Louisiana,27009,1894.5,Orleans,61422.0,29.9685,-90.03004,46,118,19,17354
70125,330000.0,3,2,1715,3208 PINE ST,New Orleans,Louisiana,19264,3176.5,Orleans,86112.0,29.95202,-90.10338,46,118,19,17767
70124,439000.0,3,2,2325,879 ALLEN TOUSSAINT BLVD,New Orleans,Louisiana,19578,1132.2,Orleans,166557.0,30.00747,-90.10378,46,118,19,17717
70130,259000.0,1,1,714,1225 COLISEUM ST # 3,New Orleans,Louisiana,13478,2438.8,Orleans,120506.0,29.93671,-90.06949,46,118,19,17867
70119,269000.0,3,3,1693,2052 N MIRO ST,New Orleans,Louisiana,36969,3159.6,Orleans,71124.0,29.97567,-90.08729,46,118,19,17500
70115,395000.0,2,3,1520,847 ALINE ST # 847,New Orleans,Louisiana,34261,3439.2,Orleans,141812.0,29.92375,-90.10219,46,118,19,17228
70114,249900.0,4,1,1678,323 BELLEVILLE ST,New Orleans,Louisiana,21911,1674.1,Orleans,57430.0,29.93704,-90.0321,46,118,19,17200
70131,395000.0,12,8,4400,3330 KABEL DR,New Orleans,Louisiana,27160,895.4,Orleans,83534.0,29.9081,-89.96044,46,118,19,17949
70115,1399000.0,5,5,3608,1450 LOUISIANA AVE,New Orleans,Louisiana,34261,3439.2,Orleans,141812.0,29.92375,-90.10219,46,118,19,17290
70117,349000.0,4,4,1890,2612-14 14 PEACE COURT,New Orleans,Louisiana,27009,1894.5,Orleans,61422.0,29.9685,-90.03004,46,118,19,17370
70116,345000.0,3,3,1687,2620 PAUGER ST,New Orleans,Louisiana,10901,3321.6,Orleans,77732.0,29.96697,-90.06448,46,118,19,17345
70116,639000.0,6,4,2600,1833 MARAIS ST,New Orleans,Louisiana,10901,3321.6,Orleans,77732.0,29.96697,-90.06448,46,118,19,17338
70125,625000.0,4,3,3186,5422 YORK ST,New Orleans,Louisiana,19264,3176.5,Orleans,86112.0,29.95202,-90.10338,46,118,19,17769
70113,550000.0,1,1,947,1001 JULIA ST APT 7G,New Orleans,Louisiana,8427,3554.4,Orleans,61609.0,29.9422,-90.08382,46,118,19,17184
70131,167000.0,2,1,900,4956 COPERNICUS ST,New Orleans,Louisiana,27160,895.4,Orleans,83534.0,29.9081,-89.96044,46,118,19,17947
70127,139900.0,8,8,3540,7851 SYMMES AVE,New Orleans,Louisiana,25177,1777.1,Orleans,51433.0,30.02966,-89.9761,46,118,19,17803
70123,649000.0,5,4,3597,9422 CALVARY CT,New Orleans,Louisiana,28078,1430.1,Jefferson,102117.0,29.951,-90.20501,24,118,19,17688
70124,559000.0,2,3,1750,8612 PONTCHARTRAIN BLVD # 2D,New Orleans,Louisiana,19578,1132.2,Orleans,166557.0,30.00747,-90.10378,46,118,19,17709
70121,210000.0,4,2,1800,1202 CLAIBORNE DR,New Orleans,Louisiana,11648,1372.5,Jefferson,74284.0,29.9608,-90.15881,24,118,19,17567
70118,349000.0,3,3,1956,9213 S CLAIBORNE AVE,New Orleans,Louisiana,35699,2980.3,Orleans,111331.0,29.9451,-90.1257,46,118,19,17455
70122,299000.0,4,3,2818,1507 ALLEN TOUSSAINT BLVD,New Orleans,Louisiana,35886,2210.2,Orleans,67620.0,30.00835,-90.06467,46,118,19,17626
70116,850000.0,2,2,1353,826 SAINT PHILIP ST,New Orleans,Louisiana,10901,3321.6,Orleans,77732.0,29.96697,-90.06448,46,118,19,17300
70118,200000.0,2,1,1381,8526 EDINBURGH ST,New Orleans,Louisiana,35699,2980.3,Orleans,111331.0,29.9451,-90.1257,46,118,19,17471
70124,659000.0,3,4,2663,6139 GENERAL HAIG ST,New Orleans,Louisiana,19578,1132.2,Orleans,166557.0,30.00747,-90.10378,46,118,19,17728
70115,900000.0,5,2,2732,3949 CHESTNUT ST,New Orleans,Louisiana,34261,3439.2,Orleans,141812.0,29.92375,-90.10219,46,118,19,17246
70114,99999.0,3,1,1168,1848 SHIRLEY DR,New Orleans,Louisiana,21911,1674.1,Orleans,57430.0,29.93704,-90.0321,46,118,19,17206
70131,650000.0,3,4,2847,51 FAIRWAY OAKS DR,New Orleans,Louisiana,27160,895.4,Orleans,83534.0,29.9081,-89.96044,46,118,19,17913
70122,140000.0,2,2,1104,1927 TREASURE ST,New Orleans,Louisiana,35886,2210.2,Orleans,67620.0,30.00835,-90.06467,46,118,19,17594
70123,2000.0,3,2,1467,8910 MELROSE LN,New Orleans,Louisiana,28078,1430.1,Jefferson,102117.0,29.951,-90.20501,24,118,19,17662
70130,435000.0,4,2,1897,2421 ANNUNCIATION ST,New Orleans,Louisiana,13478,2438.8,Orleans,120506.0,29.93671,-90.06949,46,118,19,17885
70130,307000.0,1,1,1003,1750 SAINT CHARLES AVE APT 427,New Orleans,Louisiana,13478,2438.8,Orleans,120506.0,29.93671,-90.06949,46,118,19,17909
70117,445000.0,4,2,2208,3150 BURGUNDY ST,New Orleans,Louisiana,27009,1894.5,Orleans,61422.0,29.9685,-90.03004,46,118,19,17414
70122,440000.0,6,6,2780,2678 MYRTLE ST APT 80,New Orleans,Louisiana,35886,2210.2,Orleans,67620.0,30.00835,-90.06467,46,118,19,17625
70121,319000.0,3,2,1395,43 LABARRE PL,New Orleans,Louisiana,11648,1372.5,Jefferson,74284.0,29.9608,-90.15881,24,118,19,17579
70119,384500.0,3,2,1318,1605 N ROCHEBLAVE ST,New Orleans,Louisiana,36969,3159.6,Orleans,71124.0,29.97567,-90.08729,46,118,19,17512
70113,730000.0,2,2,1263,1001 JULIA ST APT 9A,New Orleans,Louisiana,8427,3554.4,Orleans,61609.0,29.9422,-90.08382,46,118,19,17192
70130,249500.0,1,1,562,1629 WASHINGTON AVE # 102,New Orleans,Louisiana,13478,2438.8,Orleans,120506.0,29.93671,-90.06949,46,118,19,17854
70130,315000.0,1,1,752,334 CARONDELET ST APT 205,New Orleans,Louisiana,13478,2438.8,Orleans,120506.0,29.93671,-90.06949,46,118,19,17866
70122,265000.0,3,2,1035,320 WALLACE DR,New Orleans,Louisiana,35886,2210.2,Orleans,67620.0,30.00835,-90.06467,46,118,19,17639
70117,299000.0,1,1,1085,640 PAULINE ST # 640,New Orleans,Louisiana,27009,1894.5,Orleans,61422.0,29.9685,-90.03004,46,118,19,17424
70118,690000.0,4,5,3100,8241 HICKORY ST,New Orleans,Louisiana,35699,2980.3,Orleans,111331.0,29.9451,-90.1257,46,118,19,17437
70118,850000.0,5,4,2409,335 CHEROKEE ST,New Orleans,Louisiana,35699,2980.3,Orleans,111331.0,29.9451,-90.1257,46,118,19,17453
70117,375000.0,1,1,765,1029 PORT ST,New Orleans,Louisiana,27009,1894.5,Orleans,61422.0,29.9685,-90.03004,46,118,19,17394
70116,1755000.0,5,6,3812,727 SAINT ANN ST,New Orleans,Louisiana,10901,3321.6,Orleans,77732.0,29.96697,-90.06448,46,118,19,17350
70123,354500.0,3,2,1553,530 KENMORE DR,New Orleans,Louisiana,28078,1430.1,Jefferson,102117.0,29.951,-90.20501,24,118,19,17684
70119,259500.0,6,4,1754,2301 03 A P TUREAUD AVENUE,New Orleans,Louisiana,36969,3159.6,Orleans,71124.0,29.97567,-90.08729,46,118,19,17534
70118,1575000.0,5,6,4750,330 AUDUBON ST,New Orleans,Louisiana,35699,2980.3,Orleans,111331.0,29.9451,-90.1257,46,118,19,17478
70119,419000.0,3,2,1530,618 S PIERCE ST,New Orleans,Louisiana,36969,3159.6,Orleans,71124.0,29.97567,-90.08729,46,118,19,17531
70113,409900.0,3,3,1693,2613 S SARATOGA ST,New Orleans,Louisiana,8427,3554.4,Orleans,61609.0,29.9422,-90.08382,46,118,19,17180
70123,395000.0,6,3,3195,2 DONELON DR,New Orleans,Louisiana,28078,1430.1,Jefferson,102117.0,29.951,-90.20501,24,118,19,17686
70117,130000.0,1,1,452,3135 DAUPHINE ST APT A10,New Orleans,Louisiana,27009,1894.5,Orleans,61422.0,29.9685,-90.03004,46,118,19,17427
70124,550000.0,2,3,1750,8605 PONTCHARTRAIN BLVD # 4A,New Orleans,Louisiana,19578,1132.2,Orleans,166557.0,30.00747,-90.10378,46,118,19,17697
70124,365000.0,3,2,1350,6043 BELLAIRE DR,New Orleans,Louisiana,19578,1132.2,Orleans,166557.0,30.00747,-90.10378,46,118,19,17737
70119,550000.0,3,3,2428,2507 SAINT PHILIP ST,New Orleans,Louisiana,36969,3159.6,Orleans,71124.0,29.97567,-90.08729,46,118,19,17554
70130,449000.0,6,2,1857,2512 LAUREL ST,New Orleans,Louisiana,13478,2438.8,Orleans,120506.0,29.93671,-90.06949,46,118,19,17859
70118,579000.0,2,2,1700,400 MILLAUDON ST # B,New Orleans,Louisiana,35699,2980.3,Orleans,111331.0,29.9451,-90.1257,46,118,19,17461
70131,254900.0,4,3,2006,2501 RAMSEY DR,New Orleans,Louisiana,27160,895.4,Orleans,83534.0,29.9081,-89.96044,46,118,19,17914
70130,799000.0,3,4,2187,1517 TERPSICHORE ST,New Orleans,Louisiana,13478,2438.8,Orleans,120506.0,29.93671,-90.06949,46,118,19,17849
70116,1300000.0,3,3,2776,1130 DAUPHINE ST,New Orleans,Louisiana,10901,3321.6,Orleans,77732.0,29.96697,-90.06448,46,118,19,17348
70117,828500.0,13,11,6843,6000 SAINT CLAUDE AVE # 6016,New Orleans,Louisiana,27009,1894.5,Orleans,61422.0,29.9685,-90.03004,46,118,19,17388
70119,325000.0,1,2,1092,2331 ESPLANADE AVE # 2331,New Orleans,Louisiana,36969,3159.6,Orleans,71124.0,29.97567,-90.08729,46,118,19,17507
70130,859900.0,2,2,1583,731 SAINT CHARLES AVE APT 310,New Orleans,Louisiana,13478,2438.8,Orleans,120506.0,29.93671,-90.06949,46,118,19,17905
70115,940000.0,5,5,4378,5236 PITT ST,New Orleans,Louisiana,34261,3439.2,Orleans,141812.0,29.92375,-90.10219,46,118,19,17263
70125,309000.0,3,2,1480,7015 OLIVE ST,New Orleans,Louisiana,19264,3176.5,Orleans,86112.0,29.95202,-90.10338,46,118,19,17761
70123,525000.0,3,2,2139,81 SEDGEFIELD DR,New Orleans,Louisiana,28078,1430.1,Jefferson,102117.0,29.951,-90.20501,24,118,19,17677
70117,399000.0,1,1,1150,710 CONGRESS ST,New Orleans,Louisiana,27009,1894.5,Orleans,61422.0,29.9685,-90.03004,46,118,19,17408
70115,847000.0,3,3,2300,4900 CONSTANCE ST,New Orleans,Louisiana,34261,3439.2,Orleans,141812.0,29.92375,-90.10219,46,118,19,17294
70128,159900.0,4,2,1747,35 MARYWOOD CT,New Orleans,Louisiana,22307,1805.7,Orleans,69157.0,30.04896,-89.95398,46,118,19,17834
70114,399900.0,4,2,2049,331 DELARONDE ST,New Orleans,Louisiana,21911,1674.1,Orleans,57430.0,29.93704,-90.0321,46,118,19,17198
70117,269000.0,3,3,1550,6435 N GALVEZ ST,New Orleans,Louisiana,27009,1894.5,Orleans,61422.0,29.9685,-90.03004,46,118,19,17382
70124,365000.0,3,4,2045,13 DRIFTER LN,New Orleans,Louisiana,19578,1132.2,Orleans,166557.0,30.00747,-90.10378,46,118,19,17734
70117,659000.0,2,2,2400,907 MONTEGUT ST,New Orleans,Louisiana,27009,1894.5,Orleans,61422.0,29.9685,-90.03004,46,118,19,17389
70131,305000.0,4,3,2400,5611 CARLISLE CT,New Orleans,Louisiana,27160,895.4,Orleans,83534.0,29.9081,-89.96044,46,118,19,17919
70125,180000.0,4,2,1440,2919 21 AUDUBON STREET,New Orleans,Louisiana,19264,3176.5,Orleans,86112.0,29.95202,-90.10338,46,118,19,17763
70127,188000.0,3,2,1520,9315 MORRISON RD,New Orleans,Louisiana,25177,1777.1,Orleans,51433.0,30.02966,-89.9761,46,118,19,17818
70127,250000.0,3,2,2150,9970 MORRISON RD,New Orleans,Louisiana,25177,1777.1,Orleans,51433.0,30.02966,-89.9761,46,118,19,17806
70124,499000.0,3,2,1851,63 MARYLAND DR,New Orleans,Louisiana,19578,1132.2,Orleans,166557.0,30.00747,-90.10378,46,118,19,17731
70117,436000.0,3,2,2184,1220 MAZANT ST,New Orleans,Louisiana,27009,1894.5,Orleans,61422.0,29.9685,-90.03004,46,118,19,17357
70113,300000.0,3,3,1495,2214 TERPSICHORE ST,New Orleans,Louisiana,8427,3554.4,Orleans,61609.0,29.9422,-90.08382,46,118,19,17185
70131,120000.0,2,3,1300,5868 TULLIS DR,New Orleans,Louisiana,27160,895.4,Orleans,83534.0,29.9081,-89.96044,46,118,19,17923
70118,579000.0,2,2,1700,400 MILLAUDON ST # A,New Orleans,Louisiana,35699,2980.3,Orleans,111331.0,29.9451,-90.1257,46,118,19,17446
70114,625000.0,4,3,2266,700 PELICAN AVE,New Orleans,Louisiana,21911,1674.1,Orleans,57430.0,29.93704,-90.0321,46,118,19,17225
70121,329000.0,4,3,2416,848 DODGE AVE,New Orleans,Louisiana,11648,1372.5,Jefferson,74284.0,29.9608,-90.15881,24,118,19,17571
70116,275000.0,1,1,585,1422 DAUPHINE ST APT 6,New Orleans,Louisiana,10901,3321.6,Orleans,77732.0,29.96697,-90.06448,46,118,19,17330
70116,395000.0,1,1,800,941 URSULINES AVE # NA,New Orleans,Louisiana,10901,3321.6,Orleans,77732.0,29.96697,-90.06448,46,118,19,17346
70117,355000.0,8,4,3312,1005 GORDON ST,New Orleans,Louisiana,27009,1894.5,Orleans,61422.0,29.9685,-90.03004,46,118,19,17361
70130,484000.0,2,2,994,333 JULIA ST APT 402,New Orleans,Louisiana,13478,2438.8,Orleans,120506.0,29.93671,-90.06949,46,118,19,17861
70127,320000.0,4,2,2210,10906 S HARDY ST,New Orleans,Louisiana,25177,1777.1,Orleans,51433.0,30.02966,-89.9761,46,118,19,17813
70128,300000.0,4,4,2276,7040 LAKE BARRINGTON DR,New Orleans,Louisiana,22307,1805.7,Orleans,69157.0,30.04896,-89.95398,46,118,19,17824
70126,339000.0,5,4,2015,6730 PAULINE DR,New Orleans,Louisiana,31168,996.5,Orleans,49971.0,30.01948,-90.01739,46,118,19,17783
70127,195000.0,4,2,1917,4919 GOOD DR,New Orleans,Louisiana,25177,1777.1,Orleans,51433.0,30.02966,-89.9761,46,118,19,17808
70122,1599000.0,4,5,4006,5500 BANCROFT DR,New Orleans,Louisiana,35886,2210.2,Orleans,67620.0,30.00835,-90.06467,46,118,19,17636
70113,599000.0,3,3,3876,1719 WASHINGTON AVE,New Orleans,Louisiana,8427,3554.4,Orleans,61609.0,29.9422,-90.08382,46,118,19,17188
70113,465000.0,6,6,2750,1824 SIMON BOLIVAR AVE,New Orleans,Louisiana,8427,3554.4,Orleans,61609.0,29.9422,-90.08382,46,118,19,17187
70116,540000.0,2,1,955,1023 ROYAL ST # 1023,New Orleans,Louisiana,10901,3321.6,Orleans,77732.0,29.96697,-90.06448,46,118,19,17327
70115,1475000.0,4,3,4458,5918 COLISEUM ST,New Orleans,Louisiana,34261,3439.2,Orleans,141812.0,29.92375,-90.10219,46,118,19,17241
70128,259000.0,3,3,2158,12911 CHANELLE CT,New Orleans,Louisiana,22307,1805.7,Orleans,69157.0,30.04896,-89.95398,46,118,19,17837
70121,275000.0,2,1,1100,101 HARDING ST,New Orleans,Louisiana,11648,1372.5,Jefferson,74284.0,29.9608,-90.15881,24,118,19,17569
70116,749000.0,2,2,1450,1410 DAUPHINE ST,New Orleans,Louisiana,10901,3321.6,Orleans,77732.0,29.96697,-90.06448,46,118,19,17351
70118,199900.0,1,2,1224,8707 APPLE ST,New Orleans,Louisiana,35699,2980.3,Orleans,111331.0,29.9451,-90.1257,46,118,19,17473
70131,1395000.0,4,5,6172,1 KINGSMILL LN,New Orleans,Louisiana,27160,895.4,Orleans,83534.0,29.9081,-89.96044,46,118,19,17952
70117,630000.0,3,2,2215,927 BARTHOLOMEW ST,New Orleans,Louisiana,27009,1894.5,Orleans,61422.0,29.9685,-90.03004,46,118,19,17359
70130,368000.0,2,2,1507,1750 SAINT CHARLES AVE APT 312,New Orleans,Louisiana,13478,2438.8,Orleans,120506.0,29.93671,-90.06949,46,118,19,17899
70117,165000.0,5,2,1650,1200 FORSTALL ST,New Orleans,Louisiana,27009,1894.5,Orleans,61422.0,29.9685,-90.03004,46,118,19,17366
70115,327000.0,3,2,1840,715 HARMONY ST,New Orleans,Louisiana,34261,3439.2,Orleans,141812.0,29.92375,-90.10219,46,118,19,17253
70122,250000.0,6,2,2250,6214 VERMILLION BLVD,New Orleans,Louisiana,35886,2210.2,Orleans,67620.0,30.00835,-90.06467,46,118,19,17611
70121,492750.0,4,3,1792,4720 CROSS ST,New Orleans,Louisiana,11648,1372.5,Jefferson,74284.0,29.9608,-90.15881,24,118,19,17562
70116,449000.0,3,3,2014,1541 N ROMAN ST,New Orleans,Louisiana,10901,3321.6,Orleans,77732.0,29.96697,-90.06448,46,118,19,17314
70119,499900.0,6,4,2300,4023 ULLOA ST,New Orleans,Louisiana,36969,3159.6,Orleans,71124.0,29.97567,-90.08729,46,118,19,17522
70115,399000.0,4,2,2120,2025 ROBERT ST,New Orleans,Louisiana,34261,3439.2,Orleans,141812.0,29.92375,-90.10219,46,118,19,17240
70130,2695000.0,5,7,5675,2300 PRYTANIA ST,New Orleans,Louisiana,13478,2438.8,Orleans,120506.0,29.93671,-90.06949,46,118,19,17895
70130,199000.0,1,1,439,1629 WASHINGTON AVE # 105,New Orleans,Louisiana,13478,2438.8,Orleans,120506.0,29.93671,-90.06949,46,118,19,17906
70129,500000.0,2,1,1318,3262 RIDGEWAY BLVD,New Orleans,Louisiana,10696,45.4,Orleans,63992.0,30.08239,-89.81617,46,118,19,17848
70122,389000.0,3,3,1864,5172 VENUS ST,New Orleans,Louisiana,35886,2210.2,Orleans,67620.0,30.00835,-90.06467,46,118,19,17599
70126,323350.0,3,2,1615,4738 PLAUCHE CIR,New Orleans,Louisiana,31168,996.5,Orleans,49971.0,30.01948,-90.01739,46,118,19,17784
70128,181800.0,4,2,1800,7724 VINCENT ST,New Orleans,Louisiana,22307,1805.7,Orleans,69157.0,30.04896,-89.95398,46,118,19,17830
70115,799000.0,3,4,1800,5016 CAMP ST,New Orleans,Louisiana,34261,3439.2,Orleans,141812.0,29.92375,-90.10219,46,118,19,17252
70131,375000.0,4,4,3140,3616 PIN OAK AVE,New Orleans,Louisiana,27160,895.4,Orleans,83534.0,29.9081,-89.96044,46,118,19,17943
70118,359000.0,3,2,1484,2932 EAGLE ST,New Orleans,Louisiana,35699,2980.3,Orleans,111331.0,29.9451,-90.1257,46,118,19,17463
70122,186555.0,2,2,1333,2675 JASMINE ST,New Orleans,Louisiana,35886,2210.2,Orleans,67620.0,30.00835,-90.06467,46,118,19,17588
70124,225000.0,3,3,1743,241 10TH ST # 241,New Orleans,Louisiana,19578,1132.2,Orleans,166557.0,30.00747,-90.10378,46,118,19,17720
70117,219000.0,4,2,1706,1209 LESSEPS ST,New Orleans,Louisiana,27009,1894.5,Orleans,61422.0,29.9685,-90.03004,46,118,19,17431
70119,429900.0,4,2,1925,2854 MAUREPAS ST,New Orleans,Louisiana,36969,3159.6,Orleans,71124.0,29.97567,-90.08729,46,118,19,17518
70118,99900.0,4,2,1486,8723 WILLOW ST,New Orleans,Louisiana,35699,2980.3,Orleans,111331.0,29.9451,-90.1257,46,118,19,17457
70127,174000.0,3,2,1730,4635 GABRIEL DR,New Orleans,Louisiana,25177,1777.1,Orleans,51433.0,30.02966,-89.9761,46,118,19,17815
70117,179000.0,4,2,2197,1231 DESLONDE ST,New Orleans,Louisiana,27009,1894.5,Orleans,61422.0,29.9685,-90.03004,46,118,19,17375
70115,549000.0,3,2,1523,821 ALINE ST,New Orleans,Louisiana,34261,3439.2,Orleans,141812.0,29.92375,-90.10219,46,118,19,17291
70117,385000.0,2,2,1026,3054 BURGUNDY ST,New Orleans,Louisiana,27009,1894.5,Orleans,61422.0,29.9685,-90.03004,46,118,19,17396
70116,699000.0,1,2,954,930 ORLEANS AVE,New Orleans,Louisiana,10901,3321.6,Orleans,77732.0,29.96697,-90.06448,46,118,19,17343
70124,799000.0,3,3,2519,42 BLUEBIRD ST,New Orleans,Louisiana,19578,1132.2,Orleans,166557.0,30.00747,-90.10378,46,118,19,17715
70123,359000.0,3,2,1656,112 HIBISCUS PL,New Orleans,Louisiana,28078,1430.1,Jefferson,102117.0,29.951,-90.20501,24,118,19,17651
70122,275000.0,3,2,1700,2262 ALLEN TOUSSAINT BLVD,New Orleans,Louisiana,35886,2210.2,Orleans,67620.0,30.00835,-90.06467,46,118,19,17621
70115,239000.0,3,1,2262,2801 SONIAT ST,New Orleans,Louisiana,34261,3439.2,Orleans,141812.0,29.92375,-90.10219,46,118,19,17288
70118,769000.0,4,4,3400,400 MILLAUDON ST,New Orleans,Louisiana,35699,2980.3,Orleans,111331.0,29.9451,-90.1257,46,118,19,17445
70115,425000.0,4,2,1780,4021 ANNUNCIATION ST,New Orleans,Louisiana,34261,3439.2,Orleans,141812.0,29.92375,-90.10219,46,118,19,17278
70124,699000.0,3,3,2715,7108 MEMPHIS ST,New Orleans,Louisiana,19578,1132.2,Orleans,166557.0,30.00747,-90.10378,46,118,19,17701
70125,329000.0,5,4,2640,2318 SEMINOLE LN,New Orleans,Louisiana,19264,3176.5,Orleans,86112.0,29.95202,-90.10338,46,118,19,17755
70115,997000.0,4,4,2975,2021 JEFFERSON AVE,New Orleans,Louisiana,34261,3439.2,Orleans,141812.0,29.92375,-90.10219,46,118,19,17275
70122,285000.0,5,4,2009,2761 GLADIOLUS ST,New Orleans,Louisiana,35886,2210.2,Orleans,67620.0,30.00835,-90.06467,46,118,19,17649
70118,625000.0,3,3,1723,1023 DUBLIN ST,New Orleans,Louisiana,35699,2980.3,Orleans,111331.0,29.9451,-90.1257,46,118,19,17454
70131,75000.0,3,2,1278,2941 KENT DR,New Orleans,Louisiana,27160,895.4,Orleans,83534.0,29.9081,-89.96044,46,118,19,17941
70125,120000.0,2,1,800,2326 S PRIEUR ST,New Orleans,Louisiana,19264,3176.5,Orleans,86112.0,29.95202,-90.10338,46,118,19,17744
70113,1099000.0,2,2,1418,1001 JULIA ST APT 13B,New Orleans,Louisiana,8427,3554.4,Orleans,61609.0,29.9422,-90.08382,46,118,19,17189
70119,199000.0,2,2,1842,2753 IBERVILLE ST,New Orleans,Louisiana,36969,3159.6,Orleans,71124.0,29.97567,-90.08729,46,118,19,17526
70117,125000.0,4,2,1368,5408 URQUHART ST APT 5406,New Orleans,Louisiana,27009,1894.5,Orleans,61422.0,29.9685,-90.03004,46,118,19,17386
70123,399000.0,3,2,2027,604 CELESTE AVE,New Orleans,Louisiana,28078,1430.1,Jefferson,102117.0,29.951,-90.20501,24,118,19,17663
70124,869000.0,4,5,4015,5537 CHERLYN DR,New Orleans,Louisiana,19578,1132.2,Orleans,166557.0,30.00747,-90.10378,46,118,19,17707
70126,168000.0,4,3,1536,4422 AMERICA ST,New Orleans,Louisiana,31168,996.5,Orleans,49971.0,30.01948,-90.01739,46,118,19,17774
70131,235000.0,4,2,2020,3721 SOMERSET DR,New Orleans,Louisiana,27160,895.4,Orleans,83534.0,29.9081,-89.96044,46,118,19,17911
70114,119000.0,3,2,1800,1200 CASA CALVO ST,New Orleans,Louisiana,21911,1674.1,Orleans,57430.0,29.93704,-90.0321,46,118,19,17223
70119,495000.0,4,2,2118,335 S ALEXANDER ST,New Orleans,Louisiana,36969,3159.6,Orleans,71124.0,29.97567,-90.08729,46,118,19,17486
70122,179000.0,4,1,1230,3006 MANDEVILLE ST,New Orleans,Louisiana,35886,2210.2,Orleans,67620.0,30.00835,-90.06467,46,118,19,17635
70122,290000.0,6,2,2335,4974 SPAIN ST,New Orleans,Louisiana,35886,2210.2,Orleans,67620.0,30.00835,-90.06467,46,118,19,17596
70131,325000.0,4,3,2730,3517 INWOOD AVE,New Orleans,Louisiana,27160,895.4,Orleans,83534.0,29.9081,-89.96044,46,118,19,17915
70116,245000.0,4,3,1338,1382 SAINT ANTHONY ST,New Orleans,Louisiana,10901,3321.6,Orleans,77732.0,29.96697,-90.06448,46,118,19,17326
70119,879000.0,5,4,4484,301 S PIERCE ST,New Orleans,Louisiana,36969,3159.6,Orleans,71124.0,29.97567,-90.08729,46,118,19,17511
70112,229000.0,1,1,352,421 BURGUNDY ST APT 5,New Orleans,Louisiana,3869,1520.3,Orleans,52338.0,29.95608,-90.07733,46,118,19,17172
70117,229900.0,1,2,505,922 ELYSIAN FIELDS AVE APT B,New Orleans,Louisiana,27009,1894.5,Orleans,61422.0,29.9685,-90.03004,46,118,19,17364
70114,440000.0,4,2,2347,165 ALIX ST,New Orleans,Louisiana,21911,1674.1,Orleans,57430.0,29.93704,-90.0321,46,118,19,17208
70124,180000.0,2,2,900,318 LAKE MARINA AVE APT 312,New Orleans,Louisiana,19578,1132.2,Orleans,166557.0,30.00747,-90.10378,46,118,19,17716
70117,1250000.0,4,4,3548,2406 CHARTRES ST,New Orleans,Louisiana,27009,1894.5,Orleans,61422.0,29.9685,-90.03004,46,118,19,17358
70119,249000.0,4,2,1950,1659 N ROCHEBLAVE ST,New Orleans,Louisiana,36969,3159.6,Orleans,71124.0,29.97567,-90.08729,46,118,19,17560
70124,795000.0,3,3,2072,6118 LOUISVILLE ST,New Orleans,Louisiana,19578,1132.2,Orleans,166557.0,30.00747,-90.10378,46,118,19,17730
70124,1347900.0,5,4,3750,6518 ARGONNE BLVD,New Orleans,Louisiana,19578,1132.2,Orleans,166557.0,30.00747,-90.10378,46,118,19,17691
70117,175000.0,2,1,836,6139 CHARTRES ST,New Orleans,Louisiana,27009,1894.5,Orleans,61422.0,29.9685,-90.03004,46,118,19,17365
70119,208000.0,6,2,1750,2622 FRENCHMEN ST,New Orleans,Louisiana,36969,3159.6,Orleans,71124.0,29.97567,-90.08729,46,118,19,17502
70118,440000.0,5,3,2046,2525 MISTLETOE ST,New Orleans,Louisiana,35699,2980.3,Orleans,111331.0,29.9451,-90.1257,46,118,19,17450
70122,499000.0,4,4,2887,5301 SAINT BERNARD AVE,New Orleans,Louisiana,35886,2210.2,Orleans,67620.0,30.00835,-90.06467,46,118,19,17646
70130,499000.0,1,1,1163,530 CHARTRES ST # 3,New Orleans,Louisiana,13478,2438.8,Orleans,120506.0,29.93671,-90.06949,46,118,19,17883
70116,750000.0,4,3,2407,2028 ROYAL ST # 2032,New Orleans,Louisiana,10901,3321.6,Orleans,77732.0,29.96697,-90.06448,46,118,19,17347
70123,528000.0,3,3,1989,861 GROVE AVE,New Orleans,Louisiana,28078,1430.1,Jefferson,102117.0,29.951,-90.20501,24,118,19,17681
70130,260000.0,1,1,660,920 POEYFARRE ST UNIT 260,New Orleans,Louisiana,13478,2438.8,Orleans,120506.0,29.93671,-90.06949,46,118,19,17884
70123,369000.0,3,2,2167,200 CELESTE AVE,New Orleans,Louisiana,28078,1430.1,Jefferson,102117.0,29.951,-90.20501,24,118,19,17658
70118,1520000.0,3,4,3644,1211 HENRY CLAY AVE,New Orleans,Louisiana,35699,2980.3,Orleans,111331.0,29.9451,-90.1257,46,118,19,17443
70121,429000.0,3,2,1876,154 JEFFERSON HEIGHTS AVE,New Orleans,Louisiana,11648,1372.5,Jefferson,74284.0,29.9608,-90.15881,24,118,19,17570
70131,350000.0,4,3,2461,4670 LENNOX BLVD,New Orleans,Louisiana,27160,895.4,Orleans,83534.0,29.9081,-89.96044,46,118,19,17928
70119,368000.0,3,2,1300,2404 URSULINES AVE,New Orleans,Louisiana,36969,3159.6,Orleans,71124.0,29.97567,-90.08729,46,118,19,17517
70119,825000.0,5,5,3112,4313 SAINT ANN ST,New Orleans,Louisiana,36969,3159.6,Orleans,71124.0,29.97567,-90.08729,46,118,19,17503
70115,1895000.0,14,11,8105,1501 07 DUFOSSAT STREET,New Orleans,Louisiana,34261,3439.2,Orleans,141812.0,29.92375,-90.10219,46,118,19,17231
70116,699000.0,2,3,2058,1260 ESPLANADE AVE APT 1,New Orleans,Louisiana,10901,3321.6,Orleans,77732.0,29.96697,-90.06448,46,118,19,17304
70123,1095000.0,4,5,4112,75 GLENWOOD AVE,New Orleans,Louisiana,28078,1430.1,Jefferson,102117.0,29.951,-90.20501,24,118,19,17674
70116,2950000.0,5,5,4568,1032 ROYAL ST,New Orleans,Louisiana,10901,3321.6,Orleans,77732.0,29.96697,-90.06448,46,118,19,17323
70117,130000.0,1,1,452,3135 DAUPHINE ST APT A5,New Orleans,Louisiana,27009,1894.5,Orleans,61422.0,29.9685,-90.03004,46,118,19,17415
70123,440000.0,4,3,2294,309 SILVER OAKS LN,New Orleans,Louisiana,28078,1430.1,Jefferson,102117.0,29.951,-90.20501,24,118,19,17666
70119,299900.0,4,2,1438,4320 DHEMECOURT ST,New Orleans,Louisiana,36969,3159.6,Orleans,71124.0,29.97567,-90.08729,46,118,19,17544
70114,425000.0,2,1,1045,1722 GENERAL COLLINS AVE,New Orleans,Louisiana,21911,1674.1,Orleans,57430.0,29.93704,-90.0321,46,118,19,17207
70119,498500.0,6,4,2299,2610 12 PALMYRA STREET,New Orleans,Louisiana,36969,3159.6,Orleans,71124.0,29.97567,-90.08729,46,118,19,17539
70122,778000.0,5,4,3561,6315 BERTHA DR,New Orleans,Louisiana,35886,2210.2,Orleans,67620.0,30.00835,-90.06467,46,118,19,17640
70122,385000.0,3,2,1682,3816 GENTILLY BLVD,New Orleans,Louisiana,35886,2210.2,Orleans,67620.0,30.00835,-90.06467,46,118,19,17632
70114,283000.0,2,1,975,326 PACIFIC AVE,New Orleans,Louisiana,21911,1674.1,Orleans,57430.0,29.93704,-90.0321,46,118,19,17226
70121,429000.0,4,3,1890,1300 CLAIBORNE DR,New Orleans,Louisiana,11648,1372.5,Jefferson,74284.0,29.9608,-90.15881,24,118,19,17575
70131,285000.0,4,3,2260,3810 S PIN OAK AVE,New Orleans,Louisiana,27160,895.4,Orleans,83534.0,29.9081,-89.96044,46,118,19,17950
70117,649000.0,5,4,2169,3826 BURGUNDY ST,New Orleans,Louisiana,27009,1894.5,Orleans,61422.0,29.9685,-90.03004,46,118,19,17418
70128,279000.0,4,3,2153,7001 BEAUVOIR CT,New Orleans,Louisiana,22307,1805.7,Orleans,69157.0,30.04896,-89.95398,46,118,19,17835
70116,159000.0,4,2,1632,1409 FRENCHMEN ST,New Orleans,Louisiana,10901,3321.6,Orleans,77732.0,29.96697,-90.06448,46,118,19,17297
70117,523900.0,7,7,4755,6000 SAINT CLAUDE AVE APT 6006,New Orleans,Louisiana,27009,1894.5,Orleans,61422.0,29.9685,-90.03004,46,118,19,17428
70117,196000.0,2,1,1125,1401 DESIRE ST,New Orleans,Louisiana,27009,1894.5,Orleans,61422.0,29.9685,-90.03004,46,118,19,17368
70115,539000.0,5,4,3150,2902 MILAN ST,New Orleans,Louisiana,34261,3439.2,Orleans,141812.0,29.92375,-90.10219,46,118,19,17282
70117,195000.0,6,2,3278,2530 FRANKLIN AVE,New Orleans,Louisiana,27009,1894.5,Orleans,61422.0,29.9685,-90.03004,46,118,19,17411
70119,349000.0,5,4,2604,2633 GOVERNOR NICHOLLS ST,New Orleans,Louisiana,36969,3159.6,Orleans,71124.0,29.97567,-90.08729,46,118,19,17547
70115,599900.0,4,2,1750,4605 FRERET ST,New Orleans,Louisiana,34261,3439.2,Orleans,141812.0,29.92375,-90.10219,46,118,19,17232
70131,564900.0,4,3,2610,27 ADMIRALTY CT,New Orleans,Louisiana,27160,895.4,Orleans,83534.0,29.9081,-89.96044,46,118,19,17934
70124,349900.0,2,2,1785,115 CONRAD ST APT 117,New Orleans,Louisiana,19578,1132.2,Orleans,166557.0,30.00747,-90.10378,46,118,19,17694
70112,599000.0,2,3,1251,637 DAUPHINE ST,New Orleans,Louisiana,3869,1520.3,Orleans,52338.0,29.95608,-90.07733,46,118,19,17179
70112,242000.0,1,1,421,421 BURGUNDY ST APT 6,New Orleans,Louisiana,3869,1520.3,Orleans,52338.0,29.95608,-90.07733,46,118,19,17173
70117,139000.0,3,1,1124,1438 SAINT MAURICE AVE,New Orleans,Louisiana,27009,1894.5,Orleans,61422.0,29.9685,-90.03004,46,118,19,17376
70124,475000.0,3,4,2850,7300 LAKESHORE DR APT 30,New Orleans,Louisiana,19578,1132.2,Orleans,166557.0,30.00747,-90.10378,46,118,19,17719
70113,675000.0,8,4,2606,2124 ORETHA CASTLE HALEY BLVD # 2126,New Orleans,Louisiana,8427,3554.4,Orleans,61609.0,29.9422,-90.08382,46,118,19,17183
70115,1055000.0,8,8,4468,4600 S ROBERTSON ST,New Orleans,Louisiana,34261,3439.2,Orleans,141812.0,29.92375,-90.10219,46,118,19,17265
70122,365000.0,3,2,1810,1345 RAPIDES DR,New Orleans,Louisiana,35886,2210.2,Orleans,67620.0,30.00835,-90.06467,46,118,19,17638
70118,650000.0,4,3,2143,8008 SPRUCE ST,New Orleans,Louisiana,35699,2980.3,Orleans,111331.0,29.9451,-90.1257,46,118,19,17449
70128,134900.0,3,2,1564,7650 MOREL ST,New Orleans,Louisiana,22307,1805.7,Orleans,69157.0,30.04896,-89.95398,46,118,19,17828
70122,545000.0,4,3,2622,4411 SAINT ROCH AVE,New Orleans,Louisiana,35886,2210.2,Orleans,67620.0,30.00835,-90.06467,46,118,19,17595
70112,525000.0,1,1,1265,821 PERDIDO ST STE 3C,New Orleans,Louisiana,3869,1520.3,Orleans,52338.0,29.95608,-90.07733,46,118,19,17177
70112,252000.0,1,1,617,1201 CANAL ST APT 472,New Orleans,Louisiana,3869,1520.3,Orleans,52338.0,29.95608,-90.07733,46,118,19,17171
70119,499000.0,4,2,1692,1828 MOSS ST,New Orleans,Louisiana,36969,3159.6,Orleans,71124.0,29.97567,-90.08729,46,118,19,17491
70115,635000.0,2,3,1932,3013 CONSTANCE ST # 3013,New Orleans,Louisiana,34261,3439.2,Orleans,141812.0,29.92375,-90.10219,46,118,19,17280
70126,210000.0,4,3,1748,4752 SHALIMAR DR,New Orleans,Louisiana,31168,996.5,Orleans,49971.0,30.01948,-90.01739,46,118,19,17782
70123,365000.0,3,2,1845,532 COLONIAL CLUB DR,New Orleans,Louisiana,28078,1430.1,Jefferson,102117.0,29.951,-90.20501,24,118,19,17664
70122,200000.0,2,2,1768,2507 DREUX AVE # 09,New Orleans,Louisiana,35886,2210.2,Orleans,67620.0,30.00835,-90.06467,46,118,19,17623
70124,379000.0,3,4,2070,6 SPINNAKER LN,New Orleans,Louisiana,19578,1132.2,Orleans,166557.0,30.00747,-90.10378,46,118,19,17703
70126,279900.0,3,2,1527,4849 PAULINE DR,New Orleans,Louisiana,31168,996.5,Orleans,49971.0,30.01948,-90.01739,46,118,19,17800
70115,495000.0,4,2,1635,2515 GENERAL PERSHING ST,New Orleans,Louisiana,34261,3439.2,Orleans,141812.0,29.92375,-90.10219,46,118,19,17242
70130,619999.0,2,2,1339,840 TCHOUPITOULAS ST APT 309,New Orleans,Louisiana,13478,2438.8,Orleans,120506.0,29.93671,-90.06949,46,118,19,17855
70118,349000.0,3,3,1862,9203 S CLAIBORNE AVE,New Orleans,Louisiana,35699,2980.3,Orleans,111331.0,29.9451,-90.1257,46,118,19,17465
70124,799000.0,3,3,2853,774 TOPAZ ST,New Orleans,Louisiana,19578,1132.2,Orleans,166557.0,30.00747,-90.10378,46,118,19,17699
70131,90000.0,2,2,1758,6400 BRUNSWICK CT,New Orleans,Louisiana,27160,895.4,Orleans,83534.0,29.9081,-89.96044,46,118,19,17938
70117,300000.0,6,4,1616,1200 SAINT FERDINAND ST,New Orleans,Louisiana,27009,1894.5,Orleans,61422.0,29.9685,-90.03004,46,118,19,17372
70116,2275000.0,4,6,4828,1229 CHARTRES ST,New Orleans,Louisiana,10901,3321.6,Orleans,77732.0,29.96697,-90.06448,46,118,19,17312
70116,299000.0,2,1,711,740 ESPLANADE AVE # 23,New Orleans,Louisiana,10901,3321.6,Orleans,77732.0,29.96697,-90.06448,46,118,19,17335
70116,220000.0,4,2,2040,1837 TOURO ST,New Orleans,Louisiana,10901,3321.6,Orleans,77732.0,29.96697,-90.06448,46,118,19,17313
70115,900000.0,5,2,2732,3949 CHESTNUT ST,New Orleans,Louisiana,34261,3439.2,Orleans,141812.0,29.92375,-90.10219,46,118,19,17246
70124,729000.0,4,3,2671,7017 KENISON ST,New Orleans,Louisiana,19578,1132.2,Orleans,166557.0,30.00747,-90.10378,46,118,19,17740
70116,395000.0,1,2,2520,1441 N CLAIBORNE AVE,New Orleans,Louisiana,10901,3321.6,Orleans,77732.0,29.96697,-90.06448,46,118,19,17328
70126,360000.0,3,2,2097,6128 DOROTHEA ST,New Orleans,Louisiana,31168,996.5,Orleans,49971.0,30.01948,-90.01739,46,118,19,17794
70115,499000.0,4,3,3800,4917 CAMP ST,New Orleans,Louisiana,34261,3439.2,Orleans,141812.0,29.92375,-90.10219,46,118,19,17235
70119,200000.0,3,2,1130,3319 PAUGER ST,New Orleans,Louisiana,36969,3159.6,Orleans,71124.0,29.97567,-90.08729,46,118,19,17555
70119,424500.0,4,3,2060,1885 CRETE ST,New Orleans,Louisiana,36969,3159.6,Orleans,71124.0,29.97567,-90.08729,46,118,19,17514
70115,615000.0,3,3,1780,2523 OCTAVIA ST,New Orleans,Louisiana,34261,3439.2,Orleans,141812.0,29.92375,-90.10219,46,118,19,17261
70112,1200000.0,4,6,2502,637 DAUPHINE ST APT 639,New Orleans,Louisiana,3869,1520.3,Orleans,52338.0,29.95608,-90.07733,46,118,19,17176
70124,369000.0,2,3,1528,316 28TH ST,New Orleans,Louisiana,19578,1132.2,Orleans,166557.0,30.00747,-90.10378,46,118,19,17693
70131,299000.0,3,3,2199,5751 PEMBROOK DR,New Orleans,Louisiana,27160,895.4,Orleans,83534.0,29.9081,-89.96044,46,118,19,17953
70115,940000.0,5,5,4378,5236 PITT ST,New Orleans,Louisiana,34261,3439.2,Orleans,141812.0,29.92375,-90.10219,46,118,19,17263
70119,119000.0,2,2,1070,2322 LAPEYROUSE ST # 24,New Orleans,Louisiana,36969,3159.6,Orleans,71124.0,29.97567,-90.08729,46,118,19,17521
70115,375000.0,2,3,1582,3211 PRYTANIA ST APT 5,New Orleans,Louisiana,34261,3439.2,Orleans,141812.0,29.92375,-90.10219,46,118,19,17251
70123,189000.0,3,1,1129,9309 RIVER LN,New Orleans,Louisiana,28078,1430.1,Jefferson,102117.0,29.951,-90.20501,24,118,19,17655
70129,165000.0,3,2,1537,7567 HORIZON CT,New Orleans,Louisiana,10696,45.4,Orleans,63992.0,30.08239,-89.81617,46,118,19,17845
70130,470000.0,2,2,1324,1000 SAINT CHARLES AVE # 2D,New Orleans,Louisiana,13478,2438.8,Orleans,120506.0,29.93671,-90.06949,46,118,19,17851
70123,424900.0,3,2,1969,313 GARDEN RD,New Orleans,Louisiana,28078,1430.1,Jefferson,102117.0,29.951,-90.20501,24,118,19,17672
70117,659000.0,3,2,1856,907 CLOUET ST,New Orleans,Louisiana,27009,1894.5,Orleans,61422.0,29.9685,-90.03004,46,118,19,17404
70131,449000.0,4,3,2190,9 PARK TIMBERS DR,New Orleans,Louisiana,27160,895.4,Orleans,83534.0,29.9081,-89.96044,46,118,19,17929
70117,549000.0,3,3,1810,3720 ROYAL ST # 3720,New Orleans,Louisiana,27009,1894.5,Orleans,61422.0,29.9685,-90.03004,46,118,19,17401
70126,180000.0,6,2,1686,4701 ROSEMONT PL,New Orleans,Louisiana,31168,996.5,Orleans,49971.0,30.01948,-90.01739,46,118,19,17788
70115,440000.0,3,3,1791,2101 DELACHAISE ST,New Orleans,Louisiana,34261,3439.2,Orleans,141812.0,29.92375,-90.10219,46,118,19,17269
70119,349000.0,3,2,1362,2811 ORLEANS AVE,New Orleans,Louisiana,36969,3159.6,Orleans,71124.0,29.97567,-90.08729,46,118,19,17536
70130,1200000.0,6,8,4182,2023 25 CAMP STREET,New Orleans,Louisiana,13478,2438.8,Orleans,120506.0,29.93671,-90.06949,46,118,19,17876
70119,481500.0,3,3,2246,2305 IBERVILLE ST,New Orleans,Louisiana,36969,3159.6,Orleans,71124.0,29.97567,-90.08729,46,118,19,17498
70131,94500.0,2,3,1332,4479 WOODLAND DR APT C,New Orleans,Louisiana,27160,895.4,Orleans,83534.0,29.9081,-89.96044,46,118,19,17936
70124,465000.0,5,3,2272,316 40TH ST APT 318,New Orleans,Louisiana,19578,1132.2,Orleans,166557.0,30.00747,-90.10378,46,118,19,17696
70126,100000.0,3,3,1728,1608 CHIMNEY WOOD LN,New Orleans,Louisiana,31168,996.5,Orleans,49971.0,30.01948,-90.01739,46,118,19,17780
70122,329000.0,4,2,1805,5328 BACCICH ST,New Orleans,Louisiana,35886,2210.2,Orleans,67620.0,30.00835,-90.06467,46,118,19,17608
70125,389000.0,6,4,1300,2609 S JOHNSON ST,New Orleans,Louisiana,19264,3176.5,Orleans,86112.0,29.95202,-90.10338,46,118,19,17754
70122,239000.0,4,2,1408,2550 MEXICO ST,New Orleans,Louisiana,35886,2210.2,Orleans,67620.0,30.00835,-90.06467,46,118,19,17601
70123,285000.0,3,2,1326,818 FRANKLIN AVE,New Orleans,Louisiana,28078,1430.1,Jefferson,102117.0,29.951,-90.20501,24,118,19,17669
70122,150000.0,4,2,1180,1557 59 SERE STREET,New Orleans,Louisiana,35886,2210.2,Orleans,67620.0,30.00835,-90.06467,46,118,19,17629
70122,178000.0,4,2,1285,4109 PIEDMONT DR,New Orleans,Louisiana,35886,2210.2,Orleans,67620.0,30.00835,-90.06467,46,118,19,17582
70125,250000.0,4,2,2016,3221 WASHINGTON AVE,New Orleans,Louisiana,19264,3176.5,Orleans,86112.0,29.95202,-90.10338,46,118,19,17758
70126,239900.0,3,2,2076,7301 CRESTMONT RD,New Orleans,Louisiana,31168,996.5,Orleans,49971.0,30.01948,-90.01739,46,118,19,17773
70121,320000.0,2,3,1630,3522 AUDUBON TRCE # 3522,New Orleans,Louisiana,11648,1372.5,Jefferson,74284.0,29.9608,-90.15881,24,118,19,17561
70115,1999500.0,4,4,3974,5908 GARFIELD ST,New Orleans,Louisiana,34261,3439.2,Orleans,141812.0,29.92375,-90.10219,46,118,19,17244
70115,399900.0,2,2,1443,4937 TCHOUPITOULAS ST,New Orleans,Louisiana,34261,3439.2,Orleans,141812.0,29.92375,-90.10219,46,118,19,17281
70119,640000.0,7,4,3988,2739 BRUXELLES ST APT 41,New Orleans,Louisiana,36969,3159.6,Orleans,71124.0,29.97567,-90.08729,46,118,19,17548
70119,250000.0,5,3,2430,2939 PAUGER ST,New Orleans,Louisiana,36969,3159.6,Orleans,71124.0,29.97567,-90.08729,46,118,19,17530
70123,250000.0,3,1,1314,2209 GENERES DR,New Orleans,Louisiana,28078,1430.1,Jefferson,102117.0,29.951,-90.20501,24,118,19,17668
70131,670000.0,3,4,3668,18 FAIRWAY OAKS DR,New Orleans,Louisiana,27160,895.4,Orleans,83534.0,29.9081,-89.96044,46,118,19,17954
70119,549000.0,3,3,2076,3111 ORLEANS AVE,New Orleans,Louisiana,36969,3159.6,Orleans,71124.0,29.97567,-90.08729,46,118,19,17494
70122,585000.0,4,3,2405,1466 GRANADA DR,New Orleans,Louisiana,35886,2210.2,Orleans,67620.0,30.00835,-90.06467,46,118,19,17610
70115,895000.0,4,4,3295,5215 PITT ST,New Orleans,Louisiana,34261,3439.2,Orleans,141812.0,29.92375,-90.10219,46,118,19,17255
70122,450000.0,3,2,1967,5378 PRATT DR,New Orleans,Louisiana,35886,2210.2,Orleans,67620.0,30.00835,-90.06467,46,118,19,17627
70114,219000.0,3,1,1209,532 ELMIRA AVE,New Orleans,Louisiana,21911,1674.1,Orleans,57430.0,29.93704,-90.0321,46,118,19,17202
70123,399999.0,3,2,1902,706 FRANKLIN AVE,New Orleans,Louisiana,28078,1430.1,Jefferson,102117.0,29.951,-90.20501,24,118,19,17685
70115,799000.0,3,4,2493,715 ELEONORE ST,New Orleans,Louisiana,34261,3439.2,Orleans,141812.0,29.92375,-90.10219,46,118,19,17247
70122,450000.0,6,4,3405,5736 MANDEVILLE ST,New Orleans,Louisiana,35886,2210.2,Orleans,67620.0,30.00835,-90.06467,46,118,19,17617
70124,2100000.0,5,6,5913,43 S LARK ST,New Orleans,Louisiana,19578,1132.2,Orleans,166557.0,30.00747,-90.10378,46,118,19,17733
70119,379000.0,3,3,1853,2135 COLUMBUS ST,New Orleans,Louisiana,36969,3159.6,Orleans,71124.0,29.97567,-90.08729,46,118,19,17559
70118,1885000.0,5,5,4683,1557 WEBSTER ST,New Orleans,Louisiana,35699,2980.3,Orleans,111331.0,29.9451,-90.1257,46,118,19,17439
70117,299000.0,3,2,1100,619 REYNES ST,New Orleans,Louisiana,27009,1894.5,Orleans,61422.0,29.9685,-90.03004,46,118,19,17360
70118,1350000.0,4,3,3287,7509 SAINT CHARLES AVE,New Orleans,Louisiana,35699,2980.3,Orleans,111331.0,29.9451,-90.1257,46,118,19,17441
70131,295000.0,3,2,2540,3050 HUDSON PL,New Orleans,Louisiana,27160,895.4,Orleans,83534.0,29.9081,-89.96044,46,118,19,17942
70124,337000.0,2,1,914,5658 MARSHAL FOCH ST,New Orleans,Louisiana,19578,1132.2,Orleans,166557.0,30.00747,-90.10378,46,118,19,17702
70124,435000.0,6,5,3000,5670 HAWTHORNE PL,New Orleans,Louisiana,19578,1132.2,Orleans,166557.0,30.00747,-90.10378,46,118,19,17706
70131,170000.0,5,2,2567,3708 PIN OAK AVE,New Orleans,Louisiana,27160,895.4,Orleans,83534.0,29.9081,-89.96044,46,118,19,17937
70124,349900.0,3,3,1984,156 28TH ST,New Orleans,Louisiana,19578,1132.2,Orleans,166557.0,30.00747,-90.10378,46,118,19,17735
70115,1029000.0,4,4,2850,3519 LAUREL ST,New Orleans,Louisiana,34261,3439.2,Orleans,141812.0,29.92375,-90.10219,46,118,19,17285
70124,869000.0,4,5,4015,5537 CHERLYN DR,New Orleans,Louisiana,19578,1132.2,Orleans,166557.0,30.00747,-90.10378,46,118,19,17707
70128,195000.0,4,2,2082,7051 W RENAISSANCE CT,New Orleans,Louisiana,22307,1805.7,Orleans,69157.0,30.04896,-89.95398,46,118,19,17839
70122,165000.0,2,2,1275,2301 DREUX AVE,New Orleans,Louisiana,35886,2210.2,Orleans,67620.0,30.00835,-90.06467,46,118,19,17641
70130,150000.0,1,1,400,2601 CARONDELET ST APT E,New Orleans,Louisiana,13478,2438.8,Orleans,120506.0,29.93671,-90.06949,46,118,19,17898
70125,180000.0,4,2,2094,3952 LOUISIANA AVENUE PKWY,New Orleans,Louisiana,19264,3176.5,Orleans,86112.0,29.95202,-90.10338,46,118,19,17751
70130,360000.0,2,2,1114,760 MAGAZINE ST APT 224,New Orleans,Louisiana,13478,2438.8,Orleans,120506.0,29.93671,-90.06949,46,118,19,17862
70131,289000.0,4,3,2086,5600 MACARTHUR BLVD,New Orleans,Louisiana,27160,895.4,Orleans,83534.0,29.9081,-89.96044,46,118,19,17945
70126,189000.0,3,2,1470,4909 WERNER DR,New Orleans,Louisiana,31168,996.5,Orleans,49971.0,30.01948,-90.01739,46,118,19,17798
70117,166500.0,4,2,1572,1022 ANDRY ST,New Orleans,Louisiana,27009,1894.5,Orleans,61422.0,29.9685,-90.03004,46,118,19,17390
70119,599000.0,8,4,2345,2229 DUMAINE ST,New Orleans,Louisiana,36969,3159.6,Orleans,71124.0,29.97567,-90.08729,46,118,19,17520
70119,329000.0,3,2,1019,3222 ORLEANS AVE,New Orleans,Louisiana,36969,3159.6,Orleans,71124.0,29.97567,-90.08729,46,118,19,17504
70116,998500.0,3,4,1542,1225 BOURBON ST APT G,New Orleans,Louisiana,10901,3321.6,Orleans,77732.0,29.96697,-90.06448,46,118,19,17331
70124,559000.0,2,3,1750,8612 PONTCHARTRAIN BLVD # 2D,New Orleans,Louisiana,19578,1132.2,Orleans,166557.0,30.00747,-90.10378,46,118,19,17709
70118,199900.0,3,2,1052,4137 GENERAL OGDEN ST,New Orleans,Louisiana,35699,2980.3,Orleans,111331.0,29.9451,-90.1257,46,118,19,17470
70130,3150000.0,2,3,1882,2 CANAL ST # 2506,New Orleans,Louisiana,13478,2438.8,Orleans,120506.0,29.93671,-90.06949,46,118,19,17852
70125,131000.0,2,1,1034,2922 COLLEGE CT,New Orleans,Louisiana,19264,3176.5,Orleans,86112.0,29.95202,-90.10338,46,118,19,17766
70115,674500.0,3,2,1658,5820 HURST ST APT B,New Orleans,Louisiana,34261,3439.2,Orleans,141812.0,29.92375,-90.10219,46,118,19,17238
70119,235000.0,4,2,2000,2544 LAHARPE ST,New Orleans,Louisiana,36969,3159.6,Orleans,71124.0,29.97567,-90.08729,46,118,19,17501
70115,2695000.0,5,6,7042,3932 SAINT CHARLES AVE,New Orleans,Louisiana,34261,3439.2,Orleans,141812.0,29.92375,-90.10219,46,118,19,17233
70127,289000.0,3,2,1696,4819 GAWAIN DR,New Orleans,Louisiana,25177,1777.1,Orleans,51433.0,30.02966,-89.9761,46,118,19,17819
70122,556000.0,5,4,3045,4403 SAINT ROCH AVE,New Orleans,Louisiana,35886,2210.2,Orleans,67620.0,30.00835,-90.06467,46,118,19,17583
70115,739000.0,3,3,2200,750 DELACHAISE ST,New Orleans,Louisiana,34261,3439.2,Orleans,141812.0,29.92375,-90.10219,46,118,19,17293
70130,170000.0,1,1,380,1224 SAINT CHARLES AVE APT 208,New Orleans,Louisiana,13478,2438.8,Orleans,120506.0,29.93671,-90.06949,46,118,19,17857
70117,65000.0,4,2,1228,4905 DAUPHINE ST,New Orleans,Louisiana,27009,1894.5,Orleans,61422.0,29.9685,-90.03004,46,118,19,17399
70119,425000.0,3,2,1485,1019 N RENDON ST,New Orleans,Louisiana,36969,3159.6,Orleans,71124.0,29.97567,-90.08729,46,118,19,17549
70131,799000.0,6,4,5881,80 ENGLISH TURN DR,New Orleans,Louisiana,27160,895.4,Orleans,83534.0,29.9081,-89.96044,46,118,19,17920
70124,365000.0,3,3,1912,6468 PONTCHARTRAIN BLVD,New Orleans,Louisiana,19578,1132.2,Orleans,166557.0,30.00747,-90.10378,46,118,19,17742
70117,185000.0,3,1,1428,2038 DESIRE ST,New Orleans,Louisiana,27009,1894.5,Orleans,61422.0,29.9685,-90.03004,46,118,19,17429
70119,330000.0,6,4,2057,3033 PAUGER ST,New Orleans,Louisiana,36969,3159.6,Orleans,71124.0,29.97567,-90.08729,46,118,19,17525
70117,130000.0,1,1,452,3135 DAUPHINE ST APT A3,New Orleans,Louisiana,27009,1894.5,Orleans,61422.0,29.9685,-90.03004,46,118,19,17392
70127,164900.0,4,2,1700,7800 TRAPIER AVE,New Orleans,Louisiana,25177,1777.1,Orleans,51433.0,30.02966,-89.9761,46,118,19,17805
70117,180000.0,1,1,452,3135 DAUPHINE ST APT B12,New Orleans,Louisiana,27009,1894.5,Orleans,61422.0,29.9685,-90.03004,46,118,19,17419
70116,565000.0,2,2,1357,1418 DAUPHINE ST # 1,New Orleans,Louisiana,10901,3321.6,Orleans,77732.0,29.96697,-90.06448,46,118,19,17337
70124,1340000.0,5,4,3870,6838 ARGONNE BLVD,New Orleans,Louisiana,19578,1132.2,Orleans,166557.0,30.00747,-90.10378,46,118,19,17721
70124,595000.0,5,4,3731,6000 BELLAIRE DR,New Orleans,Louisiana,19578,1132.2,Orleans,166557.0,30.00747,-90.10378,46,118,19,17700
70122,415000.0,6,4,3136,2743 FRANKFORT ST # 45,New Orleans,Louisiana,35886,2210.2,Orleans,67620.0,30.00835,-90.06467,46,118,19,17630
70122,265000.0,3,2,1238,5902 LAFAYE ST,New Orleans,Louisiana,35886,2210.2,Orleans,67620.0,30.00835,-90.06467,46,118,19,17589
70118,400000.0,2,2,1160,7806 GREEN ST,New Orleans,Louisiana,35699,2980.3,Orleans,111331.0,29.9451,-90.1257,46,118,19,17466
70122,265000.0,3,2,1192,5520 WINGATE DR,New Orleans,Louisiana,35886,2210.2,Orleans,67620.0,30.00835,-90.06467,46,118,19,17622
70122,459000.0,3,3,2072,5131 PAINTERS ST,New Orleans,Louisiana,35886,2210.2,Orleans,67620.0,30.00835,-90.06467,46,118,19,17606
70119,349000.0,4,3,2526,223-225 TELEMACHUS STREET,New Orleans,Louisiana,36969,3159.6,Orleans,71124.0,29.97567,-90.08729,46,118,19,17499
70115,1145000.0,5,4,2772,4816 COLISEUM ST,New Orleans,Louisiana,34261,3439.2,Orleans,141812.0,29.92375,-90.10219,46,118,19,17295
70127,269000.0,4,3,2226,7943 BURKE RD,New Orleans,Louisiana,25177,1777.1,Orleans,51433.0,30.02966,-89.9761,46,118,19,17822
70122,425000.0,6,4,2208,6009 PASTEUR BLVD,New Orleans,Louisiana,35886,2210.2,Orleans,67620.0,30.00835,-90.06467,46,118,19,17634
70126,171000.0,4,2,1424,4407 LONELY OAK DR APT 4409,New Orleans,Louisiana,31168,996.5,Orleans,49971.0,30.01948,-90.01739,46,118,19,17793
70115,449000.0,3,3,1908,3805 MAGNOLIA ST,New Orleans,Louisiana,34261,3439.2,Orleans,141812.0,29.92375,-90.10219,46,118,19,17276
70131,64900.0,3,2,1731,6120 WARWICK CT,New Orleans,Louisiana,27160,895.4,Orleans,83534.0,29.9081,-89.96044,46,118,19,17948
70126,149000.0,3,2,980,4017 PRESSBURG ST,New Orleans,Louisiana,31168,996.5,Orleans,49971.0,30.01948,-90.01739,46,118,19,17795
70131,185000.0,3,2,1285,5232 TIMBER HAVEN LN,New Orleans,Louisiana,27160,895.4,Orleans,83534.0,29.9081,-89.96044,46,118,19,17912
70130,348000.0,2,2,1068,450 JOHN CHURCHILL CHASE ST APT 303,New Orleans,Louisiana,13478,2438.8,Orleans,120506.0,29.93671,-90.06949,46,118,19,17863
70117,249000.0,3,2,1258,920 REYNES ST,New Orleans,Louisiana,27009,1894.5,Orleans,61422.0,29.9685,-90.03004,46,118,19,17385
70118,295000.0,4,2,1896,8717 BELFAST ST,New Orleans,Louisiana,35699,2980.3,Orleans,111331.0,29.9451,-90.1257,46,118,19,17442
70119,299900.0,3,2,1340,2751 DUMAINE ST,New Orleans,Louisiana,36969,3159.6,Orleans,71124.0,29.97567,-90.08729,46,118,19,17516
70122,315000.0,4,4,1829,3954 PAUGER ST APT 56,New Orleans,Louisiana,35886,2210.2,Orleans,67620.0,30.00835,-90.06467,46,118,19,17624
70127,149900.0,3,2,1141,4843 CITRUS DR,New Orleans,Louisiana,25177,1777.1,Orleans,51433.0,30.02966,-89.9761,46,118,19,17820
70124,194900.0,2,2,884,318 LAKE MARINA AVE APT 210,New Orleans,Louisiana,19578,1132.2,Orleans,166557.0,30.00747,-90.10378,46,118,19,17710
70115,799000.0,5,3,3412,737 NAPOLEON AVE,New Orleans,Louisiana,34261,3439.2,Orleans,141812.0,29.92375,-90.10219,46,118,19,17277
70116,695000.0,4,4,2608,1468 MARAIS ST,New Orleans,Louisiana,10901,3321.6,Orleans,77732.0,29.96697,-90.06448,46,118,19,17319
70114,420000.0,4,3,2204,335 WHITNEY AVE,New Orleans,Louisiana,21911,1674.1,Orleans,57430.0,29.93704,-90.0321,46,118,19,17216
70117,257000.0,4,2,1430,3131 N VILLERE ST,New Orleans,Louisiana,27009,1894.5,Orleans,61422.0,29.9685,-90.03004,46,118,19,17393
70123,285000.0,3,2,1402,257 MALVERN LN,New Orleans,Louisiana,28078,1430.1,Jefferson,102117.0,29.951,-90.20501,24,118,19,17675
70117,259900.0,6,2,1978,1519 PAULINE ST,New Orleans,Louisiana,27009,1894.5,Orleans,61422.0,29.9685,-90.03004,46,118,19,17432
70130,399000.0,2,1,890,448 JULIA ST APT 206,New Orleans,Louisiana,13478,2438.8,Orleans,120506.0,29.93671,-90.06949,46,118,19,17856
70124,554900.0,3,3,1775,6347 CATINA ST,New Orleans,Louisiana,19578,1132.2,Orleans,166557.0,30.00747,-90.10378,46,118,19,17732
70123,327000.0,3,2,1220,162 VALERIE ST,New Orleans,Louisiana,28078,1430.1,Jefferson,102117.0,29.951,-90.20501,24,118,19,17656
70124,649000.0,3,3,2246,106 26TH ST,New Orleans,Louisiana,19578,1132.2,Orleans,166557.0,30.00747,-90.10378,46,118,19,17726
70115,384000.0,2,2,1092,1111 UPPERLINE ST # 1111,New Orleans,Louisiana,34261,3439.2,Orleans,141812.0,29.92375,-90.10219,46,118,19,17245
70122,275000.0,3,4,4116,3606 GENTILLY BLVD,New Orleans,Louisiana,35886,2210.2,Orleans,67620.0,30.00835,-90.06467,46,118,19,17614
70121,547850.0,4,3,2184,4712 CROSS ST,New Orleans,Louisiana,11648,1372.5,Jefferson,74284.0,29.9608,-90.15881,24,118,19,17580
70116,2950000.0,7,7,5216,1211 ROYAL ST,New Orleans,Louisiana,10901,3321.6,Orleans,77732.0,29.96697,-90.06448,46,118,19,17321
70122,275000.0,3,2,1516,2561 NEW YORK ST,New Orleans,Louisiana,35886,2210.2,Orleans,67620.0,30.00835,-90.06467,46,118,19,17613
70119,250000.0,6,4,2790,2751 73 ORLEANS AVENUE,New Orleans,Louisiana,36969,3159.6,Orleans,71124.0,29.97567,-90.08729,46,118,19,17551
70124,569900.0,4,2,2912,5573 WOODLAWN PL APT 5575,New Orleans,Louisiana,19578,1132.2,Orleans,166557.0,30.00747,-90.10378,46,118,19,17739
70130,250000.0,1,1,661,920 POEYFARRE ST UNIT 156,New Orleans,Louisiana,13478,2438.8,Orleans,120506.0,29.93671,-90.06949,46,118,19,17850
70124,525000.0,4,3,2240,6015 MARSHAL FOCH ST,New Orleans,Louisiana,19578,1132.2,Orleans,166557.0,30.00747,-90.10378,46,118,19,17723
70115,2149000.0,5,5,4406,1522 JOSEPH ST,New Orleans,Louisiana,34261,3439.2,Orleans,141812.0,29.92375,-90.10219,46,118,19,17284
70119,450000.0,11,4,3540,2101 ALLEN ST # 2103,New Orleans,Louisiana,36969,3159.6,Orleans,71124.0,29.97567,-90.08729,46,118,19,17508
70116,1799000.0,3,4,3119,822 BARRACKS ST APT A,New Orleans,Louisiana,10901,3321.6,Orleans,77732.0,29.96697,-90.06448,46,118,19,17302
70115,675000.0,3,2,1658,5820 HURST ST APT A,New Orleans,Louisiana,34261,3439.2,Orleans,141812.0,29.92375,-90.10219,46,118,19,17230
70119,335000.0,3,2,1351,3021 TOULOUSE ST,New Orleans,Louisiana,36969,3159.6,Orleans,71124.0,29.97567,-90.08729,46,118,19,17537
70130,358900.0,2,1,861,333 JULIA ST APT 426,New Orleans,Louisiana,13478,2438.8,Orleans,120506.0,29.93671,-90.06949,46,118,19,17896
70123,249900.0,3,2,1528,519 TULLULAH AVE,New Orleans,Louisiana,28078,1430.1,Jefferson,102117.0,29.951,-90.20501,24,118,19,17665
70115,525000.0,3,2,2861,2317 GENERAL TAYLOR ST,New Orleans,Louisiana,34261,3439.2,Orleans,141812.0,29.92375,-90.10219,46,118,19,17270
70116,100000.0,8,2,2527,1917- 19 N ROMAN STREET,New Orleans,Louisiana,10901,3321.6,Orleans,77732.0,29.96697,-90.06448,46,118,19,17309
70128,245000.0,4,4,2584,13 WINNERS CIR APT 15,New Orleans,Louisiana,22307,1805.7,Orleans,69157.0,30.04896,-89.95398,46,118,19,17836
70114,120000.0,1,1,816,729 BEHRMAN AVE,New Orleans,Louisiana,21911,1674.1,Orleans,57430.0,29.93704,-90.0321,46,118,19,17203
70119,555000.0,6,6,2487,1615 N GALVEZ ST APT 17,New Orleans,Louisiana,36969,3159.6,Orleans,71124.0,29.97567,-90.08729,46,118,19,17540
70117,160000.0,1,1,503,3135 DAUPHINE ST APT A2,New Orleans,Louisiana,27009,1894.5,Orleans,61422.0,29.9685,-90.03004,46,118,19,17435
70116,699000.0,3,3,1285,820 SAINT ANN ST # B,New Orleans,Louisiana,10901,3321.6,Orleans,77732.0,29.96697,-90.06448,46,118,19,17320
70121,305000.0,3,2,1688,720 JEFFERSON PARK W,New Orleans,Louisiana,11648,1372.5,Jefferson,74284.0,29.9608,-90.15881,24,118,19,17572
70116,565000.0,2,3,1216,1001 SAINT ANN ST # 1001,New Orleans,Louisiana,10901,3321.6,Orleans,77732.0,29.96697,-90.06448,46,118,19,17329
70117,150000.0,2,2,1764,3625 N GALVEZ ST,New Orleans,Louisiana,27009,1894.5,Orleans,61422.0,29.9685,-90.03004,46,118,19,17380
70117,155000.0,5,2,1800,1608 10 TUPELO STREET STREET,New Orleans,Louisiana,27009,1894.5,Orleans,61422.0,29.9685,-90.03004,46,118,19,17387
70119,495000.0,6,2,2940,4612 BIENVILLE ST APT 4614,New Orleans,Louisiana,36969,3159.6,Orleans,71124.0,29.97567,-90.08729,46,118,19,17538
70117,70000.0,3,2,1200,6423 URVILLE ST,New Orleans,Louisiana,27009,1894.5,Orleans,61422.0,29.9685,-90.03004,46,118,19,17426
70130,449000.0,3,2,1700,1535 2ND ST # 1535,New Orleans,Louisiana,13478,2438.8,Orleans,120506.0,29.93671,-90.06949,46,118,19,17891
70124,1499000.0,6,6,5089,6500 COLBERT ST,New Orleans,Louisiana,19578,1132.2,Orleans,166557.0,30.00747,-90.10378,46,118,19,17718
70126,235000.0,3,3,2105,7111 NEPTUNE CT,New Orleans,Louisiana,31168,996.5,Orleans,49971.0,30.01948,-90.01739,46,118,19,17797
70115,1649000.0,3,5,3945,12 ROSA PARK,New Orleans,Louisiana,34261,3439.2,Orleans,141812.0,29.92375,-90.10219,46,118,19,17271
70127,199900.0,4,3,2525,5600 BUNDY RD,New Orleans,Louisiana,25177,1777.1,Orleans,51433.0,30.02966,-89.9761,46,118,19,17811
70130,285000.0,1,1,768,1550 2ND ST APT 4E,New Orleans,Louisiana,13478,2438.8,Orleans,120506.0,29.93671,-90.06949,46,118,19,17868
70119,459000.0,4,3,2553,3126 SAINT BERNARD AVE,New Orleans,Louisiana,36969,3159.6,Orleans,71124.0,29.97567,-90.08729,46,118,19,17497
70116,565000.0,2,2,1399,1416 DAUPHINE ST # 2,New Orleans,Louisiana,10901,3321.6,Orleans,77732.0,29.96697,-90.06448,46,118,19,17344
70130,599000.0,3,2,2164,2223 SAINT THOMAS ST # 2223,New Orleans,Louisiana,13478,2438.8,Orleans,120506.0,29.93671,-90.06949,46,118,19,17871
70131,159000.0,4,2,2000,5621 CARLISLE CT,New Orleans,Louisiana,27160,895.4,Orleans,83534.0,29.9081,-89.96044,46,118,19,17955
70130,229000.0,1,1,557,1532 SAINT ANDREW ST APT 101,New Orleans,Louisiana,13478,2438.8,Orleans,120506.0,29.93671,-90.06949,46,118,19,17897
70116,380000.0,6,4,2600,1966 N PRIEUR ST APT 68,New Orleans,Louisiana,10901,3321.6,Orleans,77732.0,29.96697,-90.06448,46,118,19,17333
70122,225000.0,2,2,1060,6316 FRANKLIN AVE,New Orleans,Louisiana,35886,2210.2,Orleans,67620.0,30.00835,-90.06467,46,118,19,17650
70119,445000.0,3,3,1896,315 N BERNADOTTE ST,New Orleans,Louisiana,36969,3159.6,Orleans,71124.0,29.97567,-90.08729,46,118,19,17487
70117,239900.0,3,3,1454,709 LIZARDI ST,New Orleans,Louisiana,27009,1894.5,Orleans,61422.0,29.9685,-90.03004,46,118,19,17420
70124,1059000.0,5,4,3406,6808 LOUIS XIV ST,New Orleans,Louisiana,19578,1132.2,Orleans,166557.0,30.00747,-90.10378,46,118,19,17736
70115,575000.0,3,2,1835,2719 JEFFERSON AVE,New Orleans,Louisiana,34261,3439.2,Orleans,141812.0,29.92375,-90.10219,46,118,19,17287
70114,140000.0,2,1,800,1636 TITA ST,New Orleans,Louisiana,21911,1674.1,Orleans,57430.0,29.93704,-90.0321,46,118,19,17222
70127,229000.0,3,2,1619,4831 CERISE AVE,New Orleans,Louisiana,25177,1777.1,Orleans,51433.0,30.02966,-89.9761,46,118,19,17810
70119,179000.0,3,1,1157,2617 AUBRY ST,New Orleans,Louisiana,36969,3159.6,Orleans,71124.0,29.97567,-90.08729,46,118,19,17532
70115,599000.0,3,3,1826,3132 LAUREL ST,New Orleans,Louisiana,34261,3439.2,Orleans,141812.0,29.92375,-90.10219,46,118,19,17234
70123,249000.0,3,1,933,438 SONIAT AVE,New Orleans,Louisiana,28078,1430.1,Jefferson,102117.0,29.951,-90.20501,24,118,19,17689
70117,299000.0,1,1,1085,640 PAULINE ST # 640,New Orleans,Louisiana,27009,1894.5,Orleans,61422.0,29.9685,-90.03004,46,118,19,17424
70122,359000.0,3,2,2378,5701 FRANKLIN AVE,New Orleans,Louisiana,35886,2210.2,Orleans,67620.0,30.00835,-90.06467,46,118,19,17618
70116,449000.0,3,3,2014,1541 N ROMAN ST,New Orleans,Louisiana,10901,3321.6,Orleans,77732.0,29.96697,-90.06448,46,118,19,17314
70117,1895000.0,6,5,8227,2525 BURGUNDY ST,New Orleans,Louisiana,27009,1894.5,Orleans,61422.0,29.9685,-90.03004,46,118,19,17430
70128,460000.0,3,5,4222,7101 CHATELAIN DR,New Orleans,Louisiana,22307,1805.7,Orleans,69157.0,30.04896,-89.95398,46,118,19,17825
70124,1347900.0,5,4,3750,6518 ARGONNE BLVD,New Orleans,Louisiana,19578,1132.2,Orleans,166557.0,30.00747,-90.10378,46,118,19,17691
70124,765000.0,4,4,2673,163 MIDDLE PARK PL,New Orleans,Louisiana,19578,1132.2,Orleans,166557.0,30.00747,-90.10378,46,118,19,17712
70118,345000.0,4,2,1421,8629 ZIMPEL ST # 8629,New Orleans,Louisiana,35699,2980.3,Orleans,111331.0,29.9451,-90.1257,46,118,19,17468
70125,448000.0,3,2,1827,3211 UPPERLINE ST,New Orleans,Louisiana,19264,3176.5,Orleans,86112.0,29.95202,-90.10338,46,118,19,17764
70125,449000.0,8,4,3960,2341 BROADWAY ST,New Orleans,Louisiana,19264,3176.5,Orleans,86112.0,29.95202,-90.10338,46,118,19,17759
70117,215000.0,2,2,1857,6308 DAUPHINE ST,New Orleans,Louisiana,27009,1894.5,Orleans,61422.0,29.9685,-90.03004,46,118,19,17371
70130,287900.0,1,1,743,920 POEYFARRE ST UNIT 170,New Orleans,Louisiana,13478,2438.8,Orleans,120506.0,29.93671,-90.06949,46,118,19,17881
70118,989000.0,3,3,2496,8001 HICKORY ST,New Orleans,Louisiana,35699,2980.3,Orleans,111331.0,29.9451,-90.1257,46,118,19,17460
70129,145000.0,4,2,1947,5235 BEAUCAIRE ST,New Orleans,Louisiana,10696,45.4,Orleans,63992.0,30.08239,-89.81617,46,118,19,17843
70118,295000.0,4,3,2036,9523 PALM ST,New Orleans,Louisiana,35699,2980.3,Orleans,111331.0,29.9451,-90.1257,46,118,19,17462
70122,189900.0,3,2,1286,5324 WILTON DR,New Orleans,Louisiana,35886,2210.2,Orleans,67620.0,30.00835,-90.06467,46,118,19,17592
70123,465000.0,3,2,1871,9521 ARBOR LN,New Orleans,Louisiana,28078,1430.1,Jefferson,102117.0,29.951,-90.20501,24,118,19,17690
70118,250500.0,2,2,1188,8820 WILLOW ST,New Orleans,Louisiana,35699,2980.3,Orleans,111331.0,29.9451,-90.1257,46,118,19,17481
70130,499000.0,1,2,736,731 SAINT CHARLES AVE APT 414,New Orleans,Louisiana,13478,2438.8,Orleans,120506.0,29.93671,-90.06949,46,118,19,17910
70126,175000.0,3,3,2320,8321 LOMOND RD,New Orleans,Louisiana,31168,996.5,Orleans,49971.0,30.01948,-90.01739,46,118,19,17777
70115,920000.0,4,5,3568,2139 MILAN ST # 2139,New Orleans,Louisiana,34261,3439.2,Orleans,141812.0,29.92375,-90.10219,46,118,19,17292
70117,364000.0,2,2,1376,1224 MAZANT ST,New Orleans,Louisiana,27009,1894.5,Orleans,61422.0,29.9685,-90.03004,46,118,19,17353
70118,925000.0,4,3,2924,7636 JEANNETTE ST,New Orleans,Louisiana,35699,2980.3,Orleans,111331.0,29.9451,-90.1257,46,118,19,17480
70115,308000.0,2,1,705,710 6TH ST,New Orleans,Louisiana,34261,3439.2,Orleans,141812.0,29.92375,-90.10219,46,118,19,17283
70118,299000.0,4,2,1700,8919 GREEN ST APT 21,New Orleans,Louisiana,35699,2980.3,Orleans,111331.0,29.9451,-90.1257,46,118,19,17452
70115,525000.0,3,2,1483,2031 JOSEPH ST,New Orleans,Louisiana,34261,3439.2,Orleans,141812.0,29.92375,-90.10219,46,118,19,17266
70122,265000.0,3,2,1882,3752 CLERMONT DR,New Orleans,Louisiana,35886,2210.2,Orleans,67620.0,30.00835,-90.06467,46,118,19,17643
70116,575000.0,7,8,3628,1531 GOVERNOR NICHOLLS ST,New Orleans,Louisiana,10901,3321.6,Orleans,77732.0,29.96697,-90.06448,46,118,19,17298
70117,230000.0,4,2,1474,2216 INDEPENDENCE ST,New Orleans,Louisiana,27009,1894.5,Orleans,61422.0,29.9685,-90.03004,46,118,19,17356
70115,949000.0,4,4,2700,4525 ANNUNCIATION ST,New Orleans,Louisiana,34261,3439.2,Orleans,141812.0,29.92375,-90.10219,46,118,19,17274
70127,159900.0,3,1,1078,4601 LANCELOT DR,New Orleans,Louisiana,25177,1777.1,Orleans,51433.0,30.02966,-89.9761,46,118,19,17809
70122,239000.0,3,2,1877,4330 KENNON AVE,New Orleans,Louisiana,35886,2210.2,Orleans,67620.0,30.00835,-90.06467,46,118,19,17600
70123,169300.0,3,1,925,674 GROVE AVE,New Orleans,Louisiana,28078,1430.1,Jefferson,102117.0,29.951,-90.20501,24,118,19,17657
70119,1275000.0,4,4,3413,1034 N CARROLLTON AVE,New Orleans,Louisiana,36969,3159.6,Orleans,71124.0,29.97567,-90.08729,46,118,19,17506
70125,269000.0,3,2,1592,4308 CLIO ST,New Orleans,Louisiana,19264,3176.5,Orleans,86112.0,29.95202,-90.10338,46,118,19,17745
70124,715000.0,3,3,2558,220 20TH ST,New Orleans,Louisiana,19578,1132.2,Orleans,166557.0,30.00747,-90.10378,46,118,19,17695
70128,390000.0,3,3,2460,11120 MORRISON RD,New Orleans,Louisiana,22307,1805.7,Orleans,69157.0,30.04896,-89.95398,46,118,19,17841
70131,284900.0,4,4,2584,3311 BLAIR ST,New Orleans,Louisiana,27160,895.4,Orleans,83534.0,29.9081,-89.96044,46,118,19,17935
70117,230000.0,2,2,1075,617 TUPELO ST,New Orleans,Louisiana,27009,1894.5,Orleans,61422.0,29.9685,-90.03004,46,118,19,17412
70122,299900.0,3,2,1422,2681 MYRTLE ST,New Orleans,Louisiana,35886,2210.2,Orleans,67620.0,30.00835,-90.06467,46,118,19,17587
70130,549000.0,2,2,1488,2412 ANNUNCIATION ST,New Orleans,Louisiana,13478,2438.8,Orleans,120506.0,29.93671,-90.06949,46,118,19,17880
70114,159000.0,3,3,1200,733 WHITNEY AVE,New Orleans,Louisiana,21911,1674.1,Orleans,57430.0,29.93704,-90.0321,46,118,19,17215
70119,162000.0,3,1,1238,1617 ROUSSELIN DR,New Orleans,Louisiana,36969,3159.6,Orleans,71124.0,29.97567,-90.08729,46,118,19,17492
70119,550000.0,4,2,1994,125 S GENOIS ST,New Orleans,Louisiana,36969,3159.6,Orleans,71124.0,29.97567,-90.08729,46,118,19,17542
70117,189000.0,2,2,821,2232 DESIRE ST,New Orleans,Louisiana,27009,1894.5,Orleans,61422.0,29.9685,-90.03004,46,118,19,17417
70122,649999.0,5,4,2590,5766 PASTEUR BLVD,New Orleans,Louisiana,35886,2210.2,Orleans,67620.0,30.00835,-90.06467,46,118,19,17620
70117,750000.0,4,4,2669,717 MARIGNY ST,New Orleans,Louisiana,27009,1894.5,Orleans,61422.0,29.9685,-90.03004,46,118,19,17436
70123,364900.0,3,2,1715,9525 ARBOR LN,New Orleans,Louisiana,28078,1430.1,Jefferson,102117.0,29.951,-90.20501,24,118,19,17683
70130,405000.0,2,2,1427,1750 SAINT CHARLES AVE APT 617,New Orleans,Louisiana,13478,2438.8,Orleans,120506.0,29.93671,-90.06949,46,118,19,17903
70116,1025000.0,2,2,1240,614 BARRACKS ST,New Orleans,Louisiana,10901,3321.6,Orleans,77732.0,29.96697,-90.06448,46,118,19,17310
70116,2000000.0,8,10,5310,1427 ESPLANADE AVE,New Orleans,Louisiana,10901,3321.6,Orleans,77732.0,29.96697,-90.06448,46,118,19,17325
70114,55000.0,2,1,876,2111 WESTBEND PKWY APT 229,New Orleans,Louisiana,21911,1674.1,Orleans,57430.0,29.93704,-90.0321,46,118,19,17224
70124,1350000.0,7,6,6114,5776 BELLAIRE DR,New Orleans,Louisiana,19578,1132.2,Orleans,166557.0,30.00747,-90.10378,46,118,19,17738
70122,320000.0,5,4,1539,3884 PAUGER ST,New Orleans,Louisiana,35886,2210.2,Orleans,67620.0,30.00835,-90.06467,46,118,19,17612
70121,245000.0,3,1,1077,1021 ODWYER PL,New Orleans,Louisiana,11648,1372.5,Jefferson,74284.0,29.9608,-90.15881,24,118,19,17576
70130,325000.0,2,2,892,1444 SAINT MARY ST # 2,New Orleans,Louisiana,13478,2438.8,Orleans,120506.0,29.93671,-90.06949,46,118,19,17873
70126,290000.0,5,3,2164,4501 DESIRE DR,New Orleans,Louisiana,31168,996.5,Orleans,49971.0,30.01948,-90.01739,46,118,19,17791
70127,130000.0,3,2,1456,7580 AVALON WAY,New Orleans,Louisiana,25177,1777.1,Orleans,51433.0,30.02966,-89.9761,46,118,19,17807
70123,329000.0,3,2,1467,8910 MELROSE LN,New Orleans,Louisiana,28078,1430.1,Jefferson,102117.0,29.951,-90.20501,24,118,19,17662
70113,615000.0,1,1,1328,528 BARONNE ST APT 504,New Orleans,Louisiana,8427,3554.4,Orleans,61609.0,29.9422,-90.08382,46,118,19,17186
70131,285000.0,4,2,2400,3839 PEACHTREE CT,New Orleans,Louisiana,27160,895.4,Orleans,83534.0,29.9081,-89.96044,46,118,19,17917
70123,475000.0,5,3,3046,233 PENFOLD PL,New Orleans,Louisiana,28078,1430.1,Jefferson,102117.0,29.951,-90.20501,24,118,19,17678
70122,219000.0,4,3,1848,1666 68 PLEASURE STREET,New Orleans,Louisiana,35886,2210.2,Orleans,67620.0,30.00835,-90.06467,46,118,19,17597
70119,275000.0,3,1,1431,2616 CASTIGLIONE ST,New Orleans,Louisiana,36969,3159.6,Orleans,71124.0,29.97567,-90.08729,46,118,19,17533
70125,249500.0,4,2,1560,3032 FERN ST,New Orleans,Louisiana,19264,3176.5,Orleans,86112.0,29.95202,-90.10338,46,118,19,17746
70123,1295000.0,5,4,4062,10217 N PARK ST,New Orleans,Louisiana,28078,1430.1,Jefferson,102117.0,29.951,-90.20501,24,118,19,17653
70117,350000.0,4,2,2174,2711 BURGUNDY ST,New Orleans,Louisiana,27009,1894.5,Orleans,61422.0,29.9685,-90.03004,46,118,19,17355
70118,450000.0,3,2,1906,1538 DUBLIN ST,New Orleans,Louisiana,35699,2980.3,Orleans,111331.0,29.9451,-90.1257,46,118,19,17469
70124,379000.0,4,3,1221,228 W KENILWORTH ST,New Orleans,Louisiana,19578,1132.2,Orleans,166557.0,30.00747,-90.10378,46,118,19,17704
70128,470000.0,4,3,3108,5276 BEAVER DR,New Orleans,Louisiana,22307,1805.7,Orleans,69157.0,30.04896,-89.95398,46,118,19,17838
70113,629000.0,6,3,2968,1801 3RD ST,New Orleans,Louisiana,8427,3554.4,Orleans,61609.0,29.9422,-90.08382,46,118,19,17190
70119,599900.0,6,4,3040,3615 CLEVELAND AVE,New Orleans,Louisiana,36969,3159.6,Orleans,71124.0,29.97567,-90.08729,46,118,19,17524
70112,749000.0,3,4,2160,1015 SAINT LOUIS ST,New Orleans,Louisiana,3869,1520.3,Orleans,52338.0,29.95608,-90.07733,46,118,19,17174
70126,325000.0,5,4,2888,7180 W LAVERNE ST,New Orleans,Louisiana,31168,996.5,Orleans,49971.0,30.01948,-90.01739,46,118,19,17781
70126,239000.0,3,1,1850,4516 MITHRA ST,New Orleans,Louisiana,31168,996.5,Orleans,49971.0,30.01948,-90.01739,46,118,19,17792
70119,1395000.0,4,4,3394,926 CITY PARK AVE # 28,New Orleans,Louisiana,36969,3159.6,Orleans,71124.0,29.97567,-90.08729,46,118,19,17535
70115,665000.0,3,2,2077,532 LEONTINE ST,New Orleans,Louisiana,34261,3439.2,Orleans,141812.0,29.92375,-90.10219,46,118,19,17264
70125,899000.0,7,4,5112,46 VERSAILLES BLVD,New Orleans,Louisiana,19264,3176.5,Orleans,86112.0,29.95202,-90.10338,46,118,19,17749
70123,260000.0,3,3,1554,132 BERKLEY AVE,New Orleans,Louisiana,28078,1430.1,Jefferson,102117.0,29.951,-90.20501,24,118,19,17679
70130,249900.0,1,1,655,1765 COLISEUM ST APT 319,New Orleans,Louisiana,13478,2438.8,Orleans,120506.0,29.93671,-90.06949,46,118,19,17872
70115,638000.0,3,2,2100,2506 GENERAL PERSHING ST,New Orleans,Louisiana,34261,3439.2,Orleans,141812.0,29.92375,-90.10219,46,118,19,17254
70130,450000.0,2,2,1156,1550 2ND ST APT 2B,New Orleans,Louisiana,13478,2438.8,Orleans,120506.0,29.93671,-90.06949,46,118,19,17892
70130,1765000.0,4,5,4220,2319 CHESTNUT ST,New Orleans,Louisiana,13478,2438.8,Orleans,120506.0,29.93671,-90.06949,46,118,19,17864
70125,439000.0,4,3,2126,3216 BURDETTE ST,New Orleans,Louisiana,19264,3176.5,Orleans,86112.0,29.95202,-90.10338,46,118,19,17756
70119,235000.0,1,1,604,818 MOSS ST APT 306,New Orleans,Louisiana,36969,3159.6,Orleans,71124.0,29.97567,-90.08729,46,118,19,17523
70127,95000.0,4,1,2066,7600 BURKE RD,New Orleans,Louisiana,25177,1777.1,Orleans,51433.0,30.02966,-89.9761,46,118,19,17817
70124,625000.0,4,3,2362,428 12TH ST,New Orleans,Louisiana,19578,1132.2,Orleans,166557.0,30.00747,-90.10378,46,118,19,17724
70124,499000.0,6,4,3659,6547 CENTER ST # 49,New Orleans,Louisiana,19578,1132.2,Orleans,166557.0,30.00747,-90.10378,46,118,19,17741
70126,87000.0,2,3,1520,5157 LAKEVIEW CT,New Orleans,Louisiana,31168,996.5,Orleans,49971.0,30.01948,-90.01739,46,118,19,17790
70126,225000.0,3,2,1820,7960 EDGELAKE CT,New Orleans,Louisiana,31168,996.5,Orleans,49971.0,30.01948,-90.01739,46,118,19,17787
70123,235000.0,3,2,1047,713 DILTON ST,New Orleans,Louisiana,28078,1430.1,Jefferson,102117.0,29.951,-90.20501,24,118,19,17659
70117,450000.0,2,2,1168,900 BARTHOLOMEW ST APT 517,New Orleans,Louisiana,27009,1894.5,Orleans,61422.0,29.9685,-90.03004,46,118,19,17363
70122,375000.0,16,8,4100,2232 ABUNDANCE ST,New Orleans,Louisiana,35886,2210.2,Orleans,67620.0,30.00835,-90.06467,46,118,19,17604
70122,389900.0,4,4,2384,2653 ATHIS ST,New Orleans,Louisiana,35886,2210.2,Orleans,67620.0,30.00835,-90.06467,46,118,19,17616
70115,685000.0,4,3,1868,1204 MARENGO ST,New Orleans,Louisiana,34261,3439.2,Orleans,141812.0,29.92375,-90.10219,46,118,19,17237
70121,415000.0,4,3,2364,4600 ORLEANS BLVD,New Orleans,Louisiana,11648,1372.5,Jefferson,74284.0,29.9608,-90.15881,24,118,19,17574
70119,575000.0,5,3,2816,4531 CANAL ST,New Orleans,Louisiana,36969,3159.6,Orleans,71124.0,29.97567,-90.08729,46,118,19,17495
70130,769900.0,2,2,1370,731 SAINT CHARLES AVE APT 417,New Orleans,Louisiana,13478,2438.8,Orleans,120506.0,29.93671,-90.06949,46,118,19,17874
70125,739500.0,6,4,4069,4072 STATE STREET DR,New Orleans,Louisiana,19264,3176.5,Orleans,86112.0,29.95202,-90.10338,46,118,19,17753
70121,549000.0,3,2,2171,300 RIO VISTA AVE,New Orleans,Louisiana,11648,1372.5,Jefferson,74284.0,29.9608,-90.15881,24,118,19,17565
70130,819000.0,4,4,3071,801 JACKSON AVE,New Orleans,Louisiana,13478,2438.8,Orleans,120506.0,29.93671,-90.06949,46,118,19,17858
70116,1250000.0,7,7,2500,1134 BOURBON ST APT 36,New Orleans,Louisiana,10901,3321.6,Orleans,77732.0,29.96697,-90.06448,46,118,19,17349
70130,225000.0,1,1,850,1205 SAINT CHARLES AVE APT 1001,New Orleans,Louisiana,13478,2438.8,Orleans,120506.0,29.93671,-90.06949,46,118,19,17878
70117,190000.0,3,2,1265,1438 ARTS ST,New Orleans,Louisiana,27009,1894.5,Orleans,61422.0,29.9685,-90.03004,46,118,19,17406
70118,100000.0,3,1,1602,3415 LEONIDAS ST,New Orleans,Louisiana,35699,2980.3,Orleans,111331.0,29.9451,-90.1257,46,118,19,17475
70130,1925000.0,4,5,4500,1425 JOSEPHINE ST,New Orleans,Louisiana,13478,2438.8,Orleans,120506.0,29.93671,-90.06949,46,118,19,17879
70118,410000.0,2,2,1624,1700 SHORT ST,New Orleans,Louisiana,35699,2980.3,Orleans,111331.0,29.9451,-90.1257,46,118,19,17476
70130,1875000.0,2,2,1886,600 PORT OF NEW ORLEANS PL APT 6D,New Orleans,Louisiana,13478,2438.8,Orleans,120506.0,29.93671,-90.06949,46,118,19,17875
70130,529000.0,8,5,3878,1527 EUTERPE ST,New Orleans,Louisiana,13478,2438.8,Orleans,120506.0,29.93671,-90.06949,46,118,19,17893
70117,249000.0,4,2,1534,4320 18 N VILLERE STREET,New Orleans,Louisiana,27009,1894.5,Orleans,61422.0,29.9685,-90.03004,46,118,19,17374
70117,130000.0,1,1,452,3135 DAUPHINE ST APT B2,New Orleans,Louisiana,27009,1894.5,Orleans,61422.0,29.9685,-90.03004,46,118,19,17409
70117,277200.0,3,2,1544,6013 DAUPHINE ST,New Orleans,Louisiana,27009,1894.5,Orleans,61422.0,29.9685,-90.03004,46,118,19,17423
70115,4950000.0,8,12,7798,5027 DRYADES ST,New Orleans,Louisiana,34261,3439.2,Orleans,141812.0,29.92375,-90.10219,46,118,19,17236
70124,1125000.0,4,4,3708,1141 ALLEN TOUSSAINT BLVD,New Orleans,Louisiana,19578,1132.2,Orleans,166557.0,30.00747,-90.10378,46,118,19,17698
70117,214500.0,3,2,1210,1717 PAINTERS ST,New Orleans,Louisiana,27009,1894.5,Orleans,61422.0,29.9685,-90.03004,46,118,19,17421
70114,390000.0,2,2,1311,503 OLIVIER ST,New Orleans,Louisiana,21911,1674.1,Orleans,57430.0,29.93704,-90.0321,46,118,19,17211
70130,339000.0,2,2,910,1629 WASHINGTON AVE # 202,New Orleans,Louisiana,13478,2438.8,Orleans,120506.0,29.93671,-90.06949,46,118,19,17907
70131,119000.0,2,1,1063,202 NEIL AVE,New Orleans,Louisiana,27160,895.4,Orleans,83534.0,29.9081,-89.96044,46,118,19,17940
70122,280000.0,3,2,1892,3131 SPAIN ST,New Orleans,Louisiana,35886,2210.2,Orleans,67620.0,30.00835,-90.06467,46,118,19,17644
70114,349900.0,3,2,1815,3221 ELMWOOD PARK DR,New Orleans,Louisiana,21911,1674.1,Orleans,57430.0,29.93704,-90.0321,46,118,19,17201
70129,100000.0,3,2,1300,7531 ENDEAVORS CT,New Orleans,Louisiana,10696,45.4,Orleans,63992.0,30.08239,-89.81617,46,118,19,17847
70114,329000.0,5,3,2390,317 BELLEVILLE ST,New Orleans,Louisiana,21911,1674.1,Orleans,57430.0,29.93704,-90.0321,46,118,19,17219
70113,464900.0,4,2,1799,2037 4TH ST,New Orleans,Louisiana,8427,3554.4,Orleans,61609.0,29.9422,-90.08382,46,118,19,17193
70115,1295000.0,3,2,1987,5434 CONSTANCE ST,New Orleans,Louisiana,34261,3439.2,Orleans,141812.0,29.92375,-90.10219,46,118,19,17289
70113,649000.0,5,4,2555,1512 BARONNE ST,New Orleans,Louisiana,8427,3554.4,Orleans,61609.0,29.9422,-90.08382,46,118,19,17191
70114,589000.0,4,3,2990,520 OPELOUSAS AVE,New Orleans,Louisiana,21911,1674.1,Orleans,57430.0,29.93704,-90.0321,46,118,19,17205
70119,469000.0,6,6,2462,2619 ONZAGA ST # 2621,New Orleans,Louisiana,36969,3159.6,Orleans,71124.0,29.97567,-90.08729,46,118,19,17541
70127,290000.0,4,2,1650,4711 CAMELOT DR,New Orleans,Louisiana,25177,1777.1,Orleans,51433.0,30.02966,-89.9761,46,118,19,17821
70129,240000.0,3,2,1825,4318 GENOA RD,New Orleans,Louisiana,10696,45.4,Orleans,63992.0,30.08239,-89.81617,46,118,19,17846
70122,315000.0,3,2,163,1320 MENDEZ ST,New Orleans,Louisiana,35886,2210.2,Orleans,67620.0,30.00835,-90.06467,46,118,19,17645
70116,374500.0,4,3,2302,1136 TOURO ST,New Orleans,Louisiana,10901,3321.6,Orleans,77732.0,29.96697,-90.06448,46,118,19,17332
70127,299900.0,5,3,1821,5310 GLOUSTER RD,New Orleans,Louisiana,25177,1777.1,Orleans,51433.0,30.02966,-89.9761,46,118,19,17816
70115,949000.0,5,6,3104,5731 TCHOUPITOULAS ST,New Orleans,Louisiana,34261,3439.2,Orleans,141812.0,29.92375,-90.10219,46,118,19,17227
70117,248900.0,6,4,2088,6014 SAINT CLAUDE AVE APT 16,New Orleans,Louisiana,27009,1894.5,Orleans,61422.0,29.9685,-90.03004,46,118,19,17400
70119,335000.0,3,2,1250,2928 ORLEANS AVE,New Orleans,Louisiana,36969,3159.6,Orleans,71124.0,29.97567,-90.08729,46,118,19,17513
70122,229000.0,3,2,1170,2716 LAVENDER ST,New Orleans,Louisiana,35886,2210.2,Orleans,67620.0,30.00835,-90.06467,46,118,19,17590
70125,775000.0,4,5,3459,3133 NAPOLEON AVE,New Orleans,Louisiana,19264,3176.5,Orleans,86112.0,29.95202,-90.10338,46,118,19,17772
70131,239900.0,3,2,1610,3774 HERALD ST,New Orleans,Louisiana,27160,895.4,Orleans,83534.0,29.9081,-89.96044,46,118,19,17921
70116,2950000.0,5,5,4568,1032 ROYAL ST,New Orleans,Louisiana,10901,3321.6,Orleans,77732.0,29.96697,-90.06448,46,118,19,17323
70124,825000.0,4,3,1923,7031 LOUIS XIV ST,New Orleans,Louisiana,19578,1132.2,Orleans,166557.0,30.00747,-90.10378,46,118,19,17713
70130,474900.0,2,2,1221,450 JOHN CHURCHILL CHASE ST APT 306,New Orleans,Louisiana,13478,2438.8,Orleans,120506.0,29.93671,-90.06949,46,118,19,17877
70126,100000.0,4,3,1570,1703 CHIMNEY WOOD LN,New Orleans,Louisiana,31168,996.5,Orleans,49971.0,30.01948,-90.01739,46,118,19,17802
70131,349900.0,5,3,2607,3558 MIMOSA CT,New Orleans,Louisiana,27160,895.4,Orleans,83534.0,29.9081,-89.96044,46,118,19,17933
70123,274000.0,2,1,1819,9505 KUEPFERLE CT,New Orleans,Louisiana,28078,1430.1,Jefferson,102117.0,29.951,-90.20501,24,118,19,17654
70117,549000.0,3,3,1810,3720 ROYAL ST # 3720,New Orleans,Louisiana,27009,1894.5,Orleans,61422.0,29.9685,-90.03004,46,118,19,17401
70115,1095000.0,6,5,4259,1636 ARABELLA ST,New Orleans,Louisiana,34261,3439.2,Orleans,141812.0,29.92375,-90.10219,46,118,19,17286
70117,130000.0,1,1,452,3135 DAUPHINE ST APT B8,New Orleans,Louisiana,27009,1894.5,Orleans,61422.0,29.9685,-90.03004,46,118,19,17403
70122,299000.0,6,4,2377,6205 07 WAINWRIGHT DRIVE,New Orleans,Louisiana,35886,2210.2,Orleans,67620.0,30.00835,-90.06467,46,118,19,17581
70118,495000.0,6,4,3811,2234 CAMBRONNE ST APT 36,New Orleans,Louisiana,35699,2980.3,Orleans,111331.0,29.9451,-90.1257,46,118,19,17472
70125,295000.0,3,2,1444,4100 THALIA ST,New Orleans,Louisiana,19264,3176.5,Orleans,86112.0,29.95202,-90.10338,46,118,19,17771
70125,550000.0,3,3,2648,82 VERSAILLES BLVD,New Orleans,Louisiana,19264,3176.5,Orleans,86112.0,29.95202,-90.10338,46,118,19,17762
70116,249000.0,2,1,626,1426 N VILLERE ST,New Orleans,Louisiana,10901,3321.6,Orleans,77732.0,29.96697,-90.06448,46,118,19,17315
70131,179000.0,3,2,1225,6121 STRATFORD PL,New Orleans,Louisiana,27160,895.4,Orleans,83534.0,29.9081,-89.96044,46,118,19,17944
70119,149000.0,2,1,780,2326 SAINT PHILIP ST,New Orleans,Louisiana,36969,3159.6,Orleans,71124.0,29.97567,-90.08729,46,118,19,17527
70124,469900.0,5,3,2564,300 40TH ST,New Orleans,Louisiana,19578,1132.2,Orleans,166557.0,30.00747,-90.10378,46,118,19,17722
70117,88000.0,3,2,1256,1748 REYNES ST,New Orleans,Louisiana,27009,1894.5,Orleans,61422.0,29.9685,-90.03004,46,118,19,17410
70118,149000.0,4,2,1460,4207 MONROE ST,New Orleans,Louisiana,35699,2980.3,Orleans,111331.0,29.9451,-90.1257,46,118,19,17485
70128,324999.0,4,2,2545,4937 ROBIN HOOD DR,New Orleans,Louisiana,22307,1805.7,Orleans,69157.0,30.04896,-89.95398,46,118,19,17832
70131,720000.0,5,6,7159,2 LAKEWOOD ESTATES DR,New Orleans,Louisiana,27160,895.4,Orleans,83534.0,29.9081,-89.96044,46,118,19,17956
70112,430000.0,5,3,2220,1918 CONTI ST,New Orleans,Louisiana,3869,1520.3,Orleans,52338.0,29.95608,-90.07733,46,118,19,17178
70116,599000.0,5,6,3110,1379 SAINT ANTHONY ST,New Orleans,Louisiana,10901,3321.6,Orleans,77732.0,29.96697,-90.06448,46,118,19,17341
70118,799000.0,3,2,2003,6031 ANNUNCIATION ST,New Orleans,Louisiana,35699,2980.3,Orleans,111331.0,29.9451,-90.1257,46,118,19,17482
70130,399000.0,1,1,643,330 JULIA STREET # PH 3,New Orleans,Louisiana,13478,2438.8,Orleans,120506.0,29.93671,-90.06949,46,118,19,17865
70117,104500.0,3,2,1922,2414 DESLONDE ST,New Orleans,Louisiana,27009,1894.5,Orleans,61422.0,29.9685,-90.03004,46,118,19,17384
70131,165000.0,4,2,1209,2820 MANSFIELD AVE,New Orleans,Louisiana,27160,895.4,Orleans,83534.0,29.9081,-89.96044,46,118,19,17939
70124,525000.0,3,2,2284,6331 CATINA ST,New Orleans,Louisiana,19578,1132.2,Orleans,166557.0,30.00747,-90.10378,46,118,19,17711
70114,43000.0,3,2,1209,1609 MURL ST,New Orleans,Louisiana,21911,1674.1,Orleans,57430.0,29.93704,-90.0321,46,118,19,17212
70114,509000.0,4,4,2200,326 ELMIRA AVE,New Orleans,Louisiana,21911,1674.1,Orleans,57430.0,29.93704,-90.0321,46,118,19,17220
70114,89000.0,3,1,1056,800 WHITNEY AVE,New Orleans,Louisiana,21911,1674.1,Orleans,57430.0,29.93704,-90.0321,46,118,19,17199
70126,139000.0,3,2,1400,5116 LAKEVIEW CT,New Orleans,Louisiana,31168,996.5,Orleans,49971.0,30.01948,-90.01739,46,118,19,17796
70116,115000.0,3,2,1620,1724 SAINT ANTHONY ST,New Orleans,Louisiana,10901,3321.6,Orleans,77732.0,29.96697,-90.06448,46,118,19,17305
70114,245000.0,3,3,1450,1501 ODEON ST,New Orleans,Louisiana,21911,1674.1,Orleans,57430.0,29.93704,-90.0321,46,118,19,17214
70117,325000.0,6,4,2184,1822 FRANKLIN AVE # 24,New Orleans,Louisiana,27009,1894.5,Orleans,61422.0,29.9685,-90.03004,46,118,19,17391
70119,385000.0,3,3,1450,2748 BIENVILLE ST,New Orleans,Louisiana,36969,3159.6,Orleans,71124.0,29.97567,-90.08729,46,118,19,17552
70115,570000.0,7,4,3046,2047 UPPERLINE ST,New Orleans,Louisiana,34261,3439.2,Orleans,141812.0,29.92375,-90.10219,46,118,19,17268
70115,550000.0,3,2,2700,2234 MARENGO ST,New Orleans,Louisiana,34261,3439.2,Orleans,141812.0,29.92375,-90.10219,46,118,19,17243
70126,240000.0,3,2,1525,7351 NEWCASTLE ST,New Orleans,Louisiana,31168,996.5,Orleans,49971.0,30.01948,-90.01739,46,118,19,17775
70115,410000.0,2,2,1032,4114 BARONNE ST,New Orleans,Louisiana,34261,3439.2,Orleans,141812.0,29.92375,-90.10219,46,118,19,17279
70118,725000.0,3,3,1963,2435 STATE ST # 2435,New Orleans,Louisiana,35699,2980.3,Orleans,111331.0,29.9451,-90.1257,46,118,19,17474
70117,139900.0,3,2,1300,5706 N DERBIGNY ST,New Orleans,Louisiana,27009,1894.5,Orleans,61422.0,29.9685,-90.03004,46,118,19,17379
70116,379000.0,3,2,1820,1337 TOURO ST,New Orleans,Louisiana,10901,3321.6,Orleans,77732.0,29.96697,-90.06448,46,118,19,17307
70115,935000.0,4,4,2742,3300 ANNUNCIATION ST,New Orleans,Louisiana,34261,3439.2,Orleans,141812.0,29.92375,-90.10219,46,118,19,17229
70115,499000.0,3,3,1554,4436 CAMP ST # 5,New Orleans,Louisiana,34261,3439.2,Orleans,141812.0,29.92375,-90.10219,46,118,19,17257
70117,299000.0,3,2,1815,1827 CLOUET ST,New Orleans,Louisiana,27009,1894.5,Orleans,61422.0,29.9685,-90.03004,46,118,19,17422
70131,219900.0,5,3,1600,6940 BERKLEY DR,New Orleans,Louisiana,27160,895.4,Orleans,83534.0,29.9081,-89.96044,46,118,19,17932
70119,179400.0,2,1,970,2810 OREILLY ST,New Orleans,Louisiana,36969,3159.6,Orleans,71124.0,29.97567,-90.08729,46,118,19,17509
70117,777000.0,3,4,3897,2532 BURGUNDY ST,New Orleans,Louisiana,27009,1894.5,Orleans,61422.0,29.9685,-90.03004,46,118,19,17407
70115,539000.0,5,4,3150,2902 MILAN ST,New Orleans,Louisiana,34261,3439.2,Orleans,141812.0,29.92375,-90.10219,46,118,19,17282
70123,219000.0,3,2,1700,825 TYLER AVE,New Orleans,Louisiana,28078,1430.1,Jefferson,102117.0,29.951,-90.20501,24,118,19,17660
70116,545000.0,2,2,1122,1029 ESPLANADE AVE APT 11,New Orleans,Louisiana,10901,3321.6,Orleans,77732.0,29.96697,-90.06448,46,118,19,17301
70121,335000.0,2,2,1323,5 DAVIS BLVD,New Orleans,Louisiana,11648,1372.5,Jefferson,74284.0,29.9608,-90.15881,24,118,19,17566
70118,480000.0,4,4,2214,8823 BIRCH ST,New Orleans,Louisiana,35699,2980.3,Orleans,111331.0,29.9451,-90.1257,46,118,19,17438
70117,400000.0,1,1,715,535 MANDEVILLE ST,New Orleans,Louisiana,27009,1894.5,Orleans,61422.0,29.9685,-90.03004,46,118,19,17413
70122,219000.0,3,2,1560,3938 CLEMATIS ST,New Orleans,Louisiana,35886,2210.2,Orleans,67620.0,30.00835,-90.06467,46,118,19,17602
70114,175000.0,3,2,1067,1243 PACE BLVD,New Orleans,Louisiana,21911,1674.1,Orleans,57430.0,29.93704,-90.0321,46,118,19,17209
70118,450000.0,3,2,1783,2831 CALHOUN ST,New Orleans,Louisiana,35699,2980.3,Orleans,111331.0,29.9451,-90.1257,46,118,19,17458
