Zip Code,Price,Beds,Baths,Living Space,Address,City,State,Zip Code Population,Zip Code Density,County,Median Household Income,Latitude,Longitude,county_num,city_num,state_num,address_num
95122,1149888.0,4,2,1545,1711 TUSTIN DR,San Jose,California,54100,4368.1,Santa Clara,120376.0,37.32925,-121.83481,83,238,26,35836
95123,389000.0,3,2,1100,165 BLOSSOM HILL RD,San Jose,California,71118,3510.4,Santa Clara,165181.0,37.24479,-121.83306,83,238,26,35840
95124,1799000.0,4,3,2048,2450 NEW JERSEY AVE,San Jose,California,52442,3073.3,Santa Clara,231869.0,37.25684,-121.92286,83,238,26,35930
95134,250000.0,3,2,1440,725 SPINDRIFT DR,San Jose,California,31172,1113.6,Santa Clara,203618.0,37.43003,-121.94528,83,238,26,36232
95125,4225000.0,6,7,4501,1238 BLEWETT AVE,San Jose,California,53478,2834.4,Santa Clara,224763.0,37.29554,-121.89408,83,238,26,36012
95129,598000.0,2,1,924,410 AUBURN WAY APT 13,San Jose,California,39318,3326.8,Santa Clara,232036.0,37.30597,-122.00072,83,238,26,36153
95132,1499950.0,4,3,1836,1471 MARDAN DR,San Jose,California,41337,583.5,Santa Clara,200701.0,37.41994,-121.79059,83,238,26,36181
95127,1499000.0,3,2,2215,10812 HUBBARD WAY,San Jose,California,63103,1280.2,Santa Clara,152515.0,37.37453,-121.78733,83,238,26,36089
95123,529988.0,2,1,810,5517 TYHURST CT APT 1,San Jose,California,71118,3510.4,Santa Clara,165181.0,37.24479,-121.83306,83,238,26,35890
95119,1250000.0,5,2,1586,281 MARTINVALE LN,San Jose,California,10354,940.2,Santa Clara,186941.0,37.22756,-121.79077,83,238,26,35757
95116,1050000.0,3,3,1176,1369 SHORTRIDGE AVE,San Jose,California,52245,5660.4,Santa Clara,110586.0,37.35043,-121.85255,83,238,26,35720
95136,278000.0,2,2,1060,510 SADDLEBROOK DR,San Jose,California,48867,3626.1,Santa Clara,172715.0,37.27192,-121.85237,83,238,26,36307
95113,700000.0,1,1,899,88 E SAN FERNANDO ST UNIT 1509,San Jose,California,2216,2456.7,Santa Clara,169529.0,37.3339,-121.8905,83,238,26,35702
95123,535000.0,1,1,650,3505 LA TERRACE CIR,San Jose,California,71118,3510.4,Santa Clara,165181.0,37.24479,-121.83306,83,238,26,35887
95116,975000.0,3,2,1287,1771 BEVERLY BLVD,San Jose,California,52245,5660.4,Santa Clara,110586.0,37.35043,-121.85255,83,238,26,35721
95129,2280000.0,3,2,1456,4913 BORINA DR,San Jose,California,39318,3326.8,Santa Clara,232036.0,37.30597,-122.00072,83,238,26,36139
95127,1598000.0,4,3,2216,158 PIAZZA WAY,San Jose,California,63103,1280.2,Santa Clara,152515.0,37.37453,-121.78733,83,238,26,36096
95148,1250000.0,4,2,1800,3273 SUENO DR,San Jose,California,47305,2317.1,Santa Clara,188361.0,37.33252,-121.78142,83,238,26,36342
95111,899000.0,3,2,1400,5463 CENTURY PARK WAY,San Jose,California,60687,4036.2,Santa Clara,121715.0,37.28401,-121.82731,83,238,26,35653
95112,1249950.0,3,2,1713,872 E SAINT JAMES ST,San Jose,California,58489,3106.4,Santa Clara,120083.0,37.34461,-121.88346,83,238,26,35696
95136,1348000.0,4,4,2002,254 AGUSTIN NARVAEZ ST UNIT 3,San Jose,California,48867,3626.1,Santa Clara,172715.0,37.27192,-121.85237,83,238,26,36284
95120,1150000.0,3,3,1470,7287 SLEEPY CREEK DR,San Jose,California,38358,376.8,Santa Clara,297716.0,37.18428,-121.83658,83,238,26,35774
95122,999888.0,5,2,1903,2325 BLUEBELL AVE,San Jose,California,54100,4368.1,Santa Clara,120376.0,37.32925,-121.83481,83,238,26,35839
95131,268800.0,3,2,1180,2151 OAKLAND RD SPC 154,San Jose,California,31566,2110.3,Santa Clara,197282.0,37.38729,-121.89793,83,238,26,36174
95127,1678900.0,4,3,3177,564 GIANT WAY,San Jose,California,63103,1280.2,Santa Clara,152515.0,37.37453,-121.78733,83,238,26,36094
95129,5080000.0,7,7,4147,1135 DANBURY DR,San Jose,California,39318,3326.8,Santa Clara,232036.0,37.30597,-122.00072,83,238,26,36146
95126,798888.0,2,2,1258,1390 SADDLE RACK ST APT 314,San Jose,California,36457,4243.0,Santa Clara,165198.0,37.32687,-121.91677,83,238,26,36045
95125,1688888.0,3,2,1193,769 COE AVE,San Jose,California,53478,2834.4,Santa Clara,224763.0,37.29554,-121.89408,83,238,26,36024
95136,1375000.0,3,2,1424,4262 MEG DR,San Jose,California,48867,3626.1,Santa Clara,172715.0,37.27192,-121.85237,83,238,26,36311
95112,899000.0,2,1,1048,344 N 16TH ST,San Jose,California,58489,3106.4,Santa Clara,120083.0,37.34461,-121.88346,83,238,26,35692
95136,1199000.0,3,2,1895,179 LLANO DE LOS ROBLES AVE UNIT 5,San Jose,California,48867,3626.1,Santa Clara,172715.0,37.27192,-121.85237,83,238,26,36289
95127,1175000.0,3,2,1176,12641 TALLENT AVE,San Jose,California,63103,1280.2,Santa Clara,152515.0,37.37453,-121.78733,83,238,26,36103
95126,825000.0,2,2,1311,1310 SADDLE RACK ST APT 327,San Jose,California,36457,4243.0,Santa Clara,165198.0,37.32687,-121.91677,83,238,26,36054
95126,2625000.0,4,4,2852,1436 ROSECREST TER,San Jose,California,36457,4243.0,Santa Clara,165198.0,37.32687,-121.91677,83,238,26,36037
95126,1349000.0,2,2,1194,1275 MAGNOLIA AVE,San Jose,California,36457,4243.0,Santa Clara,165198.0,37.32687,-121.91677,83,238,26,36047
95131,365000.0,3,2,1596,2151 OAKLAND RD,San Jose,California,31566,2110.3,Santa Clara,197282.0,37.38729,-121.89793,83,238,26,36167
95148,1688888.0,5,3,2697,2240 RUBY AVE,San Jose,California,47305,2317.1,Santa Clara,188361.0,37.33252,-121.78142,83,238,26,36353
95123,1149000.0,3,4,1712,5866 SMOKY QUARTZ LOOP,San Jose,California,71118,3510.4,Santa Clara,165181.0,37.24479,-121.83306,83,238,26,35842
95133,1299888.0,3,4,1697,1033 WHITE PEACH WAY,San Jose,California,28902,3421.6,Santa Clara,173587.0,37.37171,-121.86057,83,238,26,36200
95128,748800.0,2,2,1216,1445 FRUITDALE AVE UNIT 215,San Jose,California,35367,3473.9,Santa Clara,163539.0,37.31579,-121.93647,83,238,26,36113
95125,1624000.0,3,2,1804,110 GLEN EYRIE AVE,San Jose,California,53478,2834.4,Santa Clara,224763.0,37.29554,-121.89408,83,238,26,36020
95119,1332471.0,4,4,2029,6617 OPTIMUM LOOP,San Jose,California,10354,940.2,Santa Clara,186941.0,37.22756,-121.79077,83,238,26,35756
95123,1399000.0,4,2,1495,6166 IOWA DR,San Jose,California,71118,3510.4,Santa Clara,165181.0,37.24479,-121.83306,83,238,26,35861
95125,2199950.0,3,3,2439,1549 HICKS AVE,San Jose,California,53478,2834.4,Santa Clara,224763.0,37.29554,-121.89408,83,238,26,36017
95136,1750000.0,4,3,1860,4437 HAMPSHIRE PL,San Jose,California,48867,3626.1,Santa Clara,172715.0,37.27192,-121.85237,83,238,26,36313
95135,865000.0,2,2,1804,7783 BELTANE DR,San Jose,California,22010,65.7,Santa Clara,244898.0,37.22285,-121.55913,83,238,26,36238
95123,1395000.0,3,2,1625,6268 HOKETT WAY,San Jose,California,71118,3510.4,Santa Clara,165181.0,37.24479,-121.83306,83,238,26,35859
95113,585000.0,1,1,692,25 S 3RD ST UNIT 411,San Jose,California,2216,2456.7,Santa Clara,169529.0,37.3339,-121.8905,83,238,26,35699
95131,1949000.0,5,3,2449,2271 WOODRANCH RD,San Jose,California,31566,2110.3,Santa Clara,197282.0,37.38729,-121.89793,83,238,26,36179
95125,668000.0,2,1,865,1734 BRADDOCK CT,San Jose,California,53478,2834.4,Santa Clara,224763.0,37.29554,-121.89408,83,238,26,36001
95123,1695000.0,4,3,2124,918 FOOTHILL DR,San Jose,California,71118,3510.4,Santa Clara,165181.0,37.24479,-121.83306,83,238,26,35882
95111,1199000.0,3,2,1363,4642 PALOMA AVE,San Jose,California,60687,4036.2,Santa Clara,121715.0,37.28401,-121.82731,83,238,26,35649
95125,952800.0,2,2,1228,1853 ALMADEN RD APT 215,San Jose,California,53478,2834.4,Santa Clara,224763.0,37.29554,-121.89408,83,238,26,35967
95136,770000.0,1,2,816,3034 EMPOLI ST UNIT 2,San Jose,California,48867,3626.1,Santa Clara,172715.0,37.27192,-121.85237,83,238,26,36273
95131,1698000.0,5,4,2870,1726 CORALTREE PL,San Jose,California,31566,2110.3,Santa Clara,197282.0,37.38729,-121.89793,83,238,26,36172
95124,2250000.0,4,3,2547,4919 KENSON DR,San Jose,California,52442,3073.3,Santa Clara,231869.0,37.25684,-121.92286,83,238,26,35933
95148,950000.0,3,2,1287,1866 OAKTON CT,San Jose,California,47305,2317.1,Santa Clara,188361.0,37.33252,-121.78142,83,238,26,36351
95125,872800.0,2,2,1067,1853 ALMADEN RD APT 204,San Jose,California,53478,2834.4,Santa Clara,224763.0,37.29554,-121.89408,83,238,26,35958
95113,589000.0,1,1,887,20 S 2ND ST UNIT 238,San Jose,California,2216,2456.7,Santa Clara,169529.0,37.3339,-121.8905,83,238,26,35705
95136,1650000.0,3,2,1910,4344 BEECHMONT AVE,San Jose,California,48867,3626.1,Santa Clara,172715.0,37.27192,-121.85237,83,238,26,36302
95133,1000000.0,3,2,1538,1645 MELODY LN,San Jose,California,28902,3421.6,Santa Clara,173587.0,37.37171,-121.86057,83,238,26,36204
95127,1599800.0,4,3,2234,88 DONNA ADELLE CT,San Jose,California,63103,1280.2,Santa Clara,152515.0,37.37453,-121.78733,83,238,26,36065
95124,639000.0,1,1,815,3212 KIMBER CT APT 79,San Jose,California,52442,3073.3,Santa Clara,231869.0,37.25684,-121.92286,83,238,26,35909
95131,1299000.0,3,3,1482,1613 VALLEY CREST DR,San Jose,California,31566,2110.3,Santa Clara,197282.0,37.38729,-121.89793,83,238,26,36175
95126,975000.0,3,2,1468,1485 W SAN CARLOS ST,San Jose,California,36457,4243.0,Santa Clara,165198.0,37.32687,-121.91677,83,238,26,36028
95128,629000.0,1,1,723,1445 FRUITDALE AVE UNIT 222,San Jose,California,35367,3473.9,Santa Clara,163539.0,37.31579,-121.93647,83,238,26,36123
95130,1968000.0,4,3,1911,2233 MONTEZUMA DRIVE,San Jose,California,13147,3527.5,Santa Clara,206992.0,37.28803,-121.98146,83,238,26,36163
95126,704000.0,1,2,841,88 BUSH ST UNIT 2200,San Jose,California,36457,4243.0,Santa Clara,165198.0,37.32687,-121.91677,83,238,26,36031
95136,1498000.0,4,3,2124,5062 TOTTENHAM CT,San Jose,California,48867,3626.1,Santa Clara,172715.0,37.27192,-121.85237,83,238,26,36295
95122,928000.0,3,2,1575,2099 NAIDA AVE,San Jose,California,54100,4368.1,Santa Clara,120376.0,37.32925,-121.83481,83,238,26,35832
95120,4699000.0,5,5,5558,7175 GLENVIEW DR,San Jose,California,38358,376.8,Santa Clara,297716.0,37.18428,-121.83658,83,238,26,35769
95136,859000.0,2,2,1200,2988 GRASSINA ST UNIT 413,San Jose,California,48867,3626.1,Santa Clara,172715.0,37.27192,-121.85237,83,238,26,36282
95136,1300000.0,3,2,1442,4313 MONET PL,San Jose,California,48867,3626.1,Santa Clara,172715.0,37.27192,-121.85237,83,238,26,36263
95138,2880000.0,4,3,3112,5410 LIGURIAN DR,San Jose,California,19827,294.0,Santa Clara,255752.0,37.2462,-121.73287,83,238,26,36318
95128,1899999.0,3,3,2471,2320 HOMEWOOD DR,San Jose,California,35367,3473.9,Santa Clara,163539.0,37.31579,-121.93647,83,238,26,36121
95126,1495000.0,3,4,1977,1340 DAHLIA LOOP,San Jose,California,36457,4243.0,Santa Clara,165198.0,37.32687,-121.91677,83,238,26,36055
95126,1200000.0,4,4,1930,922 GASPAR VIS,San Jose,California,36457,4243.0,Santa Clara,165198.0,37.32687,-121.91677,83,238,26,36046
95123,1199000.0,3,3,1546,5389 ARMONK CT,San Jose,California,71118,3510.4,Santa Clara,165181.0,37.24479,-121.83306,83,238,26,35864
95123,679888.0,2,1,904,1000 LA TERRACE CIR,San Jose,California,71118,3510.4,Santa Clara,165181.0,37.24479,-121.83306,83,238,26,35873
95122,1148000.0,4,3,1595,1269 LYNN AVE,San Jose,California,54100,4368.1,Santa Clara,120376.0,37.32925,-121.83481,83,238,26,35837
95121,650000.0,2,2,988,1487 TIERRA BUENA DR,San Jose,California,37663,3271.3,Santa Clara,156963.0,37.30463,-121.80981,83,238,26,35804
95124,1698000.0,3,1,1173,14361 LENRAY LN,San Jose,California,52442,3073.3,Santa Clara,231869.0,37.25684,-121.92286,83,238,26,35922
95128,315800.0,2,2,1440,144 QUAIL HOLLOW DR SPC F,San Jose,California,35367,3473.9,Santa Clara,163539.0,37.31579,-121.93647,83,238,26,36118
95125,1998000.0,4,3,2234,1425 SAINT FRANCIS DR,San Jose,California,53478,2834.4,Santa Clara,224763.0,37.29554,-121.89408,83,238,26,36013
95131,1598000.0,3,2,1474,1121 JONESPORT CT,San Jose,California,31566,2110.3,Santa Clara,197282.0,37.38729,-121.89793,83,238,26,36165
95132,1498000.0,4,2,1598,3052 MELCHESTER DR,San Jose,California,41337,583.5,Santa Clara,200701.0,37.41994,-121.79059,83,238,26,36182
95117,1598000.0,7,7,1884,642 BOYNTON AVE,San Jose,California,28832,4797.7,Santa Clara,165573.0,37.31008,-121.96225,83,238,26,35730
95134,189000.0,2,2,792,402 LOS ENCINOS AVE,San Jose,California,31172,1113.6,Santa Clara,203618.0,37.43003,-121.94528,83,238,26,36231
95135,799999.0,2,2,1520,6058 MONTGOMERY BND,San Jose,California,22010,65.7,Santa Clara,244898.0,37.22285,-121.55913,83,238,26,36259
95121,818000.0,3,3,1360,1690 CEDARCREEK DR,San Jose,California,37663,3271.3,Santa Clara,156963.0,37.30463,-121.80981,83,238,26,35805
95122,589000.0,2,3,1052,2197 SUMMERTON DR,San Jose,California,54100,4368.1,Santa Clara,120376.0,37.32925,-121.83481,83,238,26,35830
95123,1298000.0,3,2,1232,6240 SAGER WAY,San Jose,California,71118,3510.4,Santa Clara,165181.0,37.24479,-121.83306,83,238,26,35858
95118,625000.0,2,1,903,1346 BRANHAM LN UNIT 3,San Jose,California,32703,3105.5,Santa Clara,183965.0,37.25589,-121.88991,83,238,26,35754
95148,1299000.0,3,2,1893,2372 PENTLAND WAY,San Jose,California,47305,2317.1,Santa Clara,188361.0,37.33252,-121.78142,83,238,26,36338
95134,248000.0,3,2,1200,206 EL BOSQUE DR,San Jose,California,31172,1113.6,Santa Clara,203618.0,37.43003,-121.94528,83,238,26,36218
95112,1899000.0,4,3,2898,765 E WILLIAM ST,San Jose,California,58489,3106.4,Santa Clara,120083.0,37.34461,-121.88346,83,238,26,35693
95135,700000.0,2,2,1646,8463 TRAMINER CT,San Jose,California,22010,65.7,Santa Clara,244898.0,37.22285,-121.55913,83,238,26,36243
95127,1498888.0,4,3,2315,16021 HIGHLAND DR,San Jose,California,63103,1280.2,Santa Clara,152515.0,37.37453,-121.78733,83,238,26,36074
95129,5000000.0,3,3,1559,1141 SARATOGA AVE,San Jose,California,39318,3326.8,Santa Clara,232036.0,37.30597,-122.00072,83,238,26,36154
95122,1050000.0,4,3,1548,1237 PANOCHE AVE,San Jose,California,54100,4368.1,Santa Clara,120376.0,37.32925,-121.83481,83,238,26,35825
95126,1198000.0,2,1,840,212 SUNOL ST,San Jose,California,36457,4243.0,Santa Clara,165198.0,37.32687,-121.91677,83,238,26,36039
95116,899000.0,3,1,1200,109 N KING RD,San Jose,California,52245,5660.4,Santa Clara,110586.0,37.35043,-121.85255,83,238,26,35716
95123,1048000.0,3,4,1822,323 FLINDER PL,San Jose,California,71118,3510.4,Santa Clara,165181.0,37.24479,-121.83306,83,238,26,35862
95135,799000.0,2,2,1490,7720 KILMARNOK DR,San Jose,California,22010,65.7,Santa Clara,244898.0,37.22285,-121.55913,83,238,26,36239
95133,1835888.0,5,4,2573,826 CAPE TRINITY PL,San Jose,California,28902,3421.6,Santa Clara,173587.0,37.37171,-121.86057,83,238,26,36202
95123,1349888.0,3,2,1760,109 LIME BLOSSOM CT,San Jose,California,71118,3510.4,Santa Clara,165181.0,37.24479,-121.83306,83,238,26,35886
95126,1999999.0,4,5,2704,1287 YOSEMITE AVE,San Jose,California,36457,4243.0,Santa Clara,165198.0,37.32687,-121.91677,83,238,26,36041
95110,1149000.0,3,2,1224,85 W ROSEMARY ST,San Jose,California,20377,1727.5,Santa Clara,168132.0,37.34656,-121.9097,83,238,26,35602
95123,499000.0,2,1,798,785 WARRING DR APT 4,San Jose,California,71118,3510.4,Santa Clara,165181.0,37.24479,-121.83306,83,238,26,35880
95123,359950.0,3,2,1567,195 BLOSSOM HILL RD,San Jose,California,71118,3510.4,Santa Clara,165181.0,37.24479,-121.83306,83,238,26,35853
95125,1175000.0,2,3,1641,1015 ROY AVE,San Jose,California,53478,2834.4,Santa Clara,224763.0,37.29554,-121.89408,83,238,26,36009
95123,1299000.0,3,2,1576,6088 CAHALAN AVE,San Jose,California,71118,3510.4,Santa Clara,165181.0,37.24479,-121.83306,83,238,26,35872
95112,1395000.0,3,2,2050,951 N 3RD ST,San Jose,California,58489,3106.4,Santa Clara,120083.0,37.34461,-121.88346,83,238,26,35656
95124,688800.0,2,1,886,3198 KIMBER CT APT 99,San Jose,California,52442,3073.3,Santa Clara,231869.0,37.25684,-121.92286,83,238,26,35914
95111,1058888.0,3,2,1719,335 GREY GHOST AVE,San Jose,California,60687,4036.2,Santa Clara,121715.0,37.28401,-121.82731,83,238,26,35644
95134,1050000.0,2,3,1130,4088 BISCOTTI PL,San Jose,California,31172,1113.6,Santa Clara,203618.0,37.43003,-121.94528,83,238,26,36229
95129,2099888.0,3,4,1858,1501 HUMMINGBIRD PL,San Jose,California,39318,3326.8,Santa Clara,232036.0,37.30597,-122.00072,83,238,26,36141
95122,598000.0,3,2,1150,1355 MCQUESTEN DR APT C,San Jose,California,54100,4368.1,Santa Clara,120376.0,37.32925,-121.83481,83,238,26,35838
95128,435000.0,1,1,658,1107 YARWOOD CT,San Jose,California,35367,3473.9,Santa Clara,163539.0,37.31579,-121.93647,83,238,26,36105
95136,1388000.0,4,2,1581,343 SUNPARK LN,San Jose,California,48867,3626.1,Santa Clara,172715.0,37.27192,-121.85237,83,238,26,36292
95116,199995.0,2,1,672,1500 VIRGINIA PL,San Jose,California,52245,5660.4,Santa Clara,110586.0,37.35043,-121.85255,83,238,26,35727
95129,1999888.0,3,2,1328,7016 BLUE HILL DR,San Jose,California,39318,3326.8,Santa Clara,232036.0,37.30597,-122.00072,83,238,26,36142
95125,1121000.0,3,4,1963,2686 VILLA CORTONA WAY,San Jose,California,53478,2834.4,Santa Clara,224763.0,37.29554,-121.89408,83,238,26,35986
95136,275000.0,2,2,986,510 SADDLE BROOK DR,San Jose,California,48867,3626.1,Santa Clara,172715.0,37.27192,-121.85237,83,238,26,36265
95125,328888.0,2,2,1584,533 MILL POND DR,San Jose,California,53478,2834.4,Santa Clara,224763.0,37.29554,-121.89408,83,238,26,35984
95112,1118000.0,3,1,1316,818 N 13TH ST,San Jose,California,58489,3106.4,Santa Clara,120083.0,37.34461,-121.88346,83,238,26,35676
95118,1298000.0,3,2,1214,1527 SANTA MONICA AVE,San Jose,California,32703,3105.5,Santa Clara,183965.0,37.25589,-121.88991,83,238,26,35747
95112,699000.0,2,3,1050,384 S 11TH ST,San Jose,California,58489,3106.4,Santa Clara,120083.0,37.34461,-121.88346,83,238,26,35658
95110,590000.0,1,1,733,1375 LICK AVE APT 530,San Jose,California,20377,1727.5,Santa Clara,168132.0,37.34656,-121.9097,83,238,26,35615
95126,608888.0,1,2,824,809 AUZERAIS AVE UNIT 419,San Jose,California,36457,4243.0,Santa Clara,165198.0,37.32687,-121.91677,83,238,26,36044
95127,399950.0,1,1,777,247 N CAPITOL AVE UNIT 185,San Jose,California,63103,1280.2,Santa Clara,152515.0,37.37453,-121.78733,83,238,26,36080
95126,860000.0,3,3,1291,1321 FRUITDALE AVE,San Jose,California,36457,4243.0,Santa Clara,165198.0,37.32687,-121.91677,83,238,26,36048
95138,3388800.0,5,3,3579,2182 SHADOW RIDGE WAY,San Jose,California,19827,294.0,Santa Clara,255752.0,37.2462,-121.73287,83,238,26,36319
95120,2448000.0,4,3,3260,5911 CROSSMONT CIR,San Jose,California,38358,376.8,Santa Clara,297716.0,37.18428,-121.83658,83,238,26,35775
95124,1300000.0,3,2,1555,3833 MERIDIAN AVE,San Jose,California,52442,3073.3,Santa Clara,231869.0,37.25684,-121.92286,83,238,26,35948
95120,4500000.0,6,5,6738,20690 VIEW OAKS WAY,San Jose,California,38358,376.8,Santa Clara,297716.0,37.18428,-121.83658,83,238,26,35787
95120,1298000.0,3,3,1961,7011 SILVER BROOK CT,San Jose,California,38358,376.8,Santa Clara,297716.0,37.18428,-121.83658,83,238,26,35785
95125,1348000.0,3,3,2085,1273 SETAREH CT,San Jose,California,53478,2834.4,Santa Clara,224763.0,37.29554,-121.89408,83,238,26,36023
95136,1488888.0,4,4,2149,2963 VALLEY OF HEARTS DELIGHT PL,San Jose,California,48867,3626.1,Santa Clara,172715.0,37.27192,-121.85237,83,238,26,36306
95124,1849000.0,3,2,1434,5401 MARY JO WAY,San Jose,California,52442,3073.3,Santa Clara,231869.0,37.25684,-121.92286,83,238,26,35910
95116,950000.0,3,1,1150,83 N KING RD,San Jose,California,52245,5660.4,Santa Clara,110586.0,37.35043,-121.85255,83,238,26,35725
95136,899000.0,3,3,1441,4639 SMOKE RIVER CT,San Jose,California,48867,3626.1,Santa Clara,172715.0,37.27192,-121.85237,83,238,26,36305
95120,1750000.0,3,3,1785,6249 VIA DE ADRIANNA,San Jose,California,38358,376.8,Santa Clara,297716.0,37.18428,-121.83658,83,238,26,35789
95125,3999999.0,5,5,5937,954 TERRA BELLA AVE,San Jose,California,53478,2834.4,Santa Clara,224763.0,37.29554,-121.89408,83,238,26,35999
95148,1399000.0,4,2,1826,2207 VISTA VERDE DR,San Jose,California,47305,2317.1,Santa Clara,188361.0,37.33252,-121.78142,83,238,26,36349
95121,900000.0,3,2,1219,2474 ELKINS WAY,San Jose,California,37663,3271.3,Santa Clara,156963.0,37.30463,-121.80981,83,238,26,35800
95111,900000.0,3,2,1137,549 SERENADE WAY,San Jose,California,60687,4036.2,Santa Clara,121715.0,37.28401,-121.82731,83,238,26,35642
95123,699000.0,2,1,852,5877 LAKE ALMANOR DR,San Jose,California,71118,3510.4,Santa Clara,165181.0,37.24479,-121.83306,83,238,26,35869
95127,990000.0,3,3,2014,524 HOBIE LN,San Jose,California,63103,1280.2,Santa Clara,152515.0,37.37453,-121.78733,83,238,26,36078
95126,1198000.0,3,4,1588,81 MULLER PL,San Jose,California,36457,4243.0,Santa Clara,165198.0,37.32687,-121.91677,83,238,26,36032
95134,285000.0,2,2,1245,4271 N 1ST ST,San Jose,California,31172,1113.6,Santa Clara,203618.0,37.43003,-121.94528,83,238,26,36225
95136,1895000.0,4,3,2515,5010 NARVAEZ AVE,San Jose,California,48867,3626.1,Santa Clara,172715.0,37.27192,-121.85237,83,238,26,36283
95125,1199000.0,3,1,1152,555 ATLANTA AVE,San Jose,California,53478,2834.4,Santa Clara,224763.0,37.29554,-121.89408,83,238,26,36022
95123,1820000.0,5,3,2509,5965 ARABIAN CT,San Jose,California,71118,3510.4,Santa Clara,165181.0,37.24479,-121.83306,83,238,26,35855
95119,1250000.0,4,2,1735,263 CRESTA VISTA WAY,San Jose,California,10354,940.2,Santa Clara,186941.0,37.22756,-121.79077,83,238,26,35755
95117,998000.0,3,3,1626,461 NORTHLAKE DR APT 25,San Jose,California,28832,4797.7,Santa Clara,165573.0,37.31008,-121.96225,83,238,26,35729
95125,788000.0,2,1,780,522 FELIX WAY,San Jose,California,53478,2834.4,Santa Clara,224763.0,37.29554,-121.89408,83,238,26,35994
95124,3475000.0,5,6,3979,14455 BERCAW LN,San Jose,California,52442,3073.3,Santa Clara,231869.0,37.25684,-121.92286,83,238,26,35947
95125,170000.0,1,1,516,1850 EVANS LN SPC 69,San Jose,California,53478,2834.4,Santa Clara,224763.0,37.29554,-121.89408,83,238,26,35993
95110,899000.0,2,2,1596,46 W JULIAN ST UNIT 431,San Jose,California,20377,1727.5,Santa Clara,168132.0,37.34656,-121.9097,83,238,26,35605
95112,1199000.0,3,2,1684,1015 JACKSON ST,San Jose,California,58489,3106.4,Santa Clara,120083.0,37.34461,-121.88346,83,238,26,35672
95125,770800.0,2,2,902,1853 ALMADEN RD APT 424,San Jose,California,53478,2834.4,Santa Clara,224763.0,37.29554,-121.89408,83,238,26,36026
95123,265000.0,2,2,1488,531 FLORENTINE DR,San Jose,California,71118,3510.4,Santa Clara,165181.0,37.24479,-121.83306,83,238,26,35841
95112,1269000.0,3,2,1278,490 N 5TH ST,San Jose,California,58489,3106.4,Santa Clara,120083.0,37.34461,-121.88346,83,238,26,35674
95138,244900.0,3,2,1248,200 FORD RD,San Jose,California,19827,294.0,Santa Clara,255752.0,37.2462,-121.73287,83,238,26,36316
95112,2098000.0,4,3,2608,382 S 17TH ST,San Jose,California,58489,3106.4,Santa Clara,120083.0,37.34461,-121.88346,83,238,26,35671
95123,1298000.0,3,2,1679,6168 SPRINGER WAY,San Jose,California,71118,3510.4,Santa Clara,165181.0,37.24479,-121.83306,83,238,26,35874
95126,1599000.0,4,2,1657,1550 MARTIN AVE,San Jose,California,36457,4243.0,Santa Clara,165198.0,37.32687,-121.91677,83,238,26,36035
95124,2500000.0,5,3,2423,1743 EL CODO WAY,San Jose,California,52442,3073.3,Santa Clara,231869.0,37.25684,-121.92286,83,238,26,35916
95128,1300000.0,2,2,1099,334 SANTANA ROW APT 325,San Jose,California,35367,3473.9,Santa Clara,163539.0,37.31579,-121.93647,83,238,26,36131
95122,1368888.0,3,3,2000,865 CONNIE LN,San Jose,California,54100,4368.1,Santa Clara,120376.0,37.32925,-121.83481,83,238,26,35831
95129,2475000.0,6,4,3076,580 SHADOW GLN,San Jose,California,39318,3326.8,Santa Clara,232036.0,37.30597,-122.00072,83,238,26,36137
95127,1535000.0,3,3,3150,11007 BRUNDAGE WAY,San Jose,California,63103,1280.2,Santa Clara,152515.0,37.37453,-121.78733,83,238,26,36079
95136,1449000.0,5,3,2236,4269 SAYOKO CIR,San Jose,California,48867,3626.1,Santa Clara,172715.0,37.27192,-121.85237,83,238,26,36308
95148,1999000.0,5,3,2037,2930 MITTON DR,San Jose,California,47305,2317.1,Santa Clara,188361.0,37.33252,-121.78142,83,238,26,36343
95124,3115000.0,4,5,3208,2109 CULLY PL,San Jose,California,52442,3073.3,Santa Clara,231869.0,37.25684,-121.92286,83,238,26,35929
95111,1017888.0,4,4,1593,3015 SENTER RD,San Jose,California,60687,4036.2,Santa Clara,121715.0,37.28401,-121.82731,83,238,26,35638
95133,1090000.0,3,3,1608,1929 GALILEO CIR,San Jose,California,28902,3421.6,Santa Clara,173587.0,37.37171,-121.86057,83,238,26,36216
95111,189900.0,1,1,396,4320 MONTEREY HWY,San Jose,California,60687,4036.2,Santa Clara,121715.0,37.28401,-121.82731,83,238,26,35625
95125,1595000.0,4,2,1738,1930 JONATHAN AVE,San Jose,California,53478,2834.4,Santa Clara,224763.0,37.29554,-121.89408,83,238,26,35969
95127,956000.0,2,1,1155,191 TALMADGE AVE,San Jose,California,63103,1280.2,Santa Clara,152515.0,37.37453,-121.78733,83,238,26,36072
95136,999950.0,3,4,1690,556 KING GEORGE AVE,San Jose,California,48867,3626.1,Santa Clara,172715.0,37.27192,-121.85237,83,238,26,36280
95135,1299000.0,2,3,2205,8759 MCCARTY RANCH DR,San Jose,California,22010,65.7,Santa Clara,244898.0,37.22285,-121.55913,83,238,26,36254
95126,3499000.0,4,4,3931,1253 FREMONT ST,San Jose,California,36457,4243.0,Santa Clara,165198.0,37.32687,-121.91677,83,238,26,36053
95124,3275000.0,5,6,3499,2105 CULLY PL,San Jose,California,52442,3073.3,Santa Clara,231869.0,37.25684,-121.92286,83,238,26,35941
95133,627000.0,2,2,832,1055 N CAPITOL AVE APT 193,San Jose,California,28902,3421.6,Santa Clara,173587.0,37.37171,-121.86057,83,238,26,36214
95122,920000.0,3,1,910,1423 BAL HARBOR WAY,San Jose,California,54100,4368.1,Santa Clara,120376.0,37.32925,-121.83481,83,238,26,35821
95132,1390000.0,4,2,1574,1492 SHAFFER DR,San Jose,California,41337,583.5,Santa Clara,200701.0,37.41994,-121.79059,83,238,26,36193
95131,1335000.0,3,2,1319,2314 EMERALD HILLS CIR,San Jose,California,31566,2110.3,Santa Clara,197282.0,37.38729,-121.89793,83,238,26,36168
95127,1288000.0,4,2,1649,3811 MCKEE RD,San Jose,California,63103,1280.2,Santa Clara,152515.0,37.37453,-121.78733,83,238,26,36088
95135,775000.0,3,2,1572,7542 PORTREE DR,San Jose,California,22010,65.7,Santa Clara,244898.0,37.22285,-121.55913,83,238,26,36241
95132,799000.0,3,2,1121,2935 SUTTERGATE WAY,San Jose,California,41337,583.5,Santa Clara,200701.0,37.41994,-121.79059,83,238,26,36194
95148,365000.0,2,2,2040,2699 WHISPERING HILLS RD,San Jose,California,47305,2317.1,Santa Clara,188361.0,37.33252,-121.78142,83,238,26,36336
95119,975900.0,2,2,1404,5935 FLASH CT,San Jose,California,10354,940.2,Santa Clara,186941.0,37.22756,-121.79077,83,238,26,35758
95133,888000.0,4,3,1596,856 TOIYABE CT,San Jose,California,28902,3421.6,Santa Clara,173587.0,37.37171,-121.86057,83,238,26,36195
95127,899000.0,3,2,1404,217 CHALET AVE,San Jose,California,63103,1280.2,Santa Clara,152515.0,37.37453,-121.78733,83,238,26,36062
95131,519000.0,1,1,645,2421 JUBILEE LN,San Jose,California,31566,2110.3,Santa Clara,197282.0,37.38729,-121.89793,83,238,26,36178
95122,988888.0,4,2,1329,1425 TAPER CT,San Jose,California,54100,4368.1,Santa Clara,120376.0,37.32925,-121.83481,83,238,26,35826
95136,1099888.0,3,3,1894,553 KING GEORGE AVE,San Jose,California,48867,3626.1,Santa Clara,172715.0,37.27192,-121.85237,83,238,26,36314
95120,1999888.0,4,2,2006,6680 TANNAHILL DR,San Jose,California,38358,376.8,Santa Clara,297716.0,37.18428,-121.83658,83,238,26,35766
95131,944888.0,2,3,1181,1847 BRISTOL BAY CMN,San Jose,California,31566,2110.3,Santa Clara,197282.0,37.38729,-121.89793,83,238,26,36171
95128,299900.0,3,2,1440,109 QUAIL HOLLOW DR,San Jose,California,35367,3473.9,Santa Clara,163539.0,37.31579,-121.93647,83,238,26,36120
95133,1149999.0,4,4,1648,2570 BATON ROUGE DR,San Jose,California,28902,3421.6,Santa Clara,173587.0,37.37171,-121.86057,83,238,26,36209
95121,925000.0,3,2,1220,2952 STANHOPE DR,San Jose,California,37663,3271.3,Santa Clara,156963.0,37.30463,-121.80981,83,238,26,35811
95127,1399888.0,3,2,1152,14194 CLAYTON RD,San Jose,California,63103,1280.2,Santa Clara,152515.0,37.37453,-121.78733,83,238,26,36073
95125,975000.0,2,2,1008,1141 GLENMEADOW CT,San Jose,California,53478,2834.4,Santa Clara,224763.0,37.29554,-121.89408,83,238,26,35979
95120,1699500.0,4,3,2191,1075 FLEETWOOD DR,San Jose,California,38358,376.8,Santa Clara,297716.0,37.18428,-121.83658,83,238,26,35783
95125,1023800.0,3,2,1299,1853 ALMADEN RD APT 301,San Jose,California,53478,2834.4,Santa Clara,224763.0,37.29554,-121.89408,83,238,26,35998
95126,745000.0,2,2,1091,1497 DE ROSE WAY APT 212,San Jose,California,36457,4243.0,Santa Clara,165198.0,37.32687,-121.91677,83,238,26,36027
95131,799000.0,3,2,1203,1426 PARK ENTRANCE DR,San Jose,California,31566,2110.3,Santa Clara,197282.0,37.38729,-121.89793,83,238,26,36166
95120,1674000.0,3,2,2151,20081 ALMADEN RD,San Jose,California,38358,376.8,Santa Clara,297716.0,37.18428,-121.83658,83,238,26,35784
95131,299999.0,3,2,1440,2151 OAKLAND RD,San Jose,California,31566,2110.3,Santa Clara,197282.0,37.38729,-121.89793,83,238,26,36167
95124,2860000.0,4,5,2844,2092 CULLY PL,San Jose,California,52442,3073.3,Santa Clara,231869.0,37.25684,-121.92286,83,238,26,35935
95112,269900.0,2,2,550,2150 MONTEREY HWY,San Jose,California,58489,3106.4,Santa Clara,120083.0,37.34461,-121.88346,83,238,26,35688
95113,1029000.0,2,2,1224,88 E SAN FERNANDO ST UNIT 2002,San Jose,California,2216,2456.7,Santa Clara,169529.0,37.3339,-121.8905,83,238,26,35704
95112,798000.0,1,2,1336,532 MANZANA PL,San Jose,California,58489,3106.4,Santa Clara,120083.0,37.34461,-121.88346,83,238,26,35667
95113,895000.0,2,2,1165,88 E SAN FERNANDO ST UNIT 1501,San Jose,California,2216,2456.7,Santa Clara,169529.0,37.3339,-121.8905,83,238,26,35701
95128,989950.0,2,1,975,444 LASWELL AVE,San Jose,California,35367,3473.9,Santa Clara,163539.0,37.31579,-121.93647,83,238,26,36109
95128,1299000.0,2,2,1548,2249 W HEDDING ST,San Jose,California,35367,3473.9,Santa Clara,163539.0,37.31579,-121.93647,83,238,26,36124
95124,2088000.0,4,2,1622,1758 COMSTOCK LN,San Jose,California,52442,3073.3,Santa Clara,231869.0,37.25684,-121.92286,83,238,26,35932
95136,1198000.0,3,2,1303,352 GRANDPARK CIR,San Jose,California,48867,3626.1,Santa Clara,172715.0,37.27192,-121.85237,83,238,26,36287
95148,1325000.0,2,2,1650,2522 SUGARPLUM DR,San Jose,California,47305,2317.1,Santa Clara,188361.0,37.33252,-121.78142,83,238,26,36347
95112,649900.0,1,1,789,435 N 2ND ST UNIT 212,San Jose,California,58489,3106.4,Santa Clara,120083.0,37.34461,-121.88346,83,238,26,35679
95127,858800.0,3,2,982,10319 BEEMAN DR,San Jose,California,63103,1280.2,Santa Clara,152515.0,37.37453,-121.78733,83,238,26,36077
95112,1399800.0,4,3,1748,761 N 11TH ST,San Jose,California,58489,3106.4,Santa Clara,120083.0,37.34461,-121.88346,83,238,26,35689
95128,1050000.0,2,3,993,570 ARLETA AVE,San Jose,California,35367,3473.9,Santa Clara,163539.0,37.31579,-121.93647,83,238,26,36122
95138,6995000.0,2,1,1200,6821 SILVER CREEK RD,San Jose,California,19827,294.0,Santa Clara,255752.0,37.2462,-121.73287,83,238,26,36325
95112,799999.0,2,2,1421,144 S 3RD ST UNIT 536,San Jose,California,58489,3106.4,Santa Clara,120083.0,37.34461,-121.88346,83,238,26,35694
95111,719000.0,4,2,1322,3191 GROTH CT,San Jose,California,60687,4036.2,Santa Clara,121715.0,37.28401,-121.82731,83,238,26,35650
95136,839000.0,2,2,1104,609 ADELINE AVE,San Jose,California,48867,3626.1,Santa Clara,172715.0,37.27192,-121.85237,83,238,26,36269
95148,1295000.0,4,2,1457,3039 FENWICK WAY,San Jose,California,47305,2317.1,Santa Clara,188361.0,37.33252,-121.78142,83,238,26,36352
95129,2168000.0,3,2,1456,667 SPRINGWOOD DR,San Jose,California,39318,3326.8,Santa Clara,232036.0,37.30597,-122.00072,83,238,26,36147
95127,1698800.0,4,3,2585,1261 KAYLENE CT,San Jose,California,63103,1280.2,Santa Clara,152515.0,37.37453,-121.78733,83,238,26,36067
95123,1299999.0,3,3,1644,220 FRAGRANT HARBOR CT,San Jose,California,71118,3510.4,Santa Clara,165181.0,37.24479,-121.83306,83,238,26,35871
95121,728888.0,3,2,1176,2746 FRICKA CT,San Jose,California,37663,3271.3,Santa Clara,156963.0,37.30463,-121.80981,83,238,26,35794
95136,699888.0,2,2,1067,3181 HEATHER RIDGE DR,San Jose,California,48867,3626.1,Santa Clara,172715.0,37.27192,-121.85237,83,238,26,36276
95132,1499000.0,4,2,1412,3414 TRAFALGAR PL,San Jose,California,41337,583.5,Santa Clara,200701.0,37.41994,-121.79059,83,238,26,36189
95123,1400000.0,3,2,1617,413 CURIE DR,San Jose,California,71118,3510.4,Santa Clara,165181.0,37.24479,-121.83306,83,238,26,35891
95128,2499000.0,4,4,2685,1056 S DANIEL WAY,San Jose,California,35367,3473.9,Santa Clara,163539.0,37.31579,-121.93647,83,238,26,36111
95122,948800.0,3,2,1317,1342 NORVELLA ST,San Jose,California,54100,4368.1,Santa Clara,120376.0,37.32925,-121.83481,83,238,26,35819
95131,1180000.0,3,3,1536,2213 BEECH CIR,San Jose,California,31566,2110.3,Santa Clara,197282.0,37.38729,-121.89793,83,238,26,36176
95126,1249000.0,3,3,1625,891 GEORGETOWN PL,San Jose,California,36457,4243.0,Santa Clara,165198.0,37.32687,-121.91677,83,238,26,36036
95125,1898000.0,4,3,2426,1726 GUADALUPE AVE,San Jose,California,53478,2834.4,Santa Clara,224763.0,37.29554,-121.89408,83,238,26,36010
95120,2200000.0,4,3,2008,5870 MEANDER DR,San Jose,California,38358,376.8,Santa Clara,297716.0,37.18428,-121.83658,83,238,26,35773
95135,899000.0,2,2,1509,7622 STONESHIRE CT,San Jose,California,22010,65.7,Santa Clara,244898.0,37.22285,-121.55913,83,238,26,36251
95128,2388800.0,8,4,3625,2231 PEACHTREE LN,San Jose,California,35367,3473.9,Santa Clara,163539.0,37.31579,-121.93647,83,238,26,36125
95124,2925000.0,4,5,3003,2101 CULLY PL,San Jose,California,52442,3073.3,Santa Clara,231869.0,37.25684,-121.92286,83,238,26,35911
95124,3195000.0,4,5,3281,2117 CULLY PL,San Jose,California,52442,3073.3,Santa Clara,231869.0,37.25684,-121.92286,83,238,26,35940
95120,2240000.0,4,2,1795,6465 LITTLE FALLS DR,San Jose,California,38358,376.8,Santa Clara,297716.0,37.18428,-121.83658,83,238,26,35778
95116,649000.0,3,2,1165,2124 ALEXIAN DR,San Jose,California,52245,5660.4,Santa Clara,110586.0,37.35043,-121.85255,83,238,26,35723
95112,1599000.0,3,2,2005,105 S 15TH ST,San Jose,California,58489,3106.4,Santa Clara,120083.0,37.34461,-121.88346,83,238,26,35680
95118,1500000.0,3,2,1532,1237 CARRIE LEE WAY,San Jose,California,32703,3105.5,Santa Clara,183965.0,37.25589,-121.88991,83,238,26,35744
95129,2398000.0,4,2,1376,6149 COUNTESS DR,San Jose,California,39318,3326.8,Santa Clara,232036.0,37.30597,-122.00072,83,238,26,36143
95135,1598888.0,3,3,2201,8318 CHIANTI CT,San Jose,California,22010,65.7,Santa Clara,244898.0,37.22285,-121.55913,83,238,26,36234
95124,1848000.0,4,3,2467,1730 CAMBRIA CT,San Jose,California,52442,3073.3,Santa Clara,231869.0,37.25684,-121.92286,83,238,26,35903
95132,1198000.0,4,2,1234,3229 FALMOUTH ST,San Jose,California,41337,583.5,Santa Clara,200701.0,37.41994,-121.79059,83,238,26,36187
95118,1548000.0,3,2,1259,3434 PICADILLY DR,San Jose,California,32703,3105.5,Santa Clara,183965.0,37.25589,-121.88991,83,238,26,35741
95125,925000.0,2,3,1224,1384 KEENAN WAY,San Jose,California,53478,2834.4,Santa Clara,224763.0,37.29554,-121.89408,83,238,26,35951
95128,998000.0,3,2,1206,2016 MARDEL LN,San Jose,California,35367,3473.9,Santa Clara,163539.0,37.31579,-121.93647,83,238,26,36134
95112,899900.0,2,3,1626,386 E HEDDING ST,San Jose,California,58489,3106.4,Santa Clara,120083.0,37.34461,-121.88346,83,238,26,35657
95119,1325000.0,3,2,1516,246 CRESTA VISTA WAY,San Jose,California,10354,940.2,Santa Clara,186941.0,37.22756,-121.79077,83,238,26,35761
95110,839999.0,3,2,1148,1484 KEONCREST AVE,San Jose,California,20377,1727.5,Santa Clara,168132.0,37.34656,-121.9097,83,238,26,35609
95125,3390000.0,5,5,3487,1437 GERHARDT AVE,San Jose,California,53478,2834.4,Santa Clara,224763.0,37.29554,-121.89408,83,238,26,35997
95120,2974000.0,4,4,3192,7103 PETRUS COURT,San Jose,California,38358,376.8,Santa Clara,297716.0,37.18428,-121.83658,83,238,26,35779
95120,1898000.0,4,2,1859,967 WALLACE DR,San Jose,California,38358,376.8,Santa Clara,297716.0,37.18428,-121.83658,83,238,26,35764
95127,499000.0,2,2,955,247 N CAPITOL AVE UNIT 138,San Jose,California,63103,1280.2,Santa Clara,152515.0,37.37453,-121.78733,83,238,26,36081
95123,428888.0,3,2,1344,165 BLOSSOM HILL RD,San Jose,California,71118,3510.4,Santa Clara,165181.0,37.24479,-121.83306,83,238,26,35840
95125,540000.0,1,1,784,1527 ALMA TER,San Jose,California,53478,2834.4,Santa Clara,224763.0,37.29554,-121.89408,83,238,26,36006
95125,899000.0,2,2,1071,2086 FOXHALL LOOP,San Jose,California,53478,2834.4,Santa Clara,224763.0,37.29554,-121.89408,83,238,26,35974
95126,1649999.0,4,3,2085,182 S MORRISON AVE,San Jose,California,36457,4243.0,Santa Clara,165198.0,37.32687,-121.91677,83,238,26,36040
95112,968000.0,3,1,903,922 N 7TH ST,San Jose,California,58489,3106.4,Santa Clara,120083.0,37.34461,-121.88346,83,238,26,35686
95136,1398000.0,4,2,2084,5149 BARRON PARK DR,San Jose,California,48867,3626.1,Santa Clara,172715.0,37.27192,-121.85237,83,238,26,36298
95135,485000.0,2,2,1240,5331 CRIBARI GLN,San Jose,California,22010,65.7,Santa Clara,244898.0,37.22285,-121.55913,83,238,26,36249
95128,1049888.0,2,1,884,143 BROOKLYN AVE,San Jose,California,35367,3473.9,Santa Clara,163539.0,37.31579,-121.93647,83,238,26,36112
95110,788000.0,2,2,1133,1550 TECHNOLOGY DR UNIT 4070,San Jose,California,20377,1727.5,Santa Clara,168132.0,37.34656,-121.9097,83,238,26,35617
95121,262000.0,3,2,1440,3041 OAKBRIDGE DR,San Jose,California,37663,3271.3,Santa Clara,156963.0,37.30463,-121.80981,83,238,26,35806
95123,510000.0,2,1,798,766 WARRING DR APT 4,San Jose,California,71118,3510.4,Santa Clara,165181.0,37.24479,-121.83306,83,238,26,35879
95125,1998000.0,4,2,2163,2299 FAIRLAWN CT,San Jose,California,53478,2834.4,Santa Clara,224763.0,37.29554,-121.89408,83,238,26,35950
95120,2950000.0,4,3,3028,21558 SHILLINGSBURG AVE,San Jose,California,38358,376.8,Santa Clara,297716.0,37.18428,-121.83658,83,238,26,35772
95133,789000.0,3,2,1342,843 SOUTHGROVE DR,San Jose,California,28902,3421.6,Santa Clara,173587.0,37.37171,-121.86057,83,238,26,36208
95136,880888.0,2,3,1196,17 DEER RUN CIR,San Jose,California,48867,3626.1,Santa Clara,172715.0,37.27192,-121.85237,83,238,26,36288
95125,3199000.0,4,5,3423,1770 MARINA WAY,San Jose,California,53478,2834.4,Santa Clara,224763.0,37.29554,-121.89408,83,238,26,35964
95111,547777.0,2,1,880,273 KENBROOK CIR,San Jose,California,60687,4036.2,Santa Clara,121715.0,37.28401,-121.82731,83,238,26,35633
95124,1498000.0,3,2,1303,3064 LANTZ AVE,San Jose,California,52442,3073.3,Santa Clara,231869.0,37.25684,-121.92286,83,238,26,35943
95136,179000.0,2,2,720,3300 NARVAEZ AVE,San Jose,California,48867,3626.1,Santa Clara,172715.0,37.27192,-121.85237,83,238,26,36268
95124,1995000.0,4,3,1840,4620 MARBELLA CT,San Jose,California,52442,3073.3,Santa Clara,231869.0,37.25684,-121.92286,83,238,26,35898
95129,1798000.0,3,2,1226,771 AURORA AVE,San Jose,California,39318,3326.8,Santa Clara,232036.0,37.30597,-122.00072,83,238,26,36149
95136,1249000.0,3,3,1593,5242 COUNTRY FORGE LN,San Jose,California,48867,3626.1,Santa Clara,172715.0,37.27192,-121.85237,83,238,26,36297
95125,189900.0,2,1,840,2150 ALMADEN RD,San Jose,California,53478,2834.4,Santa Clara,224763.0,37.29554,-121.89408,83,238,26,35971
95124,2999000.0,4,3,2754,1812 DRY CREEK RD,San Jose,California,52442,3073.3,Santa Clara,231869.0,37.25684,-121.92286,83,238,26,35924
95125,1348000.0,2,2,1437,2254 RICHLAND AVE,San Jose,California,53478,2834.4,Santa Clara,224763.0,37.29554,-121.89408,83,238,26,35982
95111,850000.0,2,3,1303,2721 FORINO LN UNIT 6,San Jose,California,60687,4036.2,Santa Clara,121715.0,37.28401,-121.82731,83,238,26,35630
95124,3250000.0,5,6,3867,2108 CULLY PL,San Jose,California,52442,3073.3,Santa Clara,231869.0,37.25684,-121.92286,83,238,26,35936
95124,1888000.0,4,3,2103,1608 SHREEN CT,San Jose,California,52442,3073.3,Santa Clara,231869.0,37.25684,-121.92286,83,238,26,35946
95110,420000.0,1,1,468,288 STONEGATE CIR,San Jose,California,20377,1727.5,Santa Clara,168132.0,37.34656,-121.9097,83,238,26,35612
95133,1249000.0,4,4,1722,2046 VINCENZO WALKWAY,San Jose,California,28902,3421.6,Santa Clara,173587.0,37.37171,-121.86057,83,238,26,36211
95119,1550000.0,4,2,2212,328 EL PORTAL WAY,San Jose,California,10354,940.2,Santa Clara,186941.0,37.22756,-121.79077,83,238,26,35760
95125,3000000.0,4,3,3061,1765 HICKS AVE,San Jose,California,53478,2834.4,Santa Clara,224763.0,37.29554,-121.89408,83,238,26,35995
95128,1599000.0,3,2,1591,2974 NEAL AVE,San Jose,California,35367,3473.9,Santa Clara,163539.0,37.31579,-121.93647,83,238,26,36130
95148,1325000.0,4,2,1200,3205 NAPA CT,San Jose,California,47305,2317.1,Santa Clara,188361.0,37.33252,-121.78142,83,238,26,36340
95112,499000.0,1,1,765,97 E SAINT JAMES ST APT 24,San Jose,California,58489,3106.4,Santa Clara,120083.0,37.34461,-121.88346,83,238,26,35654
95127,1100000.0,3,3,1455,3398 ROCKY MOUNTAIN DR,San Jose,California,63103,1280.2,Santa Clara,152515.0,37.37453,-121.78733,83,238,26,36066
95129,550000.0,1,1,813,4671 ALBANY CIR APT 114,San Jose,California,39318,3326.8,Santa Clara,232036.0,37.30597,-122.00072,83,238,26,36156
95123,1399888.0,4,3,1950,375 VALE DR,San Jose,California,71118,3510.4,Santa Clara,165181.0,37.24479,-121.83306,83,238,26,35876
95132,868000.0,3,3,1266,3216 PARKHAVEN DR,San Jose,California,41337,583.5,Santa Clara,200701.0,37.41994,-121.79059,83,238,26,36186
95135,2390000.0,4,3,2473,3290 FOWLER RD,San Jose,California,22010,65.7,Santa Clara,244898.0,37.22285,-121.55913,83,238,26,36247
95120,5950000.0,6,8,6686,7253 GOLD CREEK WAY,San Jose,California,38358,376.8,Santa Clara,297716.0,37.18428,-121.83658,83,238,26,35770
95128,1098000.0,2,1,1087,524 RUTLAND AVE,San Jose,California,35367,3473.9,Santa Clara,163539.0,37.31579,-121.93647,83,238,26,36129
95111,99000.0,3,1,588,2855 SENTER RD,San Jose,California,60687,4036.2,Santa Clara,121715.0,37.28401,-121.82731,83,238,26,35640
95133,1198000.0,4,3,1681,1940 LUBY DR,San Jose,California,28902,3421.6,Santa Clara,173587.0,37.37171,-121.86057,83,238,26,36205
95139,1100000.0,3,2,1184,6816 AVENIDA ROTELLA,San Jose,California,7144,2288.8,Santa Clara,179769.0,37.22489,-121.76393,83,238,26,36328
95124,1399000.0,3,3,1820,3479 NOVA SCOTIA AVE,San Jose,California,52442,3073.3,Santa Clara,231869.0,37.25684,-121.92286,83,238,26,35897
95127,1290000.0,4,3,1710,330 SERRANO AVE,San Jose,California,63103,1280.2,Santa Clara,152515.0,37.37453,-121.78733,83,238,26,36071
95111,548000.0,2,1,822,89 RANCHO DR # A,San Jose,California,60687,4036.2,Santa Clara,121715.0,37.28401,-121.82731,83,238,26,35626
95138,1238800.0,2,2,1590,5419 SILVER VISTA WAY,San Jose,California,19827,294.0,Santa Clara,255752.0,37.2462,-121.73287,83,238,26,36315
95125,8888888.0,10,12,19550,1724 DRY CREEK RD,San Jose,California,53478,2834.4,Santa Clara,224763.0,37.29554,-121.89408,83,238,26,35972
95111,329900.0,3,2,1160,555 UMBARGER RD,San Jose,California,60687,4036.2,Santa Clara,121715.0,37.28401,-121.82731,83,238,26,35634
95120,2249000.0,4,4,2150,6369 EL PASEO DR,San Jose,California,38358,376.8,Santa Clara,297716.0,37.18428,-121.83658,83,238,26,35781
95129,1798000.0,3,3,1392,1032 STRAYER DR,San Jose,California,39318,3326.8,Santa Clara,232036.0,37.30597,-122.00072,83,238,26,36152
95135,2299000.0,4,3,2011,3294 PALATINO WAY,San Jose,California,22010,65.7,Santa Clara,244898.0,37.22285,-121.55913,83,238,26,36250
95125,1099888.0,3,4,1943,981 ALMADEN LN,San Jose,California,53478,2834.4,Santa Clara,224763.0,37.29554,-121.89408,83,238,26,35987
95125,1995000.0,3,2,2077,1117 COOLIDGE AVE,San Jose,California,53478,2834.4,Santa Clara,224763.0,37.29554,-121.89408,83,238,26,35989
95125,1875000.0,3,2,1824,2929 KRING DR,San Jose,California,53478,2834.4,Santa Clara,224763.0,37.29554,-121.89408,83,238,26,35959
95123,619999.0,2,1,924,5695 MAKATI CIR APT C,San Jose,California,71118,3510.4,Santa Clara,165181.0,37.24479,-121.83306,83,238,26,35884
95110,939000.0,2,3,1301,262 ELEMENT RD,San Jose,California,20377,1727.5,Santa Clara,168132.0,37.34656,-121.9097,83,238,26,35613
95121,525000.0,2,2,988,3305 INNERWICK LN,San Jose,California,37663,3271.3,Santa Clara,156963.0,37.30463,-121.80981,83,238,26,35807
95124,1399900.0,3,2,1350,2215 WILLESTER AVE,San Jose,California,52442,3073.3,Santa Clara,231869.0,37.25684,-121.92286,83,238,26,35895
95118,749000.0,2,3,1286,5686 HOLLYLEAF LN,San Jose,California,32703,3105.5,Santa Clara,183965.0,37.25589,-121.88991,83,238,26,35749
95117,998800.0,2,3,1292,1389 CHERRYWOOD SQ,San Jose,California,28832,4797.7,Santa Clara,165573.0,37.31008,-121.96225,83,238,26,35733
95122,385000.0,3,2,1248,1391 SUNBEAM CIR,San Jose,California,54100,4368.1,Santa Clara,120376.0,37.32925,-121.83481,83,238,26,35827
95125,529000.0,1,1,784,1415 ALMA LOOP,San Jose,California,53478,2834.4,Santa Clara,224763.0,37.29554,-121.89408,83,238,26,35985
95127,1198000.0,3,3,2000,2748 RIVERRUN DR,San Jose,California,63103,1280.2,Santa Clara,152515.0,37.37453,-121.78733,83,238,26,36097
95132,1200888.0,3,2,1080,3216 STEPHANIE CT,San Jose,California,41337,583.5,Santa Clara,200701.0,37.41994,-121.79059,83,238,26,36191
95123,649850.0,2,1,919,5466 COLONY FIELD DR,San Jose,California,71118,3510.4,Santa Clara,165181.0,37.24479,-121.83306,83,238,26,35844
95118,1799000.0,3,3,1756,5639 LE FEVRE DR,San Jose,California,32703,3105.5,Santa Clara,183965.0,37.25589,-121.88991,83,238,26,35748
95118,649000.0,2,2,824,1094 CEDAR GABLES DR,San Jose,California,32703,3105.5,Santa Clara,183965.0,37.25589,-121.88991,83,238,26,35752
95125,3799000.0,6,5,3952,2373 RICHLAND AVE,San Jose,California,53478,2834.4,Santa Clara,224763.0,37.29554,-121.89408,83,238,26,36002
95125,75000.0,1,1,560,1850 EVANS LN,San Jose,California,53478,2834.4,Santa Clara,224763.0,37.29554,-121.89408,83,238,26,36021
95133,629990.0,2,2,832,1055 N CAPITOL AVE APT 52,San Jose,California,28902,3421.6,Santa Clara,173587.0,37.37171,-121.86057,83,238,26,36210
95121,788888.0,3,3,1382,3312 SWANCREEK CT,San Jose,California,37663,3271.3,Santa Clara,156963.0,37.30463,-121.80981,83,238,26,35810
95125,2795000.0,4,3,2416,1792 WILCOX WAY,San Jose,California,53478,2834.4,Santa Clara,224763.0,37.29554,-121.89408,83,238,26,36007
95125,2980000.0,4,3,2694,2083 JONATHAN AVE,San Jose,California,53478,2834.4,Santa Clara,224763.0,37.29554,-121.89408,83,238,26,35965
95139,599000.0,2,1,864,185 VALLEY PARK CIR,San Jose,California,7144,2288.8,Santa Clara,179769.0,37.22489,-121.76393,83,238,26,36330
95124,1999888.0,4,3,2191,1697 DON AVE,San Jose,California,52442,3073.3,Santa Clara,231869.0,37.25684,-121.92286,83,238,26,35905
95112,359000.0,3,2,1344,1358 OAKLAND RD,San Jose,California,58489,3106.4,Santa Clara,120083.0,37.34461,-121.88346,83,238,26,35668
95136,1049000.0,3,3,1810,705 BATISTA DR,San Jose,California,48867,3626.1,Santa Clara,172715.0,37.27192,-121.85237,83,238,26,36300
95133,888000.0,2,3,1270,2563 RIPARIAN CT,San Jose,California,28902,3421.6,Santa Clara,173587.0,37.37171,-121.86057,83,238,26,36215
95121,300000.0,2,2,1680,2904 MOSS HOLLOW DR,San Jose,California,37663,3271.3,Santa Clara,156963.0,37.30463,-121.80981,83,238,26,35808
95139,1349000.0,4,2,1758,7182 VIA CORONA,San Jose,California,7144,2288.8,Santa Clara,179769.0,37.22489,-121.76393,83,238,26,36327
95126,1899000.0,4,3,2853,1433 SHASTA AVE,San Jose,California,36457,4243.0,Santa Clara,165198.0,37.32687,-121.91677,83,238,26,36034
95119,1160000.0,3,4,2016,6580 VISION CT,San Jose,California,10354,940.2,Santa Clara,186941.0,37.22756,-121.79077,83,238,26,35759
95123,1569888.0,4,2,1321,6022 JACQUES DR,San Jose,California,71118,3510.4,Santa Clara,165181.0,37.24479,-121.83306,83,238,26,35875
95136,999000.0,3,2,1245,5248 BARRON PARK DR,San Jose,California,48867,3626.1,Santa Clara,172715.0,37.27192,-121.85237,83,238,26,36267
95126,1198000.0,2,1,988,1079 MYRTLE ST,San Jose,California,36457,4243.0,Santa Clara,165198.0,37.32687,-121.91677,83,238,26,36033
95138,230000.0,2,2,1050,200 FORD RD,San Jose,California,19827,294.0,Santa Clara,255752.0,37.2462,-121.73287,83,238,26,36316
95121,1199000.0,4,2,1330,3711 CORKERHILL WAY,San Jose,California,37663,3271.3,Santa Clara,156963.0,37.30463,-121.80981,83,238,26,35798
95133,1299000.0,4,3,2124,2859 MABURY RD,San Jose,California,28902,3421.6,Santa Clara,173587.0,37.37171,-121.86057,83,238,26,36207
95135,498000.0,2,2,1240,5051 CRIBARI VALE,San Jose,California,22010,65.7,Santa Clara,244898.0,37.22285,-121.55913,83,238,26,36262
95138,3650000.0,5,6,4486,5328 CANYON HILLS LN,San Jose,California,19827,294.0,Santa Clara,255752.0,37.2462,-121.73287,83,238,26,36321
95136,799900.0,1,1,1012,3152 HEATHER RIDGE DR,San Jose,California,48867,3626.1,Santa Clara,172715.0,37.27192,-121.85237,83,238,26,36299
95126,998000.0,3,3,1512,1313 AUZERAIS AVE,San Jose,California,36457,4243.0,Santa Clara,165198.0,37.32687,-121.91677,83,238,26,36061
95135,845000.0,2,2,1803,8519 MONTGOMERY LN,San Jose,California,22010,65.7,Santa Clara,244898.0,37.22285,-121.55913,83,238,26,36233
95128,599999.0,2,2,922,937 CATKIN CT,San Jose,California,35367,3473.9,Santa Clara,163539.0,37.31579,-121.93647,83,238,26,36136
95123,1399000.0,3,3,1682,5561 SOUTHCREST WAY,San Jose,California,71118,3510.4,Santa Clara,165181.0,37.24479,-121.83306,83,238,26,35893
95148,698000.0,2,2,952,2867 CASALS CT,San Jose,California,47305,2317.1,Santa Clara,188361.0,37.33252,-121.78142,83,238,26,36337
95134,309000.0,3,2,1440,121 EL BOSQUE DR,San Jose,California,31172,1113.6,Santa Clara,203618.0,37.43003,-121.94528,83,238,26,36219
95123,1299000.0,4,3,1889,754 ALMERIA DR,San Jose,California,71118,3510.4,Santa Clara,165181.0,37.24479,-121.83306,83,238,26,35870
95136,259500.0,2,2,1440,120 MOUNTAIN SPRINGS DR,San Jose,California,48867,3626.1,Santa Clara,172715.0,37.27192,-121.85237,83,238,26,36291
95120,1999999.0,4,3,2526,19573 ALMADEN RD,San Jose,California,38358,376.8,Santa Clara,297716.0,37.18428,-121.83658,83,238,26,35782
95112,578000.0,1,1,838,30 E JULIAN ST UNIT 113,San Jose,California,58489,3106.4,Santa Clara,120083.0,37.34461,-121.88346,83,238,26,35659
95127,1150000.0,3,2,1128,3253 GOLF DR,San Jose,California,63103,1280.2,Santa Clara,152515.0,37.37453,-121.78733,83,238,26,36085
95110,859000.0,2,2,1129,175 W SAINT JAMES ST UNIT 906,San Jose,California,20377,1727.5,Santa Clara,168132.0,37.34656,-121.9097,83,238,26,35610
95136,489000.0,2,2,1344,203 MOUNTAIN SPRINGS DR,San Jose,California,48867,3626.1,Santa Clara,172715.0,37.27192,-121.85237,83,238,26,36286
95131,689000.0,2,2,988,1538 MEADOW RIDGE CIR,San Jose,California,31566,2110.3,Santa Clara,197282.0,37.38729,-121.89793,83,238,26,36177
95122,999998.0,4,2,1139,1538 DENALI WAY,San Jose,California,54100,4368.1,Santa Clara,120376.0,37.32925,-121.83481,83,238,26,35817
95128,1099000.0,1,2,1151,334 SANTANA ROW APT 332,San Jose,California,35367,3473.9,Santa Clara,163539.0,37.31579,-121.93647,83,238,26,36132
95148,1689000.0,4,3,2104,3139 MOUNT ISABEL CT,San Jose,California,47305,2317.1,Santa Clara,188361.0,37.33252,-121.78142,83,238,26,36348
95138,1599999.0,3,3,2319,4339 RED MAPLE CT,San Jose,California,19827,294.0,Santa Clara,255752.0,37.2462,-121.73287,83,238,26,36317
95125,1199888.0,4,4,1835,676 HARRISON TER # 8,San Jose,California,53478,2834.4,Santa Clara,224763.0,37.29554,-121.89408,83,238,26,35996
95124,1499950.0,4,2,1404,4172 LEIGH AVE,San Jose,California,52442,3073.3,Santa Clara,231869.0,37.25684,-121.92286,83,238,26,35944
95129,1799000.0,3,2,1133,1072 LANCER DR,San Jose,California,39318,3326.8,Santa Clara,232036.0,37.30597,-122.00072,83,238,26,36144
95116,772000.0,3,3,1231,765 BONITA PL,San Jose,California,52245,5660.4,Santa Clara,110586.0,37.35043,-121.85255,83,238,26,35709
95112,899000.0,2,1,918,382 N 7TH ST,San Jose,California,58489,3106.4,Santa Clara,120083.0,37.34461,-121.88346,83,238,26,35660
95127,498888.0,1,1,777,247 N CAPITOL AVE UNIT 229,San Jose,California,63103,1280.2,Santa Clara,152515.0,37.37453,-121.78733,83,238,26,36095
95136,305999.0,2,2,1832,160 MOUNTAIN SPRINGS DR,San Jose,California,48867,3626.1,Santa Clara,172715.0,37.27192,-121.85237,83,238,26,36266
95133,305000.0,2,2,1536,505 GIANNOTTA WAY,San Jose,California,28902,3421.6,Santa Clara,173587.0,37.37171,-121.86057,83,238,26,36198
95110,768888.0,2,2,1162,1550 TECHNOLOGY DR UNIT 1000,San Jose,California,20377,1727.5,Santa Clara,168132.0,37.34656,-121.9097,83,238,26,35618
95111,1199000.0,3,2,1446,103 SPRINGHAVEN CT,San Jose,California,60687,4036.2,Santa Clara,121715.0,37.28401,-121.82731,83,238,26,35632
95123,1198000.0,4,2,1501,5364 FEDERATION CT,San Jose,California,71118,3510.4,Santa Clara,165181.0,37.24479,-121.83306,83,238,26,35892
95148,1495000.0,4,3,2125,3276 CUESTA DR,San Jose,California,47305,2317.1,Santa Clara,188361.0,37.33252,-121.78142,83,238,26,36339
95148,1698000.0,3,3,1798,2906 MITTON DR,San Jose,California,47305,2317.1,Santa Clara,188361.0,37.33252,-121.78142,83,238,26,36341
95125,1688000.0,4,3,2274,2755 RUBINO CIR,San Jose,California,53478,2834.4,Santa Clara,224763.0,37.29554,-121.89408,83,238,26,35980
95130,2248000.0,4,3,1955,4993 GRIMSBY DR,San Jose,California,13147,3527.5,Santa Clara,206992.0,37.28803,-121.98146,83,238,26,36162
95133,618000.0,2,2,832,1055 N CAPITOL AVE APT 25,San Jose,California,28902,3421.6,Santa Clara,173587.0,37.37171,-121.86057,83,238,26,36197
95124,2935000.0,4,5,2868,2096 CULLY PL,San Jose,California,52442,3073.3,Santa Clara,231869.0,37.25684,-121.92286,83,238,26,35942
95110,1299999.0,2,1,838,1038 PEPITONE AVE,San Jose,California,20377,1727.5,Santa Clara,168132.0,37.34656,-121.9097,83,238,26,35607
95127,3299000.0,5,3,2691,761 FLEMING AVE,San Jose,California,63103,1280.2,Santa Clara,152515.0,37.37453,-121.78733,83,238,26,36086
95125,1699000.0,3,2,1632,2744 PLUMMER AVE,San Jose,California,53478,2834.4,Santa Clara,224763.0,37.29554,-121.89408,83,238,26,35978
95124,1250000.0,3,1,1060,1757 HILLSDALE AVE,San Jose,California,52442,3073.3,Santa Clara,231869.0,37.25684,-121.92286,83,238,26,35908
95117,1998888.0,3,2,1712,924 OAKDELL PL,San Jose,California,28832,4797.7,Santa Clara,165573.0,37.31008,-121.96225,83,238,26,35737
95110,589000.0,2,2,871,563 SHADOW DANCE DR,San Jose,California,20377,1727.5,Santa Clara,168132.0,37.34656,-121.9097,83,238,26,35614
95134,1199900.0,2,3,1564,419 GALLERIA DR APT 6,San Jose,California,31172,1113.6,Santa Clara,203618.0,37.43003,-121.94528,83,238,26,36220
95112,548888.0,1,1,1023,144 S 3RD ST UNIT 332,San Jose,California,58489,3106.4,Santa Clara,120083.0,37.34461,-121.88346,83,238,26,35677
95124,1588000.0,3,2,1202,1807 NELSON WAY,San Jose,California,52442,3073.3,Santa Clara,231869.0,37.25684,-121.92286,83,238,26,35927
95120,990000.0,3,3,1470,7256 WILD CREEK DR,San Jose,California,38358,376.8,Santa Clara,297716.0,37.18428,-121.83658,83,238,26,35771
95136,999888.0,5,2,1715,506 BLUEFIELD DR,San Jose,California,48867,3626.1,Santa Clara,172715.0,37.27192,-121.85237,83,238,26,36312
95127,949999.0,3,2,1188,1419 HURLINGHAM WAY,San Jose,California,63103,1280.2,Santa Clara,152515.0,37.37453,-121.78733,83,238,26,36070
95135,500000.0,2,2,1240,5505 CRIBARI BND,San Jose,California,22010,65.7,Santa Clara,244898.0,37.22285,-121.55913,83,238,26,36246
95120,1199000.0,4,3,1602,6640 BUNKER HILL CT,San Jose,California,38358,376.8,Santa Clara,297716.0,37.18428,-121.83658,83,238,26,35780
95124,1689000.0,3,3,1634,2993 BOLLA CT,San Jose,California,52442,3073.3,Santa Clara,231869.0,37.25684,-121.92286,83,238,26,35926
95111,967777.0,3,2,1125,5079 ELLA CT,San Jose,California,60687,4036.2,Santa Clara,121715.0,37.28401,-121.82731,83,238,26,35646
95125,2399000.0,4,2,2884,1317 WEAVER DR,San Jose,California,53478,2834.4,Santa Clara,224763.0,37.29554,-121.89408,83,238,26,35956
95125,790000.0,2,2,1004,2059 FOXHALL LOOP,San Jose,California,53478,2834.4,Santa Clara,224763.0,37.29554,-121.89408,83,238,26,36015
95135,879900.0,2,2,1509,7690 GALLOWAY DR,San Jose,California,22010,65.7,Santa Clara,244898.0,37.22285,-121.55913,83,238,26,36253
95124,3125000.0,4,5,3208,2104 CULLY PL,San Jose,California,52442,3073.3,Santa Clara,231869.0,37.25684,-121.92286,83,238,26,35923
95116,999888.0,4,3,1786,1388 FIRESTONE LOOP,San Jose,California,52245,5660.4,Santa Clara,110586.0,37.35043,-121.85255,83,238,26,35722
95134,349000.0,3,2,1419,322 LOS ENCINOS DR,San Jose,California,31172,1113.6,Santa Clara,203618.0,37.43003,-121.94528,83,238,26,36217
95128,799000.0,2,2,1206,1445 FRUITDALE AVE UNIT 124,San Jose,California,35367,3473.9,Santa Clara,163539.0,37.31579,-121.93647,83,238,26,36126
95125,856800.0,2,2,1007,1853 ALMADEN RD APT 509,San Jose,California,53478,2834.4,Santa Clara,224763.0,37.29554,-121.89408,83,238,26,35966
95127,1130000.0,5,3,1806,3474 MOUNT PRIETA DR,San Jose,California,63103,1280.2,Santa Clara,152515.0,37.37453,-121.78733,83,238,26,36092
95123,675000.0,2,2,1122,297 SUMBA CT,San Jose,California,71118,3510.4,Santa Clara,165181.0,37.24479,-121.83306,83,238,26,35849
95134,290000.0,3,2,1560,108 EL BOSQUE DR,San Jose,California,31172,1113.6,Santa Clara,203618.0,37.43003,-121.94528,83,238,26,36224
95121,1298000.0,3,2,1120,3138 POMEROY AVE,San Jose,California,37663,3271.3,Santa Clara,156963.0,37.30463,-121.80981,83,238,26,35812
95129,849888.0,3,3,1374,4415 NORWALK DR APT 21,San Jose,California,39318,3326.8,Santa Clara,232036.0,37.30597,-122.00072,83,238,26,36151
95124,1549888.0,4,2,1552,2366 STARBRIGHT DR,San Jose,California,52442,3073.3,Santa Clara,231869.0,37.25684,-121.92286,83,238,26,35902
95123,455000.0,1,1,543,5711 MAKATI CIR APT G,San Jose,California,71118,3510.4,Santa Clara,165181.0,37.24479,-121.83306,83,238,26,35857
95134,369900.0,3,2,1440,4271 N 1ST ST,San Jose,California,31172,1113.6,Santa Clara,203618.0,37.43003,-121.94528,83,238,26,36225
95127,3995000.0,5,9,5103,15795 HIGHLAND DR,San Jose,California,63103,1280.2,Santa Clara,152515.0,37.37453,-121.78733,83,238,26,36098
95131,1428880.0,4,2,1843,1743 APRILSONG CT,San Jose,California,31566,2110.3,Santa Clara,197282.0,37.38729,-121.89793,83,238,26,36173
95112,1398800.0,5,4,2410,860 S 8TH ST,San Jose,California,58489,3106.4,Santa Clara,120083.0,37.34461,-121.88346,83,238,26,35684
95126,799000.0,1,1,540,795 W TAYLOR ST,San Jose,California,36457,4243.0,Santa Clara,165198.0,37.32687,-121.91677,83,238,26,36043
95118,1625000.0,4,3,1996,3980 CASA GRANDE WAY,San Jose,California,32703,3105.5,Santa Clara,183965.0,37.25589,-121.88991,83,238,26,35745
95135,493000.0,2,2,1223,5085 CRIBARI BLFS,San Jose,California,22010,65.7,Santa Clara,244898.0,37.22285,-121.55913,83,238,26,36258
95131,179900.0,2,2,768,2151 OAKLAND RD,San Jose,California,31566,2110.3,Santa Clara,197282.0,37.38729,-121.89793,83,238,26,36167
95111,580000.0,2,1,762,563 GROTH PL,San Jose,California,60687,4036.2,Santa Clara,121715.0,37.28401,-121.82731,83,238,26,35652
95125,857800.0,1,1,1076,1853 ALMADEN RD APT 322,San Jose,California,53478,2834.4,Santa Clara,224763.0,37.29554,-121.89408,83,238,26,35970
95124,1729000.0,3,2,1478,2595 HILL PARK DR,San Jose,California,52442,3073.3,Santa Clara,231869.0,37.25684,-121.92286,83,238,26,35937
95133,1238000.0,3,4,1988,1902 NEVETS LN,San Jose,California,28902,3421.6,Santa Clara,173587.0,37.37171,-121.86057,83,238,26,36196
95112,1148000.0,3,2,1773,82 S 10TH ST,San Jose,California,58489,3106.4,Santa Clara,120083.0,37.34461,-121.88346,83,238,26,35663
95111,429900.0,3,2,1458,5450 MONTEREY,San Jose,California,60687,4036.2,Santa Clara,121715.0,37.28401,-121.82731,83,238,26,35635
95118,1748000.0,4,2,1807,5095 WAYLAND AVE,San Jose,California,32703,3105.5,Santa Clara,183965.0,37.25589,-121.88991,83,238,26,35746
95130,3249888.0,4,4,2853,4585 VANDERBILT DR,San Jose,California,13147,3527.5,Santa Clara,206992.0,37.28803,-121.98146,83,238,26,36160
95121,950000.0,3,2,1204,1648 TIERRA BUENA DR,San Jose,California,37663,3271.3,Santa Clara,156963.0,37.30463,-121.80981,83,238,26,35809
95110,625000.0,2,1,907,125 HOBSON ST APT 3A,San Jose,California,20377,1727.5,Santa Clara,168132.0,37.34656,-121.9097,83,238,26,35608
95122,950000.0,4,2,1200,1181 ADRIAN WAY,San Jose,California,54100,4368.1,Santa Clara,120376.0,37.32925,-121.83481,83,238,26,35829
95123,1398000.0,3,2,1846,5854 ZILEMAN CT,San Jose,California,71118,3510.4,Santa Clara,165181.0,37.24479,-121.83306,83,238,26,35889
95127,1049000.0,3,2,1281,219 N WHITE RD,San Jose,California,63103,1280.2,Santa Clara,152515.0,37.37453,-121.78733,83,238,26,36102
95122,1150000.0,3,2,1292,1809 LA PORTE AVE,San Jose,California,54100,4368.1,Santa Clara,120376.0,37.32925,-121.83481,83,238,26,35835
95112,715000.0,2,1,1080,771 N 16TH ST,San Jose,California,58489,3106.4,Santa Clara,120083.0,37.34461,-121.88346,83,238,26,35669
95124,2500000.0,5,3,2566,2260 CONSTITUTION DR,San Jose,California,52442,3073.3,Santa Clara,231869.0,37.25684,-121.92286,83,238,26,35899
95110,629000.0,2,2,871,520 SHADOWGRAPH DR,San Jose,California,20377,1727.5,Santa Clara,168132.0,37.34656,-121.9097,83,238,26,35621
95132,2249888.0,3,2,1896,1133 PIEDMONT RD,San Jose,California,41337,583.5,Santa Clara,200701.0,37.41994,-121.79059,83,238,26,36185
95123,1249888.0,4,2,1321,5959 CAHALAN AVE,San Jose,California,71118,3510.4,Santa Clara,165181.0,37.24479,-121.83306,83,238,26,35850
95124,1725000.0,4,2,1558,2659 HILL PARK DR,San Jose,California,52442,3073.3,Santa Clara,231869.0,37.25684,-121.92286,83,238,26,35913
95120,2300000.0,5,3,2703,6170 DE PALMA CT,San Jose,California,38358,376.8,Santa Clara,297716.0,37.18428,-121.83658,83,238,26,35788
95128,1359000.0,4,3,1789,547 RICHMOND AVE,San Jose,California,35367,3473.9,Santa Clara,163539.0,37.31579,-121.93647,83,238,26,36128
95120,3195000.0,4,4,3238,6951 STARLING VALLEY DR,San Jose,California,38358,376.8,Santa Clara,297716.0,37.18428,-121.83658,83,238,26,35768
95117,1698000.0,2,1,1100,3193 FINCH DR,San Jose,California,28832,4797.7,Santa Clara,165573.0,37.31008,-121.96225,83,238,26,35735
95135,660000.0,2,2,1197,6359 WHALEY DR,San Jose,California,22010,65.7,Santa Clara,244898.0,37.22285,-121.55913,83,238,26,36240
95126,1068000.0,3,3,1581,249 CAHILL PARK DR,San Jose,California,36457,4243.0,Santa Clara,165198.0,37.32687,-121.91677,83,238,26,36057
95130,1890000.0,4,2,1777,3649 MONA WAY,San Jose,California,13147,3527.5,Santa Clara,206992.0,37.28803,-121.98146,83,238,26,36157
95135,698888.0,2,2,1370,8371 RIESLING WAY,San Jose,California,22010,65.7,Santa Clara,244898.0,37.22285,-121.55913,83,238,26,36237
95148,1288000.0,4,3,1960,3346 PRADO LN,San Jose,California,47305,2317.1,Santa Clara,188361.0,37.33252,-121.78142,83,238,26,36346
95126,940000.0,2,3,1127,1311 DE ALTURA CMNS,San Jose,California,36457,4243.0,Santa Clara,165198.0,37.32687,-121.91677,83,238,26,36042
95126,1788000.0,3,2,1826,1888 BEL AIR AVE,San Jose,California,36457,4243.0,Santa Clara,165198.0,37.32687,-121.91677,83,238,26,36050
95124,2935000.0,4,5,2955,2089 CULLY PL,San Jose,California,52442,3073.3,Santa Clara,231869.0,37.25684,-121.92286,83,238,26,35900
95131,998000.0,2,2,1371,1032 ABRUZZO LN UNIT 3,San Jose,California,31566,2110.3,Santa Clara,197282.0,37.38729,-121.89793,83,238,26,36169
95116,659888.0,3,2,1200,88 N JACKSON AVE UNIT 306,San Jose,California,52245,5660.4,Santa Clara,110586.0,37.35043,-121.85255,83,238,26,35710
95117,1190000.0,3,2,1143,3590 MOORPARK AVE,San Jose,California,28832,4797.7,Santa Clara,165573.0,37.31008,-121.96225,83,238,26,35738
95121,925000.0,3,2,1563,1662 ALDRICH WAY,San Jose,California,37663,3271.3,Santa Clara,156963.0,37.30463,-121.80981,83,238,26,35797
95125,2898000.0,4,4,2573,984 LOUISE AVE,San Jose,California,53478,2834.4,Santa Clara,224763.0,37.29554,-121.89408,83,238,26,35952
95124,2888000.0,4,4,2906,1677 MERRILL DR,San Jose,California,52442,3073.3,Santa Clara,231869.0,37.25684,-121.92286,83,238,26,35931
95135,499000.0,2,1,947,5258 CRIBARI HTS,San Jose,California,22010,65.7,Santa Clara,244898.0,37.22285,-121.55913,83,238,26,36252
95136,1749000.0,3,3,2457,810 BEND AVE,San Jose,California,48867,3626.1,Santa Clara,172715.0,37.27192,-121.85237,83,238,26,36310
95121,865000.0,3,3,1508,1660 HOLLOWCREEK PL,San Jose,California,37663,3271.3,Santa Clara,156963.0,37.30463,-121.80981,83,238,26,35801
95124,3260000.0,4,5,3400,2116 CULLY PL,San Jose,California,52442,3073.3,Santa Clara,231869.0,37.25684,-121.92286,83,238,26,35934
95127,429000.0,1,1,777,247 N CAPITOL AVE UNIT 161,San Jose,California,63103,1280.2,Santa Clara,152515.0,37.37453,-121.78733,83,238,26,36069
95121,1200000.0,3,2,2178,1322 LODGE CT,San Jose,California,37663,3271.3,Santa Clara,156963.0,37.30463,-121.80981,83,238,26,35799
95136,799000.0,2,2,1104,610 ALTINO BLVD,San Jose,California,48867,3626.1,Santa Clara,172715.0,37.27192,-121.85237,83,238,26,36309
95116,688800.0,3,2,1441,43 SILCREEK DR,San Jose,California,52245,5660.4,Santa Clara,110586.0,37.35043,-121.85255,83,238,26,35707
95116,1199555.0,3,2,1602,173 N 31ST ST,San Jose,California,52245,5660.4,Santa Clara,110586.0,37.35043,-121.85255,83,238,26,35712
95138,349900.0,3,2,1120,6130 MONTEREY HWY,San Jose,California,19827,294.0,Santa Clara,255752.0,37.2462,-121.73287,83,238,26,36323
95125,4525000.0,6,5,5248,1292 CHERRY AVE,San Jose,California,53478,2834.4,Santa Clara,224763.0,37.29554,-121.89408,83,238,26,35954
95122,998000.0,4,2,1352,2217 S KING RD,San Jose,California,54100,4368.1,Santa Clara,120376.0,37.32925,-121.83481,83,238,26,35834
95136,1460000.0,4,3,1954,3611 ETHAN CT,San Jose,California,48867,3626.1,Santa Clara,172715.0,37.27192,-121.85237,83,238,26,36285
95117,819000.0,2,2,1324,3849 PANDA PL,San Jose,California,28832,4797.7,Santa Clara,165573.0,37.31008,-121.96225,83,238,26,35740
95148,339000.0,2,2,1680,2665 WHISPERING HILLS WAY,San Jose,California,47305,2317.1,Santa Clara,188361.0,37.33252,-121.78142,83,238,26,36354
95112,749950.0,3,2,1166,1036 S 7TH ST,San Jose,California,58489,3106.4,Santa Clara,120083.0,37.34461,-121.88346,83,238,26,35673
95123,339000.0,4,2,1120,165 BLOSSOM HILL RD,San Jose,California,71118,3510.4,Santa Clara,165181.0,37.24479,-121.83306,83,238,26,35840
95133,290000.0,3,2,1440,436 GIANNOTTA WAY,San Jose,California,28902,3421.6,Santa Clara,173587.0,37.37171,-121.86057,83,238,26,36201
95122,1100000.0,3,2,1674,1464 PALMWOOD DR,San Jose,California,54100,4368.1,Santa Clara,120376.0,37.32925,-121.83481,83,238,26,35824
95112,375000.0,1,1,368,516 MARTHA ST UNIT 101,San Jose,California,58489,3106.4,Santa Clara,120083.0,37.34461,-121.88346,83,238,26,35695
95120,2100000.0,4,2,2171,1461 MENORCA CT,San Jose,California,38358,376.8,Santa Clara,297716.0,37.18428,-121.83658,83,238,26,35767
95124,1908000.0,4,2,1493,5365 ROXANNE DR,San Jose,California,52442,3073.3,Santa Clara,231869.0,37.25684,-121.92286,83,238,26,35919
95127,1275000.0,4,2,1342,10460 MCVAY AVE,San Jose,California,63103,1280.2,Santa Clara,152515.0,37.37453,-121.78733,83,238,26,36104
95126,1100000.0,2,1,1237,410 MAYELLEN AVE,San Jose,California,36457,4243.0,Santa Clara,165198.0,37.32687,-121.91677,83,238,26,36029
95125,1699000.0,3,3,1925,2184 NOLA DR,San Jose,California,53478,2834.4,Santa Clara,224763.0,37.29554,-121.89408,83,238,26,35968
95126,950000.0,2,1,984,30 N WILLARD AVE,San Jose,California,36457,4243.0,Santa Clara,165198.0,37.32687,-121.91677,83,238,26,36056
95111,419900.0,3,2,1493,231 CHATEAU LA SALLE DR,San Jose,California,60687,4036.2,Santa Clara,121715.0,37.28401,-121.82731,83,238,26,35637
95112,1515000.0,3,2,1947,671 S 14TH ST,San Jose,California,58489,3106.4,Santa Clara,120083.0,37.34461,-121.88346,83,238,26,35655
95122,316000.0,2,2,1248,1781 QUIMBY RD,San Jose,California,54100,4368.1,Santa Clara,120376.0,37.32925,-121.83481,83,238,26,35814
95128,1498000.0,3,2,1213,648 S BAYWOOD AVE,San Jose,California,35367,3473.9,Santa Clara,163539.0,37.31579,-121.93647,83,238,26,36107
95135,938000.0,2,2,1803,8099 CABERNET CT,San Jose,California,22010,65.7,Santa Clara,244898.0,37.22285,-121.55913,83,238,26,36236
95127,1098000.0,3,2,1520,14004 CLAYTON RD,San Jose,California,63103,1280.2,Santa Clara,152515.0,37.37453,-121.78733,83,238,26,36068
95111,1900000.0,5,4,2354,4831 LYRIC LN,San Jose,California,60687,4036.2,Santa Clara,121715.0,37.28401,-121.82731,83,238,26,35624
95136,265000.0,2,2,1176,510 SADDLE BROOK DR,San Jose,California,48867,3626.1,Santa Clara,172715.0,37.27192,-121.85237,83,238,26,36265
95127,619888.0,3,2,1000,1180 CALYPSO CT,San Jose,California,63103,1280.2,Santa Clara,152515.0,37.37453,-121.78733,83,238,26,36063
95110,685000.0,1,1,868,38 N ALMADEN BLVD UNIT 403,San Jose,California,20377,1727.5,Santa Clara,168132.0,37.34656,-121.9097,83,238,26,35606
95120,1249000.0,2,3,1876,6515 CRENSHAW CT,San Jose,California,38358,376.8,Santa Clara,297716.0,37.18428,-121.83658,83,238,26,35791
95126,1199000.0,3,3,1616,31 N WILLARD AVE,San Jose,California,36457,4243.0,Santa Clara,165198.0,37.32687,-121.91677,83,238,26,36059
95125,1598000.0,5,2,2150,958 KINGFISHER DR,San Jose,California,53478,2834.4,Santa Clara,224763.0,37.29554,-121.89408,83,238,26,35976
95116,1010888.0,3,2,1304,730 MCLAUGHLIN AVE,San Jose,California,52245,5660.4,Santa Clara,110586.0,37.35043,-121.85255,83,238,26,35708
95122,595000.0,4,3,1830,1414 SUNSHINE CT,San Jose,California,54100,4368.1,Santa Clara,120376.0,37.32925,-121.83481,83,238,26,35820
95132,1398000.0,4,2,1585,2178 CORKTREE LN,San Jose,California,41337,583.5,Santa Clara,200701.0,37.41994,-121.79059,83,238,26,36184
95110,589000.0,1,1,831,1550 TECHNOLOGY DR UNIT 2004,San Jose,California,20377,1727.5,Santa Clara,168132.0,37.34656,-121.9097,83,238,26,35611
95116,590000.0,2,2,849,1226 COYOTE CREEK CT,San Jose,California,52245,5660.4,Santa Clara,110586.0,37.35043,-121.85255,83,238,26,35714
95134,250000.0,2,2,784,149 EL BOSQUE DR,San Jose,California,31172,1113.6,Santa Clara,203618.0,37.43003,-121.94528,83,238,26,36226
95125,1299000.0,3,3,1622,1817 ASHMEADE CT,San Jose,California,53478,2834.4,Santa Clara,224763.0,37.29554,-121.89408,83,238,26,35981
95123,1150000.0,3,2,1503,567 TUSCARORA DR,San Jose,California,71118,3510.4,Santa Clara,165181.0,37.24479,-121.83306,83,238,26,35867
95124,1599000.0,3,2,1642,1646 FORMAN AVE,San Jose,California,52442,3073.3,Santa Clara,231869.0,37.25684,-121.92286,83,238,26,35917
95136,1298888.0,4,4,2411,759 ADELINE AVE,San Jose,California,48867,3626.1,Santa Clara,172715.0,37.27192,-121.85237,83,238,26,36274
95111,569000.0,2,1,762,523 SIEBER PL,San Jose,California,60687,4036.2,Santa Clara,121715.0,37.28401,-121.82731,83,238,26,35629
95116,1340220.0,5,3,1329,343 WEST CT,San Jose,California,52245,5660.4,Santa Clara,110586.0,37.35043,-121.85255,83,238,26,35724
95139,950000.0,3,3,1655,7419 TULARE HILL DR,San Jose,California,7144,2288.8,Santa Clara,179769.0,37.22489,-121.76393,83,238,26,36326
95123,1560000.0,5,4,2555,6068 GOLDEN VISTA DR,San Jose,California,71118,3510.4,Santa Clara,165181.0,37.24479,-121.83306,83,238,26,35863
95125,2385000.0,4,3,2595,985 PLAZA DR,San Jose,California,53478,2834.4,Santa Clara,224763.0,37.29554,-121.89408,83,238,26,35992
95132,1599000.0,3,3,1629,2181 CAROBWOOD LN,San Jose,California,41337,583.5,Santa Clara,200701.0,37.41994,-121.79059,83,238,26,36180
95124,1199000.0,2,2,1396,2096 MENDOCINO LN,San Jose,California,52442,3073.3,Santa Clara,231869.0,37.25684,-121.92286,83,238,26,35918
95111,189900.0,1,1,636,411 LEWIS RD,San Jose,California,60687,4036.2,Santa Clara,121715.0,37.28401,-121.82731,83,238,26,35636
95117,998000.0,2,3,1032,4163 BLACKFORD CIR,San Jose,California,28832,4797.7,Santa Clara,165573.0,37.31008,-121.96225,83,238,26,35728
95112,2249999.0,10,10,4987,132 S 13TH ST,San Jose,California,58489,3106.4,Santa Clara,120083.0,37.34461,-121.88346,83,238,26,35664
95127,980000.0,3,2,996,254 ALPINE AVE,San Jose,California,63103,1280.2,Santa Clara,152515.0,37.37453,-121.78733,83,238,26,36090
95119,1300000.0,3,2,1343,6382 SAN ANSELMO WAY,San Jose,California,10354,940.2,Santa Clara,186941.0,37.22756,-121.79077,83,238,26,35763
95129,578000.0,1,1,813,4681 ALBANY CIR APT 132,San Jose,California,39318,3326.8,Santa Clara,232036.0,37.30597,-122.00072,83,238,26,36145
95118,1399950.0,3,2,1316,1554 JACOB AVE,San Jose,California,32703,3105.5,Santa Clara,183965.0,37.25589,-121.88991,83,238,26,35743
95136,1198888.0,4,4,2209,3013 MARY HELEN LN,San Jose,California,48867,3626.1,Santa Clara,172715.0,37.27192,-121.85237,83,238,26,36301
95112,799000.0,2,3,1488,144 S 3RD ST UNIT 150,San Jose,California,58489,3106.4,Santa Clara,120083.0,37.34461,-121.88346,83,238,26,35682
95135,899000.0,3,2,1582,8613 VINEYARD RIDGE PL,San Jose,California,22010,65.7,Santa Clara,244898.0,37.22285,-121.55913,83,238,26,36248
95125,1498800.0,2,2,891,2081 ARDIS DR,San Jose,California,53478,2834.4,Santa Clara,224763.0,37.29554,-121.89408,83,238,26,36014
95125,2599000.0,3,4,2457,2586 COTTLE AVE,San Jose,California,53478,2834.4,Santa Clara,224763.0,37.29554,-121.89408,83,238,26,36008
95148,1170000.0,3,2,1040,2538 SUGARPLUM DR,San Jose,California,47305,2317.1,Santa Clara,188361.0,37.33252,-121.78142,83,238,26,36355
95134,825000.0,2,2,925,660 ENCORE WAY,San Jose,California,31172,1113.6,Santa Clara,203618.0,37.43003,-121.94528,83,238,26,36227
95136,1498000.0,3,3,1721,509 CASSELINO DR,San Jose,California,48867,3626.1,Santa Clara,172715.0,37.27192,-121.85237,83,238,26,36264
95110,849950.0,2,2,1284,29 BASSETT ST,San Jose,California,20377,1727.5,Santa Clara,168132.0,37.34656,-121.9097,83,238,26,35620
95148,1450000.0,4,3,2113,2893 GLEN FROST CT,San Jose,California,47305,2317.1,Santa Clara,188361.0,37.33252,-121.78142,83,238,26,36350
95122,1298888.0,3,3,2031,861 CONNIE LN,San Jose,California,54100,4368.1,Santa Clara,120376.0,37.32925,-121.83481,83,238,26,35822
95112,849900.0,2,1,944,1000 S 10TH ST,San Jose,California,58489,3106.4,Santa Clara,120083.0,37.34461,-121.88346,83,238,26,35666
95112,300000.0,2,2,1040,900 GOLDEN WHEEL PARK DR,San Jose,California,58489,3106.4,Santa Clara,120083.0,37.34461,-121.88346,83,238,26,35681
95110,760000.0,2,2,1133,1550 TECHNOLOGY DR UNIT 2074,San Jose,California,20377,1727.5,Santa Clara,168132.0,37.34656,-121.9097,83,238,26,35616
95113,615000.0,1,1,848,88 E SAN FERNANDO ST UNIT 509,San Jose,California,2216,2456.7,Santa Clara,169529.0,37.3339,-121.8905,83,238,26,35698
95123,795999.0,2,2,982,844 LAKE MCCLURE DR,San Jose,California,71118,3510.4,Santa Clara,165181.0,37.24479,-121.83306,83,238,26,35847
95125,2198000.0,6,4,2971,2593 ARAGON CT,San Jose,California,53478,2834.4,Santa Clara,224763.0,37.29554,-121.89408,83,238,26,36004
95128,859000.0,2,2,1022,801 S WINCHESTER BLVD APT 4204,San Jose,California,35367,3473.9,Santa Clara,163539.0,37.31579,-121.93647,83,238,26,36133
95126,4995000.0,5,5,5959,1631 UNIVERSITY WAY,San Jose,California,36457,4243.0,Santa Clara,165198.0,37.32687,-121.91677,83,238,26,36058
95118,620000.0,2,1,810,4608 CAPAY DR UNIT 2,San Jose,California,32703,3105.5,Santa Clara,183965.0,37.25589,-121.88991,83,238,26,35753
95127,525000.0,4,2,1311,1505 MCGINNESS AVE,San Jose,California,63103,1280.2,Santa Clara,152515.0,37.37453,-121.78733,83,238,26,36091
95116,699888.0,2,2,1061,207 SAN ANTONIO PL,San Jose,California,52245,5660.4,Santa Clara,110586.0,37.35043,-121.85255,83,238,26,35719
95124,1398000.0,4,3,1896,15400 HERRING AVE,San Jose,California,52442,3073.3,Santa Clara,231869.0,37.25684,-121.92286,83,238,26,35901
95127,425000.0,1,1,777,247 N CAPITOL AVE UNIT 210,San Jose,California,63103,1280.2,Santa Clara,152515.0,37.37453,-121.78733,83,238,26,36101
95111,998888.0,3,3,1192,640 BLOM DR,San Jose,California,60687,4036.2,Santa Clara,121715.0,37.28401,-121.82731,83,238,26,35645
95112,720000.0,2,1,780,825 N 17TH ST,San Jose,California,58489,3106.4,Santa Clara,120083.0,37.34461,-121.88346,83,238,26,35691
95148,2590000.0,4,4,2442,3114 RASMUS CIR,San Jose,California,47305,2317.1,Santa Clara,188361.0,37.33252,-121.78142,83,238,26,36344
95127,1380000.0,4,4,1605,921 ALBA CT,San Jose,California,63103,1280.2,Santa Clara,152515.0,37.37453,-121.78733,83,238,26,36082
95112,648888.0,2,2,1241,952 S 11TH ST UNIT 138,San Jose,California,58489,3106.4,Santa Clara,120083.0,37.34461,-121.88346,83,238,26,35685
95111,449000.0,3,2,1942,115 CHATEAU LA SALLE DR,San Jose,California,60687,4036.2,Santa Clara,121715.0,37.28401,-121.82731,83,238,26,35639
95112,1049000.0,4,2,1230,899 E SAINT JAMES ST,San Jose,California,58489,3106.4,Santa Clara,120083.0,37.34461,-121.88346,83,238,26,35661
95118,1050000.0,3,2,1232,1362 LANSING AVE,San Jose,California,32703,3105.5,Santa Clara,183965.0,37.25589,-121.88991,83,238,26,35750
95121,1690000.0,4,3,1870,4010 TIMBERLINE DR,San Jose,California,37663,3271.3,Santa Clara,156963.0,37.30463,-121.80981,83,238,26,35802
95124,655000.0,2,1,903,4770 HATFIELD WALK # 3,San Jose,California,52442,3073.3,Santa Clara,231869.0,37.25684,-121.92286,83,238,26,35945
95126,1999999.0,4,3,1926,1726 PAPYRUS LN,San Jose,California,36457,4243.0,Santa Clara,165198.0,37.32687,-121.91677,83,238,26,36049
95135,765000.0,2,2,1516,6309 BLAUER LN,San Jose,California,22010,65.7,Santa Clara,244898.0,37.22285,-121.55913,83,238,26,36256
95112,1025000.0,3,2,2003,447 E SAINT JOHN ST,San Jose,California,58489,3106.4,Santa Clara,120083.0,37.34461,-121.88346,83,238,26,35665
95123,369500.0,3,2,1512,195 BLOSSOM HILL RD,San Jose,California,71118,3510.4,Santa Clara,165181.0,37.24479,-121.83306,83,238,26,35853
95121,589950.0,2,1,884,2663 ROSALINDA CT,San Jose,California,37663,3271.3,Santa Clara,156963.0,37.30463,-121.80981,83,238,26,35793
95134,1399888.0,3,3,2091,452 MILL RIVER LN,San Jose,California,31172,1113.6,Santa Clara,203618.0,37.43003,-121.94528,83,238,26,36228
95136,950000.0,3,3,1452,46 RAINDANCE CT,San Jose,California,48867,3626.1,Santa Clara,172715.0,37.27192,-121.85237,83,238,26,36290
95125,1999999.0,5,4,2646,1195 SETTLE AVE,San Jose,California,53478,2834.4,Santa Clara,224763.0,37.29554,-121.89408,83,238,26,35991
95127,1880000.0,5,4,2702,755 FLEMING AVE,San Jose,California,63103,1280.2,Santa Clara,152515.0,37.37453,-121.78733,83,238,26,36099
95124,1599999.0,3,2,1569,2619 MERIDIAN AVE,San Jose,California,52442,3073.3,Santa Clara,231869.0,37.25684,-121.92286,83,238,26,35920
95123,800000.0,2,2,1333,531 GIUFFRIDA AVE APT G,San Jose,California,71118,3510.4,Santa Clara,165181.0,37.24479,-121.83306,83,238,26,35866
95129,1550000.0,3,3,1542,7220 CLARENDON ST,San Jose,California,39318,3326.8,Santa Clara,232036.0,37.30597,-122.00072,83,238,26,36148
95120,2950000.0,4,3,3140,7242 GOLD CREEK WAY,San Jose,California,38358,376.8,Santa Clara,297716.0,37.18428,-121.83658,83,238,26,35792
95112,949000.0,3,3,1741,30 E JULIAN ST UNIT 318,San Jose,California,58489,3106.4,Santa Clara,120083.0,37.34461,-121.88346,83,238,26,35697
95124,1449000.0,3,2,1270,3016 CYRUS AVE,San Jose,California,52442,3073.3,Santa Clara,231869.0,37.25684,-121.92286,83,238,26,35907
95127,399888.0,1,1,777,247 N CAPITOL AVE UNIT 135,San Jose,California,63103,1280.2,Santa Clara,152515.0,37.37453,-121.78733,83,238,26,36087
95122,948800.0,3,2,1317,1342 NORVELLA ST,San Jose,California,54100,4368.1,Santa Clara,120376.0,37.32925,-121.83481,83,238,26,35819
95136,349000.0,3,2,1456,3637 SNELL AVE,San Jose,California,48867,3626.1,Santa Clara,172715.0,37.27192,-121.85237,83,238,26,36270
95128,859000.0,2,2,986,801 S WINCHESTER BLVD APT 4102,San Jose,California,35367,3473.9,Santa Clara,163539.0,37.31579,-121.93647,83,238,26,36116
95129,499000.0,1,1,751,4661 ALBANY CIR APT 109,San Jose,California,39318,3326.8,Santa Clara,232036.0,37.30597,-122.00072,83,238,26,36138
95128,2450000.0,3,3,2166,356 SANTANA ROW APT 315,San Jose,California,35367,3473.9,Santa Clara,163539.0,37.31579,-121.93647,83,238,26,36127
95133,1188888.0,4,2,1590,2719 GRANDVIEW DR,San Jose,California,28902,3421.6,Santa Clara,173587.0,37.37171,-121.86057,83,238,26,36199
95131,998000.0,2,2,1371,1036 ONOFRIO LN UNIT 5,San Jose,California,31566,2110.3,Santa Clara,197282.0,37.38729,-121.89793,83,238,26,36170
95129,2495000.0,4,3,2272,5238 BELA DR,San Jose,California,39318,3326.8,Santa Clara,232036.0,37.30597,-122.00072,83,238,26,36140
95127,2700000.0,5,6,5121,17005 CROTHERS RD,San Jose,California,63103,1280.2,Santa Clara,152515.0,37.37453,-121.78733,83,238,26,36076
95123,464900.0,1,1,722,309 TRADEWINDS DR APT 9,San Jose,California,71118,3510.4,Santa Clara,165181.0,37.24479,-121.83306,83,238,26,35854
95136,850000.0,3,2,1334,250 TRUCKEE LN,San Jose,California,48867,3626.1,Santa Clara,172715.0,37.27192,-121.85237,83,238,26,36304
95134,1358800.0,3,3,1920,414 GALLERIA DR APT 1,San Jose,California,31172,1113.6,Santa Clara,203618.0,37.43003,-121.94528,83,238,26,36230
95135,490000.0,2,2,1223,5494 CRIBARI BND,San Jose,California,22010,65.7,Santa Clara,244898.0,37.22285,-121.55913,83,238,26,36261
95116,659888.0,3,2,1200,88 N JACKSON AVE UNIT 118,San Jose,California,52245,5660.4,Santa Clara,110586.0,37.35043,-121.85255,83,238,26,35726
95136,249900.0,2,2,1368,3300 NARVAEZ AVE,San Jose,California,48867,3626.1,Santa Clara,172715.0,37.27192,-121.85237,83,238,26,36268
95135,1225000.0,3,3,1346,3762 JASMINE CIR,San Jose,California,22010,65.7,Santa Clara,244898.0,37.22285,-121.55913,83,238,26,36260
95122,660000.0,2,3,1068,1080 SUMMERPLACE DR,San Jose,California,54100,4368.1,Santa Clara,120376.0,37.32925,-121.83481,83,238,26,35823
95125,867800.0,2,2,1067,1853 ALMADEN RD APT 403,San Jose,California,53478,2834.4,Santa Clara,224763.0,37.29554,-121.89408,83,238,26,35955
95135,1330000.0,2,2,2096,8822 WINE VALLEY CIR,San Jose,California,22010,65.7,Santa Clara,244898.0,37.22285,-121.55913,83,238,26,36242
95124,1750000.0,3,3,1900,1792 MARCY LYNN CT,San Jose,California,52442,3073.3,Santa Clara,231869.0,37.25684,-121.92286,83,238,26,35928
95130,2197000.0,4,3,1859,4611 ALEX DR,San Jose,California,13147,3527.5,Santa Clara,206992.0,37.28803,-121.98146,83,238,26,36159
95127,548888.0,2,2,955,259 N CAPITOL AVE UNIT 254,San Jose,California,63103,1280.2,Santa Clara,152515.0,37.37453,-121.78733,83,238,26,36084
95111,945000.0,4,2,1308,3952 EZIE ST,San Jose,California,60687,4036.2,Santa Clara,121715.0,37.28401,-121.82731,83,238,26,35648
95112,490000.0,1,1,667,1060 S 3RD ST APT 381,San Jose,California,58489,3106.4,Santa Clara,120083.0,37.34461,-121.88346,83,238,26,35687
95125,1698000.0,3,3,1647,2851 ARAGON WAY,San Jose,California,53478,2834.4,Santa Clara,224763.0,37.29554,-121.89408,83,238,26,35983
95123,1299000.0,4,3,2186,186 BENBOW AVE,San Jose,California,71118,3510.4,Santa Clara,165181.0,37.24479,-121.83306,83,238,26,35881
95126,998000.0,3,3,1384,950 LAKESHIRE CT,San Jose,California,36457,4243.0,Santa Clara,165198.0,37.32687,-121.91677,83,238,26,36030
95125,872800.0,2,2,1067,1853 ALMADEN RD APT 304,San Jose,California,53478,2834.4,Santa Clara,224763.0,37.29554,-121.89408,83,238,26,35962
95120,1698000.0,3,2,1432,1575 MONTEVAL LN,San Jose,California,38358,376.8,Santa Clara,297716.0,37.18428,-121.83658,83,238,26,35777
95111,863880.0,3,2,1123,323 EL CAJON DR,San Jose,California,60687,4036.2,Santa Clara,121715.0,37.28401,-121.82731,83,238,26,35623
95112,1199950.0,4,3,1168,458 N 7TH ST,San Jose,California,58489,3106.4,Santa Clara,120083.0,37.34461,-121.88346,83,238,26,35662
