Zip Code,Price,Beds,Baths,Living Space,Address,City,State,Zip Code Population,Zip Code Density,County,Median Household Income,Latitude,Longitude,county_num,city_num,state_num,address_num
95842,370000.0,2,1,816,6832 SPECKLE WAY,Sacramento,California,34578,3361.4,Sacramento,74618.0,38.687,-121.34889,84,240,26,37152
95834,307614.0,3,3,1490,2520 JOHN GLENN WAY,Sacramento,California,33102,1282.7,Sacramento,111529.0,38.64207,-121.51967,84,240,26,36976
95829,696000.0,6,3,2781,8908 BOULDER GLEN WAY,Sacramento,California,30594,581.7,Sacramento,126052.0,38.48759,-121.33326,84,240,26,36845
95835,539900.0,3,2,1582,2107 PAUL COURTER WAY,Sacramento,California,41051,1785.0,Sacramento,132611.0,38.67088,-121.52464,84,240,26,37036
95832,385000.0,3,2,1069,7620 DETROIT BLVD,Sacramento,California,13446,624.7,Sacramento,83054.0,38.43979,-121.49888,84,240,26,36915
95833,490000.0,3,3,1837,3500 TICE CREEK WAY,Sacramento,California,40853,1950.1,Sacramento,104788.0,38.61529,-121.51558,84,240,26,36934
95828,89950.0,2,1,720,6737 CAPITAL CIR # 220,Sacramento,California,61730,1921.6,Sacramento,90500.0,38.48943,-121.39598,84,240,26,36814
95829,427500.0,2,2,1199,7473 CHEVELLE WAY,Sacramento,California,30594,581.7,Sacramento,126052.0,38.48759,-121.33326,84,240,26,36849
95825,449000.0,2,3,1748,2501 EXETER SQUARE LN,Sacramento,California,37522,3111.8,Sacramento,72525.0,38.5901,-121.40644,84,240,26,36691
95842,179900.0,4,2,1550,7449 AZIMUTH LN,Sacramento,California,34578,3361.4,Sacramento,74618.0,38.687,-121.34889,84,240,26,37125
95817,600000.0,3,2,1577,2951 57TH ST,Sacramento,California,14109,2405.2,Sacramento,81235.0,38.55057,-121.45713,84,240,26,36425
95864,1275000.0,4,4,3359,4100 LOS COCHES WAY,Sacramento,California,25367,1559.6,Sacramento,178381.0,38.58512,-121.37655,84,240,26,37171
95818,775000.0,4,4,1742,1230 ALBRIGHT WALK,Sacramento,California,22423,2243.3,Sacramento,146969.0,38.55579,-121.49669,84,240,26,36451
95829,825000.0,3,4,2637,10051 DAGWOOD WAY,Sacramento,California,30594,581.7,Sacramento,126052.0,38.48759,-121.33326,84,240,26,36864
95821,575000.0,3,2,1682,3241 POTTER LN,Sacramento,California,37473,2048.8,Sacramento,85727.0,38.62541,-121.38479,84,240,26,36554
95820,324900.0,2,1,699,3908 SAN CARLOS WAY,Sacramento,California,36224,2655.3,Sacramento,83160.0,38.53491,-121.4442,84,240,26,36512
95829,524950.0,4,2,1232,9174 PARDUCCI WAY,Sacramento,California,30594,581.7,Sacramento,126052.0,38.48759,-121.33326,84,240,26,36834
95835,550000.0,5,3,2204,3201 HAYGROUND WAY,Sacramento,California,41051,1785.0,Sacramento,132611.0,38.67088,-121.52464,84,240,26,37035
95833,604815.0,3,3,1811,2988 ENDSLEY AVE,Sacramento,California,40853,1950.1,Sacramento,104788.0,38.61529,-121.51558,84,240,26,36942
95820,275000.0,2,1,666,3781 26TH AVE,Sacramento,California,36224,2655.3,Sacramento,83160.0,38.53491,-121.4442,84,240,26,36482
95838,480000.0,4,3,1714,24 POINSETTIA CT,Sacramento,California,41438,1738.1,Sacramento,76618.0,38.64708,-121.44312,84,240,26,37057
95827,440000.0,3,2,1230,3778 ROCK ISLAND DR,Sacramento,California,21241,916.8,Sacramento,93815.0,38.55151,-121.3253,84,240,26,36769
95842,209000.0,2,2,933,5674 HILLSDALE BLVD,Sacramento,California,34578,3361.4,Sacramento,74618.0,38.687,-121.34889,84,240,26,37122
95842,565000.0,3,2,1812,5032 ANDREA BLVD,Sacramento,California,34578,3361.4,Sacramento,74618.0,38.687,-121.34889,84,240,26,37139
95842,339000.0,2,2,1056,4801 DOVER LN UNIT 506,Sacramento,California,34578,3361.4,Sacramento,74618.0,38.687,-121.34889,84,240,26,37147
95817,449000.0,2,1,1191,4022 2ND AVE,Sacramento,California,14109,2405.2,Sacramento,81235.0,38.55057,-121.45713,84,240,26,36424
95820,510000.0,2,1,744,5073 9TH AVE,Sacramento,California,36224,2655.3,Sacramento,83160.0,38.53491,-121.4442,84,240,26,36519
95864,335000.0,3,2,1065,1155 RIVARA CIR,Sacramento,California,25367,1559.6,Sacramento,178381.0,38.58512,-121.37655,84,240,26,37167
95842,210000.0,2,1,933,5606 HILLSDALE BLVD APT B,Sacramento,California,34578,3361.4,Sacramento,74618.0,38.687,-121.34889,84,240,26,37116
95823,59000.0,2,1,430,7770 WHISPERING PALMS DR,Sacramento,California,83021,2792.5,Sacramento,74523.0,38.47473,-121.44266,84,240,26,36655
95838,399000.0,3,2,1616,10 FIG LEAF CT,Sacramento,California,41438,1738.1,Sacramento,76618.0,38.64708,-121.44312,84,240,26,37080
95827,125000.0,2,2,1248,23 TEMPLE,Sacramento,California,21241,916.8,Sacramento,93815.0,38.55151,-121.3253,84,240,26,36753
95829,545086.0,3,3,1778,7610 HEATHERPACE DRIVE,Sacramento,California,30594,581.7,Sacramento,126052.0,38.48759,-121.33326,84,240,26,36854
95831,500000.0,2,1,1465,7487 ALMA VISTA WAY,Sacramento,California,43683,2411.1,Sacramento,121600.0,38.49599,-121.52948,84,240,26,36874
95832,430000.0,3,2,1015,7625 LYTLE ST,Sacramento,California,13446,624.7,Sacramento,83054.0,38.43979,-121.49888,84,240,26,36917
95864,899000.0,2,3,2015,2724 BRAYNARD WAY,Sacramento,California,25367,1559.6,Sacramento,178381.0,38.58512,-121.37655,84,240,26,37162
95823,495000.0,3,2,1618,4440 TURNBRIDGE DR,Sacramento,California,83021,2792.5,Sacramento,74523.0,38.47473,-121.44266,84,240,26,36658
95842,220000.0,2,1,924,5930 WALERGA RD APT 4,Sacramento,California,34578,3361.4,Sacramento,74618.0,38.687,-121.34889,84,240,26,37141
95816,675000.0,2,2,1671,1509 34TH ST,Sacramento,California,18033,2551.8,Sacramento,113303.0,38.57555,-121.46543,84,240,26,36401
95816,1145000.0,4,4,2363,134 FISCHBACHER ST,Sacramento,California,18033,2551.8,Sacramento,113303.0,38.57555,-121.46543,84,240,26,36407
95821,559000.0,4,2,2303,2400 LESLIE LN,Sacramento,California,37473,2048.8,Sacramento,85727.0,38.62541,-121.38479,84,240,26,36538
95841,525000.0,3,2,1200,6112 SHENANDOAH DR,Sacramento,California,20892,2069.5,Sacramento,82502.0,38.66031,-121.34812,84,240,26,37096
95828,115000.0,2,2,1440,8665 FLORIN RD UNIT 134,Sacramento,California,61730,1921.6,Sacramento,90500.0,38.48943,-121.39598,84,240,26,36807
95828,109500.0,2,2,960,6305 STATE LN # 91,Sacramento,California,61730,1921.6,Sacramento,90500.0,38.48943,-121.39598,84,240,26,36773
95833,754990.0,4,4,2431,2878 EDGEVIEW DR,Sacramento,California,40853,1950.1,Sacramento,104788.0,38.61529,-121.51558,84,240,26,36951
95826,499900.0,4,2,1579,9356 MIRANDY DR,Sacramento,California,40847,1496.6,Sacramento,93008.0,38.54554,-121.37885,84,240,26,36728
95828,449000.0,4,3,1968,6940 CHANDLER DR,Sacramento,California,61730,1921.6,Sacramento,90500.0,38.48943,-121.39598,84,240,26,36806
95817,320000.0,3,1,974,3920 12TH AVE,Sacramento,California,14109,2405.2,Sacramento,81235.0,38.55057,-121.45713,84,240,26,36417
95838,449900.0,3,1,888,3913 NATOMA WAY,Sacramento,California,41438,1738.1,Sacramento,76618.0,38.64708,-121.44312,84,240,26,37086
95821,789000.0,4,3,3024,2830 MORSE AVE,Sacramento,California,37473,2048.8,Sacramento,85727.0,38.62541,-121.38479,84,240,26,36526
95864,598000.0,3,3,1634,4500 ARGONAUT WAY,Sacramento,California,25367,1559.6,Sacramento,178381.0,38.58512,-121.37655,84,240,26,37169
95842,419000.0,2,2,1635,4716 KINGBIRD WAY,Sacramento,California,34578,3361.4,Sacramento,74618.0,38.687,-121.34889,84,240,26,37121
95834,305000.0,2,2,958,4200 E COMMERCE WAY UNIT 924,Sacramento,California,33102,1282.7,Sacramento,111529.0,38.64207,-121.51967,84,240,26,36981
95826,549900.0,4,2,1521,7 WATERGLEN CIR,Sacramento,California,40847,1496.6,Sacramento,93008.0,38.54554,-121.37885,84,240,26,36745
95842,375000.0,2,1,838,7156 FLANDERS WAY,Sacramento,California,34578,3361.4,Sacramento,74618.0,38.687,-121.34889,84,240,26,37146
95828,550000.0,3,3,2070,8250 SPENGLER DR,Sacramento,California,61730,1921.6,Sacramento,90500.0,38.48943,-121.39598,84,240,26,36821
95828,460000.0,3,2,1225,8022 BUGATTI CT,Sacramento,California,61730,1921.6,Sacramento,90500.0,38.48943,-121.39598,84,240,26,36801
95820,399000.0,3,1,1225,5407 ESMERALDA ST,Sacramento,California,36224,2655.3,Sacramento,83160.0,38.53491,-121.4442,84,240,26,36520
95822,830000.0,5,3,2265,1620 SUTTERVILLE RD,Sacramento,California,46375,2132.2,Sacramento,93198.0,38.51273,-121.49556,84,240,26,36583
95822,539900.0,4,2,1797,5633 HAROLD WAY,Sacramento,California,46375,2132.2,Sacramento,93198.0,38.51273,-121.49556,84,240,26,36587
95816,749999.0,3,2,1699,2427 N ST,Sacramento,California,18033,2551.8,Sacramento,113303.0,38.57555,-121.46543,84,240,26,36406
95827,544900.0,3,2,1610,3506 SPRING ROSE WAY,Sacramento,California,21241,916.8,Sacramento,93815.0,38.55151,-121.3253,84,240,26,36757
95841,295999.0,3,2,1122,5804 SHADOW CREEK DR APT 4,Sacramento,California,20892,2069.5,Sacramento,82502.0,38.66031,-121.34812,84,240,26,37093
95819,1100000.0,3,2,1727,1524 40TH ST,Sacramento,California,20146,2157.0,Sacramento,156095.0,38.56816,-121.43772,84,240,26,36471
95829,607877.0,3,2,1886,8218 COURAGE DRIVE,Sacramento,California,30594,581.7,Sacramento,126052.0,38.48759,-121.33326,84,240,26,36856
95814,299000.0,3,2,1018,1425 D ST,Sacramento,California,12302,3401.6,Sacramento,72656.0,38.58064,-121.49488,84,240,26,36368
95821,659000.0,3,3,2306,3313 LYNNE WAY,Sacramento,California,37473,2048.8,Sacramento,85727.0,38.62541,-121.38479,84,240,26,36560
95829,1450000.0,4,4,4770,8151 EXCELSIOR RD,Sacramento,California,30594,581.7,Sacramento,126052.0,38.48759,-121.33326,84,240,26,36843
95826,232000.0,2,1,795,9051 MONTOYA ST APT 1,Sacramento,California,40847,1496.6,Sacramento,93008.0,38.54554,-121.37885,84,240,26,36751
95835,538800.0,3,2,1507,5442 ALVOCA WAY,Sacramento,California,41051,1785.0,Sacramento,132611.0,38.67088,-121.52464,84,240,26,37037
95820,299000.0,3,1,780,3222 19TH AVE,Sacramento,California,36224,2655.3,Sacramento,83160.0,38.53491,-121.4442,84,240,26,36499
95820,389000.0,3,1,1397,4129 38TH ST,Sacramento,California,36224,2655.3,Sacramento,83160.0,38.53491,-121.4442,84,240,26,36491
95838,359000.0,3,2,864,3828 CYPRESS ST,Sacramento,California,41438,1738.1,Sacramento,76618.0,38.64708,-121.44312,84,240,26,37050
95818,625000.0,3,1,1135,2111 3RD AVE,Sacramento,California,22423,2243.3,Sacramento,146969.0,38.55579,-121.49669,84,240,26,36439
95816,495000.0,2,1,1038,2414 G ST,Sacramento,California,18033,2551.8,Sacramento,113303.0,38.57555,-121.46543,84,240,26,36396
95823,550000.0,4,2,1587,26 TEARPAK CT,Sacramento,California,83021,2792.5,Sacramento,74523.0,38.47473,-121.44266,84,240,26,36654
95811,837000.0,1,2,1044,1818 L ST UNIT 808,Sacramento,California,7432,1238.8,Sacramento,101073.0,38.58761,-121.49077,84,240,26,36360
95835,445000.0,3,3,1549,3301 N PARK DR UNIT 115,Sacramento,California,41051,1785.0,Sacramento,132611.0,38.67088,-121.52464,84,240,26,37017
95842,50000.0,2,1,832,6240 GOLD DUST DR,Sacramento,California,34578,3361.4,Sacramento,74618.0,38.687,-121.34889,84,240,26,37117
95817,350000.0,2,1,1086,2761 SANTA CLARA WAY,Sacramento,California,14109,2405.2,Sacramento,81235.0,38.55057,-121.45713,84,240,26,36410
95834,599999.0,4,3,2100,160 JULIA ISLAND CIR,Sacramento,California,33102,1282.7,Sacramento,111529.0,38.64207,-121.51967,84,240,26,36983
95835,599999.0,4,3,2238,16 MERAMEC BLUFF PL,Sacramento,California,41051,1785.0,Sacramento,132611.0,38.67088,-121.52464,84,240,26,37047
95824,489000.0,5,3,2176,6126 LUCERO DR,Sacramento,California,30783,2980.4,Sacramento,68556.0,38.51746,-121.44147,84,240,26,36679
95820,299888.0,3,1,1096,3813 23RD AVE,Sacramento,California,36224,2655.3,Sacramento,83160.0,38.53491,-121.4442,84,240,26,36518
95842,535000.0,3,2,1835,6813 SILVERTHORNE CIR,Sacramento,California,34578,3361.4,Sacramento,74618.0,38.687,-121.34889,84,240,26,37143
95825,329000.0,2,2,1054,3130 VIA GRANDE,Sacramento,California,37522,3111.8,Sacramento,72525.0,38.5901,-121.40644,84,240,26,36686
95820,335000.0,2,1,1130,3913 23RD AVE,Sacramento,California,36224,2655.3,Sacramento,83160.0,38.53491,-121.4442,84,240,26,36511
95838,599950.0,4,2,1614,1130 CLAIRE AVE,Sacramento,California,41438,1738.1,Sacramento,76618.0,38.64708,-121.44312,84,240,26,37058
95831,319998.0,3,2,1174,502 ROUNDTREE CT,Sacramento,California,43683,2411.1,Sacramento,121600.0,38.49599,-121.52948,84,240,26,36898
95864,438800.0,3,1,1081,1524 WYANT WAY,Sacramento,California,25367,1559.6,Sacramento,178381.0,38.58512,-121.37655,84,240,26,37165
95828,729000.0,4,3,2750,8728 NAKOTA WAY,Sacramento,California,61730,1921.6,Sacramento,90500.0,38.48943,-121.39598,84,240,26,36785
95835,329000.0,1,1,803,2001 CLUB CENTER DR APT 8115,Sacramento,California,41051,1785.0,Sacramento,132611.0,38.67088,-121.52464,84,240,26,37042
95829,609068.0,4,2,1740,8238 COURAGE DRIVE,Sacramento,California,30594,581.7,Sacramento,126052.0,38.48759,-121.33326,84,240,26,36837
95825,299990.0,2,2,1207,1519 HOOD RD UNIT C,Sacramento,California,37522,3111.8,Sacramento,72525.0,38.5901,-121.40644,84,240,26,36689
95831,769000.0,3,2,1857,6541 DRIFTWOOD ST,Sacramento,California,43683,2411.1,Sacramento,121600.0,38.49599,-121.52948,84,240,26,36886
95823,389000.0,3,3,1479,43 SUN REIGN PL,Sacramento,California,83021,2792.5,Sacramento,74523.0,38.47473,-121.44266,84,240,26,36663
95829,779000.0,4,3,2689,9175 TARTLETE CT,Sacramento,California,30594,581.7,Sacramento,126052.0,38.48759,-121.33326,84,240,26,36863
95834,518500.0,3,3,1838,3679 SARDINIA ISLAND WAY,Sacramento,California,33102,1282.7,Sacramento,111529.0,38.64207,-121.51967,84,240,26,36989
95828,535000.0,4,3,1656,8388 YERMO WAY,Sacramento,California,61730,1921.6,Sacramento,90500.0,38.48943,-121.39598,84,240,26,36809
95831,535900.0,3,2,1339,6874 BUENA TERRA WAY,Sacramento,California,43683,2411.1,Sacramento,121600.0,38.49599,-121.52948,84,240,26,36871
95820,410000.0,3,1,1086,5311 ONTARIO ST,Sacramento,California,36224,2655.3,Sacramento,83160.0,38.53491,-121.4442,84,240,26,36510
95835,429900.0,3,3,1429,4800 WESTLAKE PKWY UNIT 2106,Sacramento,California,41051,1785.0,Sacramento,132611.0,38.67088,-121.52464,84,240,26,37005
95842,399999.0,3,2,1188,5720 BRYCE CANYON PL,Sacramento,California,34578,3361.4,Sacramento,74618.0,38.687,-121.34889,84,240,26,37128
95829,654172.0,4,3,2055,8214 COURAGE DRIVE,Sacramento,California,30594,581.7,Sacramento,126052.0,38.48759,-121.33326,84,240,26,36840
95828,145000.0,2,2,1392,6432 CAPITAL DR,Sacramento,California,61730,1921.6,Sacramento,90500.0,38.48943,-121.39598,84,240,26,36777
95834,659950.0,4,3,2365,4579 MAPLE CREST ST,Sacramento,California,33102,1282.7,Sacramento,111529.0,38.64207,-121.51967,84,240,26,36980
95820,430000.0,3,1,1273,4540 12TH AVE,Sacramento,California,36224,2655.3,Sacramento,83160.0,38.53491,-121.4442,84,240,26,36496
95838,349900.0,2,1,930,3627 KERN ST,Sacramento,California,41438,1738.1,Sacramento,76618.0,38.64708,-121.44312,84,240,26,37055
95820,325000.0,3,2,1264,5021 ORTEGA ST,Sacramento,California,36224,2655.3,Sacramento,83160.0,38.53491,-121.4442,84,240,26,36485
95822,490000.0,3,2,1770,2941 LOMA VERDE WAY,Sacramento,California,46375,2132.2,Sacramento,93198.0,38.51273,-121.49556,84,240,26,36595
95820,389000.0,3,1,1392,5375 MENDOCINO BLVD,Sacramento,California,36224,2655.3,Sacramento,83160.0,38.53491,-121.4442,84,240,26,36483
95825,235000.0,1,1,733,539 WOODSIDE OAKS APT 6,Sacramento,California,37522,3111.8,Sacramento,72525.0,38.5901,-121.40644,84,240,26,36717
95821,475000.0,3,2,1165,3236 EASTWOOD RD,Sacramento,California,37473,2048.8,Sacramento,85727.0,38.62541,-121.38479,84,240,26,36544
95824,399000.0,3,1,1074,4400 39TH AVE,Sacramento,California,30783,2980.4,Sacramento,68556.0,38.51746,-121.44147,84,240,26,36676
95831,799900.0,3,2,2062,6440 FORDHAM WAY,Sacramento,California,43683,2411.1,Sacramento,121600.0,38.49599,-121.52948,84,240,26,36902
95820,459000.0,3,2,1245,3701 21ST AVE,Sacramento,California,36224,2655.3,Sacramento,83160.0,38.53491,-121.4442,84,240,26,36504
95833,595000.0,3,3,1757,2512 BURNABY WAY,Sacramento,California,40853,1950.1,Sacramento,104788.0,38.61529,-121.51558,84,240,26,36939
95826,435000.0,3,2,1465,9213 CONDESA DR,Sacramento,California,40847,1496.6,Sacramento,93008.0,38.54554,-121.37885,84,240,26,36752
95834,219900.0,1,1,516,104 LA CONTERA CT UNIT 140,Sacramento,California,33102,1282.7,Sacramento,111529.0,38.64207,-121.51967,84,240,26,36992
95829,1950000.0,4,2,2518,9494 FLORIN RD,Sacramento,California,30594,581.7,Sacramento,126052.0,38.48759,-121.33326,84,240,26,36847
95835,745000.0,5,4,2938,1721 EDGEMORE AVE,Sacramento,California,41051,1785.0,Sacramento,132611.0,38.67088,-121.52464,84,240,26,37021
95820,369000.0,3,2,988,3680 26TH AVE,Sacramento,California,36224,2655.3,Sacramento,83160.0,38.53491,-121.4442,84,240,26,36513
95838,325000.0,3,1,1025,237 COOKINGHAM WAY,Sacramento,California,41438,1738.1,Sacramento,76618.0,38.64708,-121.44312,84,240,26,37066
95833,439000.0,3,2,1206,2848 CARBERRY WAY,Sacramento,California,40853,1950.1,Sacramento,104788.0,38.61529,-121.51558,84,240,26,36948
95821,385000.0,3,1,1368,2121 MARCONI AVE,Sacramento,California,37473,2048.8,Sacramento,85727.0,38.62541,-121.38479,84,240,26,36572
95828,195000.0,3,2,1760,55 ROBLES ST,Sacramento,California,61730,1921.6,Sacramento,90500.0,38.48943,-121.39598,84,240,26,36793
95821,2795000.0,4,7,4348,3011 MORSE AVE,Sacramento,California,37473,2048.8,Sacramento,85727.0,38.62541,-121.38479,84,240,26,36529
95835,425000.0,1,2,1399,2223 RYEDALE LN,Sacramento,California,41051,1785.0,Sacramento,132611.0,38.67088,-121.52464,84,240,26,37004
95842,429000.0,3,2,1054,5714 MOUNT MCKINLEY CT,Sacramento,California,34578,3361.4,Sacramento,74618.0,38.687,-121.34889,84,240,26,37119
95828,499000.0,3,3,1501,7112 BRIGGS DR,Sacramento,California,61730,1921.6,Sacramento,90500.0,38.48943,-121.39598,84,240,26,36786
95821,1950000.0,4,4,3935,3125 POPE AVE,Sacramento,California,37473,2048.8,Sacramento,85727.0,38.62541,-121.38479,84,240,26,36570
95818,699000.0,3,3,1620,2383 CROATIA WALK,Sacramento,California,22423,2243.3,Sacramento,146969.0,38.55579,-121.49669,84,240,26,36450
95831,599950.0,3,2,1569,1397 PALOMAR CIR,Sacramento,California,43683,2411.1,Sacramento,121600.0,38.49599,-121.52948,84,240,26,36905
95829,588995.0,4,2,1965,9465 POURNELLE WAY,Sacramento,California,30594,581.7,Sacramento,126052.0,38.48759,-121.33326,84,240,26,36861
95838,399000.0,3,2,1280,3941 CLAY ST,Sacramento,California,41438,1738.1,Sacramento,76618.0,38.64708,-121.44312,84,240,26,37051
95838,449900.0,4,2,1857,1421 RENE AVE,Sacramento,California,41438,1738.1,Sacramento,76618.0,38.64708,-121.44312,84,240,26,37065
95821,63000.0,2,1,576,3440 FULTON AVE SPC 25,Sacramento,California,37473,2048.8,Sacramento,85727.0,38.62541,-121.38479,84,240,26,36571
95826,223000.0,2,1,795,9004 EL CAJON WAY APT 1,Sacramento,California,40847,1496.6,Sacramento,93008.0,38.54554,-121.37885,84,240,26,36741
95820,305000.0,2,1,1156,4813 BAKER AVE,Sacramento,California,36224,2655.3,Sacramento,83160.0,38.53491,-121.4442,84,240,26,36492
95831,679000.0,3,2,2182,6243 FORDHAM WAY,Sacramento,California,43683,2411.1,Sacramento,121600.0,38.49599,-121.52948,84,240,26,36899
95825,239888.0,1,1,642,987 FULTON AVE APT 475,Sacramento,California,37522,3111.8,Sacramento,72525.0,38.5901,-121.40644,84,240,26,36710
95833,599990.0,3,4,2001,3063 CITYSCAPE WALK,Sacramento,California,40853,1950.1,Sacramento,104788.0,38.61529,-121.51558,84,240,26,36946
95820,525000.0,3,2,1000,5535 8TH AVE,Sacramento,California,36224,2655.3,Sacramento,83160.0,38.53491,-121.4442,84,240,26,36508
95828,495000.0,4,3,1613,7741 TEMWOODS WAY,Sacramento,California,61730,1921.6,Sacramento,90500.0,38.48943,-121.39598,84,240,26,36808
95818,1025000.0,4,3,2769,3089 CROCKER DR,Sacramento,California,22423,2243.3,Sacramento,146969.0,38.55579,-121.49669,84,240,26,36444
95820,449500.0,2,2,816,5360 13TH AVE,Sacramento,California,36224,2655.3,Sacramento,83160.0,38.53491,-121.4442,84,240,26,36490
95817,549000.0,2,1,1008,4080 2ND AVE,Sacramento,California,14109,2405.2,Sacramento,81235.0,38.55057,-121.45713,84,240,26,36416
95834,520000.0,4,3,1823,4424 GIBRALTAR ST,Sacramento,California,33102,1282.7,Sacramento,111529.0,38.64207,-121.51967,84,240,26,36962
95823,440000.0,3,2,1291,7722 QUINBY WAY,Sacramento,California,83021,2792.5,Sacramento,74523.0,38.47473,-121.44266,84,240,26,36628
95835,519000.0,3,3,1697,4931 LIETO WAY,Sacramento,California,41051,1785.0,Sacramento,132611.0,38.67088,-121.52464,84,240,26,37020
95835,599999.0,2,2,2040,540 MILL VALLEY CIR N,Sacramento,California,41051,1785.0,Sacramento,132611.0,38.67088,-121.52464,84,240,26,37013
95823,439900.0,4,3,1922,7375 MEADOWGATE DR,Sacramento,California,83021,2792.5,Sacramento,74523.0,38.47473,-121.44266,84,240,26,36634
95841,115000.0,2,2,1120,6221 CALGARY AVE # 92,Sacramento,California,20892,2069.5,Sacramento,82502.0,38.66031,-121.34812,84,240,26,37091
95823,450000.0,3,2,1468,7434 CENTER PKWY,Sacramento,California,83021,2792.5,Sacramento,74523.0,38.47473,-121.44266,84,240,26,36636
95822,659900.0,3,3,1586,4941 ESMA JANE LANE,Sacramento,California,46375,2132.2,Sacramento,93198.0,38.51273,-121.49556,84,240,26,36586
95842,79000.0,2,2,1440,6214 GOLD DUST DR,Sacramento,California,34578,3361.4,Sacramento,74618.0,38.687,-121.34889,84,240,26,37137
95828,315000.0,4,3,2038,6625 53RD AVE,Sacramento,California,61730,1921.6,Sacramento,90500.0,38.48943,-121.39598,84,240,26,36780
95827,624900.0,4,3,1845,2629 STONEHAVEN DR,Sacramento,California,21241,916.8,Sacramento,93815.0,38.55151,-121.3253,84,240,26,36767
95821,359000.0,2,1,718,2125 MARCONI AVE,Sacramento,California,37473,2048.8,Sacramento,85727.0,38.62541,-121.38479,84,240,26,36534
95822,675000.0,4,3,2177,1490 43RD AVE,Sacramento,California,46375,2132.2,Sacramento,93198.0,38.51273,-121.49556,84,240,26,36603
95820,499000.0,3,2,1166,4301 60TH ST,Sacramento,California,36224,2655.3,Sacramento,83160.0,38.53491,-121.4442,84,240,26,36525
95818,1200000.0,3,2,1878,2285 5TH AVE,Sacramento,California,22423,2243.3,Sacramento,146969.0,38.55579,-121.49669,84,240,26,36432
95831,599500.0,3,2,1658,445 SAILWIND WAY,Sacramento,California,43683,2411.1,Sacramento,121600.0,38.49599,-121.52948,84,240,26,36885
95864,379000.0,2,1,930,3117 CHURCHILL RD,Sacramento,California,25367,1559.6,Sacramento,178381.0,38.58512,-121.37655,84,240,26,37176
95823,264000.0,4,2,1328,4785 VALLEY HI DR,Sacramento,California,83021,2792.5,Sacramento,74523.0,38.47473,-121.44266,84,240,26,36646
95824,320000.0,4,1,1173,2801 34TH AVE,Sacramento,California,30783,2980.4,Sacramento,68556.0,38.51746,-121.44147,84,240,26,36677
95816,780000.0,3,2,1164,639 39TH ST,Sacramento,California,18033,2551.8,Sacramento,113303.0,38.57555,-121.46543,84,240,26,36397
95826,525000.0,4,2,1561,2540 OCCIDENTAL DR,Sacramento,California,40847,1496.6,Sacramento,93008.0,38.54554,-121.37885,84,240,26,36744
95842,237500.0,2,2,944,5620 HAMILTON ST APT 79,Sacramento,California,34578,3361.4,Sacramento,74618.0,38.687,-121.34889,84,240,26,37132
95834,135000.0,2,2,960,4920 GARDENDELL RD # 29,Sacramento,California,33102,1282.7,Sacramento,111529.0,38.64207,-121.51967,84,240,26,36967
95834,646000.0,4,2,1974,308 OLIVADI WAY,Sacramento,California,33102,1282.7,Sacramento,111529.0,38.64207,-121.51967,84,240,26,36973
95823,179000.0,2,1,924,41 LA FRESA CT APT 4,Sacramento,California,83021,2792.5,Sacramento,74523.0,38.47473,-121.44266,84,240,26,36640
95833,495000.0,3,2,1627,15 EL CONDE CT,Sacramento,California,40853,1950.1,Sacramento,104788.0,38.61529,-121.51558,84,240,26,36944
95821,659000.0,4,2,1718,3920 NORRIS AVE,Sacramento,California,37473,2048.8,Sacramento,85727.0,38.62541,-121.38479,84,240,26,36552
95831,524950.0,4,3,1588,14 ESTUARY CT,Sacramento,California,43683,2411.1,Sacramento,121600.0,38.49599,-121.52948,84,240,26,36893
95826,479000.0,3,3,1506,7969 LA RIVIERA DR,Sacramento,California,40847,1496.6,Sacramento,93008.0,38.54554,-121.37885,84,240,26,36747
95828,530000.0,4,3,1900,8684 DAIMLER WAY,Sacramento,California,61730,1921.6,Sacramento,90500.0,38.48943,-121.39598,84,240,26,36792
95833,549990.0,3,3,1656,3057 CITYSCAPE WALK,Sacramento,California,40853,1950.1,Sacramento,104788.0,38.61529,-121.51558,84,240,26,36959
95824,409900.0,4,2,1348,7225 KARI ANN CIR,Sacramento,California,30783,2980.4,Sacramento,68556.0,38.51746,-121.44147,84,240,26,36684
95835,724900.0,4,3,3068,2933 MAYBROOK DR,Sacramento,California,41051,1785.0,Sacramento,132611.0,38.67088,-121.52464,84,240,26,37033
95827,70000.0,2,2,1700,2950 ROUTIER RD SPC 41,Sacramento,California,21241,916.8,Sacramento,93815.0,38.55151,-121.3253,84,240,26,36756
95842,485000.0,3,2,1544,5000 BEAVER CT,Sacramento,California,34578,3361.4,Sacramento,74618.0,38.687,-121.34889,84,240,26,37118
95820,540000.0,3,2,1184,5621 19TH AVE,Sacramento,California,36224,2655.3,Sacramento,83160.0,38.53491,-121.4442,84,240,26,36523
95834,327500.0,2,2,958,4200 E COMMERCE WAY UNIT 922,Sacramento,California,33102,1282.7,Sacramento,111529.0,38.64207,-121.51967,84,240,26,36996
95823,499900.0,4,2,1450,4042 DEER CROSS WAY,Sacramento,California,83021,2792.5,Sacramento,74523.0,38.47473,-121.44266,84,240,26,36630
95825,350000.0,2,3,1458,3219 CASITAS BONITO,Sacramento,California,37522,3111.8,Sacramento,72525.0,38.5901,-121.40644,84,240,26,36713
95821,749700.0,3,2,2031,3451 HARMONY LN,Sacramento,California,37473,2048.8,Sacramento,85727.0,38.62541,-121.38479,84,240,26,36530
95833,250000.0,2,1,720,205 CLEVELAND AVE,Sacramento,California,40853,1950.1,Sacramento,104788.0,38.61529,-121.51558,84,240,26,36956
95835,539500.0,3,2,1765,291 ODELL CIR,Sacramento,California,41051,1785.0,Sacramento,132611.0,38.67088,-121.52464,84,240,26,37043
95823,425000.0,3,2,1185,7945 VALLEY GREEN DR,Sacramento,California,83021,2792.5,Sacramento,74523.0,38.47473,-121.44266,84,240,26,36661
95815,495000.0,3,2,1092,117 ARDEN WAY,Sacramento,California,26211,1322.4,Sacramento,76549.0,38.60544,-121.44497,84,240,26,36376
95842,190000.0,2,2,933,5682 HILLSDALE BLVD,Sacramento,California,34578,3361.4,Sacramento,74618.0,38.687,-121.34889,84,240,26,37135
95825,750000.0,3,2,2058,2243 SIERRA BLVD,Sacramento,California,37522,3111.8,Sacramento,72525.0,38.5901,-121.40644,84,240,26,36688
95842,479900.0,4,2,1362,4330 STOCKBRIDGE AVE,Sacramento,California,34578,3361.4,Sacramento,74618.0,38.687,-121.34889,84,240,26,37129
95835,628000.0,4,2,2166,545 ALLAIRE CIR,Sacramento,California,41051,1785.0,Sacramento,132611.0,38.67088,-121.52464,84,240,26,37000
95822,389999.0,3,2,1200,2064 66TH AVE,Sacramento,California,46375,2132.2,Sacramento,93198.0,38.51273,-121.49556,84,240,26,36575
95864,429900.0,3,1,1268,1209 GREENHILLS RD,Sacramento,California,25367,1559.6,Sacramento,178381.0,38.58512,-121.37655,84,240,26,37164
95834,150000.0,3,2,1582,4923 BROOKDALE DR # 150,Sacramento,California,33102,1282.7,Sacramento,111529.0,38.64207,-121.51967,84,240,26,36977
95833,449000.0,3,2,1256,1802 BRIDGECREEK DR,Sacramento,California,40853,1950.1,Sacramento,104788.0,38.61529,-121.51558,84,240,26,36953
95822,619900.0,3,3,1586,4917 ESMA JANE LANE,Sacramento,California,46375,2132.2,Sacramento,93198.0,38.51273,-121.49556,84,240,26,36607
95825,225000.0,1,1,755,606 WOODSIDE SIERRA UNIT 5,Sacramento,California,37522,3111.8,Sacramento,72525.0,38.5901,-121.40644,84,240,26,36718
95831,589000.0,3,2,1700,48 SOUTHLITE CIR,Sacramento,California,43683,2411.1,Sacramento,121600.0,38.49599,-121.52948,84,240,26,36904
95831,550000.0,3,2,1350,541 LITTLE RIVER WAY,Sacramento,California,43683,2411.1,Sacramento,121600.0,38.49599,-121.52948,84,240,26,36880
95823,400000.0,3,2,1091,8140 GOLDEN FIELD WAY,Sacramento,California,83021,2792.5,Sacramento,74523.0,38.47473,-121.44266,84,240,26,36614
95828,249000.0,3,1,888,7600 53RD AVE,Sacramento,California,61730,1921.6,Sacramento,90500.0,38.48943,-121.39598,84,240,26,36802
95828,540000.0,3,2,1704,8869 HOLLOWSTONE WAY,Sacramento,California,61730,1921.6,Sacramento,90500.0,38.48943,-121.39598,84,240,26,36798
95841,295000.0,3,2,1180,5332 GARFIELD AVE APT 3,Sacramento,California,20892,2069.5,Sacramento,82502.0,38.66031,-121.34812,84,240,26,37099
95833,444000.0,3,2,1120,3075 BRUNNET LN,Sacramento,California,40853,1950.1,Sacramento,104788.0,38.61529,-121.51558,84,240,26,36957
95817,370000.0,2,1,922,3461 36TH ST,Sacramento,California,14109,2405.2,Sacramento,81235.0,38.55057,-121.45713,84,240,26,36426
95835,525000.0,3,2,1358,1585 ALICIA WAY,Sacramento,California,41051,1785.0,Sacramento,132611.0,38.67088,-121.52464,84,240,26,37046
95817,429000.0,3,2,1000,3333 43RD ST,Sacramento,California,14109,2405.2,Sacramento,81235.0,38.55057,-121.45713,84,240,26,36421
95825,219500.0,1,1,682,2201 WOODSIDE LN UNIT 10,Sacramento,California,37522,3111.8,Sacramento,72525.0,38.5901,-121.40644,84,240,26,36696
95818,1550000.0,5,4,2972,1600 3RD AVE,Sacramento,California,22423,2243.3,Sacramento,146969.0,38.55579,-121.49669,84,240,26,36436
95815,339000.0,3,1,1376,1240 ARCADE BLVD,Sacramento,California,26211,1322.4,Sacramento,76549.0,38.60544,-121.44497,84,240,26,36388
95821,578850.0,4,3,1975,3406 HARGER CT,Sacramento,California,37473,2048.8,Sacramento,85727.0,38.62541,-121.38479,84,240,26,36563
95820,649900.0,3,2,1511,4424 62ND ST,Sacramento,California,36224,2655.3,Sacramento,83160.0,38.53491,-121.4442,84,240,26,36479
95829,644901.0,3,3,2555,0 JEFF HANDY DRIVE,Sacramento,California,30594,581.7,Sacramento,126052.0,38.48759,-121.33326,84,240,26,36841
95817,525000.0,2,1,956,3148 U ST,Sacramento,California,14109,2405.2,Sacramento,81235.0,38.55057,-121.45713,84,240,26,36429
95823,149888.0,1,1,594,8200 CENTER PKWY APT 10,Sacramento,California,83021,2792.5,Sacramento,74523.0,38.47473,-121.44266,84,240,26,36623
95815,380000.0,3,1,1100,2711 NORWOOD AVE,Sacramento,California,26211,1322.4,Sacramento,76549.0,38.60544,-121.44497,84,240,26,36391
95825,339900.0,3,2,1285,2161 COTTAGE WAY,Sacramento,California,37522,3111.8,Sacramento,72525.0,38.5901,-121.40644,84,240,26,36700
95822,535000.0,3,1,1187,2157 IRVIN WAY,Sacramento,California,46375,2132.2,Sacramento,93198.0,38.51273,-121.49556,84,240,26,36602
95823,150000.0,3,2,1344,83 BENTLEY AVE,Sacramento,California,83021,2792.5,Sacramento,74523.0,38.47473,-121.44266,84,240,26,36631
95829,542085.0,3,3,1556,7602 HEATHERPACE DRIVE,Sacramento,California,30594,581.7,Sacramento,126052.0,38.48759,-121.33326,84,240,26,36860
95820,350000.0,2,1,1239,3879 14TH AVE,Sacramento,California,36224,2655.3,Sacramento,83160.0,38.53491,-121.4442,84,240,26,36498
95864,569000.0,3,2,1282,2412 CATHAY WAY,Sacramento,California,25367,1559.6,Sacramento,178381.0,38.58512,-121.37655,84,240,26,37154
95831,574800.0,3,2,1573,6611 TRUDY WAY,Sacramento,California,43683,2411.1,Sacramento,121600.0,38.49599,-121.52948,84,240,26,36894
95816,550000.0,2,1,1108,2710 S ST,Sacramento,California,18033,2551.8,Sacramento,113303.0,38.57555,-121.46543,84,240,26,36405
95833,468800.0,4,3,1709,1685 BRIDGECREEK DR,Sacramento,California,40853,1950.1,Sacramento,104788.0,38.61529,-121.51558,84,240,26,36920
95825,439900.0,3,3,1355,2117 CORTEZ LN,Sacramento,California,37522,3111.8,Sacramento,72525.0,38.5901,-121.40644,84,240,26,36716
95826,519900.0,3,2,1448,8310 REED CT,Sacramento,California,40847,1496.6,Sacramento,93008.0,38.54554,-121.37885,84,240,26,36742
95831,409500.0,2,3,1418,25 QUAY CT,Sacramento,California,43683,2411.1,Sacramento,121600.0,38.49599,-121.52948,84,240,26,36887
95838,335000.0,4,2,1363,925 LOS ROBLES BLVD,Sacramento,California,41438,1738.1,Sacramento,76618.0,38.64708,-121.44312,84,240,26,37072
95838,349000.0,3,1,970,313 ANDERSON CT,Sacramento,California,41438,1738.1,Sacramento,76618.0,38.64708,-121.44312,84,240,26,37048
95820,624900.0,3,2,1599,3725 E PACIFIC AVE,Sacramento,California,36224,2655.3,Sacramento,83160.0,38.53491,-121.4442,84,240,26,36514
95826,519500.0,4,2,1472,9114 TRUJILLO WAY,Sacramento,California,40847,1496.6,Sacramento,93008.0,38.54554,-121.37885,84,240,26,36738
95835,659000.0,4,3,2699,5600 ERSKIN FISH WAY,Sacramento,California,41051,1785.0,Sacramento,132611.0,38.67088,-121.52464,84,240,26,37015
95826,470000.0,3,2,1337,9027 BRYDON WAY,Sacramento,California,40847,1496.6,Sacramento,93008.0,38.54554,-121.37885,84,240,26,36733
95821,550000.0,3,2,1240,4104 BOONE LN,Sacramento,California,37473,2048.8,Sacramento,85727.0,38.62541,-121.38479,84,240,26,36535
95835,710000.0,2,3,2356,2727 ROCKAWAY LN,Sacramento,California,41051,1785.0,Sacramento,132611.0,38.67088,-121.52464,84,240,26,37022
95833,475000.0,3,3,1567,2611 KLAYKO ST,Sacramento,California,40853,1950.1,Sacramento,104788.0,38.61529,-121.51558,84,240,26,36950
95833,479900.0,3,2,1411,2936 MENDEL WAY,Sacramento,California,40853,1950.1,Sacramento,104788.0,38.61529,-121.51558,84,240,26,36947
95820,425000.0,3,2,1518,4970 QUONSET DR,Sacramento,California,36224,2655.3,Sacramento,83160.0,38.53491,-121.4442,84,240,26,36481
95842,230000.0,2,1,840,4716 GREENHOLME DR APT 2,Sacramento,California,34578,3361.4,Sacramento,74618.0,38.687,-121.34889,84,240,26,37115
95823,398000.0,3,2,1466,4170 ARCHEAN WAY,Sacramento,California,83021,2792.5,Sacramento,74523.0,38.47473,-121.44266,84,240,26,36644
95820,349000.0,3,1,1039,5119 58TH ST,Sacramento,California,36224,2655.3,Sacramento,83160.0,38.53491,-121.4442,84,240,26,36503
95834,625000.0,4,3,2180,3027 DELTA TULE WAY,Sacramento,California,33102,1282.7,Sacramento,111529.0,38.64207,-121.51967,84,240,26,36972
95841,29500.0,2,1,720,5280 BROOK PARK LN,Sacramento,California,20892,2069.5,Sacramento,82502.0,38.66031,-121.34812,84,240,26,37095
95825,385000.0,3,1,1059,2033 JOAN WAY,Sacramento,California,37522,3111.8,Sacramento,72525.0,38.5901,-121.40644,84,240,26,36719
95832,514000.0,3,2,1536,5 NORTHWICH CT,Sacramento,California,13446,624.7,Sacramento,83054.0,38.43979,-121.49888,84,240,26,36914
95823,375000.0,3,2,1032,6533 VERNACE WAY,Sacramento,California,83021,2792.5,Sacramento,74523.0,38.47473,-121.44266,84,240,26,36652
95823,200000.0,2,1,795,10 LA PERA CT APT 1,Sacramento,California,83021,2792.5,Sacramento,74523.0,38.47473,-121.44266,84,240,26,36619
95826,567000.0,4,3,1794,2737 ADRIATIC WAY,Sacramento,California,40847,1496.6,Sacramento,93008.0,38.54554,-121.37885,84,240,26,36730
95821,614000.0,3,2,1587,2616 WRENDALE WAY,Sacramento,California,37473,2048.8,Sacramento,85727.0,38.62541,-121.38479,84,240,26,36545
95823,44900.0,1,1,660,7710 WHISPERING PALMS DR,Sacramento,California,83021,2792.5,Sacramento,74523.0,38.47473,-121.44266,84,240,26,36651
95828,390000.0,2,2,1133,7640 LAKEWOOD PARK DR,Sacramento,California,61730,1921.6,Sacramento,90500.0,38.48943,-121.39598,84,240,26,36819
95833,483000.0,3,2,1411,1100 RUDGER WAY,Sacramento,California,40853,1950.1,Sacramento,104788.0,38.61529,-121.51558,84,240,26,36930
95826,579000.0,4,3,1886,9272 PREMIER WAY,Sacramento,California,40847,1496.6,Sacramento,93008.0,38.54554,-121.37885,84,240,26,36735
95820,360000.0,2,1,1234,5390 PRISCILLA LN,Sacramento,California,36224,2655.3,Sacramento,83160.0,38.53491,-121.4442,84,240,26,36521
95811,949000.0,1,2,1044,1818 L ST UNIT 807,Sacramento,California,7432,1238.8,Sacramento,101073.0,38.58761,-121.49077,84,240,26,36358
95864,555000.0,3,2,1428,4256 BIRGIT WAY,Sacramento,California,25367,1559.6,Sacramento,178381.0,38.58512,-121.37655,84,240,26,37174
95826,559900.0,4,3,1834,9158 FIRELIGHT WAY,Sacramento,California,40847,1496.6,Sacramento,93008.0,38.54554,-121.37885,84,240,26,36721
95864,2765000.0,4,4,4955,3919 ARDEN OAKS LN,Sacramento,California,25367,1559.6,Sacramento,178381.0,38.58512,-121.37655,84,240,26,37170
95820,440000.0,4,2,1427,4033 WASHINGTON AVE,Sacramento,California,36224,2655.3,Sacramento,83160.0,38.53491,-121.4442,84,240,26,36494
95826,495000.0,4,2,1390,9427 ACHATES CIR,Sacramento,California,40847,1496.6,Sacramento,93008.0,38.54554,-121.37885,84,240,26,36726
95823,166500.0,3,2,1900,26 BENTLEY AVE,Sacramento,California,83021,2792.5,Sacramento,74523.0,38.47473,-121.44266,84,240,26,36629
95832,399000.0,4,2,1261,2233 BABETTE WAY,Sacramento,California,13446,624.7,Sacramento,83054.0,38.43979,-121.49888,84,240,26,36909
95821,650000.0,5,3,1956,3661 E COUNTRY CLUB LN,Sacramento,California,37473,2048.8,Sacramento,85727.0,38.62541,-121.38479,84,240,26,36533
95831,980000.0,4,2,2417,6698 S LAND PARK DR,Sacramento,California,43683,2411.1,Sacramento,121600.0,38.49599,-121.52948,84,240,26,36870
95815,308000.0,3,2,1370,345 BARRETTE AVE,Sacramento,California,26211,1322.4,Sacramento,76549.0,38.60544,-121.44497,84,240,26,36392
95838,119000.0,2,2,1344,62 KIT LN,Sacramento,California,41438,1738.1,Sacramento,76618.0,38.64708,-121.44312,84,240,26,37083
95822,449999.0,4,2,1556,7530 BOWEN CIR,Sacramento,California,46375,2132.2,Sacramento,93198.0,38.51273,-121.49556,84,240,26,36598
95838,534000.0,4,2,1990,5113 NALI CT,Sacramento,California,41438,1738.1,Sacramento,76618.0,38.64708,-121.44312,84,240,26,37071
95819,999000.0,3,2,1876,5625 M ST,Sacramento,California,20146,2157.0,Sacramento,156095.0,38.56816,-121.43772,84,240,26,36464
95819,989000.0,4,2,2085,5712 MCADOO AVE,Sacramento,California,20146,2157.0,Sacramento,156095.0,38.56816,-121.43772,84,240,26,36462
95828,470000.0,3,2,1441,8253 UNION CREEK WAY,Sacramento,California,61730,1921.6,Sacramento,90500.0,38.48943,-121.39598,84,240,26,36789
95838,590000.0,6,3,2914,628 SOUTH AVE,Sacramento,California,41438,1738.1,Sacramento,76618.0,38.64708,-121.44312,84,240,26,37067
95815,339000.0,2,1,910,985 SONOMA AVE,Sacramento,California,26211,1322.4,Sacramento,76549.0,38.60544,-121.44497,84,240,26,36386
95829,415000.0,2,2,1057,7466 HAVENFORD WAY,Sacramento,California,30594,581.7,Sacramento,126052.0,38.48759,-121.33326,84,240,26,36852
95825,204000.0,1,1,670,2384 ALTA GARDEN LN # B,Sacramento,California,37522,3111.8,Sacramento,72525.0,38.5901,-121.40644,84,240,26,36707
95835,540000.0,3,2,1507,5608 BRIDGECROSS DR,Sacramento,California,41051,1785.0,Sacramento,132611.0,38.67088,-121.52464,84,240,26,37030
95829,499999.0,3,2,1255,9070 LA MAISON CIR,Sacramento,California,30594,581.7,Sacramento,126052.0,38.48759,-121.33326,84,240,26,36836
95829,699000.0,5,3,2918,8183 SILVERLEAF WAY,Sacramento,California,30594,581.7,Sacramento,126052.0,38.48759,-121.33326,84,240,26,36850
95822,424900.0,3,2,1311,7072 REMO WAY,Sacramento,California,46375,2132.2,Sacramento,93198.0,38.51273,-121.49556,84,240,26,36573
95833,420000.0,2,2,1282,14 PADDLE CT,Sacramento,California,40853,1950.1,Sacramento,104788.0,38.61529,-121.51558,84,240,26,36928
95820,385000.0,3,1,1078,3801 LA SOLIDAD WAY,Sacramento,California,36224,2655.3,Sacramento,83160.0,38.53491,-121.4442,84,240,26,36489
95841,295000.0,2,1,959,5828 PEPPERMILL CT APT 1,Sacramento,California,20892,2069.5,Sacramento,82502.0,38.66031,-121.34812,84,240,26,37108
95825,475000.0,3,3,1355,554 HARTNELL PL,Sacramento,California,37522,3111.8,Sacramento,72525.0,38.5901,-121.40644,84,240,26,36693
95816,499000.0,2,1,936,307 ALHAMBRA BLVD,Sacramento,California,18033,2551.8,Sacramento,113303.0,38.57555,-121.46543,84,240,26,36398
95814,735000.0,4,2,2026,409 11TH ST,Sacramento,California,12302,3401.6,Sacramento,72656.0,38.58064,-121.49488,84,240,26,36369
95835,619800.0,5,3,2494,2962 QUINTER WAY,Sacramento,California,41051,1785.0,Sacramento,132611.0,38.67088,-121.52464,84,240,26,36999
95818,429900.0,2,1,963,2426 26TH ST,Sacramento,California,22423,2243.3,Sacramento,146969.0,38.55579,-121.49669,84,240,26,36446
95833,579990.0,3,4,2001,3069 CITYSCAPE WALK,Sacramento,California,40853,1950.1,Sacramento,104788.0,38.61529,-121.51558,84,240,26,36935
95818,889000.0,4,3,2110,2721 SWANSTON OAK LN,Sacramento,California,22423,2243.3,Sacramento,146969.0,38.55579,-121.49669,84,240,26,36442
95833,455000.0,3,2,1627,2013 LAS COCHES WAY,Sacramento,California,40853,1950.1,Sacramento,104788.0,38.61529,-121.51558,84,240,26,36926
95827,395000.0,2,1,936,9912 METEOR DR,Sacramento,California,21241,916.8,Sacramento,93815.0,38.55151,-121.3253,84,240,26,36763
95822,425000.0,3,2,1141,7442 WILLOWWICK WAY,Sacramento,California,46375,2132.2,Sacramento,93198.0,38.51273,-121.49556,84,240,26,36582
95835,419888.0,3,3,1306,5301 E COMMERCE WAY UNIT 61102,Sacramento,California,41051,1785.0,Sacramento,132611.0,38.67088,-121.52464,84,240,26,37031
95842,185000.0,2,2,944,5616 HAMILTON ST APT 106,Sacramento,California,34578,3361.4,Sacramento,74618.0,38.687,-121.34889,84,240,26,37124
95824,410000.0,3,2,1553,4421 SANTA MONICA AVE,Sacramento,California,30783,2980.4,Sacramento,68556.0,38.51746,-121.44147,84,240,26,36669
95820,475000.0,3,1,1039,5404 CABRILLO WAY,Sacramento,California,36224,2655.3,Sacramento,83160.0,38.53491,-121.4442,84,240,26,36487
95831,655000.0,3,2,2251,7040 WAVECREST WAY,Sacramento,California,43683,2411.1,Sacramento,121600.0,38.49599,-121.52948,84,240,26,36875
95817,439000.0,4,2,1310,3401 36TH ST,Sacramento,California,14109,2405.2,Sacramento,81235.0,38.55057,-121.45713,84,240,26,36412
95820,375000.0,3,2,1310,5115 20TH AVE,Sacramento,California,36224,2655.3,Sacramento,83160.0,38.53491,-121.4442,84,240,26,36484
95826,520000.0,4,2,2052,2917 OCCIDENTAL DR,Sacramento,California,40847,1496.6,Sacramento,93008.0,38.54554,-121.37885,84,240,26,36723
95821,539000.0,3,2,1607,2705 IONE ST,Sacramento,California,37473,2048.8,Sacramento,85727.0,38.62541,-121.38479,84,240,26,36537
95827,109888.0,2,2,1440,2950 ROUTIER RD SPC 2,Sacramento,California,21241,916.8,Sacramento,93815.0,38.55151,-121.3253,84,240,26,36766
95820,469000.0,2,1,1267,5805 MARK TWAIN AVE,Sacramento,California,36224,2655.3,Sacramento,83160.0,38.53491,-121.4442,84,240,26,36509
95834,515000.0,4,2,1702,2951 FRIGATE BIRD DR,Sacramento,California,33102,1282.7,Sacramento,111529.0,38.64207,-121.51967,84,240,26,36969
95828,520000.0,3,3,1741,34 LAKE HOUSE CT,Sacramento,California,61730,1921.6,Sacramento,90500.0,38.48943,-121.39598,84,240,26,36800
95829,593422.0,4,2,1740,8245 COURAGE DRIVE,Sacramento,California,30594,581.7,Sacramento,126052.0,38.48759,-121.33326,84,240,26,36839
95818,440000.0,2,3,1061,178 LOG POND LN,Sacramento,California,22423,2243.3,Sacramento,146969.0,38.55579,-121.49669,84,240,26,36448
95823,170000.0,2,1,840,25 LA FRESA CT APT 2,Sacramento,California,83021,2792.5,Sacramento,74523.0,38.47473,-121.44266,84,240,26,36649
95829,689000.0,3,3,2350,10125 SORENSTAM DR,Sacramento,California,30594,581.7,Sacramento,126052.0,38.48759,-121.33326,84,240,26,36826
95838,219900.0,3,2,1350,104 VILLAGE CIR,Sacramento,California,41438,1738.1,Sacramento,76618.0,38.64708,-121.44312,84,240,26,37076
95820,419000.0,2,1,812,4200 57TH ST,Sacramento,California,36224,2655.3,Sacramento,83160.0,38.53491,-121.4442,84,240,26,36500
95835,622500.0,5,3,2493,2157 PROMISE WAY,Sacramento,California,41051,1785.0,Sacramento,132611.0,38.67088,-121.52464,84,240,26,37045
95828,99500.0,2,2,1400,76 AMAPOLA AVE,Sacramento,California,61730,1921.6,Sacramento,90500.0,38.48943,-121.39598,84,240,26,36811
95829,574990.0,4,3,2125,7681 BAREBOW WAY,Sacramento,California,30594,581.7,Sacramento,126052.0,38.48759,-121.33326,84,240,26,36848
95835,319900.0,1,2,1125,4800 WESTLAKE PKWY UNIT 2604,Sacramento,California,41051,1785.0,Sacramento,132611.0,38.67088,-121.52464,84,240,26,37019
95838,350000.0,2,1,894,3925 NATOMA WAY,Sacramento,California,41438,1738.1,Sacramento,76618.0,38.64708,-121.44312,84,240,26,37075
95821,449900.0,3,2,1495,3017 JONALAN DR,Sacramento,California,37473,2048.8,Sacramento,85727.0,38.62541,-121.38479,84,240,26,36543
95834,529900.0,3,2,1441,351 GROTH CIR,Sacramento,California,33102,1282.7,Sacramento,111529.0,38.64207,-121.51967,84,240,26,36964
95816,579900.0,2,3,1298,1703 SAN TIMOTEO WALK,Sacramento,California,18033,2551.8,Sacramento,113303.0,38.57555,-121.46543,84,240,26,36395
95841,279000.0,2,1,948,5176 GREENBERRY DR,Sacramento,California,20892,2069.5,Sacramento,82502.0,38.66031,-121.34812,84,240,26,37102
95831,899900.0,4,3,2645,6330 N POINT WAY,Sacramento,California,43683,2411.1,Sacramento,121600.0,38.49599,-121.52948,84,240,26,36895
95838,375000.0,3,2,1528,195 CATHCART AVE,Sacramento,California,41438,1738.1,Sacramento,76618.0,38.64708,-121.44312,84,240,26,37079
95828,510000.0,3,3,1741,29 LAKE HOUSE CT,Sacramento,California,61730,1921.6,Sacramento,90500.0,38.48943,-121.39598,84,240,26,36784
95822,360000.0,3,1,1080,7528 LEMARSH WAY,Sacramento,California,46375,2132.2,Sacramento,93198.0,38.51273,-121.49556,84,240,26,36593
95817,598888.0,3,2,1305,6301 3RD AVE,Sacramento,California,14109,2405.2,Sacramento,81235.0,38.55057,-121.45713,84,240,26,36419
95820,459000.0,2,1,752,5008 9TH AVE,Sacramento,California,36224,2655.3,Sacramento,83160.0,38.53491,-121.4442,84,240,26,36480
95823,185000.0,2,1,924,7416 FRANKLIN BLVD APT 4,Sacramento,California,83021,2792.5,Sacramento,74523.0,38.47473,-121.44266,84,240,26,36665
95819,689000.0,3,1,1108,5401 E ST,Sacramento,California,20146,2157.0,Sacramento,156095.0,38.56816,-121.43772,84,240,26,36468
95831,509000.0,3,2,1519,7329 BARR WAY,Sacramento,California,43683,2411.1,Sacramento,121600.0,38.49599,-121.52948,84,240,26,36877
95831,419000.0,3,3,1635,11 PARK PLACE CT,Sacramento,California,43683,2411.1,Sacramento,121600.0,38.49599,-121.52948,84,240,26,36878
95833,529000.0,3,2,1540,3108 TINTORERA WAY,Sacramento,California,40853,1950.1,Sacramento,104788.0,38.61529,-121.51558,84,240,26,36945
95834,469000.0,2,2,1470,4141 BOMBILI ST,Sacramento,California,33102,1282.7,Sacramento,111529.0,38.64207,-121.51967,84,240,26,36994
95831,414900.0,2,2,1499,31 PARK WEST CT,Sacramento,California,43683,2411.1,Sacramento,121600.0,38.49599,-121.52948,84,240,26,36883
95824,425000.0,4,2,1539,7205 KARI ANN CIR,Sacramento,California,30783,2980.4,Sacramento,68556.0,38.51746,-121.44147,84,240,26,36680
95823,400000.0,3,2,1275,4718 GOYA PKWY,Sacramento,California,83021,2792.5,Sacramento,74523.0,38.47473,-121.44266,84,240,26,36647
95825,280000.0,2,2,1117,1537 HOOD RD UNIT E,Sacramento,California,37522,3111.8,Sacramento,72525.0,38.5901,-121.40644,84,240,26,36708
95822,389000.0,3,2,1485,1681 59TH AVE,Sacramento,California,46375,2132.2,Sacramento,93198.0,38.51273,-121.49556,84,240,26,36600
95828,425000.0,2,1,1320,8448 FLORIN RD,Sacramento,California,61730,1921.6,Sacramento,90500.0,38.48943,-121.39598,84,240,26,36774
95815,365000.0,4,2,1120,80 REDONDO AVE,Sacramento,California,26211,1322.4,Sacramento,76549.0,38.60544,-121.44497,84,240,26,36379
95819,1525000.0,5,3,3000,749 41ST ST,Sacramento,California,20146,2157.0,Sacramento,156095.0,38.56816,-121.43772,84,240,26,36473
95823,349999.0,2,2,996,107 CEDAR ROCK CIR,Sacramento,California,83021,2792.5,Sacramento,74523.0,38.47473,-121.44266,84,240,26,36613
95831,629000.0,3,2,1902,7197 REICHMUTH WAY,Sacramento,California,43683,2411.1,Sacramento,121600.0,38.49599,-121.52948,84,240,26,36901
95834,425000.0,3,2,1202,1001 RIO NORTE WAY,Sacramento,California,33102,1282.7,Sacramento,111529.0,38.64207,-121.51967,84,240,26,36987
95828,546500.0,4,3,2060,8654 DURYEA DR,Sacramento,California,61730,1921.6,Sacramento,90500.0,38.48943,-121.39598,84,240,26,36816
95831,749000.0,4,3,2316,7572 POCKET RD,Sacramento,California,43683,2411.1,Sacramento,121600.0,38.49599,-121.52948,84,240,26,36890
95827,529900.0,4,2,1519,3928 TALMAGE CT,Sacramento,California,21241,916.8,Sacramento,93815.0,38.55151,-121.3253,84,240,26,36760
95829,495000.0,3,2,1339,7881 DERSINGHAM DR,Sacramento,California,30594,581.7,Sacramento,126052.0,38.48759,-121.33326,84,240,26,36832
95823,339900.0,3,1,960,19 MONAGHAN CIR,Sacramento,California,83021,2792.5,Sacramento,74523.0,38.47473,-121.44266,84,240,26,36620
95814,415000.0,2,2,840,1018 P ST UNIT 3,Sacramento,California,12302,3401.6,Sacramento,72656.0,38.58064,-121.49488,84,240,26,36367
95835,314900.0,1,1,846,4800 WESTLAKE PKWY UNIT 308,Sacramento,California,41051,1785.0,Sacramento,132611.0,38.67088,-121.52464,84,240,26,36998
95819,1895000.0,5,3,3473,1038 46TH ST,Sacramento,California,20146,2157.0,Sacramento,156095.0,38.56816,-121.43772,84,240,26,36475
95822,210000.0,2,1,810,1507 DICKSON ST,Sacramento,California,46375,2132.2,Sacramento,93198.0,38.51273,-121.49556,84,240,26,36591
95842,400000.0,3,2,1092,4612 JION CT,Sacramento,California,34578,3361.4,Sacramento,74618.0,38.687,-121.34889,84,240,26,37120
95821,675000.0,4,4,3074,3416 HARGER CT,Sacramento,California,37473,2048.8,Sacramento,85727.0,38.62541,-121.38479,84,240,26,36540
95814,465000.0,2,2,1261,500 N ST UNIT 504,Sacramento,California,12302,3401.6,Sacramento,72656.0,38.58064,-121.49488,84,240,26,36364
95829,2700000.0,3,3,1822,9610 FLORIN RD,Sacramento,California,30594,581.7,Sacramento,126052.0,38.48759,-121.33326,84,240,26,36831
95838,203900.0,3,2,1620,59 KIT LN,Sacramento,California,41438,1738.1,Sacramento,76618.0,38.64708,-121.44312,84,240,26,37053
95834,495000.0,3,3,1763,4118 NATOMAS CENTRAL DR,Sacramento,California,33102,1282.7,Sacramento,111529.0,38.64207,-121.51967,84,240,26,36990
95833,499000.0,4,3,1931,2620 MYSIN WAY,Sacramento,California,40853,1950.1,Sacramento,104788.0,38.61529,-121.51558,84,240,26,36924
95829,569000.0,4,3,1881,9070 CHANTAL WAY,Sacramento,California,30594,581.7,Sacramento,126052.0,38.48759,-121.33326,84,240,26,36830
95833,399999.0,3,2,1038,1403 HELMSMAN WAY,Sacramento,California,40853,1950.1,Sacramento,104788.0,38.61529,-121.51558,84,240,26,36919
95835,455000.0,2,2,1296,2389 COTTERDALE ALY,Sacramento,California,41051,1785.0,Sacramento,132611.0,38.67088,-121.52464,84,240,26,37009
95864,798000.0,3,1,1535,1466 EL TEJON WAY,Sacramento,California,25367,1559.6,Sacramento,178381.0,38.58512,-121.37655,84,240,26,37159
95838,195900.0,3,2,1620,58 KIT LN,Sacramento,California,41438,1738.1,Sacramento,76618.0,38.64708,-121.44312,84,240,26,37061
95815,408000.0,4,2,1582,2628 DEL PASO BLVD,Sacramento,California,26211,1322.4,Sacramento,76549.0,38.60544,-121.44497,84,240,26,36372
95824,340000.0,3,1,875,5713 39TH ST,Sacramento,California,30783,2980.4,Sacramento,68556.0,38.51746,-121.44147,84,240,26,36673
95864,349900.0,4,2,1661,3417 BARRINGTON RD,Sacramento,California,25367,1559.6,Sacramento,178381.0,38.58512,-121.37655,84,240,26,37156
95864,400000.0,3,1,1144,3013 MAISON WAY,Sacramento,California,25367,1559.6,Sacramento,178381.0,38.58512,-121.37655,84,240,26,37166
95835,527000.0,2,2,1722,60 MONTILLA CIR,Sacramento,California,41051,1785.0,Sacramento,132611.0,38.67088,-121.52464,84,240,26,37040
95834,669000.0,4,3,2265,3778 LAKE KATIE WAY,Sacramento,California,33102,1282.7,Sacramento,111529.0,38.64207,-121.51967,84,240,26,36966
95817,600000.0,2,2,1303,5200 V ST,Sacramento,California,14109,2405.2,Sacramento,81235.0,38.55057,-121.45713,84,240,26,36430
95817,529950.0,2,1,862,2616 56TH ST,Sacramento,California,14109,2405.2,Sacramento,81235.0,38.55057,-121.45713,84,240,26,36420
95838,209900.0,3,2,1400,81 VILLAGE CIR,Sacramento,California,41438,1738.1,Sacramento,76618.0,38.64708,-121.44312,84,240,26,37052
95822,375000.0,3,2,1294,1924 FLORIN RD,Sacramento,California,46375,2132.2,Sacramento,93198.0,38.51273,-121.49556,84,240,26,36580
95814,1099734.0,2,2,1359,1127 15TH ST PH 1306,Sacramento,California,12302,3401.6,Sacramento,72656.0,38.58064,-121.49488,84,240,26,36371
95824,349000.0,4,2,1423,5820 43RD ST,Sacramento,California,30783,2980.4,Sacramento,68556.0,38.51746,-121.44147,84,240,26,36667
95820,569000.0,3,2,1215,4324 61ST ST,Sacramento,California,36224,2655.3,Sacramento,83160.0,38.53491,-121.4442,84,240,26,36502
95816,595000.0,2,2,996,2426 Q ST,Sacramento,California,18033,2551.8,Sacramento,113303.0,38.57555,-121.46543,84,240,26,36394
95842,382000.0,3,1,960,6829 SPRIG DR,Sacramento,California,34578,3361.4,Sacramento,74618.0,38.687,-121.34889,84,240,26,37140
95816,1299900.0,3,3,2949,2531 H ST,Sacramento,California,18033,2551.8,Sacramento,113303.0,38.57555,-121.46543,84,240,26,36403
95821,499000.0,3,2,1080,4473 WYMAN DR,Sacramento,California,37473,2048.8,Sacramento,85727.0,38.62541,-121.38479,84,240,26,36567
95826,499000.0,4,3,1877,52 GRAND RIO CIR,Sacramento,California,40847,1496.6,Sacramento,93008.0,38.54554,-121.37885,84,240,26,36727
95841,359900.0,3,2,1303,4705 XAVIER CT,Sacramento,California,20892,2069.5,Sacramento,82502.0,38.66031,-121.34812,84,240,26,37092
95841,490000.0,4,2,1551,5840 ESRIG WAY,Sacramento,California,20892,2069.5,Sacramento,82502.0,38.66031,-121.34812,84,240,26,37101
95823,459900.0,3,2,1087,5430 MUSKINGHAM WAY,Sacramento,California,83021,2792.5,Sacramento,74523.0,38.47473,-121.44266,84,240,26,36617
95829,731776.0,5,3,2810,0 CREEK BEND WAY,Sacramento,California,30594,581.7,Sacramento,126052.0,38.48759,-121.33326,84,240,26,36846
95820,349000.0,4,2,1300,3138 SAN DIEGO WAY,Sacramento,California,36224,2655.3,Sacramento,83160.0,38.53491,-121.4442,84,240,26,36505
95827,95000.0,2,1,971,3661 CAMELLIA MATHER DR,Sacramento,California,21241,916.8,Sacramento,93815.0,38.55151,-121.3253,84,240,26,36765
95841,450000.0,3,2,1400,5236 ATLANTA WAY,Sacramento,California,20892,2069.5,Sacramento,82502.0,38.66031,-121.34812,84,240,26,37113
95841,489900.0,4,2,1804,5636 TAHAMA ST,Sacramento,California,20892,2069.5,Sacramento,82502.0,38.66031,-121.34812,84,240,26,37112
95827,699900.0,5,3,2484,3541 MADDIEWOOD CIR,Sacramento,California,21241,916.8,Sacramento,93815.0,38.55151,-121.3253,84,240,26,36762
95818,1075000.0,3,3,2209,1154 SWANSTON DR,Sacramento,California,22423,2243.3,Sacramento,146969.0,38.55579,-121.49669,84,240,26,36457
95822,389000.0,3,1,1000,4270 CUSTIS AVE,Sacramento,California,46375,2132.2,Sacramento,93198.0,38.51273,-121.49556,84,240,26,36585
95820,365000.0,3,1,875,4213 35TH ST,Sacramento,California,36224,2655.3,Sacramento,83160.0,38.53491,-121.4442,84,240,26,36506
95838,399000.0,2,1,1176,4524 RALEY BLVD,Sacramento,California,41438,1738.1,Sacramento,76618.0,38.64708,-121.44312,84,240,26,37073
95817,459900.0,2,1,950,3435 TRUCKEE WAY,Sacramento,California,14109,2405.2,Sacramento,81235.0,38.55057,-121.45713,84,240,26,36427
95842,449000.0,3,2,1124,7329 HEATHER TREE DR,Sacramento,California,34578,3361.4,Sacramento,74618.0,38.687,-121.34889,84,240,26,37114
95815,199900.0,1,1,792,526 REDWOOD AVE,Sacramento,California,26211,1322.4,Sacramento,76549.0,38.60544,-121.44497,84,240,26,36382
95825,290000.0,2,1,939,2270 WOODSIDE LN UNIT 5,Sacramento,California,37522,3111.8,Sacramento,72525.0,38.5901,-121.40644,84,240,26,36706
95821,685000.0,3,2,1697,3115 LEATHA WAY,Sacramento,California,37473,2048.8,Sacramento,85727.0,38.62541,-121.38479,84,240,26,36536
95831,399900.0,3,3,1273,827 CRESTWATER LN,Sacramento,California,43683,2411.1,Sacramento,121600.0,38.49599,-121.52948,84,240,26,36900
95825,275000.0,2,1,781,2286 WOODSIDE LN UNIT 1,Sacramento,California,37522,3111.8,Sacramento,72525.0,38.5901,-121.40644,84,240,26,36714
95834,490000.0,4,4,1920,4476 CORSE WALK,Sacramento,California,33102,1282.7,Sacramento,111529.0,38.64207,-121.51967,84,240,26,36974
95815,269000.0,2,1,742,2730 BERGER AVE,Sacramento,California,26211,1322.4,Sacramento,76549.0,38.60544,-121.44497,84,240,26,36387
95818,899000.0,4,4,1998,2102 13TH ST,Sacramento,California,22423,2243.3,Sacramento,146969.0,38.55579,-121.49669,84,240,26,36454
95818,1059000.0,3,3,1611,2224 15TH ST,Sacramento,California,22423,2243.3,Sacramento,146969.0,38.55579,-121.49669,84,240,26,36443
95842,230000.0,2,1,840,4529 PALM AVE APT 2,Sacramento,California,34578,3361.4,Sacramento,74618.0,38.687,-121.34889,84,240,26,37144
95823,363000.0,2,1,858,5826 STACY AVE,Sacramento,California,83021,2792.5,Sacramento,74523.0,38.47473,-121.44266,84,240,26,36622
95834,519000.0,4,3,1892,4319 ADRIATIC SEA WAY,Sacramento,California,33102,1282.7,Sacramento,111529.0,38.64207,-121.51967,84,240,26,36975
95829,725000.0,3,2,2507,8271 COUNTRY RANCH DR,Sacramento,California,30594,581.7,Sacramento,126052.0,38.48759,-121.33326,84,240,26,36835
95821,529000.0,4,3,1935,2860 AURORA AVE,Sacramento,California,37473,2048.8,Sacramento,85727.0,38.62541,-121.38479,84,240,26,36548
95838,420000.0,2,1,805,1521 GRACE AVE,Sacramento,California,41438,1738.1,Sacramento,76618.0,38.64708,-121.44312,84,240,26,37074
95831,557500.0,3,2,1808,121 FORTADO CIR,Sacramento,California,43683,2411.1,Sacramento,121600.0,38.49599,-121.52948,84,240,26,36889
95824,349000.0,2,2,901,7530 ROCK CREEK WAY,Sacramento,California,30783,2980.4,Sacramento,68556.0,38.51746,-121.44147,84,240,26,36675
95835,434999.0,3,3,1315,5301 E COMMERCE WAY UNIT 61103,Sacramento,California,41051,1785.0,Sacramento,132611.0,38.67088,-121.52464,84,240,26,37007
95834,585000.0,2,2,1743,4037 DON RIVER LN,Sacramento,California,33102,1282.7,Sacramento,111529.0,38.64207,-121.51967,84,240,26,36988
95826,246000.0,2,1,840,9029 CASALS ST APT 2,Sacramento,California,40847,1496.6,Sacramento,93008.0,38.54554,-121.37885,84,240,26,36749
95821,559900.0,4,3,2154,4253 DE COSTA AVE,Sacramento,California,37473,2048.8,Sacramento,85727.0,38.62541,-121.38479,84,240,26,36551
95833,420000.0,3,2,1350,3109 NORSTROM WAY,Sacramento,California,40853,1950.1,Sacramento,104788.0,38.61529,-121.51558,84,240,26,36943
95834,479000.0,2,2,1295,4480 HOVNANIAN DR,Sacramento,California,33102,1282.7,Sacramento,111529.0,38.64207,-121.51967,84,240,26,36970
95819,1595000.0,4,3,3047,937 45TH ST,Sacramento,California,20146,2157.0,Sacramento,156095.0,38.56816,-121.43772,84,240,26,36461
95841,260000.0,2,1,840,5145 CONNECTICUT DR APT 2,Sacramento,California,20892,2069.5,Sacramento,82502.0,38.66031,-121.34812,84,240,26,37089
95825,509000.0,3,3,1743,273 HARTNELL PL,Sacramento,California,37522,3111.8,Sacramento,72525.0,38.5901,-121.40644,84,240,26,36709
95828,479000.0,3,2,1482,8025 PARKGATE WAY,Sacramento,California,61730,1921.6,Sacramento,90500.0,38.48943,-121.39598,84,240,26,36810
95827,535000.0,3,2,1610,9550 ROSE VISTA CT,Sacramento,California,21241,916.8,Sacramento,93815.0,38.55151,-121.3253,84,240,26,36758
95835,425000.0,2,2,1519,5350 DUNLAY DR UNIT 3411,Sacramento,California,41051,1785.0,Sacramento,132611.0,38.67088,-121.52464,84,240,26,37041
95831,799000.0,5,3,2854,7747 DUTRA BEND DR,Sacramento,California,43683,2411.1,Sacramento,121600.0,38.49599,-121.52948,84,240,26,36884
95832,350000.0,4,2,1590,2258 CRAIG AVE,Sacramento,California,13446,624.7,Sacramento,83054.0,38.43979,-121.49888,84,240,26,36911
95823,319900.0,3,3,1540,6764 CALVINE RD,Sacramento,California,83021,2792.5,Sacramento,74523.0,38.47473,-121.44266,84,240,26,36615
95829,622901.0,3,3,2262,0 JEFF HANDY DRIVE,Sacramento,California,30594,581.7,Sacramento,126052.0,38.48759,-121.33326,84,240,26,36841
95842,439950.0,4,2,1200,4400 BISHOP WAY,Sacramento,California,34578,3361.4,Sacramento,74618.0,38.687,-121.34889,84,240,26,37150
95842,399900.0,3,2,1092,4761 OAKHOLLOW DR,Sacramento,California,34578,3361.4,Sacramento,74618.0,38.687,-121.34889,84,240,26,37130
95820,624900.0,3,2,1674,3433 52ND ST,Sacramento,California,36224,2655.3,Sacramento,83160.0,38.53491,-121.4442,84,240,26,36476
95834,140000.0,2,2,1104,4905 BROOKDALE DR # 141,Sacramento,California,33102,1282.7,Sacramento,111529.0,38.64207,-121.51967,84,240,26,36978
95824,409900.0,3,2,1182,7430 ELDER CREEK RD,Sacramento,California,30783,2980.4,Sacramento,68556.0,38.51746,-121.44147,84,240,26,36683
95826,560000.0,4,2,1631,9005 HARVEST WAY,Sacramento,California,40847,1496.6,Sacramento,93008.0,38.54554,-121.37885,84,240,26,36732
95823,300000.0,4,2,1689,7358 CENTER PKWY,Sacramento,California,83021,2792.5,Sacramento,74523.0,38.47473,-121.44266,84,240,26,36656
95841,399000.0,4,1,1314,4915 SUNSHINE LN,Sacramento,California,20892,2069.5,Sacramento,82502.0,38.66031,-121.34812,84,240,26,37109
95821,650000.0,2,2,2521,2809 CALLE VISTA WAY,Sacramento,California,37473,2048.8,Sacramento,85727.0,38.62541,-121.38479,84,240,26,36546
95828,69500.0,2,1,700,6438 CAPITAL DR # 65,Sacramento,California,61730,1921.6,Sacramento,90500.0,38.48943,-121.39598,84,240,26,36796
95825,365000.0,3,1,1412,1612 CLINTON RD,Sacramento,California,37522,3111.8,Sacramento,72525.0,38.5901,-121.40644,84,240,26,36692
95821,399900.0,3,2,1362,2029 EDISON AVE,Sacramento,California,37473,2048.8,Sacramento,85727.0,38.62541,-121.38479,84,240,26,36527
95835,510000.0,4,3,1876,250 MARTIS VALLEY CIR,Sacramento,California,41051,1785.0,Sacramento,132611.0,38.67088,-121.52464,84,240,26,37034
95824,195000.0,3,2,1344,6025 DIAS AVE SPC 213,Sacramento,California,30783,2980.4,Sacramento,68556.0,38.51746,-121.44147,84,240,26,36681
95817,460000.0,3,1,1008,3636 BRET HARTE CT,Sacramento,California,14109,2405.2,Sacramento,81235.0,38.55057,-121.45713,84,240,26,36409
95823,399900.0,3,2,1132,4421 STONEHEDGE WAY,Sacramento,California,83021,2792.5,Sacramento,74523.0,38.47473,-121.44266,84,240,26,36653
95823,29999.0,1,1,480,7739 WHISPERING PALMS DR,Sacramento,California,83021,2792.5,Sacramento,74523.0,38.47473,-121.44266,84,240,26,36639
95821,429000.0,3,1,1280,3809 SUNNYVALE AVE,Sacramento,California,37473,2048.8,Sacramento,85727.0,38.62541,-121.38479,84,240,26,36565
95838,499995.0,3,3,2142,42 FIRE LEAF CT,Sacramento,California,41438,1738.1,Sacramento,76618.0,38.64708,-121.44312,84,240,26,37082
95829,759888.0,5,4,3141,9319 CORAL BELL WAY,Sacramento,California,30594,581.7,Sacramento,126052.0,38.48759,-121.33326,84,240,26,36842
95833,666325.0,5,3,2764,2852 EDGEVIEW DR,Sacramento,California,40853,1950.1,Sacramento,104788.0,38.61529,-121.51558,84,240,26,36949
95841,375000.0,3,2,1270,4723 RIVER COLLEGE DR,Sacramento,California,20892,2069.5,Sacramento,82502.0,38.66031,-121.34812,84,240,26,37094
95842,415000.0,3,2,1127,7449 VERSAILLES WAY,Sacramento,California,34578,3361.4,Sacramento,74618.0,38.687,-121.34889,84,240,26,37149
95820,450000.0,3,2,1253,4220 36TH ST,Sacramento,California,36224,2655.3,Sacramento,83160.0,38.53491,-121.4442,84,240,26,36495
95828,449900.0,3,2,1833,8184 COTTONMILL CIR,Sacramento,California,61730,1921.6,Sacramento,90500.0,38.48943,-121.39598,84,240,26,36815
95823,460000.0,4,2,1614,4958 I PKWY,Sacramento,California,83021,2792.5,Sacramento,74523.0,38.47473,-121.44266,84,240,26,36657
95821,425000.0,6,3,2486,3842 ANNADALE LN,Sacramento,California,37473,2048.8,Sacramento,85727.0,38.62541,-121.38479,84,240,26,36542
95817,534900.0,2,1,1030,3417 V ST,Sacramento,California,14109,2405.2,Sacramento,81235.0,38.55057,-121.45713,84,240,26,36415
95817,699000.0,4,3,1698,500 FAIRGROUNDS DR,Sacramento,California,14109,2405.2,Sacramento,81235.0,38.55057,-121.45713,84,240,26,36418
95822,699000.0,4,3,2251,1 HIDDEN PARK CT,Sacramento,California,46375,2132.2,Sacramento,93198.0,38.51273,-121.49556,84,240,26,36584
95829,533444.0,3,2,1281,9493 DEL SEIS DRIVE,Sacramento,California,30594,581.7,Sacramento,126052.0,38.48759,-121.33326,84,240,26,36844
95818,499000.0,4,1,1386,2120 24TH ST,Sacramento,California,22423,2243.3,Sacramento,146969.0,38.55579,-121.49669,84,240,26,36449
95822,345000.0,3,2,1330,1400 63RD AVE,Sacramento,California,46375,2132.2,Sacramento,93198.0,38.51273,-121.49556,84,240,26,36605
95835,540000.0,3,3,1603,2170 MOONSTONE AVE,Sacramento,California,41051,1785.0,Sacramento,132611.0,38.67088,-121.52464,84,240,26,37039
95828,425000.0,3,2,1152,6651 FLAMINGO WAY,Sacramento,California,61730,1921.6,Sacramento,90500.0,38.48943,-121.39598,84,240,26,36781
95864,649000.0,3,1,1422,1012 LA SALLE DR,Sacramento,California,25367,1559.6,Sacramento,178381.0,38.58512,-121.37655,84,240,26,37160
95834,640000.0,4,3,2319,3411 LOGGERHEAD WAY,Sacramento,California,33102,1282.7,Sacramento,111529.0,38.64207,-121.51967,84,240,26,36979
95834,550000.0,4,3,2211,3448 JABBOUR WAY,Sacramento,California,33102,1282.7,Sacramento,111529.0,38.64207,-121.51967,84,240,26,36961
95811,999999.0,2,4,1911,1600 20TH ST,Sacramento,California,7432,1238.8,Sacramento,101073.0,38.58761,-121.49077,84,240,26,36356
95817,599000.0,3,3,1471,3226 LA SOLIDAD WAY,Sacramento,California,14109,2405.2,Sacramento,81235.0,38.55057,-121.45713,84,240,26,36411
95828,465000.0,4,3,1829,7520 CLEMENT CIR,Sacramento,California,61730,1921.6,Sacramento,90500.0,38.48943,-121.39598,84,240,26,36795
95828,415000.0,4,2,1608,7252 HAYWARD DR,Sacramento,California,61730,1921.6,Sacramento,90500.0,38.48943,-121.39598,84,240,26,36824
95828,499000.0,3,2,1226,8672 SCEPTRE CT,Sacramento,California,61730,1921.6,Sacramento,90500.0,38.48943,-121.39598,84,240,26,36771
95841,465000.0,3,2,1451,4451 WINDING WAY,Sacramento,California,20892,2069.5,Sacramento,82502.0,38.66031,-121.34812,84,240,26,37105
95838,234900.0,3,2,1593,176 VILLAGE CIR,Sacramento,California,41438,1738.1,Sacramento,76618.0,38.64708,-121.44312,84,240,26,37081
95842,410000.0,4,2,1425,4891 VOGELSANG DR,Sacramento,California,34578,3361.4,Sacramento,74618.0,38.687,-121.34889,84,240,26,37123
95832,390000.0,3,2,1086,1773 ARMINGTON AVE,Sacramento,California,13446,624.7,Sacramento,83054.0,38.43979,-121.49888,84,240,26,36913
95864,1829000.0,3,4,3159,741 ESTATES DR,Sacramento,California,25367,1559.6,Sacramento,178381.0,38.58512,-121.37655,84,240,26,37173
95820,549900.0,9,5,4222,4625 PARKER AVE,Sacramento,California,36224,2655.3,Sacramento,83160.0,38.53491,-121.4442,84,240,26,36486
95842,480000.0,3,2,1866,6207 CONNESS WAY,Sacramento,California,34578,3361.4,Sacramento,74618.0,38.687,-121.34889,84,240,26,37138
95829,540000.0,3,2,1428,9509 GARDELLA WAY,Sacramento,California,30594,581.7,Sacramento,126052.0,38.48759,-121.33326,84,240,26,36866
95831,345000.0,2,1,929,6241 RIVERSIDE BLVD APT 104,Sacramento,California,43683,2411.1,Sacramento,121600.0,38.49599,-121.52948,84,240,26,36876
95828,169999.0,3,2,1620,6740 CAPITAL CIR,Sacramento,California,61730,1921.6,Sacramento,90500.0,38.48943,-121.39598,84,240,26,36797
95819,1800000.0,4,3,3757,1363 44TH ST,Sacramento,California,20146,2157.0,Sacramento,156095.0,38.56816,-121.43772,84,240,26,36469
95817,710000.0,4,3,1698,412 FAIRGROUNDS DR,Sacramento,California,14109,2405.2,Sacramento,81235.0,38.55057,-121.45713,84,240,26,36428
95841,325000.0,3,2,1842,4620 FREEWAY CIR,Sacramento,California,20892,2069.5,Sacramento,82502.0,38.66031,-121.34812,84,240,26,37111
95833,460000.0,3,2,1438,2197 ATRISCO CIR,Sacramento,California,40853,1950.1,Sacramento,104788.0,38.61529,-121.51558,84,240,26,36936
95821,536000.0,3,2,1481,3404 TOLEDO WAY,Sacramento,California,37473,2048.8,Sacramento,85727.0,38.62541,-121.38479,84,240,26,36541
95834,465000.0,3,3,1394,4359 BASTILLE WALK,Sacramento,California,33102,1282.7,Sacramento,111529.0,38.64207,-121.51967,84,240,26,36971
95841,49990.0,2,1,600,5000 AUBURN BLVD SPC 21,Sacramento,California,20892,2069.5,Sacramento,82502.0,38.66031,-121.34812,84,240,26,37100
95825,488000.0,3,2,1955,2910 EL PRADO WAY,Sacramento,California,37522,3111.8,Sacramento,72525.0,38.5901,-121.40644,84,240,26,36711
95841,935000.0,4,3,2523,4125 PARK RD,Sacramento,California,20892,2069.5,Sacramento,82502.0,38.66031,-121.34812,84,240,26,37103
95814,3199000.0,2,3,2125,500 J ST UNIT 1805,Sacramento,California,12302,3401.6,Sacramento,72656.0,38.58064,-121.49488,84,240,26,36365
95821,420000.0,4,2,1523,2101 BLUEBIRD LN,Sacramento,California,37473,2048.8,Sacramento,85727.0,38.62541,-121.38479,84,240,26,36531
95824,88000.0,2,1,800,6025 DIAS AVE SPC 161,Sacramento,California,30783,2980.4,Sacramento,68556.0,38.51746,-121.44147,84,240,26,36671
95838,389000.0,4,2,1926,1113 LOS ROBLES BLVD,Sacramento,California,41438,1738.1,Sacramento,76618.0,38.64708,-121.44312,84,240,26,37063
95835,490000.0,2,2,1557,200 MILL VALLEY CIR N,Sacramento,California,41051,1785.0,Sacramento,132611.0,38.67088,-121.52464,84,240,26,37044
95833,450000.0,3,2,1403,22 PADDLE CT,Sacramento,California,40853,1950.1,Sacramento,104788.0,38.61529,-121.51558,84,240,26,36927
95834,490000.0,3,3,1672,4224 NATOMAS CENTRAL DR,Sacramento,California,33102,1282.7,Sacramento,111529.0,38.64207,-121.51967,84,240,26,36984
95833,399999.0,2,3,1469,2580 W EL CAMINO AVE UNIT 5105,Sacramento,California,40853,1950.1,Sacramento,104788.0,38.61529,-121.51558,84,240,26,36925
95818,899990.0,3,2,1759,2160 MARKHAM WAY,Sacramento,California,22423,2243.3,Sacramento,146969.0,38.55579,-121.49669,84,240,26,36440
95820,339900.0,2,1,870,3822 15TH AVE,Sacramento,California,36224,2655.3,Sacramento,83160.0,38.53491,-121.4442,84,240,26,36522
95829,490000.0,3,2,1432,8916 BRIDALSMITH DR,Sacramento,California,30594,581.7,Sacramento,126052.0,38.48759,-121.33326,84,240,26,36865
95838,219900.0,3,2,1440,194 VILLAGE CIR,Sacramento,California,41438,1738.1,Sacramento,76618.0,38.64708,-121.44312,84,240,26,37077
95821,699000.0,4,3,1952,4509 ENGLE RD,Sacramento,California,37473,2048.8,Sacramento,85727.0,38.62541,-121.38479,84,240,26,36528
95834,543000.0,3,3,1762,4344 SHINGLE OAK LN,Sacramento,California,33102,1282.7,Sacramento,111529.0,38.64207,-121.51967,84,240,26,36986
95823,165000.0,3,2,1272,3950 MACK RD SPC 173,Sacramento,California,83021,2792.5,Sacramento,74523.0,38.47473,-121.44266,84,240,26,36627
95815,424900.0,3,1,1370,1118 ACACIA AVE,Sacramento,California,26211,1322.4,Sacramento,76549.0,38.60544,-121.44497,84,240,26,36384
95834,549000.0,3,3,1784,1618 PAGODA LN,Sacramento,California,33102,1282.7,Sacramento,111529.0,38.64207,-121.51967,84,240,26,36963
95835,449000.0,2,2,1399,2741 SAN MARIN LN,Sacramento,California,41051,1785.0,Sacramento,132611.0,38.67088,-121.52464,84,240,26,37010
95818,889000.0,3,3,2223,2717 SWANSTON OAK LN,Sacramento,California,22423,2243.3,Sacramento,146969.0,38.55579,-121.49669,84,240,26,36445
95842,84900.0,2,2,816,7333 TOPANGA LN # 29,Sacramento,California,34578,3361.4,Sacramento,74618.0,38.687,-121.34889,84,240,26,37127
95820,299000.0,2,1,846,3333 19TH AVE,Sacramento,California,36224,2655.3,Sacramento,83160.0,38.53491,-121.4442,84,240,26,36507
95841,445000.0,3,3,1400,5508 BRINEF DR,Sacramento,California,20892,2069.5,Sacramento,82502.0,38.66031,-121.34812,84,240,26,37098
95818,700000.0,2,1,1238,1118 TENEIGHTH WAY,Sacramento,California,22423,2243.3,Sacramento,146969.0,38.55579,-121.49669,84,240,26,36434
95821,519000.0,4,2,1950,3430 HARMONY LN,Sacramento,California,37473,2048.8,Sacramento,85727.0,38.62541,-121.38479,84,240,26,36550
95835,799000.0,4,3,2487,5019 SIENNA LN,Sacramento,California,41051,1785.0,Sacramento,132611.0,38.67088,-121.52464,84,240,26,37011
95822,345000.0,2,1,825,5677 JOHNS DR,Sacramento,California,46375,2132.2,Sacramento,93198.0,38.51273,-121.49556,84,240,26,36601
95826,599500.0,3,2,2054,8314 LA RIVIERA DR,Sacramento,California,40847,1496.6,Sacramento,93008.0,38.54554,-121.37885,84,240,26,36750
95828,59000.0,2,1,650,7551 HAZELNUT LN,Sacramento,California,61730,1921.6,Sacramento,90500.0,38.48943,-121.39598,84,240,26,36783
95821,725000.0,4,2,2410,4600 RAVENWOOD AVE,Sacramento,California,37473,2048.8,Sacramento,85727.0,38.62541,-121.38479,84,240,26,36555
95825,315000.0,2,2,1254,504 WOODSIDE OAKS APT 3,Sacramento,California,37522,3111.8,Sacramento,72525.0,38.5901,-121.40644,84,240,26,36715
95828,425900.0,3,2,1134,7674 PAR PKWY,Sacramento,California,61730,1921.6,Sacramento,90500.0,38.48943,-121.39598,84,240,26,36818
95815,330000.0,3,2,1284,2112 YORKSHIRE RD,Sacramento,California,26211,1322.4,Sacramento,76549.0,38.60544,-121.44497,84,240,26,36390
95827,600000.0,4,3,2558,10001 FIRE OPAL CT,Sacramento,California,21241,916.8,Sacramento,93815.0,38.55151,-121.3253,84,240,26,36759
95825,220000.0,1,1,668,879 WOODSIDE LN E UNIT 5,Sacramento,California,37522,3111.8,Sacramento,72525.0,38.5901,-121.40644,84,240,26,36702
95815,59900.0,2,1,1000,902 DEL PASO BLVD SPC 125,Sacramento,California,26211,1322.4,Sacramento,76549.0,38.60544,-121.44497,84,240,26,36380
95825,239000.0,1,1,733,546 WOODSIDE OAKS APT 6,Sacramento,California,37522,3111.8,Sacramento,72525.0,38.5901,-121.40644,84,240,26,36701
95826,129950.0,2,2,1440,8181 FOLSOM BLVD SPC 133,Sacramento,California,40847,1496.6,Sacramento,93008.0,38.54554,-121.37885,84,240,26,36731
95811,799000.0,1,2,1219,1818 L ST UNIT 513,Sacramento,California,7432,1238.8,Sacramento,101073.0,38.58761,-121.49077,84,240,26,36357
95838,195900.0,3,2,1272,151 VILLAGE CIR,Sacramento,California,41438,1738.1,Sacramento,76618.0,38.64708,-121.44312,84,240,26,37070
95864,1049000.0,3,2,2178,4510 AMERICAN RIVER DR,Sacramento,California,25367,1559.6,Sacramento,178381.0,38.58512,-121.37655,84,240,26,37177
95864,365000.0,2,1,1170,1217 GREENHILLS RD,Sacramento,California,25367,1559.6,Sacramento,178381.0,38.58512,-121.37655,84,240,26,37172
95815,334900.0,3,2,1310,565 ARCADE BLVD,Sacramento,California,26211,1322.4,Sacramento,76549.0,38.60544,-121.44497,84,240,26,36383
95822,510000.0,4,2,2028,2751 WAH AVE,Sacramento,California,46375,2132.2,Sacramento,93198.0,38.51273,-121.49556,84,240,26,36594
95822,659900.0,3,3,1577,4949 ESMA JANE LANE,Sacramento,California,46375,2132.2,Sacramento,93198.0,38.51273,-121.49556,84,240,26,36604
95819,1889000.0,4,3,3129,1000 47TH ST,Sacramento,California,20146,2157.0,Sacramento,156095.0,38.56816,-121.43772,84,240,26,36466
95842,385000.0,2,2,926,7416 MIRAGE CT,Sacramento,California,34578,3361.4,Sacramento,74618.0,38.687,-121.34889,84,240,26,37136
95815,369950.0,3,1,1034,745 ARCADE BLVD,Sacramento,California,26211,1322.4,Sacramento,76549.0,38.60544,-121.44497,84,240,26,36385
95827,179999.0,4,2,1650,3102 FEDERALIST LN # 59,Sacramento,California,21241,916.8,Sacramento,93815.0,38.55151,-121.3253,84,240,26,36761
95832,399000.0,4,2,1360,7884 BURLINGTON WAY,Sacramento,California,13446,624.7,Sacramento,83054.0,38.43979,-121.49888,84,240,26,36908
95833,514900.0,3,2,1757,3036 TINTORERA WAY,Sacramento,California,40853,1950.1,Sacramento,104788.0,38.61529,-121.51558,84,240,26,36921
95822,366961.93,4,2,1248,7233 TAMOSHANTER WAY,Sacramento,California,46375,2132.2,Sacramento,93198.0,38.51273,-121.49556,84,240,26,36581
95814,548000.0,2,2,1261,500 N ST UNIT 205,Sacramento,California,12302,3401.6,Sacramento,72656.0,38.58064,-121.49488,84,240,26,36366
95815,624999.0,3,2,1687,192 SOUTHGATE RD,Sacramento,California,26211,1322.4,Sacramento,76549.0,38.60544,-121.44497,84,240,26,36378
95828,490000.0,4,2,1442,8250 SCENIC HILLS WAY,Sacramento,California,61730,1921.6,Sacramento,90500.0,38.48943,-121.39598,84,240,26,36805
95835,550000.0,3,2,1927,1636 DREAMY WAY,Sacramento,California,41051,1785.0,Sacramento,132611.0,38.67088,-121.52464,84,240,26,37003
95826,339900.0,2,2,1140,9141 NEWHALL DR APT 59,Sacramento,California,40847,1496.6,Sacramento,93008.0,38.54554,-121.37885,84,240,26,36743
95823,375000.0,3,2,1210,8528 HERMITAGE WAY,Sacramento,California,83021,2792.5,Sacramento,74523.0,38.47473,-121.44266,84,240,26,36638
95818,649000.0,3,2,1685,2764 SAN LUIS CT,Sacramento,California,22423,2243.3,Sacramento,146969.0,38.55579,-121.49669,84,240,26,36453
95826,348888.0,2,2,695,8004 BUTTE AVE,Sacramento,California,40847,1496.6,Sacramento,93008.0,38.54554,-121.37885,84,240,26,36746
95828,499000.0,4,3,1588,8058 LOMAND CT,Sacramento,California,61730,1921.6,Sacramento,90500.0,38.48943,-121.39598,84,240,26,36799
95820,626500.0,4,3,2721,4804 YOSEMITE AVE,Sacramento,California,36224,2655.3,Sacramento,83160.0,38.53491,-121.4442,84,240,26,36516
95841,499588.0,3,2,1476,4993 CREEK VIEW WAY,Sacramento,California,20892,2069.5,Sacramento,82502.0,38.66031,-121.34812,84,240,26,37106
95828,429000.0,3,2,1363,7624 MIMOSA WAY,Sacramento,California,61730,1921.6,Sacramento,90500.0,38.48943,-121.39598,84,240,26,36791
95828,565000.0,5,3,2343,8160 POINT LOMA WAY,Sacramento,California,61730,1921.6,Sacramento,90500.0,38.48943,-121.39598,84,240,26,36813
95831,775000.0,4,3,2153,6640 RIVERSIDE BLVD,Sacramento,California,43683,2411.1,Sacramento,121600.0,38.49599,-121.52948,84,240,26,36872
95828,515000.0,4,3,2047,8168 HELMSDALE DR,Sacramento,California,61730,1921.6,Sacramento,90500.0,38.48943,-121.39598,84,240,26,36822
95828,260000.0,2,2,1368,7405 CARONDELET LN,Sacramento,California,61730,1921.6,Sacramento,90500.0,38.48943,-121.39598,84,240,26,36820
95824,330000.0,3,2,1059,6716 ELDER CREEK RD,Sacramento,California,30783,2980.4,Sacramento,68556.0,38.51746,-121.44147,84,240,26,36682
95817,354900.0,2,1,768,3509 10TH AVE,Sacramento,California,14109,2405.2,Sacramento,81235.0,38.55057,-121.45713,84,240,26,36422
95833,479000.0,3,2,1490,1057 FAIRWEATHER DR,Sacramento,California,40853,1950.1,Sacramento,104788.0,38.61529,-121.51558,84,240,26,36941
95864,389000.0,2,1,930,3433 WEMBERLEY DR,Sacramento,California,25367,1559.6,Sacramento,178381.0,38.58512,-121.37655,84,240,26,37157
95823,175000.0,1,1,636,6400 66TH AVE APT 13,Sacramento,California,83021,2792.5,Sacramento,74523.0,38.47473,-121.44266,84,240,26,36618
95835,569900.0,3,2,1878,218 MIKE GARTRELL CIR,Sacramento,California,41051,1785.0,Sacramento,132611.0,38.67088,-121.52464,84,240,26,37014
95829,1018000.0,4,5,3407,8369 SAMWOOD CT,Sacramento,California,30594,581.7,Sacramento,126052.0,38.48759,-121.33326,84,240,26,36829
95833,499000.0,4,2,1487,2909 CANDIDO DR,Sacramento,California,40853,1950.1,Sacramento,104788.0,38.61529,-121.51558,84,240,26,36940
95835,509900.0,3,3,1712,4961 KOKOMO DR,Sacramento,California,41051,1785.0,Sacramento,132611.0,38.67088,-121.52464,84,240,26,37038
95828,210000.0,3,2,1144,6565 53RD AVE,Sacramento,California,61730,1921.6,Sacramento,90500.0,38.48943,-121.39598,84,240,26,36772
95842,375000.0,3,1,950,4708 PEALE DR,Sacramento,California,34578,3361.4,Sacramento,74618.0,38.687,-121.34889,84,240,26,37145
95826,429000.0,4,3,1645,3916 TILLAMOOK WAY,Sacramento,California,40847,1496.6,Sacramento,93008.0,38.54554,-121.37885,84,240,26,36722
95835,547000.0,3,3,1685,5448 NICKMAN WAY,Sacramento,California,41051,1785.0,Sacramento,132611.0,38.67088,-121.52464,84,240,26,37024
95829,519999.0,3,3,1438,7506 CLEAR LAKE ALY,Sacramento,California,30594,581.7,Sacramento,126052.0,38.48759,-121.33326,84,240,26,36859
95826,380000.0,2,2,1141,8079 LA RIVIERA DR,Sacramento,California,40847,1496.6,Sacramento,93008.0,38.54554,-121.37885,84,240,26,36720
95827,390000.0,2,2,1208,3231 SEAL CT,Sacramento,California,21241,916.8,Sacramento,93815.0,38.55151,-121.3253,84,240,26,36768
95817,309900.0,2,1,841,3309 35TH ST,Sacramento,California,14109,2405.2,Sacramento,81235.0,38.55057,-121.45713,84,240,26,36414
95834,125000.0,3,2,1680,4213 FLORAL DR # 60,Sacramento,California,33102,1282.7,Sacramento,111529.0,38.64207,-121.51967,84,240,26,36991
95814,780000.0,3,2,1683,500 N ST UNIT 1501,Sacramento,California,12302,3401.6,Sacramento,72656.0,38.58064,-121.49488,84,240,26,36362
95841,298000.0,3,2,1105,5316 WINFIELD WAY APT 2,Sacramento,California,20892,2069.5,Sacramento,82502.0,38.66031,-121.34812,84,240,26,37104
95821,399700.0,3,1,910,2245 EDISON AVE,Sacramento,California,37473,2048.8,Sacramento,85727.0,38.62541,-121.38479,84,240,26,36561
95819,680000.0,2,1,1040,4327 T ST,Sacramento,California,20146,2157.0,Sacramento,156095.0,38.56816,-121.43772,84,240,26,36463
95828,421000.0,3,2,1200,7517 GOLF CLUB CT,Sacramento,California,61730,1921.6,Sacramento,90500.0,38.48943,-121.39598,84,240,26,36803
95833,549900.0,3,3,2028,1904 PEBBLEWOOD DR,Sacramento,California,40853,1950.1,Sacramento,104788.0,38.61529,-121.51558,84,240,26,36932
95829,521454.0,3,3,1281,9492 DEL SEIS DRIVE,Sacramento,California,30594,581.7,Sacramento,126052.0,38.48759,-121.33326,84,240,26,36827
95835,540000.0,3,2,1507,5569 CELEBRATION ST,Sacramento,California,41051,1785.0,Sacramento,132611.0,38.67088,-121.52464,84,240,26,37008
95838,450000.0,4,2,2033,2013 VERANO ST,Sacramento,California,41438,1738.1,Sacramento,76618.0,38.64708,-121.44312,84,240,26,37060
95822,438000.0,3,2,1357,2300 VARDON AVE,Sacramento,California,46375,2132.2,Sacramento,93198.0,38.51273,-121.49556,84,240,26,36574
95820,275000.0,2,1,1098,3636 27TH AVE,Sacramento,California,36224,2655.3,Sacramento,83160.0,38.53491,-121.4442,84,240,26,36478
95838,329000.0,2,1,2189,2009 VERANO ST,Sacramento,California,41438,1738.1,Sacramento,76618.0,38.64708,-121.44312,84,240,26,37064
95823,175000.0,4,2,1440,3950 MACK RD SPC 169,Sacramento,California,83021,2792.5,Sacramento,74523.0,38.47473,-121.44266,84,240,26,36645
95828,450000.0,4,2,1427,7913 SCOTTSDALE DR,Sacramento,California,61730,1921.6,Sacramento,90500.0,38.48943,-121.39598,84,240,26,36794
95817,699900.0,6,3,2491,3953 3RD AVE,Sacramento,California,14109,2405.2,Sacramento,81235.0,38.55057,-121.45713,84,240,26,36413
95827,579000.0,3,2,1610,9555 ROSE VISTA CT,Sacramento,California,21241,916.8,Sacramento,93815.0,38.55151,-121.3253,84,240,26,36755
95835,465000.0,2,2,1557,2390 COTTERDALE ALY,Sacramento,California,41051,1785.0,Sacramento,132611.0,38.67088,-121.52464,84,240,26,37032
95838,379000.0,3,2,1144,1802 LOS ROBLES BLVD,Sacramento,California,41438,1738.1,Sacramento,76618.0,38.64708,-121.44312,84,240,26,37087
95822,410000.0,3,1,1162,5632 24TH ST,Sacramento,California,46375,2132.2,Sacramento,93198.0,38.51273,-121.49556,84,240,26,36590
95841,359900.0,3,2,1303,4705 XAVIER CT,Sacramento,California,20892,2069.5,Sacramento,82502.0,38.66031,-121.34812,84,240,26,37092
95825,460000.0,3,2,1371,2349 FIELLEN CT,Sacramento,California,37522,3111.8,Sacramento,72525.0,38.5901,-121.40644,84,240,26,36690
95824,318000.0,2,1,1039,5631 SAMPSON BLVD,Sacramento,California,30783,2980.4,Sacramento,68556.0,38.51746,-121.44147,84,240,26,36685
95829,554726.0,3,2,1516,8241 COURAGE DRIVE,Sacramento,California,30594,581.7,Sacramento,126052.0,38.48759,-121.33326,84,240,26,36838
95838,365000.0,3,1,872,1841 VERANO ST,Sacramento,California,41438,1738.1,Sacramento,76618.0,38.64708,-121.44312,84,240,26,37049
95821,450000.0,3,2,1184,3404 LERWICK RD,Sacramento,California,37473,2048.8,Sacramento,85727.0,38.62541,-121.38479,84,240,26,36568
95828,355000.0,2,2,927,7224 WINTERWILLOW CT,Sacramento,California,61730,1921.6,Sacramento,90500.0,38.48943,-121.39598,84,240,26,36787
95826,475000.0,4,2,1579,3909 THORNHILL DR,Sacramento,California,40847,1496.6,Sacramento,93008.0,38.54554,-121.37885,84,240,26,36724
95833,515990.0,3,3,1656,3075 CITYSCAPE WALK,Sacramento,California,40853,1950.1,Sacramento,104788.0,38.61529,-121.51558,84,240,26,36960
95826,495000.0,3,2,1296,8213 LAKE FOREST DR,Sacramento,California,40847,1496.6,Sacramento,93008.0,38.54554,-121.37885,84,240,26,36729
95835,615000.0,4,2,2066,2675 MAYBROOK DR,Sacramento,California,41051,1785.0,Sacramento,132611.0,38.67088,-121.52464,84,240,26,37001
95822,435000.0,3,2,1386,7559 THORPE WAY,Sacramento,California,46375,2132.2,Sacramento,93198.0,38.51273,-121.49556,84,240,26,36592
95823,479950.0,4,2,1701,7550 SILKY CT,Sacramento,California,83021,2792.5,Sacramento,74523.0,38.47473,-121.44266,84,240,26,36660
95820,499000.0,2,1,768,3212 53RD ST,Sacramento,California,36224,2655.3,Sacramento,83160.0,38.53491,-121.4442,84,240,26,36501
95819,649000.0,3,3,1562,350 MESSINA DR,Sacramento,California,20146,2157.0,Sacramento,156095.0,38.56816,-121.43772,84,240,26,36472
95825,365000.0,3,1,1000,1725 WRIGHT ST,Sacramento,California,37522,3111.8,Sacramento,72525.0,38.5901,-121.40644,84,240,26,36697
95835,455000.0,3,3,1502,3011 MESMERIZING WALK,Sacramento,California,41051,1785.0,Sacramento,132611.0,38.67088,-121.52464,84,240,26,37026
95820,425000.0,3,2,1039,5005 ARGO WAY,Sacramento,California,36224,2655.3,Sacramento,83160.0,38.53491,-121.4442,84,240,26,36515
95832,445000.0,4,3,1630,7796 LARAMORE WAY,Sacramento,California,13446,624.7,Sacramento,83054.0,38.43979,-121.49888,84,240,26,36907
95821,450000.0,3,2,1524,3948 ROSEMARY CIR,Sacramento,California,37473,2048.8,Sacramento,85727.0,38.62541,-121.38479,84,240,26,36549
95821,599000.0,3,2,1981,2533 ANDRADE WAY,Sacramento,California,37473,2048.8,Sacramento,85727.0,38.62541,-121.38479,84,240,26,36539
95822,450000.0,3,2,1314,1984 67TH AVE,Sacramento,California,46375,2132.2,Sacramento,93198.0,38.51273,-121.49556,84,240,26,36606
95842,485000.0,3,2,1208,5416 SAWTOOTH CT,Sacramento,California,34578,3361.4,Sacramento,74618.0,38.687,-121.34889,84,240,26,37131
95821,1200000.0,7,4,2894,2385 RALSTON RD,Sacramento,California,37473,2048.8,Sacramento,85727.0,38.62541,-121.38479,84,240,26,36562
95819,574900.0,2,1,1020,5244 J ST,Sacramento,California,20146,2157.0,Sacramento,156095.0,38.56816,-121.43772,84,240,26,36470
95814,649000.0,3,3,1617,1323 DEMOCRACY ALY UNIT 301,Sacramento,California,12302,3401.6,Sacramento,72656.0,38.58064,-121.49488,84,240,26,36361
95821,475000.0,4,2,1777,2133 MARCONI AVE,Sacramento,California,37473,2048.8,Sacramento,85727.0,38.62541,-121.38479,84,240,26,36566
95829,525000.0,3,2,1268,9552 GARDELLA WAY,Sacramento,California,30594,581.7,Sacramento,126052.0,38.48759,-121.33326,84,240,26,36862
95822,729888.0,3,2,1634,1268 13TH AVE,Sacramento,California,46375,2132.2,Sacramento,93198.0,38.51273,-121.49556,84,240,26,36579
95842,420000.0,3,2,1224,7501 MONOGRAM DR,Sacramento,California,34578,3361.4,Sacramento,74618.0,38.687,-121.34889,84,240,26,37142
95825,290000.0,2,2,1016,535 WOODSIDE OAKS APT 2,Sacramento,California,37522,3111.8,Sacramento,72525.0,38.5901,-121.40644,84,240,26,36699
95822,469000.0,3,2,1227,2132 15TH AVE,Sacramento,California,46375,2132.2,Sacramento,93198.0,38.51273,-121.49556,84,240,26,36576
95823,459999.0,3,2,1456,6649 50TH ST,Sacramento,California,83021,2792.5,Sacramento,74523.0,38.47473,-121.44266,84,240,26,36650
95842,148500.0,3,2,1344,5804 EUREKA LN,Sacramento,California,34578,3361.4,Sacramento,74618.0,38.687,-121.34889,84,240,26,37133
95835,610000.0,4,3,2231,260 BILL BEAN CIR,Sacramento,California,41051,1785.0,Sacramento,132611.0,38.67088,-121.52464,84,240,26,37002
95842,370000.0,2,2,1022,5921 CREIGHTON WAY,Sacramento,California,34578,3361.4,Sacramento,74618.0,38.687,-121.34889,84,240,26,37126
95821,550000.0,2,2,1612,3069 SAND DOLLAR WAY,Sacramento,California,37473,2048.8,Sacramento,85727.0,38.62541,-121.38479,84,240,26,36553
95821,1299000.0,4,3,3400,3303 POPE AVE,Sacramento,California,37473,2048.8,Sacramento,85727.0,38.62541,-121.38479,84,240,26,36547
95825,549500.0,4,2,1444,2009 RICHMOND ST,Sacramento,California,37522,3111.8,Sacramento,72525.0,38.5901,-121.40644,84,240,26,36704
95823,430000.0,3,2,1208,4724 BROOKFIELD DR,Sacramento,California,83021,2792.5,Sacramento,74523.0,38.47473,-121.44266,84,240,26,36624
95829,790316.0,4,4,3392,0 LAKE ALMANOR CIRCLE,Sacramento,California,30594,581.7,Sacramento,126052.0,38.48759,-121.33326,84,240,26,36833
95835,510000.0,3,3,1652,300 CARAVAGGIO CIR,Sacramento,California,41051,1785.0,Sacramento,132611.0,38.67088,-121.52464,84,240,26,37028
95821,535000.0,3,3,1728,3551 VALWOOD CT,Sacramento,California,37473,2048.8,Sacramento,85727.0,38.62541,-121.38479,84,240,26,36564
95835,675000.0,4,3,2483,5548 DALHART WAY,Sacramento,California,41051,1785.0,Sacramento,132611.0,38.67088,-121.52464,84,240,26,37016
95821,435000.0,3,1,1349,2137 MARCONI AVE,Sacramento,California,37473,2048.8,Sacramento,85727.0,38.62541,-121.38479,84,240,26,36557
95864,1599000.0,5,4,3600,4033 CRONDALL DR,Sacramento,California,25367,1559.6,Sacramento,178381.0,38.58512,-121.37655,84,240,26,37155
95833,555000.0,3,3,1960,2701 N COVE DR,Sacramento,California,40853,1950.1,Sacramento,104788.0,38.61529,-121.51558,84,240,26,36923
95834,725000.0,3,3,2206,4467 LIGURIAN SEA LN,Sacramento,California,33102,1282.7,Sacramento,111529.0,38.64207,-121.51967,84,240,26,36968
95842,439000.0,3,2,1054,5817 WINNETICA CT,Sacramento,California,34578,3361.4,Sacramento,74618.0,38.687,-121.34889,84,240,26,37148
95835,665000.0,3,3,2356,2608 INGLETON LN,Sacramento,California,41051,1785.0,Sacramento,132611.0,38.67088,-121.52464,84,240,26,37029
95829,742901.0,4,3,3244,0 CREEK BEND WAY,Sacramento,California,30594,581.7,Sacramento,126052.0,38.48759,-121.33326,84,240,26,36846
