Zip Code,Price,Beds,Baths,Living Space,Address,City,State,Zip Code Population,Zip Code Density,County,Median Household Income,Latitude,Longitude,county_num,city_num,state_num,address_num
46234,1025000.0,3,3,4237,4815 FAUNA LN,Indianapolis,Indiana,27238,850.2,Marion,106656.0,39.81077,-86.32665,33,96,11,11562
46219,119900.0,2,1,725,5901 GREENFIELD AVE,Indianapolis,Indiana,38174,1130.2,Marion,70116.0,39.78314,-86.04444,33,96,11,11289
46228,299900.0,3,2,1595,3420 CLEARVIEW DR,Indianapolis,Indiana,16947,826.0,Marion,107898.0,39.8487,-86.20045,33,96,11,11505
46203,285000.0,3,1,1271,1128 S STATE AVE,Indianapolis,Indiana,38829,1075.5,Marion,70925.0,39.7368,-86.09586,33,96,11,11100
46221,224900.0,4,2,2352,3302 S MOORESVILLE RD,Indianapolis,Indiana,27018,522.1,Marion,74748.0,39.69288,-86.23664,33,96,11,11356
46237,325000.0,4,3,2295,5634 NUCKOLS CT,Indianapolis,Indiana,40725,1071.5,Marion,92089.0,39.67247,-86.0759,33,96,11,11630
46201,380000.0,3,2,2263,1421 E VERMONT ST,Indianapolis,Indiana,31193,2156.8,Marion,55588.0,39.77369,-86.10949,33,96,11,11022
46218,169900.0,2,1,918,1701 N BANCROFT ST,Indianapolis,Indiana,29254,1184.1,Marion,43956.0,39.80713,-86.09958,33,96,11,11260
46260,230000.0,2,2,1607,9522 CADBURY CIR,Indianapolis,Indiana,35529,1317.4,Marion,98188.0,39.89744,-86.17927,33,96,11,11791
46260,674500.0,3,3,2640,9168 TAMARACK DR,Indianapolis,Indiana,35529,1317.4,Marion,98188.0,39.89744,-86.17927,33,96,11,11800
46227,205000.0,3,2,1343,3010 WINCHESTER DR,Indianapolis,Indiana,57359,1326.9,Marion,66995.0,39.67607,-86.13145,33,96,11,11464
46214,299000.0,2,2,1832,3464 WINDHAM LAKE CIR,Indianapolis,Indiana,23377,1209.6,Marion,70216.0,39.7917,-86.29009,33,96,11,11185
46229,200000.0,4,3,2681,1626 FOGELSON DR,Indianapolis,Indiana,28062,954.9,Marion,85338.0,39.78852,-85.978,33,96,11,11521
46202,1175000.0,5,4,3042,839 BROADWAY ST,Indianapolis,Indiana,21039,1483.0,Marion,90904.0,39.78363,-86.16187,33,96,11,11042
46203,124900.0,2,2,1598,1521 OLIVE ST,Indianapolis,Indiana,38829,1075.5,Marion,70925.0,39.7368,-86.09586,33,96,11,11108
46203,275000.0,3,3,1791,5742 VICTORY DR,Indianapolis,Indiana,38829,1075.5,Marion,70925.0,39.7368,-86.09586,33,96,11,11057
46260,249900.0,3,2,1125,7661 HARCOURT RD,Indianapolis,Indiana,35529,1317.4,Marion,98188.0,39.89744,-86.17927,33,96,11,11813
46201,305000.0,3,3,1661,644 N TEMPLE AVE,Indianapolis,Indiana,31193,2156.8,Marion,55588.0,39.77369,-86.10949,33,96,11,11008
46259,249900.0,2,2,1626,8157 BENTLEY FARMS PL,Indianapolis,Indiana,14955,254.5,Marion,146725.0,39.65078,-85.98692,33,96,11,11778
46254,135000.0,2,2,993,4321 VILLAGE PARKWAY CIR W,Indianapolis,Indiana,40540,1243.6,Marion,75238.0,39.84796,-86.26936,33,96,11,11723
46219,285000.0,3,4,2320,6616 E 10TH ST,Indianapolis,Indiana,38174,1130.2,Marion,70116.0,39.78314,-86.04444,33,96,11,11299
46205,215000.0,3,1,1272,4354 EVANSTON AVE,Indianapolis,Indiana,28000,1732.0,Marion,94560.0,39.82813,-86.13499,33,96,11,11123
46235,230000.0,3,2,1392,5327 BRASSIE DR,Indianapolis,Indiana,33715,1358.7,Marion,62204.0,39.83784,-85.97651,33,96,11,11589
46219,134900.0,2,1,928,1310 N RIDGEVIEW DR,Indianapolis,Indiana,38174,1130.2,Marion,70116.0,39.78314,-86.04444,33,96,11,11302
46234,300000.0,4,3,1958,421 SUDBURY CT,Indianapolis,Indiana,27238,850.2,Marion,106656.0,39.81077,-86.32665,33,96,11,11565
46268,155000.0,3,3,1295,5070 DONNER LN,Indianapolis,Indiana,24753,753.2,Marion,75623.0,39.89769,-86.23253,33,96,11,11817
46250,225900.0,3,3,1551,6262 BEHNER WAY,Indianapolis,Indiana,17443,869.6,Marion,92947.0,39.90399,-86.06864,33,96,11,11716
46228,189500.0,3,2,1088,3730 COLOGNE CT,Indianapolis,Indiana,16947,826.0,Marion,107898.0,39.8487,-86.20045,33,96,11,11503
46239,875000.0,5,5,5231,4925 S 800 W,Indianapolis,Indiana,33456,457.1,Marion,99449.0,39.72311,-86.0004,33,96,11,11670
46217,289000.0,3,3,2246,7339 PIPESTONE DR,Indianapolis,Indiana,39000,711.7,Marion,98715.0,39.67254,-86.19338,33,96,11,11206
46218,145000.0,2,2,1219,4301 E 36TH ST,Indianapolis,Indiana,29254,1184.1,Marion,43956.0,39.80713,-86.09958,33,96,11,11246
46256,374500.0,4,3,2424,9832 SCOTCH PINE LN,Indianapolis,Indiana,21916,759.2,Marion,117275.0,39.90682,-86.01152,33,96,11,11752
46208,110000.0,3,2,1570,3343 GRACELAND AVE,Indianapolis,Indiana,21908,1226.5,Marion,80141.0,39.82307,-86.17307,33,96,11,11169
46220,225000.0,2,2,1316,5347 N COLLEGE AVE APT 105,Indianapolis,Indiana,36760,1209.2,Marion,127576.0,39.8676,-86.10818,33,96,11,11350
46217,249900.0,3,2,1589,331 W THOMPSON RD,Indianapolis,Indiana,39000,711.7,Marion,98715.0,39.67254,-86.19338,33,96,11,11230
46256,299900.0,3,2,1716,8530 CASTLE RIDGE LN,Indianapolis,Indiana,21916,759.2,Marion,117275.0,39.90682,-86.01152,33,96,11,11738
46214,179900.0,2,2,936,7192 BAY VIEW DR,Indianapolis,Indiana,23377,1209.6,Marion,70216.0,39.7917,-86.29009,33,96,11,11189
46260,119900.0,2,2,1216,7334 COUNTRY BROOK DR,Indianapolis,Indiana,35529,1317.4,Marion,98188.0,39.89744,-86.17927,33,96,11,11802
46239,359900.0,3,2,2112,10305 WHISPERING WAY,Indianapolis,Indiana,33456,457.1,Marion,99449.0,39.72311,-86.0004,33,96,11,11644
46256,228000.0,2,2,1166,8142 CAPE DR N,Indianapolis,Indiana,21916,759.2,Marion,117275.0,39.90682,-86.01152,33,96,11,11742
46260,175000.0,3,3,1846,1940 W COIL ST,Indianapolis,Indiana,35529,1317.4,Marion,98188.0,39.89744,-86.17927,33,96,11,11796
46227,199000.0,3,1,1232,8128 SHEROAK CT,Indianapolis,Indiana,57359,1326.9,Marion,66995.0,39.67607,-86.13145,33,96,11,11489
46208,159900.0,3,1,1436,623 W 40TH ST,Indianapolis,Indiana,21908,1226.5,Marion,80141.0,39.82307,-86.17307,33,96,11,11158
46221,174900.0,3,2,1598,1825 LAMBERT ST,Indianapolis,Indiana,27018,522.1,Marion,74748.0,39.69288,-86.23664,33,96,11,11370
46218,125000.0,3,1,2394,2838 N OLNEY ST,Indianapolis,Indiana,29254,1184.1,Marion,43956.0,39.80713,-86.09958,33,96,11,11267
46241,160000.0,3,1,1158,656 S HIGH SCHOOL RD,Indianapolis,Indiana,33756,545.3,Marion,58777.0,39.72389,-86.26842,33,96,11,11704
46214,250000.0,2,2,1638,7931 CARBERRY CT,Indianapolis,Indiana,23377,1209.6,Marion,70216.0,39.7917,-86.29009,33,96,11,11198
46202,149900.0,2,1,1080,1847 MANSFIELD ST,Indianapolis,Indiana,21039,1483.0,Marion,90904.0,39.78363,-86.16187,33,96,11,11038
46259,304900.0,4,3,2369,8617 COPPEL LN,Indianapolis,Indiana,14955,254.5,Marion,146725.0,39.65078,-85.98692,33,96,11,11774
46218,60000.0,3,1,984,3120 ADAMS ST,Indianapolis,Indiana,29254,1184.1,Marion,43956.0,39.80713,-86.09958,33,96,11,11270
46222,90000.0,2,1,1001,615 N ROCHESTER AVE,Indianapolis,Indiana,38053,1330.8,Marion,53718.0,39.79088,-86.21477,33,96,11,11376
46229,155000.0,2,1,872,315 N GALESTON AVE,Indianapolis,Indiana,28062,954.9,Marion,85338.0,39.78852,-85.978,33,96,11,11539
46235,176900.0,3,1,1160,3719 CELTIC DR,Indianapolis,Indiana,33715,1358.7,Marion,62204.0,39.83784,-85.97651,33,96,11,11584
46220,687000.0,3,3,2310,1234 E 71ST ST,Indianapolis,Indiana,36760,1209.2,Marion,127576.0,39.8676,-86.10818,33,96,11,11319
46205,495000.0,4,5,2393,4049 RUCKLE ST,Indianapolis,Indiana,28000,1732.0,Marion,94560.0,39.82813,-86.13499,33,96,11,11139
46201,100000.0,2,1,1056,940 N CHESTER AVE,Indianapolis,Indiana,31193,2156.8,Marion,55588.0,39.77369,-86.10949,33,96,11,11007
46220,160000.0,2,1,868,5872 N KEYSTONE AVE,Indianapolis,Indiana,36760,1209.2,Marion,127576.0,39.8676,-86.10818,33,96,11,11318
46229,450000.0,3,1,1404,1229 N GERMAN CHURCH RD,Indianapolis,Indiana,28062,954.9,Marion,85338.0,39.78852,-85.978,33,96,11,11527
46235,74900.0,3,1,925,3944 N MITTHOEFER RD,Indianapolis,Indiana,33715,1358.7,Marion,62204.0,39.83784,-85.97651,33,96,11,11594
46204,225000.0,2,1,1035,801 N PENNSYLVANIA ST APT F,Indianapolis,Indiana,10246,3479.2,Marion,121589.0,39.77134,-86.15703,33,96,11,11115
46202,760000.0,4,3,4002,2058 N NEW JERSEY ST,Indianapolis,Indiana,21039,1483.0,Marion,90904.0,39.78363,-86.16187,33,96,11,11047
46205,275000.0,3,1,1040,5155 WINTHROP AVE,Indianapolis,Indiana,28000,1732.0,Marion,94560.0,39.82813,-86.13499,33,96,11,11119
46250,699000.0,4,5,4641,8177 RUSH PL,Indianapolis,Indiana,17443,869.6,Marion,92947.0,39.90399,-86.06864,33,96,11,11713
46260,350000.0,3,2,1618,1001 GOLF LN,Indianapolis,Indiana,35529,1317.4,Marion,98188.0,39.89744,-86.17927,33,96,11,11786
46226,153000.0,3,2,1315,4529 N KITLEY AVE,Indianapolis,Indiana,44764,1167.6,Marion,57837.0,39.83968,-86.05117,33,96,11,11435
46203,250000.0,4,2,1821,1783 SLOAN AVE,Indianapolis,Indiana,38829,1075.5,Marion,70925.0,39.7368,-86.09586,33,96,11,11079
46234,304900.0,3,3,2772,5881 ASCENDING HEIGHTS DR,Indianapolis,Indiana,27238,850.2,Marion,106656.0,39.81077,-86.32665,33,96,11,11560
46256,385000.0,3,2,2468,8220 WARBLER WAY,Indianapolis,Indiana,21916,759.2,Marion,117275.0,39.90682,-86.01152,33,96,11,11747
46218,154900.0,3,2,1275,2401 SHELDON ST,Indianapolis,Indiana,29254,1184.1,Marion,43956.0,39.80713,-86.09958,33,96,11,11255
46260,324900.0,3,3,2054,1802 MISTY LAKE DR,Indianapolis,Indiana,35529,1317.4,Marion,98188.0,39.89744,-86.17927,33,96,11,11793
46218,145000.0,3,2,1000,2921 N DEARBORN ST,Indianapolis,Indiana,29254,1184.1,Marion,43956.0,39.80713,-86.09958,33,96,11,11245
46205,460000.0,3,4,2568,2533 N ALABAMA ST,Indianapolis,Indiana,28000,1732.0,Marion,94560.0,39.82813,-86.13499,33,96,11,11156
46218,179900.0,2,1,810,1914 N EUCLID AVE,Indianapolis,Indiana,29254,1184.1,Marion,43956.0,39.80713,-86.09958,33,96,11,11274
46227,250000.0,3,2,1618,3718 PLEASANT LAKE DR,Indianapolis,Indiana,57359,1326.9,Marion,66995.0,39.67607,-86.13145,33,96,11,11471
46234,679900.0,4,4,2840,8810 DANDY CREEK DR,Indianapolis,Indiana,27238,850.2,Marion,106656.0,39.81077,-86.32665,33,96,11,11569
46208,475000.0,4,3,2683,5308 GRACELAND AVE,Indianapolis,Indiana,21908,1226.5,Marion,80141.0,39.82307,-86.17307,33,96,11,11168
46240,299900.0,4,4,3751,7981 OAKLAND RD,Indianapolis,Indiana,19682,776.3,Marion,111498.0,39.90697,-86.12367,33,96,11,11681
46219,245000.0,3,2,1921,1214 N BUTLER AVE,Indianapolis,Indiana,38174,1130.2,Marion,70116.0,39.78314,-86.04444,33,96,11,11297
46241,150000.0,3,2,1680,814 S WHITCOMB AVE,Indianapolis,Indiana,33756,545.3,Marion,58777.0,39.72389,-86.26842,33,96,11,11709
46239,210000.0,3,2,1264,7927 WILDCAT RUN LN,Indianapolis,Indiana,33456,457.1,Marion,99449.0,39.72311,-86.0004,33,96,11,11651
46219,235500.0,3,1,1175,430 S GIBSON AVE,Indianapolis,Indiana,38174,1130.2,Marion,70116.0,39.78314,-86.04444,33,96,11,11306
46219,140000.0,3,2,1216,28 N HARBISON AVE,Indianapolis,Indiana,38174,1130.2,Marion,70116.0,39.78314,-86.04444,33,96,11,11291
46227,295900.0,4,2,2693,1709 E LORETTA DR,Indianapolis,Indiana,57359,1326.9,Marion,66995.0,39.67607,-86.13145,33,96,11,11477
46241,135000.0,3,1,1104,4812 W BEECHER ST,Indianapolis,Indiana,33756,545.3,Marion,58777.0,39.72389,-86.26842,33,96,11,11695
46239,325000.0,3,3,1964,8038 RAINDANCE TRL,Indianapolis,Indiana,33456,457.1,Marion,99449.0,39.72311,-86.0004,33,96,11,11656
46235,193900.0,4,2,999,3621 N BRENTWOOD AVE,Indianapolis,Indiana,33715,1358.7,Marion,62204.0,39.83784,-85.97651,33,96,11,11587
46226,150000.0,4,3,2319,4525 SHADY LN,Indianapolis,Indiana,44764,1167.6,Marion,57837.0,39.83968,-86.05117,33,96,11,11445
46260,289900.0,4,2,1818,1649 NORTHBROOK DR,Indianapolis,Indiana,35529,1317.4,Marion,98188.0,39.89744,-86.17927,33,96,11,11806
46229,299900.0,3,3,2234,2810 POINTE CLUB RD,Indianapolis,Indiana,28062,954.9,Marion,85338.0,39.78852,-85.978,33,96,11,11512
46250,274000.0,3,2,1436,6614 DISCOVERY DR S,Indianapolis,Indiana,17443,869.6,Marion,92947.0,39.90399,-86.06864,33,96,11,11715
46220,319900.0,2,2,1482,6023 GUILFORD AVE,Indianapolis,Indiana,36760,1209.2,Marion,127576.0,39.8676,-86.10818,33,96,11,11312
46220,425000.0,3,2,3047,6002 CRESTVIEW AVE,Indianapolis,Indiana,36760,1209.2,Marion,127576.0,39.8676,-86.10818,33,96,11,11346
46236,315000.0,3,3,2384,11053 KEOUGH DR,Indianapolis,Indiana,28163,1036.0,Marion,137018.0,39.89132,-85.96766,33,96,11,11599
46239,340000.0,4,3,3314,1901 JESSICA CT,Indianapolis,Indiana,33456,457.1,Marion,99449.0,39.72311,-86.0004,33,96,11,11653
46225,295000.0,3,2,1637,60 E PLEASANT RUN PARKWAY NORTH DR,Indianapolis,Indiana,4997,484.9,Marion,59123.0,39.74062,-86.16294,33,96,11,11423
46260,724900.0,3,4,2830,7425 SPRING MILL RD,Indianapolis,Indiana,35529,1317.4,Marion,98188.0,39.89744,-86.17927,33,96,11,11783
46231,175000.0,3,2,1376,13 LENORA AVE,Indianapolis,Indiana,10824,358.2,Hendricks,114972.0,39.72086,-86.32712,31,96,11,11542
46234,235000.0,4,2,2460,8906 ROBEY DR,Indianapolis,Indiana,27238,850.2,Marion,106656.0,39.81077,-86.32665,33,96,11,11575
46203,125000.0,2,1,872,1532 NELSON AVE,Indianapolis,Indiana,38829,1075.5,Marion,70925.0,39.7368,-86.09586,33,96,11,11083
46237,200000.0,2,2,1565,6509 EMERALD HILL CT,Indianapolis,Indiana,40725,1071.5,Marion,92089.0,39.67247,-86.0759,33,96,11,11626
46201,129900.0,3,1,1696,121 N BRADLEY AVE,Indianapolis,Indiana,31193,2156.8,Marion,55588.0,39.77369,-86.10949,33,96,11,11006
46201,425000.0,4,3,2271,54 N HAMILTON AVE,Indianapolis,Indiana,31193,2156.8,Marion,55588.0,39.77369,-86.10949,33,96,11,11015
46268,325000.0,4,3,2054,2810 WORTHAM WAY,Indianapolis,Indiana,24753,753.2,Marion,75623.0,39.89769,-86.23253,33,96,11,11829
46202,812500.0,5,4,5181,1609 N DELAWARE ST,Indianapolis,Indiana,21039,1483.0,Marion,90904.0,39.78363,-86.16187,33,96,11,11032
46260,128900.0,2,1,996,1151 CANTERBURY CT APT A,Indianapolis,Indiana,35529,1317.4,Marion,98188.0,39.89744,-86.17927,33,96,11,11781
46222,229900.0,3,1,2590,57 S HOLMES AVE,Indianapolis,Indiana,38053,1330.8,Marion,53718.0,39.79088,-86.21477,33,96,11,11399
46226,131000.0,3,2,1092,5863 E 44TH ST,Indianapolis,Indiana,44764,1167.6,Marion,57837.0,39.83968,-86.05117,33,96,11,11461
46218,160000.0,3,1,936,3332 WALLACE AVE,Indianapolis,Indiana,29254,1184.1,Marion,43956.0,39.80713,-86.09958,33,96,11,11268
46239,295000.0,3,2,1685,4618 OZARK LN,Indianapolis,Indiana,33456,457.1,Marion,99449.0,39.72311,-86.0004,33,96,11,11667
46218,69900.0,2,1,728,2526 ADAMS ST,Indianapolis,Indiana,29254,1184.1,Marion,43956.0,39.80713,-86.09958,33,96,11,11265
46203,99900.0,3,1,954,1822 OLIVE ST,Indianapolis,Indiana,38829,1075.5,Marion,70925.0,39.7368,-86.09586,33,96,11,11106
46268,475000.0,4,4,3648,3650 W 71ST ST,Indianapolis,Indiana,24753,753.2,Marion,75623.0,39.89769,-86.23253,33,96,11,11824
46280,299900.0,3,2,1300,1014 CHEVY CHASE LN,Indianapolis,Indiana,7273,677.5,Hamilton,102313.0,39.93714,-86.11786,30,96,11,11841
46260,255000.0,2,2,1620,8650 JAFFA COURT WEST DR APT 11,Indianapolis,Indiana,35529,1317.4,Marion,98188.0,39.89744,-86.17927,33,96,11,11790
46218,120000.0,2,1,774,3030 N COLORADO AVE,Indianapolis,Indiana,29254,1184.1,Marion,43956.0,39.80713,-86.09958,33,96,11,11240
46226,159000.0,2,2,1159,6902 CLEMDALE AVE,Indianapolis,Indiana,44764,1167.6,Marion,57837.0,39.83968,-86.05117,33,96,11,11454
46250,300000.0,4,2,1815,5134 E 76TH STREET CT,Indianapolis,Indiana,17443,869.6,Marion,92947.0,39.90399,-86.06864,33,96,11,11714
46228,329900.0,3,3,2103,4060 MELBOURNE RD,Indianapolis,Indiana,16947,826.0,Marion,107898.0,39.8487,-86.20045,33,96,11,11502
46235,214900.0,3,3,1668,11338 SMOOTHBARK DR,Indianapolis,Indiana,33715,1358.7,Marion,62204.0,39.83784,-85.97651,33,96,11,11582
46268,310000.0,3,3,1795,5401 INDIAN COVE RD,Indianapolis,Indiana,24753,753.2,Marion,75623.0,39.89769,-86.23253,33,96,11,11820
46250,295000.0,3,3,1700,5020 E 72ND ST,Indianapolis,Indiana,17443,869.6,Marion,92947.0,39.90399,-86.06864,33,96,11,11717
46228,389000.0,4,3,2772,6154 FOREST VIEW DR,Indianapolis,Indiana,16947,826.0,Marion,107898.0,39.8487,-86.20045,33,96,11,11500
46201,575000.0,6,5,5813,608 WOODRUFF PLACE MIDDLE DR,Indianapolis,Indiana,31193,2156.8,Marion,55588.0,39.77369,-86.10949,33,96,11,11021
46218,159000.0,3,2,926,3002 N OLNEY ST,Indianapolis,Indiana,29254,1184.1,Marion,43956.0,39.80713,-86.09958,33,96,11,11248
46205,190000.0,2,1,784,1214 E 49TH ST,Indianapolis,Indiana,28000,1732.0,Marion,94560.0,39.82813,-86.13499,33,96,11,11146
46226,158000.0,3,2,1100,3415 ARGUS AVE,Indianapolis,Indiana,44764,1167.6,Marion,57837.0,39.83968,-86.05117,33,96,11,11459
46260,139000.0,2,2,1254,8505 CANTERBURY SQ E,Indianapolis,Indiana,35529,1317.4,Marion,98188.0,39.89744,-86.17927,33,96,11,11816
46227,115000.0,2,1,882,2775 DEL PRADO DR,Indianapolis,Indiana,57359,1326.9,Marion,66995.0,39.67607,-86.13145,33,96,11,11490
46239,432000.0,3,3,2600,4756 BETHEL CREEK BLVD,Indianapolis,Indiana,33456,457.1,Marion,99449.0,39.72311,-86.0004,33,96,11,11660
46220,300000.0,3,2,2245,5845 N PARKER AVE,Indianapolis,Indiana,36760,1209.2,Marion,127576.0,39.8676,-86.10818,33,96,11,11332
46237,339900.0,4,3,2314,8416 WHITAKER VALLEY BLVD,Indianapolis,Indiana,40725,1071.5,Marion,92089.0,39.67247,-86.0759,33,96,11,11637
46227,240000.0,3,2,1430,2622 SHAKESPEARE DR,Indianapolis,Indiana,57359,1326.9,Marion,66995.0,39.67607,-86.13145,33,96,11,11495
46260,315000.0,3,3,1984,9506 CADBURY CIR,Indianapolis,Indiana,35529,1317.4,Marion,98188.0,39.89744,-86.17927,33,96,11,11797
46202,539000.0,4,3,3200,2010 CARROLLTON AVE,Indianapolis,Indiana,21039,1483.0,Marion,90904.0,39.78363,-86.16187,33,96,11,11049
46226,214000.0,4,3,1692,3771 DECAMP DR,Indianapolis,Indiana,44764,1167.6,Marion,57837.0,39.83968,-86.05117,33,96,11,11427
46226,165000.0,4,1,1450,3647 RICHELIEU RD,Indianapolis,Indiana,44764,1167.6,Marion,57837.0,39.83968,-86.05117,33,96,11,11431
46240,265000.0,2,2,970,7683 HARBOUR ISLE,Indianapolis,Indiana,19682,776.3,Marion,111498.0,39.90697,-86.12367,33,96,11,11684
46222,204999.0,3,2,1570,106 NEAL AVE,Indianapolis,Indiana,38053,1330.8,Marion,53718.0,39.79088,-86.21477,33,96,11,11384
46205,354900.0,3,2,1154,4230 KINGSLEY DR,Indianapolis,Indiana,28000,1732.0,Marion,94560.0,39.82813,-86.13499,33,96,11,11152
46235,309900.0,4,3,2382,5307 HAMMOCK GLEN DR,Indianapolis,Indiana,33715,1358.7,Marion,62204.0,39.83784,-85.97651,33,96,11,11595
46250,270000.0,3,2,1867,7415 JEWEL LN,Indianapolis,Indiana,17443,869.6,Marion,92947.0,39.90399,-86.06864,33,96,11,11711
46222,149900.0,4,2,1025,7 MANTI CT,Indianapolis,Indiana,38053,1330.8,Marion,53718.0,39.79088,-86.21477,33,96,11,11395
46204,489000.0,2,3,1696,727 PERTH LN,Indianapolis,Indiana,10246,3479.2,Marion,121589.0,39.77134,-86.15703,33,96,11,11112
46218,178000.0,3,1,1080,1908 N HAWTHORNE LN,Indianapolis,Indiana,29254,1184.1,Marion,43956.0,39.80713,-86.09958,33,96,11,11269
46228,210000.0,3,2,3089,5759 GRANDIOSE DR,Indianapolis,Indiana,16947,826.0,Marion,107898.0,39.8487,-86.20045,33,96,11,11508
46208,120000.0,2,1,920,1225 EUGENE ST,Indianapolis,Indiana,21908,1226.5,Marion,80141.0,39.82307,-86.17307,33,96,11,11161
46201,150000.0,3,2,1434,1201 N DREXEL AVE,Indianapolis,Indiana,31193,2156.8,Marion,55588.0,39.77369,-86.10949,33,96,11,11005
46205,595000.0,4,4,3408,324 E 36TH ST,Indianapolis,Indiana,28000,1732.0,Marion,94560.0,39.82813,-86.13499,33,96,11,11124
46222,124900.0,2,1,725,1150 N GOODLET AVE,Indianapolis,Indiana,38053,1330.8,Marion,53718.0,39.79088,-86.21477,33,96,11,11378
46226,415000.0,4,4,3095,5449 CHANNING RD,Indianapolis,Indiana,44764,1167.6,Marion,57837.0,39.83968,-86.05117,33,96,11,11430
46217,229000.0,3,3,1688,2537 SANTARO CT,Indianapolis,Indiana,39000,711.7,Marion,98715.0,39.67254,-86.19338,33,96,11,11220
46256,169900.0,2,3,1466,8578 HAGUE RD,Indianapolis,Indiana,21916,759.2,Marion,117275.0,39.90682,-86.01152,33,96,11,11751
46203,200000.0,3,2,1122,5340 E RAYMOND ST,Indianapolis,Indiana,38829,1075.5,Marion,70925.0,39.7368,-86.09586,33,96,11,11102
46241,139900.0,2,1,1136,612 S EDGEHILL RD,Indianapolis,Indiana,33756,545.3,Marion,58777.0,39.72389,-86.26842,33,96,11,11697
46220,1099000.0,5,5,3757,25 E 54TH ST,Indianapolis,Indiana,36760,1209.2,Marion,127576.0,39.8676,-86.10818,33,96,11,11347
46220,320000.0,3,2,1606,5159 E 68TH ST,Indianapolis,Indiana,36760,1209.2,Marion,127576.0,39.8676,-86.10818,33,96,11,11326
46259,300000.0,4,3,1901,8321 GIROUD WAY,Indianapolis,Indiana,14955,254.5,Marion,146725.0,39.65078,-85.98692,33,96,11,11764
46227,200000.0,3,3,1706,8039 S EAST ST,Indianapolis,Indiana,57359,1326.9,Marion,66995.0,39.67607,-86.13145,33,96,11,11478
46226,250000.0,3,2,1537,5306 E HILL DR,Indianapolis,Indiana,44764,1167.6,Marion,57837.0,39.83968,-86.05117,33,96,11,11429
46224,224900.0,3,2,1337,6102 MAREN DR,Indianapolis,Indiana,39490,2132.4,Marion,63496.0,39.79537,-86.25624,33,96,11,11408
46239,1400000.0,5,5,6750,7155 E EDGEWOOD AVE,Indianapolis,Indiana,33456,457.1,Marion,99449.0,39.72311,-86.0004,33,96,11,11648
46235,253000.0,3,3,1565,11602 HALF MILE DR,Indianapolis,Indiana,33715,1358.7,Marion,62204.0,39.83784,-85.97651,33,96,11,11591
46228,274000.0,2,3,2160,5268 BEVEDERE DR,Indianapolis,Indiana,16947,826.0,Marion,107898.0,39.8487,-86.20045,33,96,11,11509
46220,330000.0,2,2,1992,6270 N PARK AVE,Indianapolis,Indiana,36760,1209.2,Marion,127576.0,39.8676,-86.10818,33,96,11,11351
46229,219000.0,3,2,1212,11048 DURA DR,Indianapolis,Indiana,28062,954.9,Marion,85338.0,39.78852,-85.978,33,96,11,11533
46217,180000.0,3,2,1184,309 MAXWELL RD,Indianapolis,Indiana,39000,711.7,Marion,98715.0,39.67254,-86.19338,33,96,11,11211
46220,240000.0,4,2,1951,5505 N COLLEGE AVE,Indianapolis,Indiana,36760,1209.2,Marion,127576.0,39.8676,-86.10818,33,96,11,11321
46237,179000.0,2,2,1124,5011 AMBER CREEK PL APT 101,Indianapolis,Indiana,40725,1071.5,Marion,92089.0,39.67247,-86.0759,33,96,11,11610
46203,399000.0,4,3,1680,921 SAINT PETER ST,Indianapolis,Indiana,38829,1075.5,Marion,70925.0,39.7368,-86.09586,33,96,11,11052
46228,374999.0,4,3,3405,3211 BRECKENRIDGE DR,Indianapolis,Indiana,16947,826.0,Marion,107898.0,39.8487,-86.20045,33,96,11,11499
46218,110000.0,3,1,1262,2534 N KEYSTONE AVE,Indianapolis,Indiana,29254,1184.1,Marion,43956.0,39.80713,-86.09958,33,96,11,11272
46224,200000.0,4,2,2196,3567 PATTON DR,Indianapolis,Indiana,39490,2132.4,Marion,63496.0,39.79537,-86.25624,33,96,11,11406
46218,110000.0,3,2,912,2402 ADAMS ST,Indianapolis,Indiana,29254,1184.1,Marion,43956.0,39.80713,-86.09958,33,96,11,11261
46202,424900.0,4,3,3164,2031 CENTRAL AVE,Indianapolis,Indiana,21039,1483.0,Marion,90904.0,39.78363,-86.16187,33,96,11,11044
46226,92650.0,2,1,768,4424 N MITCHNER AVE,Indianapolis,Indiana,44764,1167.6,Marion,57837.0,39.83968,-86.05117,33,96,11,11426
46219,199900.0,2,1,1485,443 S ARLINGTON AVE,Indianapolis,Indiana,38174,1130.2,Marion,70116.0,39.78314,-86.04444,33,96,11,11276
46237,390000.0,4,3,2587,5145 GREENHEART PL,Indianapolis,Indiana,40725,1071.5,Marion,92089.0,39.67247,-86.0759,33,96,11,11621
46229,130000.0,2,2,1242,901 WOODLARK DR,Indianapolis,Indiana,28062,954.9,Marion,85338.0,39.78852,-85.978,33,96,11,11518
46202,699000.0,3,4,4205,1414 N COLLEGE AVE,Indianapolis,Indiana,21039,1483.0,Marion,90904.0,39.78363,-86.16187,33,96,11,11034
46205,825000.0,4,4,3048,4451 N PARK AVE,Indianapolis,Indiana,28000,1732.0,Marion,94560.0,39.82813,-86.13499,33,96,11,11135
46227,299000.0,3,2,1532,6029 S TACOMA AVE,Indianapolis,Indiana,57359,1326.9,Marion,66995.0,39.67607,-86.13145,33,96,11,11475
46204,340000.0,2,2,1054,624 E WALNUT ST APT 310,Indianapolis,Indiana,10246,3479.2,Marion,121589.0,39.77134,-86.15703,33,96,11,11109
46217,339900.0,4,3,2623,2616 SENATORS WAY,Indianapolis,Indiana,39000,711.7,Marion,98715.0,39.67254,-86.19338,33,96,11,11232
46260,210000.0,2,2,1620,8690 JAFFA COURT WEST DR APT 18,Indianapolis,Indiana,35529,1317.4,Marion,98188.0,39.89744,-86.17927,33,96,11,11810
46256,345000.0,4,3,3081,8523 CASTLETON BLVD,Indianapolis,Indiana,21916,759.2,Marion,117275.0,39.90682,-86.01152,33,96,11,11746
46227,279900.0,3,2,1396,3020 S PENNSYLVANIA ST,Indianapolis,Indiana,57359,1326.9,Marion,66995.0,39.67607,-86.13145,33,96,11,11494
46259,269900.0,2,2,1526,7731 SILVER MOON WAY,Indianapolis,Indiana,14955,254.5,Marion,146725.0,39.65078,-85.98692,33,96,11,11758
46229,219900.0,3,2,1174,2740 BRAXTON DR,Indianapolis,Indiana,28062,954.9,Marion,85338.0,39.78852,-85.978,33,96,11,11516
46220,320000.0,3,2,1802,5822 N DEARBORN ST,Indianapolis,Indiana,36760,1209.2,Marion,127576.0,39.8676,-86.10818,33,96,11,11342
46226,174900.0,2,1,936,4911 BARLOW DR,Indianapolis,Indiana,44764,1167.6,Marion,57837.0,39.83968,-86.05117,33,96,11,11458
46217,255000.0,3,3,1992,7124 KIMBLE DR,Indianapolis,Indiana,39000,711.7,Marion,98715.0,39.67254,-86.19338,33,96,11,11215
46229,184900.0,3,2,1728,2445 GALAXY LN,Indianapolis,Indiana,28062,954.9,Marion,85338.0,39.78852,-85.978,33,96,11,11513
46202,119900.0,3,1,2123,1933 KOEHNE ST,Indianapolis,Indiana,21039,1483.0,Marion,90904.0,39.78363,-86.16187,33,96,11,11043
46224,250000.0,3,2,2390,1804 N AUBURN ST,Indianapolis,Indiana,39490,2132.4,Marion,63496.0,39.79537,-86.25624,33,96,11,11410
46217,260000.0,3,3,2030,1742 SONESTA LN,Indianapolis,Indiana,39000,711.7,Marion,98715.0,39.67254,-86.19338,33,96,11,11227
46218,210000.0,3,2,1179,2049 N LASALLE ST,Indianapolis,Indiana,29254,1184.1,Marion,43956.0,39.80713,-86.09958,33,96,11,11259
46259,249900.0,3,3,1840,8059 PAVILION CT,Indianapolis,Indiana,14955,254.5,Marion,146725.0,39.65078,-85.98692,33,96,11,11771
46205,525000.0,4,4,2898,2336 N COLLEGE AVE,Indianapolis,Indiana,28000,1732.0,Marion,94560.0,39.82813,-86.13499,33,96,11,11145
46220,225000.0,2,1,845,5311 CRITTENDEN AVE,Indianapolis,Indiana,36760,1209.2,Marion,127576.0,39.8676,-86.10818,33,96,11,11333
46219,114900.0,3,2,1475,1913 N SHORTRIDGE RD,Indianapolis,Indiana,38174,1130.2,Marion,70116.0,39.78314,-86.04444,33,96,11,11288
46219,200000.0,2,1,1396,5815 RAWLES AVE,Indianapolis,Indiana,38174,1130.2,Marion,70116.0,39.78314,-86.04444,33,96,11,11278
46203,399000.0,3,4,1436,1408 PLEASANT ST,Indianapolis,Indiana,38829,1075.5,Marion,70925.0,39.7368,-86.09586,33,96,11,11058
46217,199900.0,3,1,960,7729 MARY LN,Indianapolis,Indiana,39000,711.7,Marion,98715.0,39.67254,-86.19338,33,96,11,11209
46205,159900.0,2,1,792,1805 E 44TH ST,Indianapolis,Indiana,28000,1732.0,Marion,94560.0,39.82813,-86.13499,33,96,11,11122
46237,649900.0,5,5,5560,6441 HARTING OVERLOOK,Indianapolis,Indiana,40725,1071.5,Marion,92089.0,39.67247,-86.0759,33,96,11,11634
46219,169900.0,2,1,1050,738 N EMERSON AVE,Indianapolis,Indiana,38174,1130.2,Marion,70116.0,39.78314,-86.04444,33,96,11,11283
46237,264900.0,5,3,1810,4212 STONE MILL DR,Indianapolis,Indiana,40725,1071.5,Marion,92089.0,39.67247,-86.0759,33,96,11,11619
46214,199900.0,3,1,1161,7137 CARLSEN AVE,Indianapolis,Indiana,23377,1209.6,Marion,70216.0,39.7917,-86.29009,33,96,11,11195
46226,139700.0,3,1,952,4624 WOODCROFT AVE,Indianapolis,Indiana,44764,1167.6,Marion,57837.0,39.83968,-86.05117,33,96,11,11456
46239,398990.0,4,3,3054,819 STONEHAVEN DRIVE,Indianapolis,Indiana,33456,457.1,Marion,99449.0,39.72311,-86.0004,33,96,11,11659
46227,125000.0,2,1,1128,1218 BACON ST,Indianapolis,Indiana,57359,1326.9,Marion,66995.0,39.67607,-86.13145,33,96,11,11479
46220,334900.0,3,3,2196,6401 EVANSTON AVE,Indianapolis,Indiana,36760,1209.2,Marion,127576.0,39.8676,-86.10818,33,96,11,11315
46241,275000.0,3,2,2216,5542 MARNETTE ST,Indianapolis,Indiana,33756,545.3,Marion,58777.0,39.72389,-86.26842,33,96,11,11701
46254,204900.0,3,2,1017,5214 PIN OAK DR,Indianapolis,Indiana,40540,1243.6,Marion,75238.0,39.84796,-86.26936,33,96,11,11730
46202,129000.0,2,2,1575,1524 HERSCHELL AVE,Indianapolis,Indiana,21039,1483.0,Marion,90904.0,39.78363,-86.16187,33,96,11,11041
46234,295000.0,3,3,3561,5560 NOBLE DR,Indianapolis,Indiana,27238,850.2,Marion,106656.0,39.81077,-86.32665,33,96,11,11567
46268,180000.0,2,3,1448,6240 BISHOPS POND LN,Indianapolis,Indiana,24753,753.2,Marion,75623.0,39.89769,-86.23253,33,96,11,11819
46239,270000.0,4,3,2339,10722 REGIS CT,Indianapolis,Indiana,33456,457.1,Marion,99449.0,39.72311,-86.0004,33,96,11,11649
46222,160000.0,3,2,1490,1102 N ALTON AVE,Indianapolis,Indiana,38053,1330.8,Marion,53718.0,39.79088,-86.21477,33,96,11,11396
46268,225000.0,4,3,2356,6252 BRADFORD MEADOW CIR,Indianapolis,Indiana,24753,753.2,Marion,75623.0,39.89769,-86.23253,33,96,11,11832
46235,239900.0,2,2,1212,11256 WINDING WOOD CT,Indianapolis,Indiana,33715,1358.7,Marion,62204.0,39.83784,-85.97651,33,96,11,11581
46205,354900.0,3,2,1254,4234 KINGSLEY DR,Indianapolis,Indiana,28000,1732.0,Marion,94560.0,39.82813,-86.13499,33,96,11,11126
46220,278000.0,3,2,1814,3053 KESSLER BOULEVARD EAST DR,Indianapolis,Indiana,36760,1209.2,Marion,127576.0,39.8676,-86.10818,33,96,11,11316
46260,221900.0,2,2,1441,2068 EMILY DR,Indianapolis,Indiana,35529,1317.4,Marion,98188.0,39.89744,-86.17927,33,96,11,11814
46227,288000.0,4,3,2112,806 CORKWOOD CT,Indianapolis,Indiana,57359,1326.9,Marion,66995.0,39.67607,-86.13145,33,96,11,11472
46239,240000.0,3,2,1225,5320 HIMALAYAN DR,Indianapolis,Indiana,33456,457.1,Marion,99449.0,39.72311,-86.0004,33,96,11,11650
46219,279900.0,6,3,2870,1428 N GIBSON AVE,Indianapolis,Indiana,38174,1130.2,Marion,70116.0,39.78314,-86.04444,33,96,11,11296
46254,195000.0,3,2,1248,5039 W 57TH ST,Indianapolis,Indiana,40540,1243.6,Marion,75238.0,39.84796,-86.26936,33,96,11,11729
46201,220000.0,5,2,2254,809 N TEMPLE AVE,Indianapolis,Indiana,31193,2156.8,Marion,55588.0,39.77369,-86.10949,33,96,11,10994
46236,899900.0,4,5,5341,11008 RUNNING TIDE CT,Indianapolis,Indiana,28163,1036.0,Marion,137018.0,39.89132,-85.96766,33,96,11,11603
46203,425000.0,4,4,2500,1019 DAWSON ST,Indianapolis,Indiana,38829,1075.5,Marion,70925.0,39.7368,-86.09586,33,96,11,11081
46208,74900.0,2,1,930,2714 INDIANAPOLIS AVE,Indianapolis,Indiana,21908,1226.5,Marion,80141.0,39.82307,-86.17307,33,96,11,11167
46218,164900.0,3,3,1000,4826 E 21ST ST,Indianapolis,Indiana,29254,1184.1,Marion,43956.0,39.80713,-86.09958,33,96,11,11238
46214,360000.0,5,4,3409,7919 INISHMORE DR,Indianapolis,Indiana,23377,1209.6,Marion,70216.0,39.7917,-86.29009,33,96,11,11188
46217,250000.0,3,3,1530,7215 WELLWOOD DR,Indianapolis,Indiana,39000,711.7,Marion,98715.0,39.67254,-86.19338,33,96,11,11218
46219,137500.0,3,4,2136,8115 E 20TH ST,Indianapolis,Indiana,38174,1130.2,Marion,70116.0,39.78314,-86.04444,33,96,11,11292
46241,160000.0,3,1,1170,2905 FOLTZ ST,Indianapolis,Indiana,33756,545.3,Marion,58777.0,39.72389,-86.26842,33,96,11,11700
46228,340000.0,4,4,2548,3616 SOMMERSWORTH LN,Indianapolis,Indiana,16947,826.0,Marion,107898.0,39.8487,-86.20045,33,96,11,11511
46260,137500.0,3,2,1845,851 INDIGO WAY APT D,Indianapolis,Indiana,35529,1317.4,Marion,98188.0,39.89744,-86.17927,33,96,11,11798
46237,229900.0,3,2,1510,5414 ARMSTRONG CT,Indianapolis,Indiana,40725,1071.5,Marion,92089.0,39.67247,-86.0759,33,96,11,11628
46203,182500.0,3,1,1032,1715 E TROY AVE,Indianapolis,Indiana,38829,1075.5,Marion,70925.0,39.7368,-86.09586,33,96,11,11059
46218,189900.0,4,2,1268,5702 E 20TH ST,Indianapolis,Indiana,29254,1184.1,Marion,43956.0,39.80713,-86.09958,33,96,11,11251
46222,159900.0,3,1,1132,1030 WINFIELD AVE,Indianapolis,Indiana,38053,1330.8,Marion,53718.0,39.79088,-86.21477,33,96,11,11387
46260,899900.0,5,6,5117,570 W 92ND ST,Indianapolis,Indiana,35529,1317.4,Marion,98188.0,39.89744,-86.17927,33,96,11,11812
46226,109900.0,3,2,1702,4728 N KITLEY AVE,Indianapolis,Indiana,44764,1167.6,Marion,57837.0,39.83968,-86.05117,33,96,11,11450
46226,159900.0,2,1,1120,6870 E 47TH ST,Indianapolis,Indiana,44764,1167.6,Marion,57837.0,39.83968,-86.05117,33,96,11,11463
46260,359900.0,3,4,2116,9460 OAKLEY DR,Indianapolis,Indiana,35529,1317.4,Marion,98188.0,39.89744,-86.17927,33,96,11,11815
46227,249900.0,2,2,1128,3036 EARL DR,Indianapolis,Indiana,57359,1326.9,Marion,66995.0,39.67607,-86.13145,33,96,11,11470
46226,275000.0,3,3,2267,4801 LESLEY AVE,Indianapolis,Indiana,44764,1167.6,Marion,57837.0,39.83968,-86.05117,33,96,11,11441
46227,79900.0,2,1,957,1659 E SUMNER AVE,Indianapolis,Indiana,57359,1326.9,Marion,66995.0,39.67607,-86.13145,33,96,11,11492
46222,105000.0,2,1,750,1220 N TIBBS AVE,Indianapolis,Indiana,38053,1330.8,Marion,53718.0,39.79088,-86.21477,33,96,11,11385
46227,195000.0,3,1,1001,3639 REMINGTON DR,Indianapolis,Indiana,57359,1326.9,Marion,66995.0,39.67607,-86.13145,33,96,11,11480
46254,189000.0,2,2,1288,5412 SPRING CREEK PL,Indianapolis,Indiana,40540,1243.6,Marion,75238.0,39.84796,-86.26936,33,96,11,11732
46220,149000.0,3,2,1200,5505 CHESTER LN,Indianapolis,Indiana,36760,1209.2,Marion,127576.0,39.8676,-86.10818,33,96,11,11334
46250,349900.0,4,2,1990,5525 E 81ST ST,Indianapolis,Indiana,17443,869.6,Marion,92947.0,39.90399,-86.06864,33,96,11,11719
46225,152900.0,1,1,784,2130 S DELAWARE ST,Indianapolis,Indiana,4997,484.9,Marion,59123.0,39.74062,-86.16294,33,96,11,11422
46220,319900.0,3,2,2195,6242 EVANSTON AVE,Indianapolis,Indiana,36760,1209.2,Marion,127576.0,39.8676,-86.10818,33,96,11,11341
46239,309995.0,4,3,2011,10225 EAGLETON PL,Indianapolis,Indiana,33456,457.1,Marion,99449.0,39.72311,-86.0004,33,96,11,11669
46220,430000.0,3,2,2534,5950 WINTHROP AVE,Indianapolis,Indiana,36760,1209.2,Marion,127576.0,39.8676,-86.10818,33,96,11,11338
46220,260000.0,3,1,1106,6102 PRIMROSE AVE,Indianapolis,Indiana,36760,1209.2,Marion,127576.0,39.8676,-86.10818,33,96,11,11330
46203,125000.0,2,2,1642,3036 E BRADBURY AVE,Indianapolis,Indiana,38829,1075.5,Marion,70925.0,39.7368,-86.09586,33,96,11,11090
46201,99000.0,3,1,1531,405 N BRADLEY AVE,Indianapolis,Indiana,31193,2156.8,Marion,55588.0,39.77369,-86.10949,33,96,11,10995
46241,217000.0,3,2,2678,8625 FLYNN RD,Indianapolis,Indiana,33756,545.3,Marion,58777.0,39.72389,-86.26842,33,96,11,11692
46260,510000.0,4,3,3188,9040 WICKHAM RD,Indianapolis,Indiana,35529,1317.4,Marion,98188.0,39.89744,-86.17927,33,96,11,11792
46217,209900.0,4,3,2227,3153 DELAWAY LN,Indianapolis,Indiana,39000,711.7,Marion,98715.0,39.67254,-86.19338,33,96,11,11228
46222,195000.0,3,3,1456,3002 JACKSON ST,Indianapolis,Indiana,38053,1330.8,Marion,53718.0,39.79088,-86.21477,33,96,11,11393
46203,199900.0,2,2,1316,1540 E RAYMOND ST,Indianapolis,Indiana,38829,1075.5,Marion,70925.0,39.7368,-86.09586,33,96,11,11074
46237,310000.0,3,2,1502,8042 STONEREATH CT,Indianapolis,Indiana,40725,1071.5,Marion,92089.0,39.67247,-86.0759,33,96,11,11623
46237,389900.0,3,3,2326,4743 GOLDENRAIN CT,Indianapolis,Indiana,40725,1071.5,Marion,92089.0,39.67247,-86.0759,33,96,11,11614
46226,155000.0,3,1,1040,7312 E 48TH ST,Indianapolis,Indiana,44764,1167.6,Marion,57837.0,39.83968,-86.05117,33,96,11,11457
46218,155000.0,4,2,1200,3654 KINNEAR AVE,Indianapolis,Indiana,29254,1184.1,Marion,43956.0,39.80713,-86.09958,33,96,11,11263
46219,217900.0,3,3,1699,8444 E 13TH ST,Indianapolis,Indiana,38174,1130.2,Marion,70116.0,39.78314,-86.04444,33,96,11,11308
46201,325000.0,3,2,2282,925 N TACOMA AVE,Indianapolis,Indiana,31193,2156.8,Marion,55588.0,39.77369,-86.10949,33,96,11,11025
46231,439000.0,4,3,3242,9219 TENOR WAY,Indianapolis,Indiana,10824,358.2,Hendricks,114972.0,39.72086,-86.32712,31,96,11,11551
46219,260000.0,3,2,1716,6818 PERRY CT,Indianapolis,Indiana,38174,1130.2,Marion,70116.0,39.78314,-86.04444,33,96,11,11305
46219,99900.0,2,1,1096,2313 MAGNOLIA PL,Indianapolis,Indiana,38174,1130.2,Marion,70116.0,39.78314,-86.04444,33,96,11,11277
46226,139900.0,4,2,1688,3202 ASHLAND AVE,Indianapolis,Indiana,44764,1167.6,Marion,57837.0,39.83968,-86.05117,33,96,11,11440
46260,299900.0,2,3,2960,1046 WINTERTHUR,Indianapolis,Indiana,35529,1317.4,Marion,98188.0,39.89744,-86.17927,33,96,11,11787
46260,235900.0,2,2,1441,2066 OAK RUN CT,Indianapolis,Indiana,35529,1317.4,Marion,98188.0,39.89744,-86.17927,33,96,11,11811
46203,229000.0,3,1,1060,2634 MANKER ST,Indianapolis,Indiana,38829,1075.5,Marion,70925.0,39.7368,-86.09586,33,96,11,11065
46280,389900.0,4,2,1963,10219 ORCHARD PARK DR S,Indianapolis,Indiana,7273,677.5,Hamilton,102313.0,39.93714,-86.11786,30,96,11,11843
46205,354900.0,3,2,1254,4212 KINGSLEY DR,Indianapolis,Indiana,28000,1732.0,Marion,94560.0,39.82813,-86.13499,33,96,11,11120
46280,365000.0,3,3,1810,10675 LEXINGTON DR,Indianapolis,Indiana,7273,677.5,Hamilton,102313.0,39.93714,-86.11786,30,96,11,11842
46208,269900.0,3,1,1470,311 BERKLEY RD,Indianapolis,Indiana,21908,1226.5,Marion,80141.0,39.82307,-86.17307,33,96,11,11173
46219,159000.0,3,2,725,5900 GREENFIELD AVE,Indianapolis,Indiana,38174,1130.2,Marion,70116.0,39.78314,-86.04444,33,96,11,11287
46205,225000.0,3,2,1260,4259 CRITTENDEN AVE,Indianapolis,Indiana,28000,1732.0,Marion,94560.0,39.82813,-86.13499,33,96,11,11118
46205,340000.0,4,3,2216,607 E 32ND ST,Indianapolis,Indiana,28000,1732.0,Marion,94560.0,39.82813,-86.13499,33,96,11,11136
46203,199900.0,4,2,1868,3645 MARGARET AVE,Indianapolis,Indiana,38829,1075.5,Marion,70925.0,39.7368,-86.09586,33,96,11,11107
46222,190000.0,1,1,732,55 S HARDING ST APT 110,Indianapolis,Indiana,38053,1330.8,Marion,53718.0,39.79088,-86.21477,33,96,11,11391
46205,515000.0,3,4,3482,3138 E FALL CREEK PARKWAY NORTH DR,Indianapolis,Indiana,28000,1732.0,Marion,94560.0,39.82813,-86.13499,33,96,11,11143
46241,120000.0,2,1,720,2315 BEULAH AVE,Indianapolis,Indiana,33756,545.3,Marion,58777.0,39.72389,-86.26842,33,96,11,11707
46268,370000.0,3,4,3101,6381 KENTSTONE DR,Indianapolis,Indiana,24753,753.2,Marion,75623.0,39.89769,-86.23253,33,96,11,11833
46229,259900.0,5,3,2268,1961 STAR FIRE DR,Indianapolis,Indiana,28062,954.9,Marion,85338.0,39.78852,-85.978,33,96,11,11532
46201,160000.0,2,1,1081,707 N GRANT AVE,Indianapolis,Indiana,31193,2156.8,Marion,55588.0,39.77369,-86.10949,33,96,11,11012
46220,775000.0,4,3,2412,5501 N DELAWARE ST,Indianapolis,Indiana,36760,1209.2,Marion,127576.0,39.8676,-86.10818,33,96,11,11352
46280,323000.0,3,2,1612,11007 WILLOWMERE DR,Indianapolis,Indiana,7273,677.5,Hamilton,102313.0,39.93714,-86.11786,30,96,11,11847
46234,284900.0,3,3,1795,8823 W 10TH ST,Indianapolis,Indiana,27238,850.2,Marion,106656.0,39.81077,-86.32665,33,96,11,11561
46201,199900.0,3,2,1374,105 N LINWOOD AVE,Indianapolis,Indiana,31193,2156.8,Marion,55588.0,39.77369,-86.10949,33,96,11,11013
46237,257000.0,4,3,1965,5474 SLEET DR,Indianapolis,Indiana,40725,1071.5,Marion,92089.0,39.67247,-86.0759,33,96,11,11616
46222,102900.0,2,1,1122,1102 N TIBBS AVE,Indianapolis,Indiana,38053,1330.8,Marion,53718.0,39.79088,-86.21477,33,96,11,11381
46218,79900.0,3,1,1170,2853 BROOKSIDE AVE,Indianapolis,Indiana,29254,1184.1,Marion,43956.0,39.80713,-86.09958,33,96,11,11253
46241,109900.0,2,1,720,5032 W RAYMOND ST,Indianapolis,Indiana,33756,545.3,Marion,58777.0,39.72389,-86.26842,33,96,11,11705
46221,259000.0,4,3,2928,4035 ROBIN DR,Indianapolis,Indiana,27018,522.1,Marion,74748.0,39.69288,-86.23664,33,96,11,11357
46236,100000.0,2,1,1176,11435 E 63RD ST,Indianapolis,Indiana,28163,1036.0,Marion,137018.0,39.89132,-85.96766,33,96,11,11596
46220,795000.0,3,2,2766,733 E 57TH ST,Indianapolis,Indiana,36760,1209.2,Marion,127576.0,39.8676,-86.10818,33,96,11,11310
46268,375000.0,4,3,3611,6417 ROBINSROCK DR,Indianapolis,Indiana,24753,753.2,Marion,75623.0,39.89769,-86.23253,33,96,11,11823
46218,69999.0,4,1,1581,3415 E 26TH ST,Indianapolis,Indiana,29254,1184.1,Marion,43956.0,39.80713,-86.09958,33,96,11,11241
46218,175000.0,3,1,1011,2040 N CAMPBELL AVE,Indianapolis,Indiana,29254,1184.1,Marion,43956.0,39.80713,-86.09958,33,96,11,11256
46231,309900.0,4,4,3636,1592 LAURA LN,Indianapolis,Indiana,10824,358.2,Hendricks,114972.0,39.72086,-86.32712,31,96,11,11541
46205,325000.0,3,3,1829,4224 GUILFORD AVE,Indianapolis,Indiana,28000,1732.0,Marion,94560.0,39.82813,-86.13499,33,96,11,11125
46201,150000.0,3,1,1560,915 TECUMSEH ST,Indianapolis,Indiana,31193,2156.8,Marion,55588.0,39.77369,-86.10949,33,96,11,11016
46259,239900.0,2,2,1340,8206 BENTLEY FARMS DR,Indianapolis,Indiana,14955,254.5,Marion,146725.0,39.65078,-85.98692,33,96,11,11775
46256,250000.0,3,2,1333,6913 HAGUE RD,Indianapolis,Indiana,21916,759.2,Marion,117275.0,39.90682,-86.01152,33,96,11,11741
46227,129900.0,3,1,956,1150 MARTIN ST,Indianapolis,Indiana,57359,1326.9,Marion,66995.0,39.67607,-86.13145,33,96,11,11465
46201,230000.0,3,3,1708,22 N GRAY ST,Indianapolis,Indiana,31193,2156.8,Marion,55588.0,39.77369,-86.10949,33,96,11,10997
46239,330000.0,2,3,1628,4648 BETHEL COVE DR,Indianapolis,Indiana,33456,457.1,Marion,99449.0,39.72311,-86.0004,33,96,11,11661
46217,262000.0,4,3,2004,7128 TASSEL MEADOW DR,Indianapolis,Indiana,39000,711.7,Marion,98715.0,39.67254,-86.19338,33,96,11,11233
46204,137900.0,1,1,476,230 E 9TH ST APT 404,Indianapolis,Indiana,10246,3479.2,Marion,121589.0,39.77134,-86.15703,33,96,11,11111
46208,390000.0,3,2,2006,6002 N MERIDIAN ST,Indianapolis,Indiana,21908,1226.5,Marion,80141.0,39.82307,-86.17307,33,96,11,11162
46260,325000.0,4,2,2206,435 W 65TH ST,Indianapolis,Indiana,35529,1317.4,Marion,98188.0,39.89744,-86.17927,33,96,11,11799
46227,214500.0,2,1,912,1440 E ELBERT ST,Indianapolis,Indiana,57359,1326.9,Marion,66995.0,39.67607,-86.13145,33,96,11,11485
46205,225000.0,2,2,918,4506 EVANSTON AVE,Indianapolis,Indiana,28000,1732.0,Marion,94560.0,39.82813,-86.13499,33,96,11,11153
46237,370000.0,4,3,2442,4805 BASIL CT,Indianapolis,Indiana,40725,1071.5,Marion,92089.0,39.67247,-86.0759,33,96,11,11631
46237,355000.0,3,3,2647,7258 SYCAMORE RUN DR,Indianapolis,Indiana,40725,1071.5,Marion,92089.0,39.67247,-86.0759,33,96,11,11612
46203,225000.0,3,2,1202,3418 CAPSELLA LN,Indianapolis,Indiana,38829,1075.5,Marion,70925.0,39.7368,-86.09586,33,96,11,11091
46217,310000.0,4,3,2424,6709 YELLOWSTONE PKWY,Indianapolis,Indiana,39000,711.7,Marion,98715.0,39.67254,-86.19338,33,96,11,11214
46219,219000.0,2,1,1179,1102 N RITTER AVE,Indianapolis,Indiana,38174,1130.2,Marion,70116.0,39.78314,-86.04444,33,96,11,11303
46203,139900.0,2,1,731,1609 QUILL ST,Indianapolis,Indiana,38829,1075.5,Marion,70925.0,39.7368,-86.09586,33,96,11,11064
46226,125000.0,4,2,1700,8046 E 46TH ST,Indianapolis,Indiana,44764,1167.6,Marion,57837.0,39.83968,-86.05117,33,96,11,11455
46226,125000.0,3,1,1776,3738 ROSEWAY LN,Indianapolis,Indiana,44764,1167.6,Marion,57837.0,39.83968,-86.05117,33,96,11,11424
46217,550000.0,2,1,900,375 W EDWARDS AVE,Indianapolis,Indiana,39000,711.7,Marion,98715.0,39.67254,-86.19338,33,96,11,11213
46278,759000.0,4,6,6000,8323 THOROUGHBRED CT,Indianapolis,Indiana,8932,261.0,Marion,170717.0,39.89389,-86.29606,33,96,11,11838
46231,259900.0,4,2,2310,714 SPRING VALLEY CT,Indianapolis,Indiana,10824,358.2,Hendricks,114972.0,39.72086,-86.32712,31,96,11,11545
46219,240000.0,3,2,1601,5257 E 9TH ST,Indianapolis,Indiana,38174,1130.2,Marion,70116.0,39.78314,-86.04444,33,96,11,11280
46216,364900.0,3,3,2411,5757 LAWTON LOOP EAST DR APT 1,Indianapolis,Indiana,2206,279.2,Marion,87542.0,39.86593,-86.00929,33,96,11,11200
46268,296400.0,3,2,1326,8112 FOLKSTONE RD,Indianapolis,Indiana,24753,753.2,Marion,75623.0,39.89769,-86.23253,33,96,11,11828
46203,249000.0,2,1,884,1037 S STATE AVE,Indianapolis,Indiana,38829,1075.5,Marion,70925.0,39.7368,-86.09586,33,96,11,11097
46214,199000.0,3,2,1704,2946 HORSE HILL EAST DR,Indianapolis,Indiana,23377,1209.6,Marion,70216.0,39.7917,-86.29009,33,96,11,11187
46237,375000.0,5,3,3679,5511 SKIPPING STONE DR,Indianapolis,Indiana,40725,1071.5,Marion,92089.0,39.67247,-86.0759,33,96,11,11618
46259,260000.0,3,2,1281,8145 S FRANKLIN RD,Indianapolis,Indiana,14955,254.5,Marion,146725.0,39.65078,-85.98692,33,96,11,11759
46225,269900.0,2,2,1360,329 PARKWAY AVE,Indianapolis,Indiana,4997,484.9,Marion,59123.0,39.74062,-86.16294,33,96,11,11413
46208,149900.0,3,1,1139,3727 CRESCENT AVE,Indianapolis,Indiana,21908,1226.5,Marion,80141.0,39.82307,-86.17307,33,96,11,11163
46214,265000.0,4,3,2376,7443 GLENFAIR CT,Indianapolis,Indiana,23377,1209.6,Marion,70216.0,39.7917,-86.29009,33,96,11,11196
46205,244900.0,3,1,1104,2635 GUILFORD AVE,Indianapolis,Indiana,28000,1732.0,Marion,94560.0,39.82813,-86.13499,33,96,11,11147
46256,350000.0,4,3,2248,7906 TANAGER LN,Indianapolis,Indiana,21916,759.2,Marion,117275.0,39.90682,-86.01152,33,96,11,11739
46217,235000.0,3,2,1214,1309 STYMIE CT,Indianapolis,Indiana,39000,711.7,Marion,98715.0,39.67254,-86.19338,33,96,11,11225
46280,380000.0,4,2,2650,10329 N DELAWARE ST,Indianapolis,Indiana,7273,677.5,Hamilton,102313.0,39.93714,-86.11786,30,96,11,11839
46219,150000.0,3,2,1834,1758 QUEENSBRIDGE DR # 2C,Indianapolis,Indiana,38174,1130.2,Marion,70116.0,39.78314,-86.04444,33,96,11,11290
46222,289000.0,4,2,2332,2927 W REX DR,Indianapolis,Indiana,38053,1330.8,Marion,53718.0,39.79088,-86.21477,33,96,11,11390
46241,82000.0,1,1,805,1534 S MORELAND AVE,Indianapolis,Indiana,33756,545.3,Marion,58777.0,39.72389,-86.26842,33,96,11,11699
46208,64900.0,2,1,920,3535 GRACELAND AVE,Indianapolis,Indiana,21908,1226.5,Marion,80141.0,39.82307,-86.17307,33,96,11,11165
46218,150000.0,2,1,891,2610 N RURAL ST,Indianapolis,Indiana,29254,1184.1,Marion,43956.0,39.80713,-86.09958,33,96,11,11264
46222,90000.0,2,1,871,2523 JACKSON ST,Indianapolis,Indiana,38053,1330.8,Marion,53718.0,39.79088,-86.21477,33,96,11,11374
46239,424900.0,4,3,2699,11029 SADDLEBRED DR,Indianapolis,Indiana,33456,457.1,Marion,99449.0,39.72311,-86.0004,33,96,11,11663
46220,398900.0,2,2,1315,5250 N COLLEGE AVE,Indianapolis,Indiana,36760,1209.2,Marion,127576.0,39.8676,-86.10818,33,96,11,11323
46250,250000.0,3,2,1416,6705 AINTREE CT,Indianapolis,Indiana,17443,869.6,Marion,92947.0,39.90399,-86.06864,33,96,11,11718
46237,309000.0,2,2,1954,7850 LASCALA BLVD,Indianapolis,Indiana,40725,1071.5,Marion,92089.0,39.67247,-86.0759,33,96,11,11620
46225,184900.0,2,1,954,412 E SOUTHERN AVE,Indianapolis,Indiana,4997,484.9,Marion,59123.0,39.74062,-86.16294,33,96,11,11421
46237,345000.0,3,3,2169,6020 MEDINA SPIRIT DR,Indianapolis,Indiana,40725,1071.5,Marion,92089.0,39.67247,-86.0759,33,96,11,11611
46203,320000.0,4,4,2590,706 PARKWAY AVE,Indianapolis,Indiana,38829,1075.5,Marion,70925.0,39.7368,-86.09586,33,96,11,11053
46237,219900.0,3,2,1524,5311 S LINWOOD AVE,Indianapolis,Indiana,40725,1071.5,Marion,92089.0,39.67247,-86.0759,33,96,11,11632
46225,298000.0,3,2,1511,1525 S ALABAMA ST,Indianapolis,Indiana,4997,484.9,Marion,59123.0,39.74062,-86.16294,33,96,11,11414
46239,415000.0,3,3,3746,4850 BLUE MARLIN WAY,Indianapolis,Indiana,33456,457.1,Marion,99449.0,39.72311,-86.0004,33,96,11,11673
46256,200000.0,2,2,1166,9052 LISERING CIR,Indianapolis,Indiana,21916,759.2,Marion,117275.0,39.90682,-86.01152,33,96,11,11756
46201,244900.0,3,2,1338,1331 N CHESTER AVE,Indianapolis,Indiana,31193,2156.8,Marion,55588.0,39.77369,-86.10949,33,96,11,11024
46220,315000.0,2,2,1184,6165 CRITTENDEN AVE,Indianapolis,Indiana,36760,1209.2,Marion,127576.0,39.8676,-86.10818,33,96,11,11336
46201,199000.0,3,1,1036,713 N CHESTER AVE,Indianapolis,Indiana,31193,2156.8,Marion,55588.0,39.77369,-86.10949,33,96,11,11003
46228,223600.0,3,3,1800,6057 MORNING DOVE DR,Indianapolis,Indiana,16947,826.0,Marion,107898.0,39.8487,-86.20045,33,96,11,11506
46203,119900.0,2,1,992,2615 WADE ST,Indianapolis,Indiana,38829,1075.5,Marion,70925.0,39.7368,-86.09586,33,96,11,11066
46260,250000.0,3,2,2038,7423 DOROTHY DR,Indianapolis,Indiana,35529,1317.4,Marion,98188.0,39.89744,-86.17927,33,96,11,11805
46260,1149000.0,5,3,5246,8090 N MERIDIAN ST,Indianapolis,Indiana,35529,1317.4,Marion,98188.0,39.89744,-86.17927,33,96,11,11782
46218,145000.0,3,1,1032,2328 N ARSENAL AVE,Indianapolis,Indiana,29254,1184.1,Marion,43956.0,39.80713,-86.09958,33,96,11,11236
46221,240000.0,4,3,4415,6305 RENE DR,Indianapolis,Indiana,27018,522.1,Marion,74748.0,39.69288,-86.23664,33,96,11,11371
46231,350000.0,4,3,3036,1933 ZACHARY LN,Indianapolis,Indiana,10824,358.2,Hendricks,114972.0,39.72086,-86.32712,31,96,11,11546
46235,315995.0,4,3,2006,4370 HOVENWEEP WAY,Indianapolis,Indiana,33715,1358.7,Marion,62204.0,39.83784,-85.97651,33,96,11,11588
46204,286000.0,1,1,934,802 N MERIDIAN ST UNIT 307,Indianapolis,Indiana,10246,3479.2,Marion,121589.0,39.77134,-86.15703,33,96,11,11117
46259,390000.0,4,3,3130,7555 HARTINGTON PL,Indianapolis,Indiana,14955,254.5,Marion,146725.0,39.65078,-85.98692,33,96,11,11762
46201,349000.0,4,2,1846,526 N OXFORD ST,Indianapolis,Indiana,31193,2156.8,Marion,55588.0,39.77369,-86.10949,33,96,11,11017
46217,289000.0,3,3,2246,7339 PIPESTONE DR,Indianapolis,Indiana,39000,711.7,Marion,98715.0,39.67254,-86.19338,33,96,11,11206
46256,179900.0,2,1,908,8885 LAHR CT,Indianapolis,Indiana,21916,759.2,Marion,117275.0,39.90682,-86.01152,33,96,11,11750
46259,359999.0,4,3,2178,8717 MAZE RD,Indianapolis,Indiana,14955,254.5,Marion,146725.0,39.65078,-85.98692,33,96,11,11766
46201,130000.0,2,2,1556,915 N GRANT AVE APT 917,Indianapolis,Indiana,31193,2156.8,Marion,55588.0,39.77369,-86.10949,33,96,11,10998
46203,475000.0,4,2,2086,1050 NELSON AVE,Indianapolis,Indiana,38829,1075.5,Marion,70925.0,39.7368,-86.09586,33,96,11,11101
46237,310000.0,4,3,2188,7267 BOBCAT TRAIL DR,Indianapolis,Indiana,40725,1071.5,Marion,92089.0,39.67247,-86.0759,33,96,11,11627
46203,169000.0,3,1,1025,2054 MAC CT,Indianapolis,Indiana,38829,1075.5,Marion,70925.0,39.7368,-86.09586,33,96,11,11084
46220,224900.0,2,1,675,6415 N PARK AVE,Indianapolis,Indiana,36760,1209.2,Marion,127576.0,39.8676,-86.10818,33,96,11,11314
46217,285000.0,3,2,1675,619 MOUNT RAINIER DR,Indianapolis,Indiana,39000,711.7,Marion,98715.0,39.67254,-86.19338,33,96,11,11224
46208,274900.0,2,2,1777,4129 BYRAM AVE,Indianapolis,Indiana,21908,1226.5,Marion,80141.0,39.82307,-86.17307,33,96,11,11172
46236,299000.0,4,3,1906,10136 SANDCHERRY LN,Indianapolis,Indiana,28163,1036.0,Marion,137018.0,39.89132,-85.96766,33,96,11,11607
46219,200000.0,3,2,1303,7103 HINER LN,Indianapolis,Indiana,38174,1130.2,Marion,70116.0,39.78314,-86.04444,33,96,11,11285
46220,325000.0,2,2,1631,5260 PRIMROSE AVE,Indianapolis,Indiana,36760,1209.2,Marion,127576.0,39.8676,-86.10818,33,96,11,11353
46222,114900.0,2,1,838,3527 W MICHIGAN ST,Indianapolis,Indiana,38053,1330.8,Marion,53718.0,39.79088,-86.21477,33,96,11,11394
46226,114900.0,3,2,1197,8337 ASPEN CT,Indianapolis,Indiana,44764,1167.6,Marion,57837.0,39.83968,-86.05117,33,96,11,11432
46229,380000.0,5,3,3030,2737 CABIN HILL RD,Indianapolis,Indiana,28062,954.9,Marion,85338.0,39.78852,-85.978,33,96,11,11517
46222,130000.0,3,2,1732,1901 SHARON AVE,Indianapolis,Indiana,38053,1330.8,Marion,53718.0,39.79088,-86.21477,33,96,11,11377
46256,635000.0,4,5,3201,9316 FALL CREEK RD,Indianapolis,Indiana,21916,759.2,Marion,117275.0,39.90682,-86.01152,33,96,11,11755
46227,179000.0,4,2,1440,2124 WHALEN AVE,Indianapolis,Indiana,57359,1326.9,Marion,66995.0,39.67607,-86.13145,33,96,11,11483
46203,324900.0,3,2,930,1562 CHURCHMAN AVE,Indianapolis,Indiana,38829,1075.5,Marion,70925.0,39.7368,-86.09586,33,96,11,11078
46227,190000.0,3,2,2128,1501 E MARKWOOD AVE,Indianapolis,Indiana,57359,1326.9,Marion,66995.0,39.67607,-86.13145,33,96,11,11496
46259,244900.0,2,2,1626,8148 BENTLEY FARMS PL,Indianapolis,Indiana,14955,254.5,Marion,146725.0,39.65078,-85.98692,33,96,11,11763
46237,300000.0,3,3,2605,4931 FRANKLIN VILLAS PL,Indianapolis,Indiana,40725,1071.5,Marion,92089.0,39.67247,-86.0759,33,96,11,11638
46217,324900.0,3,2,1929,8322 PALMETTO LN,Indianapolis,Indiana,39000,711.7,Marion,98715.0,39.67254,-86.19338,33,96,11,11226
46220,218000.0,2,1,1750,6837 HILLSIDE AVE,Indianapolis,Indiana,36760,1209.2,Marion,127576.0,39.8676,-86.10818,33,96,11,11325
46214,218829.0,3,2,1394,6829 DAISY LN,Indianapolis,Indiana,23377,1209.6,Marion,70216.0,39.7917,-86.29009,33,96,11,11194
46220,549000.0,3,2,2436,5858 N DELAWARE ST,Indianapolis,Indiana,36760,1209.2,Marion,127576.0,39.8676,-86.10818,33,96,11,11339
46256,459900.0,4,4,2805,8235 PLUMWOOD LN,Indianapolis,Indiana,21916,759.2,Marion,117275.0,39.90682,-86.01152,33,96,11,11748
46259,455000.0,4,4,3669,7556 SUNSET RIDGE PKWY,Indianapolis,Indiana,14955,254.5,Marion,146725.0,39.65078,-85.98692,33,96,11,11765
46217,235000.0,3,2,1229,7135 LONG SHORE CIR,Indianapolis,Indiana,39000,711.7,Marion,98715.0,39.67254,-86.19338,33,96,11,11221
46260,239900.0,4,2,1280,2218 W 65TH ST,Indianapolis,Indiana,35529,1317.4,Marion,98188.0,39.89744,-86.17927,33,96,11,11803
46227,215000.0,3,2,1200,7548 PARTRIDGE RD,Indianapolis,Indiana,57359,1326.9,Marion,66995.0,39.67607,-86.13145,33,96,11,11486
46256,325900.0,3,3,2438,8825 GUNPOWDER DR,Indianapolis,Indiana,21916,759.2,Marion,117275.0,39.90682,-86.01152,33,96,11,11749
46202,485000.0,3,4,3164,1808 CENTRAL AVE,Indianapolis,Indiana,21039,1483.0,Marion,90904.0,39.78363,-86.16187,33,96,11,11046
46224,193000.0,3,2,1101,5408 PENWAY ST,Indianapolis,Indiana,39490,2132.4,Marion,63496.0,39.79537,-86.25624,33,96,11,11407
46217,295000.0,3,3,1774,619 TETON TRL,Indianapolis,Indiana,39000,711.7,Marion,98715.0,39.67254,-86.19338,33,96,11,11212
46228,209900.0,3,1,1608,5715 MANNING RD,Indianapolis,Indiana,16947,826.0,Marion,107898.0,39.8487,-86.20045,33,96,11,11507
46221,200000.0,3,1,1116,3026 5TH AVE E,Indianapolis,Indiana,27018,522.1,Marion,74748.0,39.69288,-86.23664,33,96,11,11368
46214,239900.0,3,2,1376,6909 CAMELOT CT,Indianapolis,Indiana,23377,1209.6,Marion,70216.0,39.7917,-86.29009,33,96,11,11182
46224,199900.0,5,2,1908,5907 SUBURBAN DR,Indianapolis,Indiana,39490,2132.4,Marion,63496.0,39.79537,-86.25624,33,96,11,11404
46219,219900.0,3,2,1588,309 S ARLINGTON AVE,Indianapolis,Indiana,38174,1130.2,Marion,70116.0,39.78314,-86.04444,33,96,11,11307
46241,235000.0,4,3,1920,4926 MELROSE AVE,Indianapolis,Indiana,33756,545.3,Marion,58777.0,39.72389,-86.26842,33,96,11,11698
46205,324900.0,4,2,2161,2514 CARROLLTON AVE,Indianapolis,Indiana,28000,1732.0,Marion,94560.0,39.82813,-86.13499,33,96,11,11129
46226,234900.0,4,2,1616,4407 BARNOR DR,Indianapolis,Indiana,44764,1167.6,Marion,57837.0,39.83968,-86.05117,33,96,11,11449
46236,699000.0,4,5,5348,11361 OLD STONE DR,Indianapolis,Indiana,28163,1036.0,Marion,137018.0,39.89132,-85.96766,33,96,11,11602
46203,95000.0,2,1,1060,1548 GOLAY ST,Indianapolis,Indiana,38829,1075.5,Marion,70925.0,39.7368,-86.09586,33,96,11,11054
46203,125000.0,2,1,1077,528 DAYTON AVE,Indianapolis,Indiana,38829,1075.5,Marion,70925.0,39.7368,-86.09586,33,96,11,11085
46201,475000.0,4,4,2417,1417 E MICHIGAN ST,Indianapolis,Indiana,31193,2156.8,Marion,55588.0,39.77369,-86.10949,33,96,11,11026
46219,160000.0,3,1,1008,321 S KENMORE RD,Indianapolis,Indiana,38174,1130.2,Marion,70116.0,39.78314,-86.04444,33,96,11,11300
46220,314900.0,4,2,2028,6191 BROADWAY ST,Indianapolis,Indiana,36760,1209.2,Marion,127576.0,39.8676,-86.10818,33,96,11,11311
46234,230000.0,3,3,2024,8332 COUNTRY CREEK DR,Indianapolis,Indiana,27238,850.2,Marion,106656.0,39.81077,-86.32665,33,96,11,11564
46241,220000.0,3,3,1656,6544 WANDERING WAY,Indianapolis,Indiana,33756,545.3,Marion,58777.0,39.72389,-86.26842,33,96,11,11710
46201,349000.0,3,2,1753,1434 E 10TH ST,Indianapolis,Indiana,31193,2156.8,Marion,55588.0,39.77369,-86.10949,33,96,11,11027
46234,329900.0,4,2,2327,2381 BLACK GOLD DR,Indianapolis,Indiana,27238,850.2,Marion,106656.0,39.81077,-86.32665,33,96,11,11563
46214,250000.0,3,2,1425,3690 RIVERWOOD DR,Indianapolis,Indiana,23377,1209.6,Marion,70216.0,39.7917,-86.29009,33,96,11,11197
46208,145000.0,3,2,1104,4117 CLARENDON RD,Indianapolis,Indiana,21908,1226.5,Marion,80141.0,39.82307,-86.17307,33,96,11,11181
46219,220000.0,2,2,1029,1502 N DOWNEY AVE,Indianapolis,Indiana,38174,1130.2,Marion,70116.0,39.78314,-86.04444,33,96,11,11301
46203,285000.0,3,3,1700,533 TROWBRIDGE ST,Indianapolis,Indiana,38829,1075.5,Marion,70925.0,39.7368,-86.09586,33,96,11,11072
46260,259000.0,3,3,1464,9316 OAK RUN CIR,Indianapolis,Indiana,35529,1317.4,Marion,98188.0,39.89744,-86.17927,33,96,11,11809
46203,150000.0,2,2,867,2824 S RITTER AVE,Indianapolis,Indiana,38829,1075.5,Marion,70925.0,39.7368,-86.09586,33,96,11,11089
46239,379000.0,5,4,3238,8757 KIPLING DR,Indianapolis,Indiana,33456,457.1,Marion,99449.0,39.72311,-86.0004,33,96,11,11665
46226,139900.0,3,1,1008,8530 LENNA CT,Indianapolis,Indiana,44764,1167.6,Marion,57837.0,39.83968,-86.05117,33,96,11,11436
46235,175000.0,3,2,1272,10650 SEDGEGRASS DR,Indianapolis,Indiana,33715,1358.7,Marion,62204.0,39.83784,-85.97651,33,96,11,11583
46240,559900.0,3,2,2882,7929 MEADOWBROOK DR,Indianapolis,Indiana,19682,776.3,Marion,111498.0,39.90697,-86.12367,33,96,11,11676
46205,215000.0,2,1,895,5163 CRITTENDEN AVE,Indianapolis,Indiana,28000,1732.0,Marion,94560.0,39.82813,-86.13499,33,96,11,11138
46235,200000.0,3,2,1164,11333 CHERRY TREE WAY,Indianapolis,Indiana,33715,1358.7,Marion,62204.0,39.83784,-85.97651,33,96,11,11580
46225,499000.0,2,2,2966,141 S MERIDIAN ST STE 404,Indianapolis,Indiana,4997,484.9,Marion,59123.0,39.74062,-86.16294,33,96,11,11416
46221,125000.0,2,1,720,4241 S GERRARD DR,Indianapolis,Indiana,27018,522.1,Marion,74748.0,39.69288,-86.23664,33,96,11,11365
46268,219900.0,3,2,1340,6231 BISHOPS POND LN,Indianapolis,Indiana,24753,753.2,Marion,75623.0,39.89769,-86.23253,33,96,11,11818
46203,375500.0,4,3,2184,2101 LEXINGTON AVE,Indianapolis,Indiana,38829,1075.5,Marion,70925.0,39.7368,-86.09586,33,96,11,11104
46205,225000.0,2,2,1448,25 E 40TH ST,Indianapolis,Indiana,28000,1732.0,Marion,94560.0,39.82813,-86.13499,33,96,11,11154
46254,305000.0,4,3,2169,5035 CALLAN DR,Indianapolis,Indiana,40540,1243.6,Marion,75238.0,39.84796,-86.26936,33,96,11,11733
46205,239000.0,2,1,972,5177 ROSSLYN AVE,Indianapolis,Indiana,28000,1732.0,Marion,94560.0,39.82813,-86.13499,33,96,11,11142
46203,585000.0,4,4,2800,1229 SPRUCE ST,Indianapolis,Indiana,38829,1075.5,Marion,70925.0,39.7368,-86.09586,33,96,11,11056
46205,279000.0,3,2,1574,4937 CRITTENDEN AVE,Indianapolis,Indiana,28000,1732.0,Marion,94560.0,39.82813,-86.13499,33,96,11,11121
46216,285000.0,3,2,1761,8342 WATERTOWN DR,Indianapolis,Indiana,2206,279.2,Marion,87542.0,39.86593,-86.00929,33,96,11,11199
46205,460000.0,3,3,2458,3830 N NEW JERSEY ST,Indianapolis,Indiana,28000,1732.0,Marion,94560.0,39.82813,-86.13499,33,96,11,11133
46256,422500.0,4,3,2555,10222 SEABREEZE WAY,Indianapolis,Indiana,21916,759.2,Marion,117275.0,39.90682,-86.01152,33,96,11,11757
46220,440000.0,5,3,4284,6468 GREEN LEAVES RD,Indianapolis,Indiana,36760,1209.2,Marion,127576.0,39.8676,-86.10818,33,96,11,11322
46201,175000.0,3,2,1024,864 N GLADSTONE AVE,Indianapolis,Indiana,31193,2156.8,Marion,55588.0,39.77369,-86.10949,33,96,11,11000
46237,374200.0,5,4,3302,4630 COPPER GROVE DR,Indianapolis,Indiana,40725,1071.5,Marion,92089.0,39.67247,-86.0759,33,96,11,11617
46222,140000.0,2,1,910,1817 MEDFORD AVE,Indianapolis,Indiana,38053,1330.8,Marion,53718.0,39.79088,-86.21477,33,96,11,11380
46218,174999.0,3,2,1350,2416 N BOLTON AVE,Indianapolis,Indiana,29254,1184.1,Marion,43956.0,39.80713,-86.09958,33,96,11,11242
46220,565000.0,3,4,2724,5042 FALL CREEK RD,Indianapolis,Indiana,36760,1209.2,Marion,127576.0,39.8676,-86.10818,33,96,11,11343
46202,899000.0,7,7,4387,317 E 13TH ST APT 319,Indianapolis,Indiana,21039,1483.0,Marion,90904.0,39.78363,-86.16187,33,96,11,11033
46208,215000.0,3,2,1056,5236 BYRAM AVE,Indianapolis,Indiana,21908,1226.5,Marion,80141.0,39.82307,-86.17307,33,96,11,11176
46228,365000.0,3,2,2371,4730 KESSLER BOULEVARD NORTH DR,Indianapolis,Indiana,16947,826.0,Marion,107898.0,39.8487,-86.20045,33,96,11,11510
46280,645000.0,3,3,2267,9869 NORTHERN LIGHTS LN,Indianapolis,Indiana,7273,677.5,Hamilton,102313.0,39.93714,-86.11786,30,96,11,11840
46268,155000.0,2,2,1569,5526 KERNS LN,Indianapolis,Indiana,24753,753.2,Marion,75623.0,39.89769,-86.23253,33,96,11,11826
46239,299000.0,4,3,2169,942 HOLMDALE RD,Indianapolis,Indiana,33456,457.1,Marion,99449.0,39.72311,-86.0004,33,96,11,11668
46234,485000.0,3,3,2054,3820 SPRINGFIELD OVERLOOK ST,Indianapolis,Indiana,27238,850.2,Marion,106656.0,39.81077,-86.32665,33,96,11,11570
46219,225000.0,4,2,1896,1304 ROSEWAY DR,Indianapolis,Indiana,38174,1130.2,Marion,70116.0,39.78314,-86.04444,33,96,11,11281
46225,90000.0,2,1,796,2247 UNION ST,Indianapolis,Indiana,4997,484.9,Marion,59123.0,39.74062,-86.16294,33,96,11,11420
46203,355000.0,2,2,1400,735 LEXINGTON AVE APT 14,Indianapolis,Indiana,38829,1075.5,Marion,70925.0,39.7368,-86.09586,33,96,11,11098
46229,400000.0,4,3,4045,10811 YOUNG LAKE DR,Indianapolis,Indiana,28062,954.9,Marion,85338.0,39.78852,-85.978,33,96,11,11519
46228,225000.0,3,2,1464,4500 COBURN AVE,Indianapolis,Indiana,16947,826.0,Marion,107898.0,39.8487,-86.20045,33,96,11,11504
46202,464900.0,2,3,1788,1529 N ALABAMA ST UNIT B,Indianapolis,Indiana,21039,1483.0,Marion,90904.0,39.78363,-86.16187,33,96,11,11031
46201,65000.0,2,1,814,1505 N OLNEY ST,Indianapolis,Indiana,31193,2156.8,Marion,55588.0,39.77369,-86.10949,33,96,11,11009
46221,104900.0,3,2,1428,1914 MILLER ST,Indianapolis,Indiana,27018,522.1,Marion,74748.0,39.69288,-86.23664,33,96,11,11361
46201,103900.0,2,1,1642,448 N GRAY ST,Indianapolis,Indiana,31193,2156.8,Marion,55588.0,39.77369,-86.10949,33,96,11,11011
46254,239900.0,4,3,2044,4358 FULLWOOD CT,Indianapolis,Indiana,40540,1243.6,Marion,75238.0,39.84796,-86.26936,33,96,11,11726
46224,224900.0,3,2,1874,5513 MEADOWOOD DR,Indianapolis,Indiana,39490,2132.4,Marion,63496.0,39.79537,-86.25624,33,96,11,11411
46260,385000.0,3,3,3174,8440 QUAIL HOLLOW RD,Indianapolis,Indiana,35529,1317.4,Marion,98188.0,39.89744,-86.17927,33,96,11,11801
46201,60000.0,3,1,1177,4008 E MICHIGAN ST,Indianapolis,Indiana,31193,2156.8,Marion,55588.0,39.77369,-86.10949,33,96,11,11014
46202,565000.0,4,4,2656,1326 MARLOWE AVE,Indianapolis,Indiana,21039,1483.0,Marion,90904.0,39.78363,-86.16187,33,96,11,11039
46203,168000.0,2,1,960,5009 E NAOMI ST,Indianapolis,Indiana,38829,1075.5,Marion,70925.0,39.7368,-86.09586,33,96,11,11082
46237,325000.0,3,3,2222,5741 SPRING OAKS WAY,Indianapolis,Indiana,40725,1071.5,Marion,92089.0,39.67247,-86.0759,33,96,11,11613
46229,234900.0,4,2,1757,902 WOODLARK DR,Indianapolis,Indiana,28062,954.9,Marion,85338.0,39.78852,-85.978,33,96,11,11522
46205,350000.0,4,2,2306,3493 BIRCHWOOD AVE,Indianapolis,Indiana,28000,1732.0,Marion,94560.0,39.82813,-86.13499,33,96,11,11157
46202,337900.0,2,2,1300,2145 N COLLEGE AVE,Indianapolis,Indiana,21039,1483.0,Marion,90904.0,39.78363,-86.16187,33,96,11,11040
46219,235000.0,2,2,1882,336 N KENYON ST,Indianapolis,Indiana,38174,1130.2,Marion,70116.0,39.78314,-86.04444,33,96,11,11304
46227,224900.0,2,2,1245,6653 MADISON AVE,Indianapolis,Indiana,57359,1326.9,Marion,66995.0,39.67607,-86.13145,33,96,11,11466
46203,700000.0,3,3,3485,1139 SPANN AVE,Indianapolis,Indiana,38829,1075.5,Marion,70925.0,39.7368,-86.09586,33,96,11,11075
46220,299000.0,2,2,918,5415 CRESTVIEW AVE,Indianapolis,Indiana,36760,1209.2,Marion,127576.0,39.8676,-86.10818,33,96,11,11344
46218,215000.0,2,2,876,2818 E 17TH ST,Indianapolis,Indiana,29254,1184.1,Marion,43956.0,39.80713,-86.09958,33,96,11,11250
46229,245000.0,5,3,2184,2839 SHEFFIELD DR,Indianapolis,Indiana,28062,954.9,Marion,85338.0,39.78852,-85.978,33,96,11,11531
46241,219900.0,3,2,1408,7014 BEARGRASS CT,Indianapolis,Indiana,33756,545.3,Marion,58777.0,39.72389,-86.26842,33,96,11,11691
46240,499900.0,2,2,1694,7543 TERRACE BCH,Indianapolis,Indiana,19682,776.3,Marion,111498.0,39.90697,-86.12367,33,96,11,11683
46256,419000.0,4,3,3112,6434 KINGSWOOD DR,Indianapolis,Indiana,21916,759.2,Marion,117275.0,39.90682,-86.01152,33,96,11,11737
46239,260000.0,4,2,2811,3323 BLACK FOREST LN,Indianapolis,Indiana,33456,457.1,Marion,99449.0,39.72311,-86.0004,33,96,11,11652
46205,425000.0,3,2,2263,3939 CENTRAL AVE,Indianapolis,Indiana,28000,1732.0,Marion,94560.0,39.82813,-86.13499,33,96,11,11132
46220,334900.0,3,2,1526,5126 E 70TH ST,Indianapolis,Indiana,36760,1209.2,Marion,127576.0,39.8676,-86.10818,33,96,11,11320
46220,269900.0,3,1,1022,5601 HILLSIDE AVE,Indianapolis,Indiana,36760,1209.2,Marion,127576.0,39.8676,-86.10818,33,96,11,11337
46227,259999.0,4,2,1875,3320 E DUDLEY AVE,Indianapolis,Indiana,57359,1326.9,Marion,66995.0,39.67607,-86.13145,33,96,11,11497
46239,385000.0,3,2,2376,1019 SCHMITT RD,Indianapolis,Indiana,33456,457.1,Marion,99449.0,39.72311,-86.0004,33,96,11,11658
46229,245000.0,3,2,1603,171 PRESIDENT TRL E,Indianapolis,Indiana,28062,954.9,Marion,85338.0,39.78852,-85.978,33,96,11,11525
46241,25000.0,3,1,1008,822 DENISON ST,Indianapolis,Indiana,33756,545.3,Marion,58777.0,39.72389,-86.26842,33,96,11,11702
46227,114900.0,2,2,1044,741 E PERRY ST,Indianapolis,Indiana,57359,1326.9,Marion,66995.0,39.67607,-86.13145,33,96,11,11481
46201,144900.0,2,1,896,409 S PARKER AVE,Indianapolis,Indiana,31193,2156.8,Marion,55588.0,39.77369,-86.10949,33,96,11,11001
46254,239900.0,2,3,1567,4824 TUSCANY LN,Indianapolis,Indiana,40540,1243.6,Marion,75238.0,39.84796,-86.26936,33,96,11,11724
46202,125000.0,3,1,1023,2138 N DEXTER ST,Indianapolis,Indiana,21039,1483.0,Marion,90904.0,39.78363,-86.16187,33,96,11,11037
46241,225000.0,3,2,1744,5131 MILLER ST,Indianapolis,Indiana,33756,545.3,Marion,58777.0,39.72389,-86.26842,33,96,11,11694
46221,225000.0,3,2,1058,6123 LONG RIVER LN,Indianapolis,Indiana,27018,522.1,Marion,74748.0,39.69288,-86.23664,33,96,11,11367
46260,179000.0,3,3,1656,8514 CANTERBURY SQ W,Indianapolis,Indiana,35529,1317.4,Marion,98188.0,39.89744,-86.17927,33,96,11,11788
46259,599999.0,4,4,4362,7536 MOONBEAM DR,Indianapolis,Indiana,14955,254.5,Marion,146725.0,39.65078,-85.98692,33,96,11,11769
46234,275000.0,3,2,1669,3535 WOODALE RD,Indianapolis,Indiana,27238,850.2,Marion,106656.0,39.81077,-86.32665,33,96,11,11573
46226,134900.0,3,1,1769,4143 RICHELIEU RD,Indianapolis,Indiana,44764,1167.6,Marion,57837.0,39.83968,-86.05117,33,96,11,11439
46204,398776.0,2,3,1536,450 E OHIO ST APT 321,Indianapolis,Indiana,10246,3479.2,Marion,121589.0,39.77134,-86.15703,33,96,11,11116
46205,349000.0,3,3,1850,3141 SUTHERLAND AVE,Indianapolis,Indiana,28000,1732.0,Marion,94560.0,39.82813,-86.13499,33,96,11,11155
46217,330000.0,4,3,2910,6349 MERIDIAN WOODS BLVD,Indianapolis,Indiana,39000,711.7,Marion,98715.0,39.67254,-86.19338,33,96,11,11229
46226,175000.0,4,2,1670,7609 E 35TH ST,Indianapolis,Indiana,44764,1167.6,Marion,57837.0,39.83968,-86.05117,33,96,11,11462
46221,270000.0,4,3,1998,6552 EMERALD CROSSING WAY,Indianapolis,Indiana,27018,522.1,Marion,74748.0,39.69288,-86.23664,33,96,11,11372
46220,380000.0,3,3,3253,6308 BROKENHURST RD,Indianapolis,Indiana,36760,1209.2,Marion,127576.0,39.8676,-86.10818,33,96,11,11354
46201,265500.0,3,3,1826,19 JEFFERSON AVE,Indianapolis,Indiana,31193,2156.8,Marion,55588.0,39.77369,-86.10949,33,96,11,11010
46237,625000.0,3,2,2942,7445 S ARLINGTON AVE,Indianapolis,Indiana,40725,1071.5,Marion,92089.0,39.67247,-86.0759,33,96,11,11636
46228,300000.0,3,2,1823,4525 MELBOURNE RD,Indianapolis,Indiana,16947,826.0,Marion,107898.0,39.8487,-86.20045,33,96,11,11501
46221,229900.0,3,2,1240,5418 DOLLAR RUN DR,Indianapolis,Indiana,27018,522.1,Marion,74748.0,39.69288,-86.23664,33,96,11,11355
46259,329900.0,4,2,1901,6248 5 POINTS RD,Indianapolis,Indiana,14955,254.5,Marion,146725.0,39.65078,-85.98692,33,96,11,11776
46222,104900.0,2,1,825,2417 N CENTENNIAL ST,Indianapolis,Indiana,38053,1330.8,Marion,53718.0,39.79088,-86.21477,33,96,11,11398
46260,315000.0,4,3,2132,8320 CHARTER OAK DR,Indianapolis,Indiana,35529,1317.4,Marion,98188.0,39.89744,-86.17927,33,96,11,11795
46241,249900.0,4,3,1908,710 SUMMITCREST DR,Indianapolis,Indiana,33756,545.3,Marion,58777.0,39.72389,-86.26842,33,96,11,11693
46229,255000.0,4,3,2408,2411 VALLEY CREEK WEST LN,Indianapolis,Indiana,28062,954.9,Marion,85338.0,39.78852,-85.978,33,96,11,11537
46214,269900.0,3,3,2108,7642 WESTMORE CIR,Indianapolis,Indiana,23377,1209.6,Marion,70216.0,39.7917,-86.29009,33,96,11,11183
46234,485000.0,3,3,2054,3820 SPRINGFIELD OVERLOOK ST,Indianapolis,Indiana,27238,850.2,Marion,106656.0,39.81077,-86.32665,33,96,11,11570
46203,191500.0,3,2,1620,2919 S STATE AVE,Indianapolis,Indiana,38829,1075.5,Marion,70925.0,39.7368,-86.09586,33,96,11,11080
46227,220000.0,3,1,1120,4805 CAMDEN ST,Indianapolis,Indiana,57359,1326.9,Marion,66995.0,39.67607,-86.13145,33,96,11,11468
46220,325000.0,2,1,1377,5229 GUILFORD AVE,Indianapolis,Indiana,36760,1209.2,Marion,127576.0,39.8676,-86.10818,33,96,11,11340
46219,239900.0,4,2,1777,1345 ROSEWAY DR,Indianapolis,Indiana,38174,1130.2,Marion,70116.0,39.78314,-86.04444,33,96,11,11286
46268,207500.0,2,2,1180,9262 CINNEBAR DR,Indianapolis,Indiana,24753,753.2,Marion,75623.0,39.89769,-86.23253,33,96,11,11821
46239,350000.0,4,3,2264,10349 HUNTERS CROSSING BLVD,Indianapolis,Indiana,33456,457.1,Marion,99449.0,39.72311,-86.0004,33,96,11,11674
46203,229990.0,2,1,1050,1201 SAINT PETER ST,Indianapolis,Indiana,38829,1075.5,Marion,70925.0,39.7368,-86.09586,33,96,11,11095
46208,449000.0,6,3,2720,706 W 43RD ST,Indianapolis,Indiana,21908,1226.5,Marion,80141.0,39.82307,-86.17307,33,96,11,11179
46241,174900.0,2,2,1092,2758 S LOCKBURN ST,Indianapolis,Indiana,33756,545.3,Marion,58777.0,39.72389,-86.26842,33,96,11,11690
46219,155900.0,2,2,1120,7778 WELLESLEY DR S,Indianapolis,Indiana,38174,1130.2,Marion,70116.0,39.78314,-86.04444,33,96,11,11284
46205,354900.0,3,2,1154,4216 KINGSLEY DR,Indianapolis,Indiana,28000,1732.0,Marion,94560.0,39.82813,-86.13499,33,96,11,11130
46241,199900.0,2,1,1096,6648 GREENDALE LN,Indianapolis,Indiana,33756,545.3,Marion,58777.0,39.72389,-86.26842,33,96,11,11703
46234,315000.0,4,3,2391,8939 DURBAN CT,Indianapolis,Indiana,27238,850.2,Marion,106656.0,39.81077,-86.32665,33,96,11,11572
46220,675000.0,4,4,3161,5933 WASHINGTON BLVD,Indianapolis,Indiana,36760,1209.2,Marion,127576.0,39.8676,-86.10818,33,96,11,11335
46220,950000.0,5,4,3703,6501 DOVER RD,Indianapolis,Indiana,36760,1209.2,Marion,127576.0,39.8676,-86.10818,33,96,11,11348
46226,175000.0,3,1,1111,7570 E 49TH ST,Indianapolis,Indiana,44764,1167.6,Marion,57837.0,39.83968,-86.05117,33,96,11,11437
46268,170000.0,2,2,1334,2532 FOX VALLEY PL,Indianapolis,Indiana,24753,753.2,Marion,75623.0,39.89769,-86.23253,33,96,11,11831
46218,159000.0,3,2,926,3006 N OLNEY ST,Indianapolis,Indiana,29254,1184.1,Marion,43956.0,39.80713,-86.09958,33,96,11,11249
46221,180003.0,3,1,1080,3627 MANN RD,Indianapolis,Indiana,27018,522.1,Marion,74748.0,39.69288,-86.23664,33,96,11,11373
46218,169000.0,2,1,1071,3744 MANOR CT,Indianapolis,Indiana,29254,1184.1,Marion,43956.0,39.80713,-86.09958,33,96,11,11271
46239,299900.0,2,2,2104,8628 TWAIN LN,Indianapolis,Indiana,33456,457.1,Marion,99449.0,39.72311,-86.0004,33,96,11,11642
46254,309900.0,4,3,2291,4722 EAGLES WATCH LN,Indianapolis,Indiana,40540,1243.6,Marion,75238.0,39.84796,-86.26936,33,96,11,11721
46220,799000.0,4,4,3108,5335 N PARK AVE,Indianapolis,Indiana,36760,1209.2,Marion,127576.0,39.8676,-86.10818,33,96,11,11313
46205,249000.0,2,1,1335,4618 KINGSLEY DR,Indianapolis,Indiana,28000,1732.0,Marion,94560.0,39.82813,-86.13499,33,96,11,11151
46218,149900.0,3,1,1235,5213 E 21ST ST,Indianapolis,Indiana,29254,1184.1,Marion,43956.0,39.80713,-86.09958,33,96,11,11239
46240,545000.0,4,3,2650,8210 LINCOLN BLVD,Indianapolis,Indiana,19682,776.3,Marion,111498.0,39.90697,-86.12367,33,96,11,11685
46203,195000.0,2,1,847,1321 SPANN AVE,Indianapolis,Indiana,38829,1075.5,Marion,70925.0,39.7368,-86.09586,33,96,11,11096
46214,275000.0,3,2,1723,614 FARLEY DR,Indianapolis,Indiana,23377,1209.6,Marion,70216.0,39.7917,-86.29009,33,96,11,11186
46231,255000.0,4,3,2020,9146 ALLEGRO DR,Indianapolis,Indiana,10824,358.2,Hendricks,114972.0,39.72086,-86.32712,31,96,11,11548
46229,335000.0,3,3,2390,2034 VALLEY BROOK DR,Indianapolis,Indiana,28062,954.9,Marion,85338.0,39.78852,-85.978,33,96,11,11515
46221,199500.0,3,2,1390,6929 DEVINNEY LN,Indianapolis,Indiana,27018,522.1,Marion,74748.0,39.69288,-86.23664,33,96,11,11360
46221,229900.0,3,2,1410,6731 THISTLERIDGE CT,Indianapolis,Indiana,27018,522.1,Marion,74748.0,39.69288,-86.23664,33,96,11,11366
46218,224900.0,3,2,1198,5780 E 19TH ST,Indianapolis,Indiana,29254,1184.1,Marion,43956.0,39.80713,-86.09958,33,96,11,11262
46208,1225000.0,5,6,5461,5140 N MERIDIAN ST,Indianapolis,Indiana,21908,1226.5,Marion,80141.0,39.82307,-86.17307,33,96,11,11180
46227,350000.0,5,2,2139,41 E BRUNSWICK AVE,Indianapolis,Indiana,57359,1326.9,Marion,66995.0,39.67607,-86.13145,33,96,11,11467
46260,999000.0,5,5,4765,543 OAKWOOD CT,Indianapolis,Indiana,35529,1317.4,Marion,98188.0,39.89744,-86.17927,33,96,11,11780
46203,574900.0,6,4,2640,1014 HARLAN ST,Indianapolis,Indiana,38829,1075.5,Marion,70925.0,39.7368,-86.09586,33,96,11,11062
46227,295000.0,2,2,1904,3230 BRILL RD,Indianapolis,Indiana,57359,1326.9,Marion,66995.0,39.67607,-86.13145,33,96,11,11474
46217,329500.0,4,2,2778,3901 S MERIDIAN ST,Indianapolis,Indiana,39000,711.7,Marion,98715.0,39.67254,-86.19338,33,96,11,11217
46234,215000.0,2,2,1454,3409 CHURCH ST,Indianapolis,Indiana,27238,850.2,Marion,106656.0,39.81077,-86.32665,33,96,11,11553
46216,690000.0,5,4,6073,5856 LAWTON LOOP WEST DR,Indianapolis,Indiana,2206,279.2,Marion,87542.0,39.86593,-86.00929,33,96,11,11201
46239,289000.0,3,3,1853,7409 KIDWELL DR,Indianapolis,Indiana,33456,457.1,Marion,99449.0,39.72311,-86.0004,33,96,11,11671
46240,715000.0,4,4,4093,105 E 73RD ST,Indianapolis,Indiana,19682,776.3,Marion,111498.0,39.90697,-86.12367,33,96,11,11686
46218,139900.0,2,1,924,4707 E 21ST ST,Indianapolis,Indiana,29254,1184.1,Marion,43956.0,39.80713,-86.09958,33,96,11,11235
46235,203000.0,3,3,1515,3959 WATERFIELD DR,Indianapolis,Indiana,33715,1358.7,Marion,62204.0,39.83784,-85.97651,33,96,11,11585
46241,95000.0,2,1,888,1515 LINDLEY AVE,Indianapolis,Indiana,33756,545.3,Marion,58777.0,39.72389,-86.26842,33,96,11,11706
46254,345900.0,3,3,1854,5468 YELLOW BIRCH WAY,Indianapolis,Indiana,40540,1243.6,Marion,75238.0,39.84796,-86.26936,33,96,11,11727
46204,245900.0,2,2,932,825 N DELAWARE ST UNIT 3C,Indianapolis,Indiana,10246,3479.2,Marion,121589.0,39.77134,-86.15703,33,96,11,11110
46231,340000.0,3,3,2595,10929 EMERY DR,Indianapolis,Indiana,10824,358.2,Hendricks,114972.0,39.72086,-86.32712,31,96,11,11552
46259,367500.0,4,3,2278,10920 CHARLEMAGNE DR,Indianapolis,Indiana,14955,254.5,Marion,146725.0,39.65078,-85.98692,33,96,11,11760
46217,249900.0,3,2,1794,7362 LAKE LAKOTA PL # 25,Indianapolis,Indiana,39000,711.7,Marion,98715.0,39.67254,-86.19338,33,96,11,11219
46259,489900.0,4,4,3362,6449 CRYSTAL RIDGE CIR,Indianapolis,Indiana,14955,254.5,Marion,146725.0,39.65078,-85.98692,33,96,11,11767
46229,240000.0,3,3,1416,2022 STAR FIRE DR,Indianapolis,Indiana,28062,954.9,Marion,85338.0,39.78852,-85.978,33,96,11,11520
46208,200000.0,3,2,1488,260 W 44TH ST,Indianapolis,Indiana,21908,1226.5,Marion,80141.0,39.82307,-86.17307,33,96,11,11171
46239,385000.0,3,2,2376,1019 SCHMITT RD,Indianapolis,Indiana,33456,457.1,Marion,99449.0,39.72311,-86.0004,33,96,11,11658
46218,144900.0,2,1,928,3625 N DEARBORN ST,Indianapolis,Indiana,29254,1184.1,Marion,43956.0,39.80713,-86.09958,33,96,11,11244
46220,299000.0,3,3,2209,5769 SPRUCE KNOLL CT,Indianapolis,Indiana,36760,1209.2,Marion,127576.0,39.8676,-86.10818,33,96,11,11327
46234,344900.0,3,3,2388,5597 GOODWIN ST,Indianapolis,Indiana,27238,850.2,Marion,106656.0,39.81077,-86.32665,33,96,11,11556
46236,299000.0,4,3,1906,10136 SANDCHERRY LN,Indianapolis,Indiana,28163,1036.0,Marion,137018.0,39.89132,-85.96766,33,96,11,11607
46220,299900.0,3,2,1878,5840 NORWALDO AVE,Indianapolis,Indiana,36760,1209.2,Marion,127576.0,39.8676,-86.10818,33,96,11,11328
46228,340000.0,4,4,2548,3616 SOMMERSWORTH LN,Indianapolis,Indiana,16947,826.0,Marion,107898.0,39.8487,-86.20045,33,96,11,11511
46217,249999.0,3,2,1630,7618 MOULTRIE CT,Indianapolis,Indiana,39000,711.7,Marion,98715.0,39.67254,-86.19338,33,96,11,11202
46218,129999.0,2,1,810,5405 E 19TH PL,Indianapolis,Indiana,29254,1184.1,Marion,43956.0,39.80713,-86.09958,33,96,11,11234
46222,159900.0,3,1,1517,2546 EAGLEDALE DR,Indianapolis,Indiana,38053,1330.8,Marion,53718.0,39.79088,-86.21477,33,96,11,11388
46268,179000.0,1,2,1334,2533 CHASEWAY CT,Indianapolis,Indiana,24753,753.2,Marion,75623.0,39.89769,-86.23253,33,96,11,11830
46237,169900.0,2,2,1103,4222 INDIAN PIPE TRCE,Indianapolis,Indiana,40725,1071.5,Marion,92089.0,39.67247,-86.0759,33,96,11,11615
46224,149900.0,3,2,1292,4928 LAGORA LN,Indianapolis,Indiana,39490,2132.4,Marion,63496.0,39.79537,-86.25624,33,96,11,11403
46231,292000.0,3,3,2080,10922 EMERY DR,Indianapolis,Indiana,10824,358.2,Hendricks,114972.0,39.72086,-86.32712,31,96,11,11543
46259,185000.0,4,3,1364,11217 EXCHANGE ST,Indianapolis,Indiana,14955,254.5,Marion,146725.0,39.65078,-85.98692,33,96,11,11777
46254,148000.0,2,2,993,4361 VILLAGE PARKWAY CIR W APT 8,Indianapolis,Indiana,40540,1243.6,Marion,75238.0,39.84796,-86.26936,33,96,11,11722
46222,177900.0,3,2,1668,734 N LIVINGSTON AVE,Indianapolis,Indiana,38053,1330.8,Marion,53718.0,39.79088,-86.21477,33,96,11,11386
46231,274900.0,3,3,2226,10836 PARKER DR,Indianapolis,Indiana,10824,358.2,Hendricks,114972.0,39.72086,-86.32712,31,96,11,11550
46229,249900.0,4,2,2560,9810 E 12TH ST,Indianapolis,Indiana,28062,954.9,Marion,85338.0,39.78852,-85.978,33,96,11,11528
46202,119900.0,2,1,1728,2137 N DEXTER ST,Indianapolis,Indiana,21039,1483.0,Marion,90904.0,39.78363,-86.16187,33,96,11,11036
46229,415993.0,4,3,2728,7160 HART ST,Indianapolis,Indiana,28062,954.9,Marion,85338.0,39.78852,-85.978,33,96,11,11523
46221,134900.0,2,1,952,1310 S SHEFFIELD AVE,Indianapolis,Indiana,27018,522.1,Marion,74748.0,39.69288,-86.23664,33,96,11,11362
46237,265000.0,3,2,1420,7312 BOBCAT TRAIL DR,Indianapolis,Indiana,40725,1071.5,Marion,92089.0,39.67247,-86.0759,33,96,11,11629
46202,749000.0,3,3,3387,434 E NEW YORK ST,Indianapolis,Indiana,21039,1483.0,Marion,90904.0,39.78363,-86.16187,33,96,11,11048
46259,274900.0,2,1,1326,8359 N 700 E,Indianapolis,Indiana,14955,254.5,Marion,146725.0,39.65078,-85.98692,33,96,11,11772
46231,239900.0,2,2,1389,10740 WHIPPOORWILL LN,Indianapolis,Indiana,10824,358.2,Hendricks,114972.0,39.72086,-86.32712,31,96,11,11547
46239,239000.0,3,2,1950,8802 MAPLE HILL DR,Indianapolis,Indiana,33456,457.1,Marion,99449.0,39.72311,-86.0004,33,96,11,11645
46201,275000.0,3,4,1771,920 N TACOMA AVE,Indianapolis,Indiana,31193,2156.8,Marion,55588.0,39.77369,-86.10949,33,96,11,11023
46268,180000.0,2,3,1273,6454 POTOMAC SQUARE LN UNIT 10,Indianapolis,Indiana,24753,753.2,Marion,75623.0,39.89769,-86.23253,33,96,11,11835
46203,114900.0,2,1,612,4106 HOYT AVE,Indianapolis,Indiana,38829,1075.5,Marion,70925.0,39.7368,-86.09586,33,96,11,11076
46231,194900.0,3,1,912,1748 E HAMBLEN DR,Indianapolis,Indiana,10824,358.2,Hendricks,114972.0,39.72086,-86.32712,31,96,11,11544
46229,195000.0,3,1,1263,809 DUNBAR DR,Indianapolis,Indiana,28062,954.9,Marion,85338.0,39.78852,-85.978,33,96,11,11526
46239,225000.0,3,3,1723,2028 WINDY HILL LN,Indianapolis,Indiana,33456,457.1,Marion,99449.0,39.72311,-86.0004,33,96,11,11672
46203,550000.0,4,5,2687,614 COTTAGE AVE,Indianapolis,Indiana,38829,1075.5,Marion,70925.0,39.7368,-86.09586,33,96,11,11099
46218,179900.0,4,2,2448,3606 N EUCLID AVE,Indianapolis,Indiana,29254,1184.1,Marion,43956.0,39.80713,-86.09958,33,96,11,11243
46259,775000.0,4,4,4315,7284 E 1075 N,Indianapolis,Indiana,14955,254.5,Marion,146725.0,39.65078,-85.98692,33,96,11,11770
46205,210000.0,2,2,1386,4805 NORWALDO AVE,Indianapolis,Indiana,28000,1732.0,Marion,94560.0,39.82813,-86.13499,33,96,11,11137
46226,174900.0,3,1,900,4314 N EDMONDSON AVE,Indianapolis,Indiana,44764,1167.6,Marion,57837.0,39.83968,-86.05117,33,96,11,11446
46236,375000.0,6,5,3039,9924 HARD KEY CIR,Indianapolis,Indiana,28163,1036.0,Marion,137018.0,39.89132,-85.96766,33,96,11,11600
46208,419900.0,3,2,2026,3715 GOVERNORS RD,Indianapolis,Indiana,21908,1226.5,Marion,80141.0,39.82307,-86.17307,33,96,11,11178
46234,281000.0,3,3,1373,2147 CANVASBACK DR,Indianapolis,Indiana,27238,850.2,Marion,106656.0,39.81077,-86.32665,33,96,11,11558
46234,349900.0,4,3,3035,10357 WAVERLY DR,Indianapolis,Indiana,27238,850.2,Marion,106656.0,39.81077,-86.32665,33,96,11,11557
46239,289999.0,3,3,2482,5341 KIDWELL CIR,Indianapolis,Indiana,33456,457.1,Marion,99449.0,39.72311,-86.0004,33,96,11,11666
46259,435000.0,4,3,3407,8025 BENTLEY BEND CT,Indianapolis,Indiana,14955,254.5,Marion,146725.0,39.65078,-85.98692,33,96,11,11773
46226,129900.0,3,1,1204,7657 E 35TH ST,Indianapolis,Indiana,44764,1167.6,Marion,57837.0,39.83968,-86.05117,33,96,11,11451
46235,258000.0,3,2,1684,5323 BRASSIE DR,Indianapolis,Indiana,33715,1358.7,Marion,62204.0,39.83784,-85.97651,33,96,11,11577
46229,250000.0,2,2,1465,138 MEGAN WAY,Indianapolis,Indiana,28062,954.9,Marion,85338.0,39.78852,-85.978,33,96,11,11540
46219,444900.0,5,2,3186,5354 E WASHINGTON ST,Indianapolis,Indiana,38174,1130.2,Marion,70116.0,39.78314,-86.04444,33,96,11,11298
46235,365000.0,4,3,3320,11322 CONGAREE WAY,Indianapolis,Indiana,33715,1358.7,Marion,62204.0,39.83784,-85.97651,33,96,11,11593
46201,99900.0,2,1,926,3902 E 11TH ST,Indianapolis,Indiana,31193,2156.8,Marion,55588.0,39.77369,-86.10949,33,96,11,11019
46229,194700.0,3,2,2006,2630 JILL DR,Indianapolis,Indiana,28062,954.9,Marion,85338.0,39.78852,-85.978,33,96,11,11538
46278,625000.0,4,4,4000,7441 W 88TH ST,Indianapolis,Indiana,8932,261.0,Marion,170717.0,39.89389,-86.29606,33,96,11,11837
46256,315000.0,3,3,1649,8058 CARDINAL CV E,Indianapolis,Indiana,21916,759.2,Marion,117275.0,39.90682,-86.01152,33,96,11,11736
46218,70000.0,3,1,925,5314 E 33RD ST,Indianapolis,Indiana,29254,1184.1,Marion,43956.0,39.80713,-86.09958,33,96,11,11254
46237,279900.0,3,3,2430,5255 SKIPPING STONE DR,Indianapolis,Indiana,40725,1071.5,Marion,92089.0,39.67247,-86.0759,33,96,11,11635
46280,270000.0,3,2,1432,830 PRESTON DR,Indianapolis,Indiana,7273,677.5,Hamilton,102313.0,39.93714,-86.11786,30,96,11,11844
46260,610000.0,5,4,4339,9045 KIRKHAM CT,Indianapolis,Indiana,35529,1317.4,Marion,98188.0,39.89744,-86.17927,33,96,11,11807
46208,259900.0,3,2,1686,3901 CLARENDON RD,Indianapolis,Indiana,21908,1226.5,Marion,80141.0,39.82307,-86.17307,33,96,11,11174
46229,175000.0,3,2,1188,10138 SUTTERS CT,Indianapolis,Indiana,28062,954.9,Marion,85338.0,39.78852,-85.978,33,96,11,11530
46256,349900.0,3,3,2264,9429 HADWAY DR,Indianapolis,Indiana,21916,759.2,Marion,117275.0,39.90682,-86.01152,33,96,11,11753
46202,119900.0,2,1,1019,1652 DR ANDREW J BROWN AVE,Indianapolis,Indiana,21039,1483.0,Marion,90904.0,39.78363,-86.16187,33,96,11,11035
46254,97500.0,2,2,892,6342 MISSION TER,Indianapolis,Indiana,40540,1243.6,Marion,75238.0,39.84796,-86.26936,33,96,11,11735
46236,122900.0,1,1,468,6526 PARADISE CT,Indianapolis,Indiana,28163,1036.0,Marion,137018.0,39.89132,-85.96766,33,96,11,11598
46240,435000.0,4,3,2646,7760 DEAN RD,Indianapolis,Indiana,19682,776.3,Marion,111498.0,39.90697,-86.12367,33,96,11,11679
46235,275000.0,4,2,1826,4528 HANDBELL LN,Indianapolis,Indiana,33715,1358.7,Marion,62204.0,39.83784,-85.97651,33,96,11,11592
46241,155000.0,3,1,953,1546 S CENTENNIAL ST,Indianapolis,Indiana,33756,545.3,Marion,58777.0,39.72389,-86.26842,33,96,11,11696
46227,360000.0,4,2,2788,1340 SOUTHVIEW DR,Indianapolis,Indiana,57359,1326.9,Marion,66995.0,39.67607,-86.13145,33,96,11,11493
46217,195000.0,2,2,1604,4750 S MERIDIAN ST,Indianapolis,Indiana,39000,711.7,Marion,98715.0,39.67254,-86.19338,33,96,11,11231
46225,130000.0,2,1,776,122 W GIMBER ST,Indianapolis,Indiana,4997,484.9,Marion,59123.0,39.74062,-86.16294,33,96,11,11419
46234,289000.0,3,3,1820,8545 CRESSMOOR CT,Indianapolis,Indiana,27238,850.2,Marion,106656.0,39.81077,-86.32665,33,96,11,11566
46203,112000.0,2,1,882,1550 E GIMBER ST,Indianapolis,Indiana,38829,1075.5,Marion,70925.0,39.7368,-86.09586,33,96,11,11051
46237,250000.0,3,3,1799,3809 CHERRY BLOSSOM BLVD,Indianapolis,Indiana,40725,1071.5,Marion,92089.0,39.67247,-86.0759,33,96,11,11633
46217,199900.0,3,3,2027,7853 SERGI CANYON DR,Indianapolis,Indiana,39000,711.7,Marion,98715.0,39.67254,-86.19338,33,96,11,11216
46204,474900.0,2,3,1701,706 MASSACHUSETTS AVE,Indianapolis,Indiana,10246,3479.2,Marion,121589.0,39.77134,-86.15703,33,96,11,11113
46226,185000.0,3,1,1073,5325 E HILL DR,Indianapolis,Indiana,44764,1167.6,Marion,57837.0,39.83968,-86.05117,33,96,11,11453
46239,237000.0,3,2,1470,8339 EXTON RD,Indianapolis,Indiana,33456,457.1,Marion,99449.0,39.72311,-86.0004,33,96,11,11655
46226,149900.0,3,1,1246,3110 ASHLAND AVE,Indianapolis,Indiana,44764,1167.6,Marion,57837.0,39.83968,-86.05117,33,96,11,11442
46203,95000.0,2,1,899,1812 E KELLY ST,Indianapolis,Indiana,38829,1075.5,Marion,70925.0,39.7368,-86.09586,33,96,11,11071
46214,227900.0,3,2,1364,7586 TROPHY CLUB DR N,Indianapolis,Indiana,23377,1209.6,Marion,70216.0,39.7917,-86.29009,33,96,11,11191
46256,272500.0,3,2,1444,8067 CARDINAL CV E,Indianapolis,Indiana,21916,759.2,Marion,117275.0,39.90682,-86.01152,33,96,11,11743
46236,624900.0,4,4,4515,10339 COLVILLE LN,Indianapolis,Indiana,28163,1036.0,Marion,137018.0,39.89132,-85.96766,33,96,11,11608
46222,329000.0,2,3,1734,3125 W NEW YORK ST,Indianapolis,Indiana,38053,1330.8,Marion,53718.0,39.79088,-86.21477,33,96,11,11397
46219,200000.0,2,2,1153,1224 N HAWTHORNE LN,Indianapolis,Indiana,38174,1130.2,Marion,70116.0,39.78314,-86.04444,33,96,11,11309
46229,239900.0,3,2,1505,11830 CALZIA LN,Indianapolis,Indiana,28062,954.9,Marion,85338.0,39.78852,-85.978,33,96,11,11529
46259,310000.0,4,3,1942,7509 NORMA JEAN DR,Indianapolis,Indiana,14955,254.5,Marion,146725.0,39.65078,-85.98692,33,96,11,11768
46225,289900.0,4,2,1595,1218 S TALBOTT ST,Indianapolis,Indiana,4997,484.9,Marion,59123.0,39.74062,-86.16294,33,96,11,11417
46231,238000.0,3,2,1319,8910 LIGHTHORSE DR,Indianapolis,Indiana,10824,358.2,Hendricks,114972.0,39.72086,-86.32712,31,96,11,11549
46268,349000.0,3,3,3073,7650 BANCASTER DR,Indianapolis,Indiana,24753,753.2,Marion,75623.0,39.89769,-86.23253,33,96,11,11834
