Zip Code,Price,Beds,Baths,Living Space,Address,City,State,Zip Code Population,Zip Code Density,County,Median Household Income,Latitude,Longitude,county_num,city_num,state_num,address_num
27616,436475.0,4,3,2134,4108 SIERRA PELONA DRIVE # DAVIDSON B,Raleigh,North Carolina,56238,965.3,Wake,94916.0,35.86735,-78.53792,12,56,5,4514
27610,361250.0,3,3,1931,2218 KASOTA LN # 725,Raleigh,North Carolina,79445,679.4,Wake,77917.0,35.7435,-78.54644,12,56,5,4243
27616,515000.0,3,3,2447,6012 BUNCHBERRY CT,Raleigh,North Carolina,56238,965.3,Wake,94916.0,35.86735,-78.53792,12,56,5,4527
27610,329700.0,3,2,1240,5316 NORTHPINES DR,Raleigh,North Carolina,79445,679.4,Wake,77917.0,35.7435,-78.54644,12,56,5,4172
27610,383020.0,2,3,1622,1908 OAK CITY LANE # 6,Raleigh,North Carolina,79445,679.4,Wake,77917.0,35.7435,-78.54644,12,56,5,4183
27604,675000.0,5,3,2402,3000 EDGETONE DR,Raleigh,North Carolina,44856,905.4,Wake,95340.0,35.82011,-78.56369,12,56,5,3865
27604,334900.0,3,2,1234,3332 NEPTUNE DR,Raleigh,North Carolina,44856,905.4,Wake,95340.0,35.82011,-78.56369,12,56,5,3918
27610,330150.0,3,3,1754,188 GARDEN VINE TRL # 531,Raleigh,North Carolina,79445,679.4,Wake,77917.0,35.7435,-78.54644,12,56,5,4253
27608,780000.0,4,4,2813,1206 CANTERBURY RD,Raleigh,North Carolina,12069,1350.6,Wake,213819.0,35.81004,-78.64815,12,56,5,4021
27617,468900.0,2,2,1545,11549 HELMOND WAY # 117,Raleigh,North Carolina,19661,917.7,Wake,136324.0,35.90723,-78.77221,12,56,5,4588
27606,725000.0,3,3,2292,4305 WATERWHEEL DR,Raleigh,North Carolina,45499,718.1,Wake,97207.0,35.73991,-78.71833,12,56,5,3946
27617,446200.0,3,3,2395,11012 PRESIDIO DR,Raleigh,North Carolina,19661,917.7,Wake,136324.0,35.90723,-78.77221,12,56,5,4593
27604,679900.0,3,3,1771,668 WATAUGA ST,Raleigh,North Carolina,44856,905.4,Wake,95340.0,35.82011,-78.56369,12,56,5,3876
27615,270000.0,2,3,1200,7757 FALCON REST CIR # 7757,Raleigh,North Carolina,45047,920.4,Wake,138298.0,35.89772,-78.636,12,56,5,4440
27613,375000.0,3,2,1480,2420 TUSKET CT,Raleigh,North Carolina,43950,665.5,Wake,153507.0,35.92633,-78.71183,12,56,5,4368
27612,375000.0,3,2,1697,7131 SHELLBURNE DR,Raleigh,North Carolina,39249,912.6,Wake,130881.0,35.85034,-78.70387,12,56,5,4284
27616,416110.0,3,3,1924,4104 SIERRA PELONA DR # CHADWICK,Raleigh,North Carolina,56238,965.3,Wake,94916.0,35.86735,-78.53792,12,56,5,4534
27610,384395.0,3,3,1924,5046 ARKOSE DRIVE # 832 - COLEMAN B,Raleigh,North Carolina,79445,679.4,Wake,77917.0,35.7435,-78.54644,12,56,5,4254
27610,289900.0,3,1,1500,2005 SOUTHGATE DR,Raleigh,North Carolina,79445,679.4,Wake,77917.0,35.7435,-78.54644,12,56,5,4147
27603,360460.0,3,3,1558,440 GLEN CLOVA DRIVE,Raleigh,North Carolina,54079,406.2,Wake,111999.0,35.66408,-78.66186,12,56,5,3759
27613,850000.0,4,3,3393,4820 SANDBERRY LN,Raleigh,North Carolina,43950,665.5,Wake,153507.0,35.92633,-78.71183,12,56,5,4328
27610,296294.0,2,3,1263,313 HACKSAW TRL,Raleigh,North Carolina,79445,679.4,Wake,77917.0,35.7435,-78.54644,12,56,5,4247
27610,425000.0,3,3,2200,4805 JOHN WHITE DR,Raleigh,North Carolina,79445,679.4,Wake,77917.0,35.7435,-78.54644,12,56,5,4149
27613,334900.0,3,3,1367,8141 RHIANNON RD,Raleigh,North Carolina,43950,665.5,Wake,153507.0,35.92633,-78.71183,12,56,5,4347
27606,329900.0,3,2,1320,4808 DILLARD DR,Raleigh,North Carolina,45499,718.1,Wake,97207.0,35.73991,-78.71833,12,56,5,3949
27603,443435.0,3,3,1878,5940 CONLY DRIVE # 59,Raleigh,North Carolina,54079,406.2,Wake,111999.0,35.66408,-78.66186,12,56,5,3787
27609,850000.0,4,4,3043,1005 IVY LN,Raleigh,North Carolina,35377,1248.4,Wake,121860.0,35.8437,-78.63282,12,56,5,4103
27610,343265.0,3,4,1858,2613 CHERT LN # 363,Raleigh,North Carolina,79445,679.4,Wake,77917.0,35.7435,-78.54644,12,56,5,4240
27617,575000.0,3,3,2156,10530 SABLEWOOD DR UNIT 104,Raleigh,North Carolina,19661,917.7,Wake,136324.0,35.90723,-78.77221,12,56,5,4594
27603,579900.0,2,2,1295,614 CAPITAL BLVD APT 222,Raleigh,North Carolina,54079,406.2,Wake,111999.0,35.66408,-78.66186,12,56,5,3768
27609,1690000.0,4,5,4422,3409 ROCK CREEK DR,Raleigh,North Carolina,35377,1248.4,Wake,121860.0,35.8437,-78.63282,12,56,5,4053
27615,615430.0,4,4,2746,2404 BIG SKY LANE,Raleigh,North Carolina,45047,920.4,Wake,138298.0,35.89772,-78.636,12,56,5,4441
27615,1200000.0,5,4,4180,1704 HUNTING RIDGE RD,Raleigh,North Carolina,45047,920.4,Wake,138298.0,35.89772,-78.636,12,56,5,4466
27616,364000.0,3,3,1699,4039 TAYLOR OAKS DR,Raleigh,North Carolina,56238,965.3,Wake,94916.0,35.86735,-78.53792,12,56,5,4549
27607,549000.0,2,1,1206,909 GARDNER ST,Raleigh,North Carolina,27128,602.8,Wake,136099.0,35.82145,-78.72697,12,56,5,3992
27614,1610000.0,5,6,5189,1195 STONE KIRK DR,Raleigh,North Carolina,32371,450.6,Wake,175577.0,35.94739,-78.62059,12,56,5,4401
27604,400000.0,5,2,1863,2612 PATRICK RD,Raleigh,North Carolina,44856,905.4,Wake,95340.0,35.82011,-78.56369,12,56,5,3892
27610,435000.0,3,1,1287,2304 MILBURNIE RD,Raleigh,North Carolina,79445,679.4,Wake,77917.0,35.7435,-78.54644,12,56,5,4153
27603,650000.0,5,3,3240,702 CHAPANOKE RD,Raleigh,North Carolina,54079,406.2,Wake,111999.0,35.66408,-78.66186,12,56,5,3769
27610,549900.0,4,3,2010,154 LUTHER RD,Raleigh,North Carolina,79445,679.4,Wake,77917.0,35.7435,-78.54644,12,56,5,4185
27612,450000.0,3,2,1568,3300 BLUE RIDGE RD,Raleigh,North Carolina,39249,912.6,Wake,130881.0,35.85034,-78.70387,12,56,5,4321
27610,442035.0,4,3,2543,280 EDGE OF AUBURN BLVD # 217,Raleigh,North Carolina,79445,679.4,Wake,77917.0,35.7435,-78.54644,12,56,5,4154
27617,535000.0,4,5,2650,10330 SABLEWOOD DR UNIT 110,Raleigh,North Carolina,19661,917.7,Wake,136324.0,35.90723,-78.77221,12,56,5,4598
27610,424410.0,4,3,2427,2216 KASOTA LN # 724,Raleigh,North Carolina,79445,679.4,Wake,77917.0,35.7435,-78.54644,12,56,5,4246
27616,225000.0,3,3,1335,7032 JEFFREYS CREEK LN,Raleigh,North Carolina,56238,965.3,Wake,94916.0,35.86735,-78.53792,12,56,5,4547
27616,392000.0,3,3,1973,3421 SUNCREST VILLAGE LN,Raleigh,North Carolina,56238,965.3,Wake,94916.0,35.86735,-78.53792,12,56,5,4553
27610,429410.0,4,3,2427,2408 CHERT LN # 474,Raleigh,North Carolina,79445,679.4,Wake,77917.0,35.7435,-78.54644,12,56,5,4188
27610,349900.0,3,2,1118,2425 JIMMY CARTER WAY,Raleigh,North Carolina,79445,679.4,Wake,77917.0,35.7435,-78.54644,12,56,5,4214
27604,315000.0,3,3,1345,4114 HENLINE DR,Raleigh,North Carolina,44856,905.4,Wake,95340.0,35.82011,-78.56369,12,56,5,3875
27609,4500000.0,6,9,6663,3601 ALAMANCE DR,Raleigh,North Carolina,35377,1248.4,Wake,121860.0,35.8437,-78.63282,12,56,5,4080
27617,531900.0,2,2,1834,11549 HELMOND WAY # 118,Raleigh,North Carolina,19661,917.7,Wake,136324.0,35.90723,-78.77221,12,56,5,4596
27613,835000.0,5,3,3044,8215 GADSEN CT,Raleigh,North Carolina,43950,665.5,Wake,153507.0,35.92633,-78.71183,12,56,5,4349
27613,725000.0,4,4,4262,13121 MELVIN ARNOLD RD,Raleigh,North Carolina,43950,665.5,Wake,153507.0,35.92633,-78.71183,12,56,5,4326
27610,532500.0,3,3,1545,7 HILL ST,Raleigh,North Carolina,79445,679.4,Wake,77917.0,35.7435,-78.54644,12,56,5,4173
27603,372900.0,3,3,1760,255 INKSTER CV,Raleigh,North Carolina,54079,406.2,Wake,111999.0,35.66408,-78.66186,12,56,5,3807
27608,1749000.0,4,4,4055,1610 BICKETT BLVD,Raleigh,North Carolina,12069,1350.6,Wake,213819.0,35.81004,-78.64815,12,56,5,4023
27614,625000.0,5,3,2753,1512 FALLS RIVER AVE,Raleigh,North Carolina,32371,450.6,Wake,175577.0,35.94739,-78.62059,12,56,5,4435
27616,330000.0,3,2,1400,8013 MCGUIRE DR,Raleigh,North Carolina,56238,965.3,Wake,94916.0,35.86735,-78.53792,12,56,5,4525
27613,399000.0,3,3,1569,5505 EDGEBURY RD,Raleigh,North Carolina,43950,665.5,Wake,153507.0,35.92633,-78.71183,12,56,5,4333
27609,775000.0,4,2,2260,5321 INGLEWOOD LN,Raleigh,North Carolina,35377,1248.4,Wake,121860.0,35.8437,-78.63282,12,56,5,4098
27609,850000.0,3,4,2651,123 PENLEY CIR,Raleigh,North Carolina,35377,1248.4,Wake,121860.0,35.8437,-78.63282,12,56,5,4079
27612,350000.0,2,3,1170,5418 SHARPE DR,Raleigh,North Carolina,39249,912.6,Wake,130881.0,35.85034,-78.70387,12,56,5,4278
27615,1699000.0,4,5,4950,5105 BELLA RIDGE DR,Raleigh,North Carolina,45047,920.4,Wake,138298.0,35.89772,-78.636,12,56,5,4480
27606,380000.0,3,3,1811,2631 ASHER VIEW CT,Raleigh,North Carolina,45499,718.1,Wake,97207.0,35.73991,-78.71833,12,56,5,3976
27606,649900.0,2,2,1515,4720 EDWARDS LN,Raleigh,North Carolina,45499,718.1,Wake,97207.0,35.73991,-78.71833,12,56,5,3981
27601,985000.0,2,4,1716,126 S EAST ST,Raleigh,North Carolina,11127,2362.5,Wake,106779.0,35.7737,-78.63453,12,56,5,3749
27609,1200000.0,5,4,3956,3241 ANDERSON DR,Raleigh,North Carolina,35377,1248.4,Wake,121860.0,35.8437,-78.63282,12,56,5,4069
27616,442000.0,4,3,3001,5408 NEUSE PLANTERS CT,Raleigh,North Carolina,56238,965.3,Wake,94916.0,35.86735,-78.53792,12,56,5,4562
27615,670000.0,4,3,2540,6713 JOHNSDALE RD,Raleigh,North Carolina,45047,920.4,Wake,138298.0,35.89772,-78.636,12,56,5,4454
27610,255000.0,3,3,1177,5011 EAGLE STONE LN UNIT 106,Raleigh,North Carolina,79445,679.4,Wake,77917.0,35.7435,-78.54644,12,56,5,4114
27613,374999.0,3,3,1823,6924 THREE BRIDGES CIR,Raleigh,North Carolina,43950,665.5,Wake,153507.0,35.92633,-78.71183,12,56,5,4363
27604,299000.0,3,2,1348,3620 SUE ELLEN DR,Raleigh,North Carolina,44856,905.4,Wake,95340.0,35.82011,-78.56369,12,56,5,3919
27615,925000.0,4,4,3686,10436 LESLIE DR,Raleigh,North Carolina,45047,920.4,Wake,138298.0,35.89772,-78.636,12,56,5,4470
27604,359900.0,3,2,1667,3121 JULIAN DR,Raleigh,North Carolina,44856,905.4,Wake,95340.0,35.82011,-78.56369,12,56,5,3912
27606,435000.0,3,2,1371,1405 SWALLOW DR,Raleigh,North Carolina,45499,718.1,Wake,97207.0,35.73991,-78.71833,12,56,5,3968
27605,499900.0,2,1,916,816 BROOKLYN ST,Raleigh,North Carolina,5680,2142.2,Wake,107964.0,35.79046,-78.65452,12,56,5,3939
27612,450000.0,3,4,2323,6202 BRAIDWOOD CT,Raleigh,North Carolina,39249,912.6,Wake,130881.0,35.85034,-78.70387,12,56,5,4293
27610,355015.0,3,4,1920,2621 CHERT LN # 359,Raleigh,North Carolina,79445,679.4,Wake,77917.0,35.7435,-78.54644,12,56,5,4186
27603,350000.0,3,4,1524,1609 SPENNYMORE RD,Raleigh,North Carolina,54079,406.2,Wake,111999.0,35.66408,-78.66186,12,56,5,3754
27610,318690.0,3,4,1733,109 SUMMER VIOLET LANE # 475 MANTEO A,Raleigh,North Carolina,79445,679.4,Wake,77917.0,35.7435,-78.54644,12,56,5,4226
27607,2350000.0,5,5,4623,727 LAKE BOONE TRL,Raleigh,North Carolina,27128,602.8,Wake,136099.0,35.82145,-78.72697,12,56,5,4005
27610,489900.0,5,2,2153,2809 NEWARK DR,Raleigh,North Carolina,79445,679.4,Wake,77917.0,35.7435,-78.54644,12,56,5,4148
27617,1195000.0,6,5,5282,9104 FAWN HILL CT,Raleigh,North Carolina,19661,917.7,Wake,136324.0,35.90723,-78.77221,12,56,5,4582
27603,534808.0,3,3,2624,1308 TAVERNIER KNOLL LN,Raleigh,North Carolina,54079,406.2,Wake,111999.0,35.66408,-78.66186,12,56,5,3772
27605,399900.0,2,2,1009,700 BISHOPS PARK DR UNIT 102,Raleigh,North Carolina,5680,2142.2,Wake,107964.0,35.79046,-78.65452,12,56,5,3935
27606,308000.0,2,3,1264,4321 SUGARBEND WAY,Raleigh,North Carolina,45499,718.1,Wake,97207.0,35.73991,-78.71833,12,56,5,3978
27606,854610.0,5,4,6520,4316 BRIDLE RUN DR,Raleigh,North Carolina,45499,718.1,Wake,97207.0,35.73991,-78.71833,12,56,5,3948
27609,1490000.0,3,3,2414,2514 WHITE OAK RD,Raleigh,North Carolina,35377,1248.4,Wake,121860.0,35.8437,-78.63282,12,56,5,4067
27609,825000.0,3,4,2323,315 ALLISTER DR,Raleigh,North Carolina,35377,1248.4,Wake,121860.0,35.8437,-78.63282,12,56,5,4097
27610,379999.0,3,2,1170,1357 CRABTREE BLVD,Raleigh,North Carolina,79445,679.4,Wake,77917.0,35.7435,-78.54644,12,56,5,4220
27604,325000.0,3,2,1116,2408 DORAN PL,Raleigh,North Carolina,44856,905.4,Wake,95340.0,35.82011,-78.56369,12,56,5,3920
27608,999000.0,4,3,2566,2208 BYRD ST,Raleigh,North Carolina,12069,1350.6,Wake,213819.0,35.81004,-78.64815,12,56,5,4014
27615,299900.0,2,3,1310,1424 QUARTER PT,Raleigh,North Carolina,45047,920.4,Wake,138298.0,35.89772,-78.636,12,56,5,4476
27616,600000.0,4,3,2795,4264 SAUBRANCH HILL ST,Raleigh,North Carolina,56238,965.3,Wake,94916.0,35.86735,-78.53792,12,56,5,4558
27615,799000.0,4,3,3270,7600 KELMSCOT WAY,Raleigh,North Carolina,45047,920.4,Wake,138298.0,35.89772,-78.636,12,56,5,4472
27609,515000.0,3,4,1819,5712 PARKER PINES CT,Raleigh,North Carolina,35377,1248.4,Wake,121860.0,35.8437,-78.63282,12,56,5,4070
27615,618000.0,3,3,2440,2229 BRISBAYNE CIR,Raleigh,North Carolina,45047,920.4,Wake,138298.0,35.89772,-78.636,12,56,5,4452
27609,450000.0,4,3,2225,5104 HEARTH DR,Raleigh,North Carolina,35377,1248.4,Wake,121860.0,35.8437,-78.63282,12,56,5,4102
27617,595000.0,3,3,1693,8600 COLVILLE CT,Raleigh,North Carolina,19661,917.7,Wake,136324.0,35.90723,-78.77221,12,56,5,4597
27603,465000.0,2,2,1168,222 GLENWOOD AVE APT 417,Raleigh,North Carolina,54079,406.2,Wake,111999.0,35.66408,-78.66186,12,56,5,3800
27608,2700000.0,5,5,4397,1307 MAYFAIR RD,Raleigh,North Carolina,12069,1350.6,Wake,213819.0,35.81004,-78.64815,12,56,5,4034
27603,415000.0,4,3,2137,180 SOLHEIM LN,Raleigh,North Carolina,54079,406.2,Wake,111999.0,35.66408,-78.66186,12,56,5,3761
27610,297140.0,2,3,1263,333 HACKSAW TRL,Raleigh,North Carolina,79445,679.4,Wake,77917.0,35.7435,-78.54644,12,56,5,4228
27606,1200000.0,4,4,4705,5428 EARLE RD,Raleigh,North Carolina,45499,718.1,Wake,97207.0,35.73991,-78.71833,12,56,5,3942
27612,375000.0,3,3,1632,1140 VILLA GREEN CT,Raleigh,North Carolina,39249,912.6,Wake,130881.0,35.85034,-78.70387,12,56,5,4298
27610,474990.0,4,3,2398,423 SUSTAINABLE WAY,Raleigh,North Carolina,79445,679.4,Wake,77917.0,35.7435,-78.54644,12,56,5,4206
27616,347900.0,3,3,1629,6934 THALWEG DR,Raleigh,North Carolina,56238,965.3,Wake,94916.0,35.86735,-78.53792,12,56,5,4517
27617,470000.0,4,3,1980,6804 EDWELL CT,Raleigh,North Carolina,19661,917.7,Wake,136324.0,35.90723,-78.77221,12,56,5,4585
27606,975000.0,2,2,1235,6920 HOLLY SPRINGS RD,Raleigh,North Carolina,45499,718.1,Wake,97207.0,35.73991,-78.71833,12,56,5,3947
27610,325000.0,3,3,1751,2038 GROUNDWATER PL,Raleigh,North Carolina,79445,679.4,Wake,77917.0,35.7435,-78.54644,12,56,5,4196
27604,465640.0,5,3,2674,1808 ARAPAHOE RIDGE DR,Raleigh,North Carolina,44856,905.4,Wake,95340.0,35.82011,-78.56369,12,56,5,3904
27613,424900.0,3,3,1635,8408 TIE STONE WAY,Raleigh,North Carolina,43950,665.5,Wake,153507.0,35.92633,-78.71183,12,56,5,4376
27608,3750000.0,4,6,4574,713 CASWELL HEIGHTS LANE,Raleigh,North Carolina,12069,1350.6,Wake,213819.0,35.81004,-78.64815,12,56,5,4029
27603,525000.0,3,3,2728,1505 HABBOT DR,Raleigh,North Carolina,54079,406.2,Wake,111999.0,35.66408,-78.66186,12,56,5,3808
27610,347490.0,3,3,1770,5025 KOTA ST # 179,Raleigh,North Carolina,79445,679.4,Wake,77917.0,35.7435,-78.54644,12,56,5,4259
27614,392000.0,3,3,1577,1723 FARMINGTON GROVE DR,Raleigh,North Carolina,32371,450.6,Wake,175577.0,35.94739,-78.62059,12,56,5,4405
27616,264900.0,2,3,1113,8020 RIVER GOLD LN,Raleigh,North Carolina,56238,965.3,Wake,94916.0,35.86735,-78.53792,12,56,5,4578
27613,710000.0,4,3,2582,10213 BUSHVELD LN,Raleigh,North Carolina,43950,665.5,Wake,153507.0,35.92633,-78.71183,12,56,5,4348
27606,299900.0,3,3,1286,4285 THE OAKS DR # N,Raleigh,North Carolina,45499,718.1,Wake,97207.0,35.73991,-78.71833,12,56,5,3940
27603,485000.0,3,3,2416,1012 SYNTO ST,Raleigh,North Carolina,54079,406.2,Wake,111999.0,35.66408,-78.66186,12,56,5,3795
27609,775000.0,3,4,2496,321 ALLISTER DR,Raleigh,North Carolina,35377,1248.4,Wake,121860.0,35.8437,-78.63282,12,56,5,4038
27613,1300000.0,6,6,4307,8818 FIDELIS LN,Raleigh,North Carolina,43950,665.5,Wake,153507.0,35.92633,-78.71183,12,56,5,4381
27617,489408.0,3,3,1949,7970 BERRY CREST AVE,Raleigh,North Carolina,19661,917.7,Wake,136324.0,35.90723,-78.77221,12,56,5,4606
27610,455000.0,3,2,1347,1200 DOWNING ROAD ROAD,Raleigh,North Carolina,79445,679.4,Wake,77917.0,35.7435,-78.54644,12,56,5,4130
27609,230000.0,3,2,1168,651 PINE RIDGE PL # 651,Raleigh,North Carolina,35377,1248.4,Wake,121860.0,35.8437,-78.63282,12,56,5,4039
27603,1149000.0,4,4,2360,602 S BOYLAN AVE,Raleigh,North Carolina,54079,406.2,Wake,111999.0,35.66408,-78.66186,12,56,5,3851
27609,739000.0,4,2,2158,4209 ROWAN ST,Raleigh,North Carolina,35377,1248.4,Wake,121860.0,35.8437,-78.63282,12,56,5,4075
27608,1375000.0,4,4,3395,2108 SAINT MARYS ST,Raleigh,North Carolina,12069,1350.6,Wake,213819.0,35.81004,-78.64815,12,56,5,4032
27609,2999900.0,5,6,5948,822 PEBBLEBROOK DR,Raleigh,North Carolina,35377,1248.4,Wake,121860.0,35.8437,-78.63282,12,56,5,4094
27610,345515.0,3,4,1858,2615 CHERT LN # 362,Raleigh,North Carolina,79445,679.4,Wake,77917.0,35.7435,-78.54644,12,56,5,4145
27616,352900.0,3,3,1629,6917 THALWEG DR,Raleigh,North Carolina,56238,965.3,Wake,94916.0,35.86735,-78.53792,12,56,5,4532
27609,309900.0,2,3,1202,5904 APPLEWOOD LN,Raleigh,North Carolina,35377,1248.4,Wake,121860.0,35.8437,-78.63282,12,56,5,4095
27603,625600.0,5,3,3020,287 GLEN CLOVA DRIVE,Raleigh,North Carolina,54079,406.2,Wake,111999.0,35.66408,-78.66186,12,56,5,3802
27606,599000.0,3,4,2704,809 GANNETT ST,Raleigh,North Carolina,45499,718.1,Wake,97207.0,35.73991,-78.71833,12,56,5,3970
27616,600000.0,3,3,2482,4709 JACKSON OAKS CT,Raleigh,North Carolina,56238,965.3,Wake,94916.0,35.86735,-78.53792,12,56,5,4536
27616,400000.0,3,3,2424,4420 LYMAN AVE,Raleigh,North Carolina,56238,965.3,Wake,94916.0,35.86735,-78.53792,12,56,5,4520
27603,399900.0,1,2,879,710 INDEPENDENCE PL UNIT 602,Raleigh,North Carolina,54079,406.2,Wake,111999.0,35.66408,-78.66186,12,56,5,3786
27614,665000.0,4,4,2944,1910 STONEYTRACE CT,Raleigh,North Carolina,32371,450.6,Wake,175577.0,35.94739,-78.62059,12,56,5,4411
27616,519375.0,4,3,2479,3921 TRITONVILLE WAY,Raleigh,North Carolina,56238,965.3,Wake,94916.0,35.86735,-78.53792,12,56,5,4544
27617,800000.0,4,4,3167,9008 WINGED THISTLE CT,Raleigh,North Carolina,19661,917.7,Wake,136324.0,35.90723,-78.77221,12,56,5,4591
27614,3000000.0,4,5,5410,1625 MORNING MOUNTAIN RD,Raleigh,North Carolina,32371,450.6,Wake,175577.0,35.94739,-78.62059,12,56,5,4415
27601,415000.0,1,1,846,301 FAYETTEVILLE ST UNIT 2305,Raleigh,North Carolina,11127,2362.5,Wake,106779.0,35.7737,-78.63453,12,56,5,3751
27609,309900.0,2,3,1224,5906 APPLEWOOD LN,Raleigh,North Carolina,35377,1248.4,Wake,121860.0,35.8437,-78.63282,12,56,5,4090
27603,432230.0,3,3,1938,320 ABBOTS MILL DRIVE,Raleigh,North Carolina,54079,406.2,Wake,111999.0,35.66408,-78.66186,12,56,5,3847
27616,374900.0,3,3,1884,6531 TREMOLO TRL,Raleigh,North Carolina,56238,965.3,Wake,94916.0,35.86735,-78.53792,12,56,5,4560
27604,300000.0,3,2,1295,5408 ROYAL TROON DR,Raleigh,North Carolina,44856,905.4,Wake,95340.0,35.82011,-78.56369,12,56,5,3910
27610,279990.0,2,3,1370,5351 ARKOSE DR # 393,Raleigh,North Carolina,79445,679.4,Wake,77917.0,35.7435,-78.54644,12,56,5,4258
27613,469000.0,3,3,2335,13119 ASHFORD PARK DR,Raleigh,North Carolina,43950,665.5,Wake,153507.0,35.92633,-78.71183,12,56,5,4367
27616,299900.0,3,3,1562,8874 THORNTON TOWN PL,Raleigh,North Carolina,56238,965.3,Wake,94916.0,35.86735,-78.53792,12,56,5,4524
27610,298900.0,2,1,788,708 N KING CHARLES RD,Raleigh,North Carolina,79445,679.4,Wake,77917.0,35.7435,-78.54644,12,56,5,4143
27613,1275000.0,6,5,4066,4222 BATISTE RD,Raleigh,North Carolina,43950,665.5,Wake,153507.0,35.92633,-78.71183,12,56,5,4372
27606,599900.0,4,3,2463,2820 BOGLE BRANCH CT,Raleigh,North Carolina,45499,718.1,Wake,97207.0,35.73991,-78.71833,12,56,5,3943
27613,1404979.0,4,4,4077,1501 TO BE ADDED COURT,Raleigh,North Carolina,43950,665.5,Wake,153507.0,35.92633,-78.71183,12,56,5,4351
27610,459900.0,4,3,2548,5621 ROCK HOPPER ROAD # 3,Raleigh,North Carolina,79445,679.4,Wake,77917.0,35.7435,-78.54644,12,56,5,4184
27615,415900.0,4,3,1917,9209 SAYORNIS CT,Raleigh,North Carolina,45047,920.4,Wake,138298.0,35.89772,-78.636,12,56,5,4463
27616,352000.0,4,4,1705,8620 BRUSHFOOT WAY UNIT 105,Raleigh,North Carolina,56238,965.3,Wake,94916.0,35.86735,-78.53792,12,56,5,4543
27603,515240.0,3,3,2351,5005 MEGARA RUN,Raleigh,North Carolina,54079,406.2,Wake,111999.0,35.66408,-78.66186,12,56,5,3762
27608,850000.0,3,3,2549,2514 MEDWAY DR,Raleigh,North Carolina,12069,1350.6,Wake,213819.0,35.81004,-78.64815,12,56,5,4019
27615,289900.0,2,3,1360,8707 LEEDS FOREST LN,Raleigh,North Carolina,45047,920.4,Wake,138298.0,35.89772,-78.636,12,56,5,4459
27604,215000.0,3,3,1747,6104 RIVER MEADOW CT,Raleigh,North Carolina,44856,905.4,Wake,95340.0,35.82011,-78.56369,12,56,5,3887
27609,334900.0,2,2,1060,3733 JAMESTOWN CIR # 3733,Raleigh,North Carolina,35377,1248.4,Wake,121860.0,35.8437,-78.63282,12,56,5,4081
27603,474340.0,4,3,2723,461 THORNY BRANCH DR,Raleigh,North Carolina,54079,406.2,Wake,111999.0,35.66408,-78.66186,12,56,5,3812
27614,825000.0,4,4,3560,2109 HAVERFORD CT,Raleigh,North Carolina,32371,450.6,Wake,175577.0,35.94739,-78.62059,12,56,5,4408
27614,678000.0,4,4,2991,2318 CARRIAGE OAKS DR,Raleigh,North Carolina,32371,450.6,Wake,175577.0,35.94739,-78.62059,12,56,5,4428
27612,624900.0,3,3,2484,2321 HINTON ST,Raleigh,North Carolina,39249,912.6,Wake,130881.0,35.85034,-78.70387,12,56,5,4307
27609,301000.0,3,3,1489,1332 GARDEN CREST CIR,Raleigh,North Carolina,35377,1248.4,Wake,121860.0,35.8437,-78.63282,12,56,5,4066
27604,478640.0,5,3,2674,3405 PINNACLE PEAK DR,Raleigh,North Carolina,44856,905.4,Wake,95340.0,35.82011,-78.56369,12,56,5,3871
27612,518000.0,3,2,2398,5013 HOLLYRIDGE DR,Raleigh,North Carolina,39249,912.6,Wake,130881.0,35.85034,-78.70387,12,56,5,4274
27616,355900.0,3,3,1629,6911 THALWEG DR,Raleigh,North Carolina,56238,965.3,Wake,94916.0,35.86735,-78.53792,12,56,5,4541
27614,395000.0,2,2,1638,2512 BENT GREEN ST,Raleigh,North Carolina,32371,450.6,Wake,175577.0,35.94739,-78.62059,12,56,5,4396
27612,700000.0,4,3,2442,4821 KILKENNY PL,Raleigh,North Carolina,39249,912.6,Wake,130881.0,35.85034,-78.70387,12,56,5,4302
27612,1000000.0,5,4,3410,3615 BLUEBERRY DR,Raleigh,North Carolina,39249,912.6,Wake,130881.0,35.85034,-78.70387,12,56,5,4308
27608,425000.0,2,1,1001,1803 RIDLEY ST,Raleigh,North Carolina,12069,1350.6,Wake,213819.0,35.81004,-78.64815,12,56,5,4033
27613,1030000.0,4,5,3740,12916 GREY WILLOW DR,Raleigh,North Carolina,43950,665.5,Wake,153507.0,35.92633,-78.71183,12,56,5,4356
27612,1299900.0,5,5,3497,1417 WESTMORELAND DR,Raleigh,North Carolina,39249,912.6,Wake,130881.0,35.85034,-78.70387,12,56,5,4268
27606,350000.0,3,2,1110,3321 OCTAVIA ST,Raleigh,North Carolina,45499,718.1,Wake,97207.0,35.73991,-78.71833,12,56,5,3961
27610,369000.0,3,3,1931,2224 KASOTA LN # 728,Raleigh,North Carolina,79445,679.4,Wake,77917.0,35.7435,-78.54644,12,56,5,4244
27609,299900.0,2,2,1053,1710 TIFFANY BAY CT UNIT 301,Raleigh,North Carolina,35377,1248.4,Wake,121860.0,35.8437,-78.63282,12,56,5,4073
27610,350000.0,4,3,1726,4827 STONE BRANCH DR,Raleigh,North Carolina,79445,679.4,Wake,77917.0,35.7435,-78.54644,12,56,5,4166
27601,550000.0,3,2,1035,552 MOSELY LN,Raleigh,North Carolina,11127,2362.5,Wake,106779.0,35.7737,-78.63453,12,56,5,3753
27614,1295000.0,5,5,5080,2605 PROSSER CT,Raleigh,North Carolina,32371,450.6,Wake,175577.0,35.94739,-78.62059,12,56,5,4419
27610,545000.0,3,3,2499,113 IVORY LN,Raleigh,North Carolina,79445,679.4,Wake,77917.0,35.7435,-78.54644,12,56,5,4204
27613,1399000.0,5,5,4000,12900 GREY WILLOW DR,Raleigh,North Carolina,43950,665.5,Wake,153507.0,35.92633,-78.71183,12,56,5,4371
27614,1549000.0,4,6,6594,6205 CARLYLE DR,Raleigh,North Carolina,32371,450.6,Wake,175577.0,35.94739,-78.62059,12,56,5,4388
27603,465000.0,3,3,1785,1032 ILEAGNES RD,Raleigh,North Carolina,54079,406.2,Wake,111999.0,35.66408,-78.66186,12,56,5,3849
27606,440000.0,3,3,2275,5039 KAPLAN DR,Raleigh,North Carolina,45499,718.1,Wake,97207.0,35.73991,-78.71833,12,56,5,3972
27604,426990.0,4,3,2332,1817 ARAPAHOE RIDGE DR,Raleigh,North Carolina,44856,905.4,Wake,95340.0,35.82011,-78.56369,12,56,5,3907
27610,378020.0,2,3,1627,1920 OAK CITY LANE # 11,Raleigh,North Carolina,79445,679.4,Wake,77917.0,35.7435,-78.54644,12,56,5,4209
27608,699000.0,3,2,1369,1715 CENTER RD,Raleigh,North Carolina,12069,1350.6,Wake,213819.0,35.81004,-78.64815,12,56,5,4020
27609,1300000.0,4,2,2886,3504 TURNBRIDGE DR,Raleigh,North Carolina,35377,1248.4,Wake,121860.0,35.8437,-78.63282,12,56,5,4036
27609,500000.0,4,4,2288,6011 TENTER BANKS SQ,Raleigh,North Carolina,35377,1248.4,Wake,121860.0,35.8437,-78.63282,12,56,5,4050
27603,575000.0,4,3,2819,348 SEASTONE ST,Raleigh,North Carolina,54079,406.2,Wake,111999.0,35.66408,-78.66186,12,56,5,3817
27610,331150.0,3,3,1785,263 IVY VINE WAY # 443 CARSON,Raleigh,North Carolina,79445,679.4,Wake,77917.0,35.7435,-78.54644,12,56,5,4256
27603,449900.0,3,2,1916,2904 PINEY CT,Raleigh,North Carolina,54079,406.2,Wake,111999.0,35.66408,-78.66186,12,56,5,3840
27616,415000.0,4,3,2098,3016 FOUNDRY PL,Raleigh,North Carolina,56238,965.3,Wake,94916.0,35.86735,-78.53792,12,56,5,4550
27610,348500.0,3,3,1829,2455 QUARRY RIDGE LN,Raleigh,North Carolina,79445,679.4,Wake,77917.0,35.7435,-78.54644,12,56,5,4192
27610,449900.0,3,3,2462,5625 ROCK HOPPER ROAD # 4,Raleigh,North Carolina,79445,679.4,Wake,77917.0,35.7435,-78.54644,12,56,5,4159
27604,425000.0,3,2,1249,1104 GRACE ST,Raleigh,North Carolina,44856,905.4,Wake,95340.0,35.82011,-78.56369,12,56,5,3874
27615,624000.0,4,3,2725,8805 COLESBURY DR,Raleigh,North Carolina,45047,920.4,Wake,138298.0,35.89772,-78.636,12,56,5,4496
27612,450000.0,4,4,2300,4617 SPRINGERLY LN,Raleigh,North Carolina,39249,912.6,Wake,130881.0,35.85034,-78.70387,12,56,5,4322
27610,373395.0,3,3,1924,5041 ARKOSE DRIVE # 904 - COLEMAN B,Raleigh,North Carolina,79445,679.4,Wake,77917.0,35.7435,-78.54644,12,56,5,4121
27612,1650000.0,5,6,6573,1805 FRENCH DR,Raleigh,North Carolina,39249,912.6,Wake,130881.0,35.85034,-78.70387,12,56,5,4320
27607,2300000.0,7,7,4453,3325 BOULDER CT,Raleigh,North Carolina,27128,602.8,Wake,136099.0,35.82145,-78.72697,12,56,5,3988
27610,339815.0,3,4,1744,2454 CHERT LANE # 491 - MANTEO II C,Raleigh,North Carolina,79445,679.4,Wake,77917.0,35.7435,-78.54644,12,56,5,4168
27609,500000.0,4,3,1997,5404 SWEETBRIAR DR,Raleigh,North Carolina,35377,1248.4,Wake,121860.0,35.8437,-78.63282,12,56,5,4078
27609,425000.0,3,2,1230,705 NORTHCLIFT DR,Raleigh,North Carolina,35377,1248.4,Wake,121860.0,35.8437,-78.63282,12,56,5,4063
27609,295000.0,2,3,1171,1750 SORRELL BROOK WAY,Raleigh,North Carolina,35377,1248.4,Wake,121860.0,35.8437,-78.63282,12,56,5,4111
27601,753000.0,3,3,2007,1213 S PERSON ST,Raleigh,North Carolina,11127,2362.5,Wake,106779.0,35.7737,-78.63453,12,56,5,3748
27609,899000.0,5,3,2622,2631 LAKEVIEW DR,Raleigh,North Carolina,35377,1248.4,Wake,121860.0,35.8437,-78.63282,12,56,5,4092
27614,475000.0,3,4,2514,3001 IMPERIAL OAKS DR,Raleigh,North Carolina,32371,450.6,Wake,175577.0,35.94739,-78.62059,12,56,5,4384
27604,328500.0,3,2,1294,2404 FIELDS OF BROADLANDS DR,Raleigh,North Carolina,44856,905.4,Wake,95340.0,35.82011,-78.56369,12,56,5,3877
27615,499000.0,4,3,2414,8704 DEERLAND GROVE DR,Raleigh,North Carolina,45047,920.4,Wake,138298.0,35.89772,-78.636,12,56,5,4491
27608,1965000.0,4,6,4416,108 EDENBURGH RD,Raleigh,North Carolina,12069,1350.6,Wake,213819.0,35.81004,-78.64815,12,56,5,4012
27614,369000.0,4,3,1910,2501 MORGAUSE DR,Raleigh,North Carolina,32371,450.6,Wake,175577.0,35.94739,-78.62059,12,56,5,4387
27610,330690.0,3,4,1733,121 SUMMER VIOLET LN # 472,Raleigh,North Carolina,79445,679.4,Wake,77917.0,35.7435,-78.54644,12,56,5,4266
27616,434990.0,4,3,2134,2517 SALT RIVER LN # DAVIDSON,Raleigh,North Carolina,56238,965.3,Wake,94916.0,35.86735,-78.53792,12,56,5,4551
27616,430000.0,4,3,2085,6421 VIRGILIA CT,Raleigh,North Carolina,56238,965.3,Wake,94916.0,35.86735,-78.53792,12,56,5,4566
27617,345000.0,3,4,1880,7816 SPUNGOLD ST,Raleigh,North Carolina,19661,917.7,Wake,136324.0,35.90723,-78.77221,12,56,5,4584
27615,322000.0,2,2,1314,7520 LEAD MINE RD APT 200,Raleigh,North Carolina,45047,920.4,Wake,138298.0,35.89772,-78.636,12,56,5,4442
27604,389900.0,4,2,1440,3908 OLD CREEK CT,Raleigh,North Carolina,44856,905.4,Wake,95340.0,35.82011,-78.56369,12,56,5,3899
27603,436730.0,4,3,1840,101 SAVANNAH MOSS WAY # 36,Raleigh,North Carolina,54079,406.2,Wake,111999.0,35.66408,-78.66186,12,56,5,3809
27610,299150.0,2,3,1370,5355 ARKOSE DR # 391,Raleigh,North Carolina,79445,679.4,Wake,77917.0,35.7435,-78.54644,12,56,5,4248
27610,255000.0,3,3,1688,1310 CANYON ROCK CT UNIT 109,Raleigh,North Carolina,79445,679.4,Wake,77917.0,35.7435,-78.54644,12,56,5,4213
27615,299900.0,2,3,1170,739 BENCHMARK DR,Raleigh,North Carolina,45047,920.4,Wake,138298.0,35.89772,-78.636,12,56,5,4495
27613,360000.0,3,4,1915,5405 BAYSIDE CT,Raleigh,North Carolina,43950,665.5,Wake,153507.0,35.92633,-78.71183,12,56,5,4365
27615,1250000.0,3,5,5172,1861 TORRINGTON ST,Raleigh,North Carolina,45047,920.4,Wake,138298.0,35.89772,-78.636,12,56,5,4474
27603,374999.0,3,2,1255,8904 RANSDELL RD,Raleigh,North Carolina,54079,406.2,Wake,111999.0,35.66408,-78.66186,12,56,5,3794
27615,379000.0,3,3,1601,2317 DECLARATION DR,Raleigh,North Carolina,45047,920.4,Wake,138298.0,35.89772,-78.636,12,56,5,4445
27615,629000.0,4,3,2968,8105 CLEAR BROOK DR,Raleigh,North Carolina,45047,920.4,Wake,138298.0,35.89772,-78.636,12,56,5,4453
27607,1800000.0,3,4,2777,3231 SUSSEX RD,Raleigh,North Carolina,27128,602.8,Wake,136099.0,35.82145,-78.72697,12,56,5,3983
27613,420000.0,3,3,1914,8433 LUNAR STONE PL,Raleigh,North Carolina,43950,665.5,Wake,153507.0,35.92633,-78.71183,12,56,5,4344
27615,579900.0,4,3,2482,2409 FINLEY RIDGE LN,Raleigh,North Carolina,45047,920.4,Wake,138298.0,35.89772,-78.636,12,56,5,4477
27613,860000.0,4,3,3579,4840 WINTERWOOD DR,Raleigh,North Carolina,43950,665.5,Wake,153507.0,35.92633,-78.71183,12,56,5,4383
27610,335015.0,3,4,1858,2633 CHERT LN # 354,Raleigh,North Carolina,79445,679.4,Wake,77917.0,35.7435,-78.54644,12,56,5,4169
27610,440685.0,4,3,2543,208 EDGE OF AUBURN BOULEVARD # 143 VIRGINIA E,Raleigh,North Carolina,79445,679.4,Wake,77917.0,35.7435,-78.54644,12,56,5,4194
27603,750000.0,3,3,2468,275 FREEWILL PL,Raleigh,North Carolina,54079,406.2,Wake,111999.0,35.66408,-78.66186,12,56,5,3850
27610,299900.0,3,3,1400,924 ROXY ST,Raleigh,North Carolina,79445,679.4,Wake,77917.0,35.7435,-78.54644,12,56,5,4225
27603,339000.0,2,3,1354,750 CUPOLA DR,Raleigh,North Carolina,54079,406.2,Wake,111999.0,35.66408,-78.66186,12,56,5,3791
27616,279900.0,3,3,1472,8323 PLANO CT,Raleigh,North Carolina,56238,965.3,Wake,94916.0,35.86735,-78.53792,12,56,5,4505
27615,895000.0,4,4,3768,9201 LEEDS CT,Raleigh,North Carolina,45047,920.4,Wake,138298.0,35.89772,-78.636,12,56,5,4447
27615,225000.0,3,2,1075,7040 LONGSTREET DR UNIT C,Raleigh,North Carolina,45047,920.4,Wake,138298.0,35.89772,-78.636,12,56,5,4448
27615,1295000.0,5,4,4881,509 WILD ROSE CT,Raleigh,North Carolina,45047,920.4,Wake,138298.0,35.89772,-78.636,12,56,5,4492
27609,2772767.0,5,6,4497,700 SAMPSON ST,Raleigh,North Carolina,35377,1248.4,Wake,121860.0,35.8437,-78.63282,12,56,5,4110
27610,526900.0,3,2,1790,2009 ABBEYHILL DRIVE,Raleigh,North Carolina,79445,679.4,Wake,77917.0,35.7435,-78.54644,12,56,5,4138
27610,375000.0,2,2,1692,1910 OAK CITY LANE # 7,Raleigh,North Carolina,79445,679.4,Wake,77917.0,35.7435,-78.54644,12,56,5,4205
27609,1925000.0,5,5,4362,5307 DIXON DR,Raleigh,North Carolina,35377,1248.4,Wake,121860.0,35.8437,-78.63282,12,56,5,4087
27616,400000.0,3,4,1852,6107 KAYTON ST,Raleigh,North Carolina,56238,965.3,Wake,94916.0,35.86735,-78.53792,12,56,5,4576
27610,294900.0,3,1,969,433 SOLAR DR,Raleigh,North Carolina,79445,679.4,Wake,77917.0,35.7435,-78.54644,12,56,5,4128
27604,495000.0,3,2,1092,230 GLASCOCK ST,Raleigh,North Carolina,44856,905.4,Wake,95340.0,35.82011,-78.56369,12,56,5,3867
27609,400000.0,3,2,1600,217 BRANDON CT,Raleigh,North Carolina,35377,1248.4,Wake,121860.0,35.8437,-78.63282,12,56,5,4048
27603,409751.0,3,2,1910,472 THORNY BRANCH DR,Raleigh,North Carolina,54079,406.2,Wake,111999.0,35.66408,-78.66186,12,56,5,3790
27615,699500.0,3,4,3450,8408 GARNET ROSE LN,Raleigh,North Carolina,45047,920.4,Wake,138298.0,35.89772,-78.636,12,56,5,4485
27604,200000.0,2,3,1065,4628 PUNJAB ST,Raleigh,North Carolina,44856,905.4,Wake,95340.0,35.82011,-78.56369,12,56,5,3855
27609,466000.0,3,2,1625,5509 OLD FORGE CIR,Raleigh,North Carolina,35377,1248.4,Wake,121860.0,35.8437,-78.63282,12,56,5,4072
27615,729000.0,5,3,2767,6301 LEWISAND CIR,Raleigh,North Carolina,45047,920.4,Wake,138298.0,35.89772,-78.636,12,56,5,4460
27610,264999.0,3,3,1768,401 COALINGA LN UNIT 111,Raleigh,North Carolina,79445,679.4,Wake,77917.0,35.7435,-78.54644,12,56,5,4257
27606,950000.0,4,5,4825,5637 PINE DR,Raleigh,North Carolina,45499,718.1,Wake,97207.0,35.73991,-78.71833,12,56,5,3979
27610,380000.0,4,3,1965,1316 KINSFOLK CIR,Raleigh,North Carolina,79445,679.4,Wake,77917.0,35.7435,-78.54644,12,56,5,4162
27604,324000.0,3,2,1261,3200 FLINTSHIRE RD,Raleigh,North Carolina,44856,905.4,Wake,95340.0,35.82011,-78.56369,12,56,5,3901
27603,240000.0,3,2,1391,2113 SIMPKINS RD,Raleigh,North Carolina,54079,406.2,Wake,111999.0,35.66408,-78.66186,12,56,5,3757
27605,1498000.0,5,4,3398,838 WOODBURN RD,Raleigh,North Carolina,5680,2142.2,Wake,107964.0,35.79046,-78.65452,12,56,5,3937
27606,1075000.0,5,4,3429,9012 PENNY RD,Raleigh,North Carolina,45499,718.1,Wake,97207.0,35.73991,-78.71833,12,56,5,3963
27603,525000.0,4,3,2765,5008 WINTERLOCHEN RD,Raleigh,North Carolina,54079,406.2,Wake,111999.0,35.66408,-78.66186,12,56,5,3841
27609,330000.0,3,3,1704,6402 ANDSLEY DR,Raleigh,North Carolina,35377,1248.4,Wake,121860.0,35.8437,-78.63282,12,56,5,4106
27612,242900.0,2,2,928,4621 TIMBERMILL CT APT 204,Raleigh,North Carolina,39249,912.6,Wake,130881.0,35.85034,-78.70387,12,56,5,4310
27613,1429900.0,4,5,4810,7421 HAYWOOD OAKS DR,Raleigh,North Carolina,43950,665.5,Wake,153507.0,35.92633,-78.71183,12,56,5,4382
27610,375000.0,3,1,1041,1225 DOWNING RD,Raleigh,North Carolina,79445,679.4,Wake,77917.0,35.7435,-78.54644,12,56,5,4236
27613,724900.0,4,4,3215,7357 NEWPORT AVE,Raleigh,North Carolina,43950,665.5,Wake,153507.0,35.92633,-78.71183,12,56,5,4359
27609,324900.0,4,4,2170,6226 DIXON DR,Raleigh,North Carolina,35377,1248.4,Wake,121860.0,35.8437,-78.63282,12,56,5,4051
27609,645000.0,3,2,1656,4705 LAKEMONT DR,Raleigh,North Carolina,35377,1248.4,Wake,121860.0,35.8437,-78.63282,12,56,5,4082
27604,399990.0,4,2,1775,3521 NEW TOWN RD,Raleigh,North Carolina,44856,905.4,Wake,95340.0,35.82011,-78.56369,12,56,5,3890
27610,310000.0,3,2,1246,812 GROVE CREEK LN,Raleigh,North Carolina,79445,679.4,Wake,77917.0,35.7435,-78.54644,12,56,5,4156
27612,485000.0,3,3,1791,5604 ASBURY COVE CIR,Raleigh,North Carolina,39249,912.6,Wake,130881.0,35.85034,-78.70387,12,56,5,4313
27617,397000.0,3,3,1970,10163 BESSBOROUGH DR,Raleigh,North Carolina,19661,917.7,Wake,136324.0,35.90723,-78.77221,12,56,5,4586
27613,529000.0,3,3,2798,4008 BARTON PARK PL,Raleigh,North Carolina,43950,665.5,Wake,153507.0,35.92633,-78.71183,12,56,5,4374
27609,249900.0,3,2,1233,537 PINE RIDGE PL # 537,Raleigh,North Carolina,35377,1248.4,Wake,121860.0,35.8437,-78.63282,12,56,5,4108
27616,269900.0,2,3,1304,4510 CENTREBROOK CIR,Raleigh,North Carolina,56238,965.3,Wake,94916.0,35.86735,-78.53792,12,56,5,4499
27609,592000.0,4,3,1642,1020 NORTHCLIFT DR,Raleigh,North Carolina,35377,1248.4,Wake,121860.0,35.8437,-78.63282,12,56,5,4055
27608,674990.0,4,2,1807,2100 BELLAIRE AVE,Raleigh,North Carolina,12069,1350.6,Wake,213819.0,35.81004,-78.64815,12,56,5,4016
27603,371400.0,3,3,1558,432 GLEN CLOVA DRIVE,Raleigh,North Carolina,54079,406.2,Wake,111999.0,35.66408,-78.66186,12,56,5,3771
27603,438047.0,3,2,1910,6124 THORNY BRANCH DRIVE,Raleigh,North Carolina,54079,406.2,Wake,111999.0,35.66408,-78.66186,12,56,5,3833
27610,200000.0,2,2,939,2001 AUBURN RD,Raleigh,North Carolina,79445,679.4,Wake,77917.0,35.7435,-78.54644,12,56,5,4217
27614,499900.0,4,3,2473,1538 MICHELLE DR,Raleigh,North Carolina,32371,450.6,Wake,175577.0,35.94739,-78.62059,12,56,5,4412
27610,875000.0,3,2,2624,2610 ALBEMARLE AVE,Raleigh,North Carolina,79445,679.4,Wake,77917.0,35.7435,-78.54644,12,56,5,4157
27610,416165.0,4,3,2411,204 EDGE OF AUBURN BOULEVARD # 142 TINSLEY E,Raleigh,North Carolina,79445,679.4,Wake,77917.0,35.7435,-78.54644,12,56,5,4233
27609,315000.0,2,2,1128,5707 GRASMERE CT,Raleigh,North Carolina,35377,1248.4,Wake,121860.0,35.8437,-78.63282,12,56,5,4086
27613,439900.0,3,4,1924,8101 DIVERSY WAY,Raleigh,North Carolina,43950,665.5,Wake,153507.0,35.92633,-78.71183,12,56,5,4343
27606,245000.0,2,2,1217,6001 WINTERPOINTE LN APT 204,Raleigh,North Carolina,45499,718.1,Wake,97207.0,35.73991,-78.71833,12,56,5,3954
27603,413300.0,3,3,1720,5932 CONLY DRIVE # 61,Raleigh,North Carolina,54079,406.2,Wake,111999.0,35.66408,-78.66186,12,56,5,3829
27607,550000.0,3,2,1830,703 LATTA ST,Raleigh,North Carolina,27128,602.8,Wake,136099.0,35.82145,-78.72697,12,56,5,4010
27610,309000.0,3,3,1817,500 DANDELION CT,Raleigh,North Carolina,79445,679.4,Wake,77917.0,35.7435,-78.54644,12,56,5,4140
27603,425000.0,3,3,1727,2708 UPPER DRY FALLS CT,Raleigh,North Carolina,54079,406.2,Wake,111999.0,35.66408,-78.66186,12,56,5,3793
27616,329000.0,3,3,1531,4849 TOMMANS TRL,Raleigh,North Carolina,56238,965.3,Wake,94916.0,35.86735,-78.53792,12,56,5,4564
27604,274900.0,2,3,1407,5339 COG HILL CT,Raleigh,North Carolina,44856,905.4,Wake,95340.0,35.82011,-78.56369,12,56,5,3891
27609,445000.0,3,2,1075,516 E MILLBROOK RD,Raleigh,North Carolina,35377,1248.4,Wake,121860.0,35.8437,-78.63282,12,56,5,4105
27604,259000.0,2,2,1034,4408 LAKE RIDGE DR,Raleigh,North Carolina,44856,905.4,Wake,95340.0,35.82011,-78.56369,12,56,5,3896
27606,279900.0,3,2,1596,1212 ONSLOW RD,Raleigh,North Carolina,45499,718.1,Wake,97207.0,35.73991,-78.71833,12,56,5,3969
27609,660000.0,3,2,1660,423 E ROWAN ST,Raleigh,North Carolina,35377,1248.4,Wake,121860.0,35.8437,-78.63282,12,56,5,4077
27610,636900.0,3,3,2465,2233 ABBEYHILL DRIVE,Raleigh,North Carolina,79445,679.4,Wake,77917.0,35.7435,-78.54644,12,56,5,4118
27606,595000.0,4,4,2334,861 ATHENS DR # 102,Raleigh,North Carolina,45499,718.1,Wake,97207.0,35.73991,-78.71833,12,56,5,3965
27614,2395000.0,4,5,4809,7101 BARN OWL LN,Raleigh,North Carolina,32371,450.6,Wake,175577.0,35.94739,-78.62059,12,56,5,4424
27605,1700000.0,5,4,3736,506 COLE ST,Raleigh,North Carolina,5680,2142.2,Wake,107964.0,35.79046,-78.65452,12,56,5,3934
27614,5287000.0,4,6,7552,1400 MOUNT VERNON CHURCH RD,Raleigh,North Carolina,32371,450.6,Wake,175577.0,35.94739,-78.62059,12,56,5,4407
27603,383990.0,3,3,1735,5705 PREVEZA PLACE,Raleigh,North Carolina,54079,406.2,Wake,111999.0,35.66408,-78.66186,12,56,5,3835
27610,406800.0,2,4,1653,914 N OAK CITY LANE # 8,Raleigh,North Carolina,79445,679.4,Wake,77917.0,35.7435,-78.54644,12,56,5,4232
27614,290000.0,2,2,1450,2110 BREEZEWAY DR UNIT 104,Raleigh,North Carolina,32371,450.6,Wake,175577.0,35.94739,-78.62059,12,56,5,4438
27617,518903.0,4,3,2139,7815 SOFIANA AVE,Raleigh,North Carolina,19661,917.7,Wake,136324.0,35.90723,-78.77221,12,56,5,4601
27608,835000.0,3,3,1510,719 NEW RD,Raleigh,North Carolina,12069,1350.6,Wake,213819.0,35.81004,-78.64815,12,56,5,4015
27614,1450000.0,5,4,6317,2404 WAKEFIELD PLANTATION DR,Raleigh,North Carolina,32371,450.6,Wake,175577.0,35.94739,-78.62059,12,56,5,4414
27615,335000.0,3,2,1371,729 TANTARA SQ,Raleigh,North Carolina,45047,920.4,Wake,138298.0,35.89772,-78.636,12,56,5,4497
27610,545000.0,3,2,2110,608 DELANY DR,Raleigh,North Carolina,79445,679.4,Wake,77917.0,35.7435,-78.54644,12,56,5,4252
27617,349900.0,3,3,1646,7238 LADBROOKE ST,Raleigh,North Carolina,19661,917.7,Wake,136324.0,35.90723,-78.77221,12,56,5,4611
27617,611695.0,4,4,2444,6109 ADECOR WAY,Raleigh,North Carolina,19661,917.7,Wake,136324.0,35.90723,-78.77221,12,56,5,4587
27604,251000.0,2,3,1215,2056 PERSIMMON RIDGE DR,Raleigh,North Carolina,44856,905.4,Wake,95340.0,35.82011,-78.56369,12,56,5,3884
27603,775000.0,4,4,4558,1305 HOKE LANDING LN,Raleigh,North Carolina,54079,406.2,Wake,111999.0,35.66408,-78.66186,12,56,5,3821
27609,160000.0,2,2,1050,5032 FLINT RIDGE PL # 5032,Raleigh,North Carolina,35377,1248.4,Wake,121860.0,35.8437,-78.63282,12,56,5,4100
27617,459000.0,3,3,2163,9510 LOST KEY CT,Raleigh,North Carolina,19661,917.7,Wake,136324.0,35.90723,-78.77221,12,56,5,4607
27607,1195000.0,4,4,3375,3015 LEWIS FARM RD,Raleigh,North Carolina,27128,602.8,Wake,136099.0,35.82145,-78.72697,12,56,5,3984
27612,355000.0,2,4,1611,8775 CYPRESS GROVE RUN,Raleigh,North Carolina,39249,912.6,Wake,130881.0,35.85034,-78.70387,12,56,5,4282
27610,340000.0,3,2,1346,1200 ARMSTRONG CIR,Raleigh,North Carolina,79445,679.4,Wake,77917.0,35.7435,-78.54644,12,56,5,4164
27603,245000.0,3,2,1145,2801 TRAILWOOD PINES LN UNIT 102,Raleigh,North Carolina,54079,406.2,Wake,111999.0,35.66408,-78.66186,12,56,5,3845
27610,285000.0,3,2,1270,1917 RANCH MILL CIR,Raleigh,North Carolina,79445,679.4,Wake,77917.0,35.7435,-78.54644,12,56,5,4170
27609,349900.0,3,3,1764,6438 MEADOW VIEW DR,Raleigh,North Carolina,35377,1248.4,Wake,121860.0,35.8437,-78.63282,12,56,5,4088
27603,290000.0,3,2,1228,105 CAMINETTO CT,Raleigh,North Carolina,54079,406.2,Wake,111999.0,35.66408,-78.66186,12,56,5,3832
27612,2500000.0,5,7,4581,2105 MANUEL ST,Raleigh,North Carolina,39249,912.6,Wake,130881.0,35.85034,-78.70387,12,56,5,4285
27603,304900.0,3,2,1201,6625 BRACK PENNY RD,Raleigh,North Carolina,54079,406.2,Wake,111999.0,35.66408,-78.66186,12,56,5,3813
27607,1229900.0,4,4,3329,3210 HAMPTON RD,Raleigh,North Carolina,27128,602.8,Wake,136099.0,35.82145,-78.72697,12,56,5,3987
27608,419900.0,2,2,1045,1440 BARTON PLACE DR # 0,Raleigh,North Carolina,12069,1350.6,Wake,213819.0,35.81004,-78.64815,12,56,5,4024
27616,357900.0,3,3,1629,5322 STREAM STONE WAY,Raleigh,North Carolina,56238,965.3,Wake,94916.0,35.86735,-78.53792,12,56,5,4571
27616,389900.0,4,3,1775,5219 CARDINAL GROVE BLVD,Raleigh,North Carolina,56238,965.3,Wake,94916.0,35.86735,-78.53792,12,56,5,4579
27606,350000.0,3,2,1205,328 BASHFORD RD,Raleigh,North Carolina,45499,718.1,Wake,97207.0,35.73991,-78.71833,12,56,5,3956
27603,374396.0,3,2,1446,457 THORNY BRANCH DR,Raleigh,North Carolina,54079,406.2,Wake,111999.0,35.66408,-78.66186,12,56,5,3783
27604,421560.0,4,2,1775,3516 NEW TOWN RD,Raleigh,North Carolina,44856,905.4,Wake,95340.0,35.82011,-78.56369,12,56,5,3883
27612,1949000.0,5,5,4553,4124 LAUREL HILLS RD,Raleigh,North Carolina,39249,912.6,Wake,130881.0,35.85034,-78.70387,12,56,5,4315
27616,339900.0,3,3,1669,8878 COMMONS TOWNES DR,Raleigh,North Carolina,56238,965.3,Wake,94916.0,35.86735,-78.53792,12,56,5,4555
27603,895000.0,2,3,1716,122 N HARRINGTON ST UNIT 1075,Raleigh,North Carolina,54079,406.2,Wake,111999.0,35.66408,-78.66186,12,56,5,3838
27613,585000.0,4,3,2500,5305 HARRINGTON GROVE DR,Raleigh,North Carolina,43950,665.5,Wake,153507.0,35.92633,-78.71183,12,56,5,4346
27609,345000.0,2,2,1050,3731 BROWNING PL # 3731,Raleigh,North Carolina,35377,1248.4,Wake,121860.0,35.8437,-78.63282,12,56,5,4099
27612,424900.0,4,4,2570,6829 MIDDLEBORO DR,Raleigh,North Carolina,39249,912.6,Wake,130881.0,35.85034,-78.70387,12,56,5,4276
27613,1999000.0,4,6,5158,0 MACTAVISH WAY,Raleigh,North Carolina,43950,665.5,Wake,153507.0,35.92633,-78.71183,12,56,5,4336
27612,300000.0,2,2,1209,4505 EDWARDS MILL RD APT E,Raleigh,North Carolina,39249,912.6,Wake,130881.0,35.85034,-78.70387,12,56,5,4294
27609,550000.0,4,3,2295,2232 HEATHROWE PL,Raleigh,North Carolina,35377,1248.4,Wake,121860.0,35.8437,-78.63282,12,56,5,4062
27603,400000.0,3,2,1362,520 POPLAR DR,Raleigh,North Carolina,54079,406.2,Wake,111999.0,35.66408,-78.66186,12,56,5,3770
27610,590000.0,3,3,3127,1017 RIVER CHASE DR,Raleigh,North Carolina,79445,679.4,Wake,77917.0,35.7435,-78.54644,12,56,5,4251
27604,200000.0,2,3,1065,4628 PUNJAB ST,Raleigh,North Carolina,44856,905.4,Wake,95340.0,35.82011,-78.56369,12,56,5,3855
27617,486886.0,3,3,1949,7812 SOFIANA AVE,Raleigh,North Carolina,19661,917.7,Wake,136324.0,35.90723,-78.77221,12,56,5,4608
27614,775000.0,4,4,3000,1924 HORNBECK CT,Raleigh,North Carolina,32371,450.6,Wake,175577.0,35.94739,-78.62059,12,56,5,4433
27616,280000.0,3,2,1130,4410 SNOWCREST LN,Raleigh,North Carolina,56238,965.3,Wake,94916.0,35.86735,-78.53792,12,56,5,4539
27612,484900.0,4,3,2100,6208 IRIS DR,Raleigh,North Carolina,39249,912.6,Wake,130881.0,35.85034,-78.70387,12,56,5,4277
27605,374900.0,2,2,959,921 WASHINGTON ST APT 301,Raleigh,North Carolina,5680,2142.2,Wake,107964.0,35.79046,-78.65452,12,56,5,3932
27610,235000.0,3,2,1100,6301 POOLE RD,Raleigh,North Carolina,79445,679.4,Wake,77917.0,35.7435,-78.54644,12,56,5,4136
27604,442250.0,3,3,2083,1728 ARAPAHOE RIDGE DR,Raleigh,North Carolina,44856,905.4,Wake,95340.0,35.82011,-78.56369,12,56,5,3859
27610,388020.0,2,3,1622,1906 OAK CITY LANE # 5,Raleigh,North Carolina,79445,679.4,Wake,77917.0,35.7435,-78.54644,12,56,5,4142
27601,725000.0,3,3,1900,1205 E LANE ST,Raleigh,North Carolina,11127,2362.5,Wake,106779.0,35.7737,-78.63453,12,56,5,3750
27617,589990.0,4,4,2444,7919 SOFIANA AVE,Raleigh,North Carolina,19661,917.7,Wake,136324.0,35.90723,-78.77221,12,56,5,4580
27616,415000.0,3,3,1740,6309 KAYTON ST,Raleigh,North Carolina,56238,965.3,Wake,94916.0,35.86735,-78.53792,12,56,5,4563
27604,470000.0,4,3,2559,4928 CUPINE CT,Raleigh,North Carolina,44856,905.4,Wake,95340.0,35.82011,-78.56369,12,56,5,3861
27605,499900.0,2,1,816,810 BROOKLYN ST,Raleigh,North Carolina,5680,2142.2,Wake,107964.0,35.79046,-78.65452,12,56,5,3930
27610,260000.0,2,3,1345,5216 TANGLEWOOD CREEK CT,Raleigh,North Carolina,79445,679.4,Wake,77917.0,35.7435,-78.54644,12,56,5,4265
27603,475000.0,3,3,2522,2043 ERNESTO LN,Raleigh,North Carolina,54079,406.2,Wake,111999.0,35.66408,-78.66186,12,56,5,3804
27606,209900.0,2,2,1147,1275 SCHAUB DR # 1275,Raleigh,North Carolina,45499,718.1,Wake,97207.0,35.73991,-78.71833,12,56,5,3975
27604,415250.0,3,3,2083,1744 ARAPAHOE RIDGE DR,Raleigh,North Carolina,44856,905.4,Wake,95340.0,35.82011,-78.56369,12,56,5,3856
27615,265000.0,3,2,1408,2426 CONDOR CT,Raleigh,North Carolina,45047,920.4,Wake,138298.0,35.89772,-78.636,12,56,5,4467
27617,400000.0,3,3,1931,9221 CALABRIA DR UNIT 114,Raleigh,North Carolina,19661,917.7,Wake,136324.0,35.90723,-78.77221,12,56,5,4609
27614,945000.0,4,4,4173,1509 BRIGHTWATER CT,Raleigh,North Carolina,32371,450.6,Wake,175577.0,35.94739,-78.62059,12,56,5,4422
27610,200000.0,2,2,950,1827 VINTAGE RD,Raleigh,North Carolina,79445,679.4,Wake,77917.0,35.7435,-78.54644,12,56,5,4237
27608,680000.0,3,2,1410,1308 WILLIAMSON DR,Raleigh,North Carolina,12069,1350.6,Wake,213819.0,35.81004,-78.64815,12,56,5,4017
27616,275000.0,3,3,1385,5038 BROOKE LAUREN LN,Raleigh,North Carolina,56238,965.3,Wake,94916.0,35.86735,-78.53792,12,56,5,4515
27615,485000.0,3,3,1902,6704 EBON CT,Raleigh,North Carolina,45047,920.4,Wake,138298.0,35.89772,-78.636,12,56,5,4458
27615,515000.0,3,3,2268,842 THE VILLAGE CIR,Raleigh,North Carolina,45047,920.4,Wake,138298.0,35.89772,-78.636,12,56,5,4456
27603,380000.0,3,2,1437,2016 LAWRENCE DR,Raleigh,North Carolina,54079,406.2,Wake,111999.0,35.66408,-78.66186,12,56,5,3758
27613,405000.0,3,4,1540,6800 MILLIGAN WAY UNIT 102,Raleigh,North Carolina,43950,665.5,Wake,153507.0,35.92633,-78.71183,12,56,5,4361
27616,370000.0,3,3,1478,3609 DEERING DR,Raleigh,North Carolina,56238,965.3,Wake,94916.0,35.86735,-78.53792,12,56,5,4557
27608,1999950.0,4,4,3778,1812 GLENWOOD AVE,Raleigh,North Carolina,12069,1350.6,Wake,213819.0,35.81004,-78.64815,12,56,5,4028
27615,499000.0,4,3,1772,2524 DEANWOOD DR,Raleigh,North Carolina,45047,920.4,Wake,138298.0,35.89772,-78.636,12,56,5,4449
27608,575000.0,2,2,1519,1801 RIDLEY ST,Raleigh,North Carolina,12069,1350.6,Wake,213819.0,35.81004,-78.64815,12,56,5,4027
27614,1850000.0,4,5,7723,11301 BRASS KETTLE RD,Raleigh,North Carolina,32371,450.6,Wake,175577.0,35.94739,-78.62059,12,56,5,4434
27609,340000.0,3,2,1303,3907 BROWNING PL # 3907,Raleigh,North Carolina,35377,1248.4,Wake,121860.0,35.8437,-78.63282,12,56,5,4093
27617,774900.0,3,4,3124,10530 SABLEWOOD DR UNIT 215,Raleigh,North Carolina,19661,917.7,Wake,136324.0,35.90723,-78.77221,12,56,5,4610
27603,789900.0,3,4,1422,700 W NORTH ST # 102,Raleigh,North Carolina,54079,406.2,Wake,111999.0,35.66408,-78.66186,12,56,5,3830
27603,409950.0,3,3,1720,5952 CONLY DRIVE # 56,Raleigh,North Carolina,54079,406.2,Wake,111999.0,35.66408,-78.66186,12,56,5,3777
27610,339650.0,3,3,1792,259 IVY VINE WAY # 444,Raleigh,North Carolina,79445,679.4,Wake,77917.0,35.7435,-78.54644,12,56,5,4134
27609,295000.0,2,2,1167,1100 COTSWOLD CT,Raleigh,North Carolina,35377,1248.4,Wake,121860.0,35.8437,-78.63282,12,56,5,4074
27604,450000.0,3,3,2350,5404 GREEN FEATHER LN,Raleigh,North Carolina,44856,905.4,Wake,95340.0,35.82011,-78.56369,12,56,5,3882
27617,400000.0,3,3,1934,9308 LENNOX LAUREL CIR,Raleigh,North Carolina,19661,917.7,Wake,136324.0,35.90723,-78.77221,12,56,5,4581
27610,360000.0,3,2,1368,2216 SHANNON ST,Raleigh,North Carolina,79445,679.4,Wake,77917.0,35.7435,-78.54644,12,56,5,4131
27604,380000.0,4,3,1785,3215 TABOR CT,Raleigh,North Carolina,44856,905.4,Wake,95340.0,35.82011,-78.56369,12,56,5,3853
27614,349900.0,3,3,1654,2400 MORGAUSE DR,Raleigh,North Carolina,32371,450.6,Wake,175577.0,35.94739,-78.62059,12,56,5,4394
27610,299000.0,3,3,1555,740 MAYPEARL LN,Raleigh,North Carolina,79445,679.4,Wake,77917.0,35.7435,-78.54644,12,56,5,4141
27604,379900.0,2,2,1623,3601 DURWOOD LN,Raleigh,North Carolina,44856,905.4,Wake,95340.0,35.82011,-78.56369,12,56,5,3894
27610,390375.0,3,3,1995,284 GARDEN VINE TRL # 628,Raleigh,North Carolina,79445,679.4,Wake,77917.0,35.7435,-78.54644,12,56,5,4218
27615,489900.0,3,3,2186,200 ROYAL KINGS LN,Raleigh,North Carolina,45047,920.4,Wake,138298.0,35.89772,-78.636,12,56,5,4490
27603,315000.0,2,1,799,517 GRANITE ST,Raleigh,North Carolina,54079,406.2,Wake,111999.0,35.66408,-78.66186,12,56,5,3798
27614,274900.0,3,3,1663,2221 RAVEN RD UNIT 103,Raleigh,North Carolina,32371,450.6,Wake,175577.0,35.94739,-78.62059,12,56,5,4417
27615,529000.0,4,3,2510,7705 FIESTA WAY,Raleigh,North Carolina,45047,920.4,Wake,138298.0,35.89772,-78.636,12,56,5,4446
27616,341315.0,3,4,1683,6650 PERRY CREEK RD # MOREHEAD,Raleigh,North Carolina,56238,965.3,Wake,94916.0,35.86735,-78.53792,12,56,5,4512
27613,405000.0,3,3,1527,6810 MILLIGAN WAY UNIT 101,Raleigh,North Carolina,43950,665.5,Wake,153507.0,35.92633,-78.71183,12,56,5,4330
27610,289000.0,3,1,985,701 FITZGERALD DR,Raleigh,North Carolina,79445,679.4,Wake,77917.0,35.7435,-78.54644,12,56,5,4116
27603,501860.0,4,3,2350,159 GLEN CLOVA DRIVE,Raleigh,North Carolina,54079,406.2,Wake,111999.0,35.66408,-78.66186,12,56,5,3836
27604,295000.0,3,3,1410,2706 ANDOVER GLEN RD,Raleigh,North Carolina,44856,905.4,Wake,95340.0,35.82011,-78.56369,12,56,5,3872
27607,3150000.0,5,5,5144,3137 SUSSEX RD,Raleigh,North Carolina,27128,602.8,Wake,136099.0,35.82145,-78.72697,12,56,5,3999
27610,390670.0,3,3,1995,288 GARDEN VINE TRL # 629,Raleigh,North Carolina,79445,679.4,Wake,77917.0,35.7435,-78.54644,12,56,5,4221
27610,170000.0,2,2,912,1321 PARK GLEN DR APT 201,Raleigh,North Carolina,79445,679.4,Wake,77917.0,35.7435,-78.54644,12,56,5,4264
27610,348240.0,3,3,1754,5009 KOTA ST # 173,Raleigh,North Carolina,79445,679.4,Wake,77917.0,35.7435,-78.54644,12,56,5,4210
27603,426630.0,4,3,1840,5960 CONLY DRIVE # 54,Raleigh,North Carolina,54079,406.2,Wake,111999.0,35.66408,-78.66186,12,56,5,3797
27607,1650000.0,4,5,4645,707 CHAMBERLAIN ST,Raleigh,North Carolina,27128,602.8,Wake,136099.0,35.82145,-78.72697,12,56,5,4011
27616,337900.0,3,3,1629,5307 STREAM STONE WAY,Raleigh,North Carolina,56238,965.3,Wake,94916.0,35.86735,-78.53792,12,56,5,4546
27616,1187000.0,3,5,3631,4212 CYPRESS RIDGE CT,Raleigh,North Carolina,56238,965.3,Wake,94916.0,35.86735,-78.53792,12,56,5,4508
27604,199999.0,3,2,1280,4702 WALDEN POND DR APT A,Raleigh,North Carolina,44856,905.4,Wake,95340.0,35.82011,-78.56369,12,56,5,3921
27606,445000.0,3,2,1802,4814 ALTHA ST,Raleigh,North Carolina,45499,718.1,Wake,97207.0,35.73991,-78.71833,12,56,5,3977
27610,482745.0,4,3,2696,188 CANYON GAP WAY # 193,Raleigh,North Carolina,79445,679.4,Wake,77917.0,35.7435,-78.54644,12,56,5,4193
27617,354000.0,3,4,1858,7761 WINNERS EDGE ST,Raleigh,North Carolina,19661,917.7,Wake,136324.0,35.90723,-78.77221,12,56,5,4592
27606,284700.0,2,3,1202,1414 KENT RD,Raleigh,North Carolina,45499,718.1,Wake,97207.0,35.73991,-78.71833,12,56,5,3974
27604,315000.0,3,3,1374,4145 TENSITY DR,Raleigh,North Carolina,44856,905.4,Wake,95340.0,35.82011,-78.56369,12,56,5,3902
27613,750000.0,4,4,3463,12428 WHARTONS WAY,Raleigh,North Carolina,43950,665.5,Wake,153507.0,35.92633,-78.71183,12,56,5,4350
27604,1335000.0,4,5,3217,421 HARDING ST,Raleigh,North Carolina,44856,905.4,Wake,95340.0,35.82011,-78.56369,12,56,5,3857
27610,385000.0,3,2,1100,816 COLLETON RD,Raleigh,North Carolina,79445,679.4,Wake,77917.0,35.7435,-78.54644,12,56,5,4208
27614,347475.0,3,3,1660,11213 LOFTY HEIGHTS PL,Raleigh,North Carolina,32371,450.6,Wake,175577.0,35.94739,-78.62059,12,56,5,4406
27604,749000.0,2,3,924,527 EUCLID ST,Raleigh,North Carolina,44856,905.4,Wake,95340.0,35.82011,-78.56369,12,56,5,3889
27610,360000.0,3,3,1728,5341 TRESTLEWOOD LN,Raleigh,North Carolina,79445,679.4,Wake,77917.0,35.7435,-78.54644,12,56,5,4158
27610,200000.0,2,2,950,1835 VINTAGE RD,Raleigh,North Carolina,79445,679.4,Wake,77917.0,35.7435,-78.54644,12,56,5,4227
27604,430250.0,3,3,2083,3448 PINNACLE PEAK DR,Raleigh,North Carolina,44856,905.4,Wake,95340.0,35.82011,-78.56369,12,56,5,3886
27606,284600.0,2,2,1162,1430 KENT RD,Raleigh,North Carolina,45499,718.1,Wake,97207.0,35.73991,-78.71833,12,56,5,3950
27607,1400000.0,5,5,4204,2415 TRENTON WOODS WAY,Raleigh,North Carolina,27128,602.8,Wake,136099.0,35.82145,-78.72697,12,56,5,4000
27610,291150.0,2,3,1370,5353 ARKOSE DR # 392,Raleigh,North Carolina,79445,679.4,Wake,77917.0,35.7435,-78.54644,12,56,5,4182
27609,550000.0,3,2,2240,5221 SEDGEFIELD DR,Raleigh,North Carolina,35377,1248.4,Wake,121860.0,35.8437,-78.63282,12,56,5,4056
27610,425000.0,3,3,2200,4805 JOHN WHITE DR,Raleigh,North Carolina,79445,679.4,Wake,77917.0,35.7435,-78.54644,12,56,5,4149
27610,849999.0,11,4,3727,2720 POOLE RD,Raleigh,North Carolina,79445,679.4,Wake,77917.0,35.7435,-78.54644,12,56,5,4200
27609,2750000.0,5,7,5193,3037 GRANVILLE DR,Raleigh,North Carolina,35377,1248.4,Wake,121860.0,35.8437,-78.63282,12,56,5,4054
27603,239900.0,3,3,1257,3730 PARDUE WOODS PL APT 103,Raleigh,North Carolina,54079,406.2,Wake,111999.0,35.66408,-78.66186,12,56,5,3827
27612,258000.0,2,2,746,3639 MILL RUN # 3639,Raleigh,North Carolina,39249,912.6,Wake,130881.0,35.85034,-78.70387,12,56,5,4289
27617,475000.0,3,4,2109,10321 SABLEWOOD DR UNIT 110,Raleigh,North Carolina,19661,917.7,Wake,136324.0,35.90723,-78.77221,12,56,5,4603
27610,604900.0,4,3,2288,2269 ABBEYHILL DRIVE,Raleigh,North Carolina,79445,679.4,Wake,77917.0,35.7435,-78.54644,12,56,5,4117
27613,485000.0,3,3,1934,5308 COUNTRY TRL,Raleigh,North Carolina,43950,665.5,Wake,153507.0,35.92633,-78.71183,12,56,5,4329
27604,400000.0,3,3,2066,4844 FOREST HIGHLAND DR,Raleigh,North Carolina,44856,905.4,Wake,95340.0,35.82011,-78.56369,12,56,5,3900
27609,610000.0,3,2,2056,1104 MANCHESTER DR,Raleigh,North Carolina,35377,1248.4,Wake,121860.0,35.8437,-78.63282,12,56,5,4049
27609,1125000.0,3,4,2848,3513 BROOK DR,Raleigh,North Carolina,35377,1248.4,Wake,121860.0,35.8437,-78.63282,12,56,5,4076
27601,529000.0,3,3,1229,313 WORTH ST,Raleigh,North Carolina,11127,2362.5,Wake,106779.0,35.7737,-78.63453,12,56,5,3741
27604,370000.0,3,2,1699,4723 SPLIT BRANCH CT,Raleigh,North Carolina,44856,905.4,Wake,95340.0,35.82011,-78.56369,12,56,5,3923
27605,1599000.0,3,5,3141,224 SAINT MARYS ST,Raleigh,North Carolina,5680,2142.2,Wake,107964.0,35.79046,-78.65452,12,56,5,3936
27616,375000.0,3,4,2081,8846 THORNTON TOWN PL,Raleigh,North Carolina,56238,965.3,Wake,94916.0,35.86735,-78.53792,12,56,5,4503
27606,245000.0,2,2,1217,6001 WINTERPOINTE LN APT 204,Raleigh,North Carolina,45499,718.1,Wake,97207.0,35.73991,-78.71833,12,56,5,3954
27603,448352.0,4,3,2338,469 THORNY BRANCH DR,Raleigh,North Carolina,54079,406.2,Wake,111999.0,35.66408,-78.66186,12,56,5,3784
27615,575510.0,4,3,2400,2306 BIG SKY LANE,Raleigh,North Carolina,45047,920.4,Wake,138298.0,35.89772,-78.636,12,56,5,4455
27610,300000.0,3,2,1124,1101 GATLING ST,Raleigh,North Carolina,79445,679.4,Wake,77917.0,35.7435,-78.54644,12,56,5,4216
27604,295000.0,2,3,1271,4116 WYRICK CT,Raleigh,North Carolina,44856,905.4,Wake,95340.0,35.82011,-78.56369,12,56,5,3922
27604,159999.0,2,1,910,4607 GRINDING STONE DR APT C,Raleigh,North Carolina,44856,905.4,Wake,95340.0,35.82011,-78.56369,12,56,5,3881
27617,547279.0,3,3,2322,7956 BERRY CREST AVE,Raleigh,North Carolina,19661,917.7,Wake,136324.0,35.90723,-78.77221,12,56,5,4599
27616,586785.0,5,3,2937,3932 TRITONVILLE WAY,Raleigh,North Carolina,56238,965.3,Wake,94916.0,35.86735,-78.53792,12,56,5,4565
27603,403550.0,3,3,1938,316 ABBOTS MILL DRIVE,Raleigh,North Carolina,54079,406.2,Wake,111999.0,35.66408,-78.66186,12,56,5,3814
27603,425000.0,3,3,2327,630 DURWOOD DR,Raleigh,North Carolina,54079,406.2,Wake,111999.0,35.66408,-78.66186,12,56,5,3818
27610,397170.0,3,3,1924,324 GARDEN VINE TRL # 638,Raleigh,North Carolina,79445,679.4,Wake,77917.0,35.7435,-78.54644,12,56,5,4260
27614,1180000.0,4,5,4443,1713 SHARNBROOK CT,Raleigh,North Carolina,32371,450.6,Wake,175577.0,35.94739,-78.62059,12,56,5,4436
27607,435000.0,2,3,1514,1519 CRAFTON WAY,Raleigh,North Carolina,27128,602.8,Wake,136099.0,35.82145,-78.72697,12,56,5,3990
27614,695000.0,4,3,3141,12409 PENROSE TRL,Raleigh,North Carolina,32371,450.6,Wake,175577.0,35.94739,-78.62059,12,56,5,4430
27610,375170.0,3,3,1924,156 GARDEN VINE TRL # 528,Raleigh,North Carolina,79445,679.4,Wake,77917.0,35.7435,-78.54644,12,56,5,4139
27610,300000.0,4,2,1680,2702 ERINRIDGE RD,Raleigh,North Carolina,79445,679.4,Wake,77917.0,35.7435,-78.54644,12,56,5,4222
27614,925000.0,5,6,4010,3013 FALLS RIVER AVE,Raleigh,North Carolina,32371,450.6,Wake,175577.0,35.94739,-78.62059,12,56,5,4421
27615,595000.0,3,3,1977,7620 THE POINTE,Raleigh,North Carolina,45047,920.4,Wake,138298.0,35.89772,-78.636,12,56,5,4473
27610,289900.0,3,3,1532,5445 BIG BASS DR,Raleigh,North Carolina,79445,679.4,Wake,77917.0,35.7435,-78.54644,12,56,5,4146
27603,309900.0,3,3,1452,2800 CRESTSCENE TRL,Raleigh,North Carolina,54079,406.2,Wake,111999.0,35.66408,-78.66186,12,56,5,3801
27614,1625000.0,5,5,6325,10609 FIRWOOD LN,Raleigh,North Carolina,32371,450.6,Wake,175577.0,35.94739,-78.62059,12,56,5,4385
27612,359000.0,2,3,1400,7922 ALLSCOTT WAY,Raleigh,North Carolina,39249,912.6,Wake,130881.0,35.85034,-78.70387,12,56,5,4291
27609,599000.0,4,4,2953,807 BANKSTON WOODS WAY,Raleigh,North Carolina,35377,1248.4,Wake,121860.0,35.8437,-78.63282,12,56,5,4046
27612,835000.0,4,5,3258,5531 PARKWOOD DR,Raleigh,North Carolina,39249,912.6,Wake,130881.0,35.85034,-78.70387,12,56,5,4306
27610,400000.0,3,1,1161,2332 MILLBANK ST,Raleigh,North Carolina,79445,679.4,Wake,77917.0,35.7435,-78.54644,12,56,5,4255
27610,318529.0,3,3,1330,315 HACKSAW TRL,Raleigh,North Carolina,79445,679.4,Wake,77917.0,35.7435,-78.54644,12,56,5,4262
27612,560000.0,3,2,1683,5503 SHADOWBROOK DR,Raleigh,North Carolina,39249,912.6,Wake,130881.0,35.85034,-78.70387,12,56,5,4286
27610,275000.0,3,3,1773,340 GILMAN LN,Raleigh,North Carolina,79445,679.4,Wake,77917.0,35.7435,-78.54644,12,56,5,4165
27603,449990.0,3,3,2351,5705 AGRINIO WAY,Raleigh,North Carolina,54079,406.2,Wake,111999.0,35.66408,-78.66186,12,56,5,3755
27614,600000.0,3,2,2072,11821 COACHMANS WAY,Raleigh,North Carolina,32371,450.6,Wake,175577.0,35.94739,-78.62059,12,56,5,4390
27613,550000.0,4,3,2459,9004 ADMASTON DR,Raleigh,North Carolina,43950,665.5,Wake,153507.0,35.92633,-78.71183,12,56,5,4357
27612,329900.0,2,3,1358,5103 SINGING WIND DR,Raleigh,North Carolina,39249,912.6,Wake,130881.0,35.85034,-78.70387,12,56,5,4316
27609,742000.0,4,3,2204,1108 E MILLBROOK RD,Raleigh,North Carolina,35377,1248.4,Wake,121860.0,35.8437,-78.63282,12,56,5,4041
27612,575000.0,3,2,1582,2012 VARNELL AVE,Raleigh,North Carolina,39249,912.6,Wake,130881.0,35.85034,-78.70387,12,56,5,4300
27603,550000.0,3,3,1991,2809 MILL CREEK CT,Raleigh,North Carolina,54079,406.2,Wake,111999.0,35.66408,-78.66186,12,56,5,3779
27616,315000.0,3,3,1597,6169 NEUSE WOOD DR,Raleigh,North Carolina,56238,965.3,Wake,94916.0,35.86735,-78.53792,12,56,5,4511
27606,811550.0,4,3,2730,5613 BRISK GALLOP WAY,Raleigh,North Carolina,45499,718.1,Wake,97207.0,35.73991,-78.71833,12,56,5,3953
27610,299990.0,3,4,1733,137 SUMMER VIOLET LN # 469,Raleigh,North Carolina,79445,679.4,Wake,77917.0,35.7435,-78.54644,12,56,5,4242
27617,495000.0,3,3,2011,7917 SOFIANA AVE,Raleigh,North Carolina,19661,917.7,Wake,136324.0,35.90723,-78.77221,12,56,5,4590
27604,289900.0,4,2,1555,4505 LIMERICK DR,Raleigh,North Carolina,44856,905.4,Wake,95340.0,35.82011,-78.56369,12,56,5,3888
27604,1750000.0,5,5,3898,1329 COURTLAND DR,Raleigh,North Carolina,44856,905.4,Wake,95340.0,35.82011,-78.56369,12,56,5,3898
27614,549900.0,3,3,2543,1420 MOOSECREEK DR,Raleigh,North Carolina,32371,450.6,Wake,175577.0,35.94739,-78.62059,12,56,5,4395
27610,360750.0,3,3,1931,2222 KASOTA LN # 727,Raleigh,North Carolina,79445,679.4,Wake,77917.0,35.7435,-78.54644,12,56,5,4261
27607,1295000.0,5,5,4255,3313 ROLLER MILL CT,Raleigh,North Carolina,27128,602.8,Wake,136099.0,35.82145,-78.72697,12,56,5,4002
27612,399900.0,3,4,1927,5116 GREEN KNIGHT CT,Raleigh,North Carolina,39249,912.6,Wake,130881.0,35.85034,-78.70387,12,56,5,4288
27613,449900.0,3,2,1472,4905 LANCASHIRE DR,Raleigh,North Carolina,43950,665.5,Wake,153507.0,35.92633,-78.71183,12,56,5,4360
27603,399990.0,3,3,1955,336 ABBOTS MILL DRIVE,Raleigh,North Carolina,54079,406.2,Wake,111999.0,35.66408,-78.66186,12,56,5,3806
27607,790000.0,1,2,1150,101 ENTERPRISE ST # 107,Raleigh,North Carolina,27128,602.8,Wake,136099.0,35.82145,-78.72697,12,56,5,4001
27612,639000.0,5,3,2669,6305 RUSHINGBROOK DR,Raleigh,North Carolina,39249,912.6,Wake,130881.0,35.85034,-78.70387,12,56,5,4283
27608,575000.0,1,2,1228,2801 ASHLAND ST,Raleigh,North Carolina,12069,1350.6,Wake,213819.0,35.81004,-78.64815,12,56,5,4022
27612,1000000.0,4,5,4114,3421 EBENEZER CHURCH RD,Raleigh,North Carolina,39249,912.6,Wake,130881.0,35.85034,-78.70387,12,56,5,4279
27614,550000.0,4,3,2378,11008 COKESBURY LN,Raleigh,North Carolina,32371,450.6,Wake,175577.0,35.94739,-78.62059,12,56,5,4391
27616,474999.0,4,3,3021,5301 GLASS RIDGE RD,Raleigh,North Carolina,56238,965.3,Wake,94916.0,35.86735,-78.53792,12,56,5,4507
27614,499900.0,3,3,2404,2211 BOUNCY DAY CT,Raleigh,North Carolina,32371,450.6,Wake,175577.0,35.94739,-78.62059,12,56,5,4439
27609,650000.0,4,3,2924,4005 LEHIGH CT,Raleigh,North Carolina,35377,1248.4,Wake,121860.0,35.8437,-78.63282,12,56,5,4104
27610,361000.0,4,3,2049,4807 SIR MICHEL DR,Raleigh,North Carolina,79445,679.4,Wake,77917.0,35.7435,-78.54644,12,56,5,4234
27604,300000.0,3,3,1846,4708 ROYAL TROON DR,Raleigh,North Carolina,44856,905.4,Wake,95340.0,35.82011,-78.56369,12,56,5,3880
27610,595000.0,3,3,1690,202 LINCOLN CT,Raleigh,North Carolina,79445,679.4,Wake,77917.0,35.7435,-78.54644,12,56,5,4181
27610,369999.0,4,2,1609,1301 SAVANNAH DR,Raleigh,North Carolina,79445,679.4,Wake,77917.0,35.7435,-78.54644,12,56,5,4195
27604,489900.0,4,3,2499,3572 S BEAVER LN,Raleigh,North Carolina,44856,905.4,Wake,95340.0,35.82011,-78.56369,12,56,5,3915
27615,2999900.0,5,6,5757,7317 GRIST MILL RD,Raleigh,North Carolina,45047,920.4,Wake,138298.0,35.89772,-78.636,12,56,5,4471
27609,1950000.0,4,5,4732,4504 LATIMER RD,Raleigh,North Carolina,35377,1248.4,Wake,121860.0,35.8437,-78.63282,12,56,5,4044
27614,3190000.0,6,9,11218,12312 BIRCHFALLS DR,Raleigh,North Carolina,32371,450.6,Wake,175577.0,35.94739,-78.62059,12,56,5,4392
27616,310000.0,3,3,1491,8302 PLANO CT,Raleigh,North Carolina,56238,965.3,Wake,94916.0,35.86735,-78.53792,12,56,5,4501
27612,687250.0,3,3,1800,1900 BRIDGER RUN CT.,Raleigh,North Carolina,39249,912.6,Wake,130881.0,35.85034,-78.70387,12,56,5,4319
27603,379990.0,3,3,1735,5707 PREVEZA PLACE,Raleigh,North Carolina,54079,406.2,Wake,111999.0,35.66408,-78.66186,12,56,5,3843
27615,995000.0,4,4,3385,7913 HEPWORTH CT,Raleigh,North Carolina,45047,920.4,Wake,138298.0,35.89772,-78.636,12,56,5,4444
27609,228000.0,2,3,1376,1209 MANASSAS CT APT B,Raleigh,North Carolina,35377,1248.4,Wake,121860.0,35.8437,-78.63282,12,56,5,4096
27616,416610.0,3,3,1924,4032 SIERRA PELONA DR # CHADWICK,Raleigh,North Carolina,56238,965.3,Wake,94916.0,35.86735,-78.53792,12,56,5,4516
27612,560000.0,3,3,2036,6304 RUSHINGBROOK DR,Raleigh,North Carolina,39249,912.6,Wake,130881.0,35.85034,-78.70387,12,56,5,4324
27604,238000.0,1,2,660,901 CANENAUGH DR APT 105,Raleigh,North Carolina,44856,905.4,Wake,95340.0,35.82011,-78.56369,12,56,5,3860
27616,509540.0,5,3,2619,4121 SNOWY RANGE CIR # LANDRUM,Raleigh,North Carolina,56238,965.3,Wake,94916.0,35.86735,-78.53792,12,56,5,4556
27609,417900.0,3,4,2079,212 ASHTON HALL LN,Raleigh,North Carolina,35377,1248.4,Wake,121860.0,35.8437,-78.63282,12,56,5,4065
27616,284900.0,3,3,1412,5325 GLEN CANYON RD,Raleigh,North Carolina,56238,965.3,Wake,94916.0,35.86735,-78.53792,12,56,5,4567
27617,588444.0,4,4,2444,7972 BERRY CREST AVE,Raleigh,North Carolina,19661,917.7,Wake,136324.0,35.90723,-78.77221,12,56,5,4602
27604,385000.0,3,3,1571,4400 LIVERPOOL LN,Raleigh,North Carolina,44856,905.4,Wake,95340.0,35.82011,-78.56369,12,56,5,3914
27616,525000.0,5,3,2812,8240 HAINES CREEK LN,Raleigh,North Carolina,56238,965.3,Wake,94916.0,35.86735,-78.53792,12,56,5,4561
27607,950000.0,3,2,2063,1214 BROOKS AVE,Raleigh,North Carolina,27128,602.8,Wake,136099.0,35.82145,-78.72697,12,56,5,4007
27608,285000.0,2,1,675,2344 BERNARD ST # 3,Raleigh,North Carolina,12069,1350.6,Wake,213819.0,35.81004,-78.64815,12,56,5,4026
27617,385000.0,2,2,1534,10411 ROSEGATE CT UNIT 6,Raleigh,North Carolina,19661,917.7,Wake,136324.0,35.90723,-78.77221,12,56,5,4604
27606,399000.0,4,4,2303,5469 CRESCENTVIEW PKWY,Raleigh,North Carolina,45499,718.1,Wake,97207.0,35.73991,-78.71833,12,56,5,3973
27604,291500.0,3,3,1507,3504 LONDONVILLE LN,Raleigh,North Carolina,44856,905.4,Wake,95340.0,35.82011,-78.56369,12,56,5,3917
27606,335000.0,4,4,1897,1929 TREXLER CT,Raleigh,North Carolina,45499,718.1,Wake,97207.0,35.73991,-78.71833,12,56,5,3945
27610,300000.0,3,2,1147,6337 DIAMOND DR,Raleigh,North Carolina,79445,679.4,Wake,77917.0,35.7435,-78.54644,12,56,5,4119
27616,549000.0,4,3,3280,6256 BIG SANDY DR,Raleigh,North Carolina,56238,965.3,Wake,94916.0,35.86735,-78.53792,12,56,5,4552
27610,337650.0,3,3,1754,152 GARDEN VINE TRL # 526,Raleigh,North Carolina,79445,679.4,Wake,77917.0,35.7435,-78.54644,12,56,5,4179
27609,700000.0,3,3,2249,600 HARDIMONT RD,Raleigh,North Carolina,35377,1248.4,Wake,121860.0,35.8437,-78.63282,12,56,5,4109
27613,329000.0,2,3,1423,8310 HEMPSHIRE PL APT 105,Raleigh,North Carolina,43950,665.5,Wake,153507.0,35.92633,-78.71183,12,56,5,4378
27613,289000.0,2,3,1275,3823 SUMMERWOOD CT,Raleigh,North Carolina,43950,665.5,Wake,153507.0,35.92633,-78.71183,12,56,5,4352
27612,395000.0,3,3,1651,5907 BLACK MARBLE CT,Raleigh,North Carolina,39249,912.6,Wake,130881.0,35.85034,-78.70387,12,56,5,4280
27616,285000.0,3,3,1380,7726 AVERETTE FIELD DR,Raleigh,North Carolina,56238,965.3,Wake,94916.0,35.86735,-78.53792,12,56,5,4530
27607,619900.0,3,3,2336,1536 CRAFTON WAY,Raleigh,North Carolina,27128,602.8,Wake,136099.0,35.82145,-78.72697,12,56,5,3982
27603,650000.0,3,4,2952,6508 SOUTHERN TIMES DR,Raleigh,North Carolina,54079,406.2,Wake,111999.0,35.66408,-78.66186,12,56,5,3765
27610,339150.0,3,3,1754,144 GARDEN VINE TRL # 525,Raleigh,North Carolina,79445,679.4,Wake,77917.0,35.7435,-78.54644,12,56,5,4241
27607,550000.0,3,3,2318,1613 RIDGELAND DR,Raleigh,North Carolina,27128,602.8,Wake,136099.0,35.82145,-78.72697,12,56,5,4009
27605,649000.0,2,1,1075,610 DEVEREUX ST,Raleigh,North Carolina,5680,2142.2,Wake,107964.0,35.79046,-78.65452,12,56,5,3928
27604,140000.0,1,1,554,2602 BRAFFERTON CT # A2,Raleigh,North Carolina,44856,905.4,Wake,95340.0,35.82011,-78.56369,12,56,5,3908
27617,321000.0,3,2,1434,11371 INVOLUTE PL APT 103,Raleigh,North Carolina,19661,917.7,Wake,136324.0,35.90723,-78.77221,12,56,5,4583
27603,1150000.0,4,4,6125,119 SAINT MELLION ST,Raleigh,North Carolina,54079,406.2,Wake,111999.0,35.66408,-78.66186,12,56,5,3774
27603,480000.0,4,3,2723,467 SEASTONE ST,Raleigh,North Carolina,54079,406.2,Wake,111999.0,35.66408,-78.66186,12,56,5,3842
27612,259900.0,2,2,1036,4641 TIMBERMILL CT APT 103,Raleigh,North Carolina,39249,912.6,Wake,130881.0,35.85034,-78.70387,12,56,5,4269
27613,1290000.0,4,4,3770,1417 STARRY NIGHT CT,Raleigh,North Carolina,43950,665.5,Wake,153507.0,35.92633,-78.71183,12,56,5,4332
27604,275000.0,2,3,1580,2407 TROUT STREAM DR,Raleigh,North Carolina,44856,905.4,Wake,95340.0,35.82011,-78.56369,12,56,5,3903
27610,773500.0,3,3,2296,104 FARRIS CT,Raleigh,North Carolina,79445,679.4,Wake,77917.0,35.7435,-78.54644,12,56,5,4112
27613,515000.0,3,3,2911,7242 SUMMIT WATERS LN,Raleigh,North Carolina,43950,665.5,Wake,153507.0,35.92633,-78.71183,12,56,5,4335
27609,1270000.0,5,5,5081,1005 COLLINS DR,Raleigh,North Carolina,35377,1248.4,Wake,121860.0,35.8437,-78.63282,12,56,5,4061
27608,1865000.0,4,4,4068,1419 CHESTER RD,Raleigh,North Carolina,12069,1350.6,Wake,213819.0,35.81004,-78.64815,12,56,5,4018
27603,408990.0,3,3,1861,415 GLEN CLOVA DRIVE,Raleigh,North Carolina,54079,406.2,Wake,111999.0,35.66408,-78.66186,12,56,5,3844
27613,525000.0,3,3,2231,9701 ROCK CREEK RD,Raleigh,North Carolina,43950,665.5,Wake,153507.0,35.92633,-78.71183,12,56,5,4354
27612,350000.0,2,3,1659,8328 NIAYAH WAY,Raleigh,North Carolina,39249,912.6,Wake,130881.0,35.85034,-78.70387,12,56,5,4305
27615,336000.0,3,3,1322,9010 HILLCROSS CT,Raleigh,North Carolina,45047,920.4,Wake,138298.0,35.89772,-78.636,12,56,5,4462
27609,415000.0,2,2,1315,3001 ANDERSON DR UNIT 104,Raleigh,North Carolina,35377,1248.4,Wake,121860.0,35.8437,-78.63282,12,56,5,4060
27613,650000.0,4,3,2735,3000 DAVENTRY LN,Raleigh,North Carolina,43950,665.5,Wake,153507.0,35.92633,-78.71183,12,56,5,4379
27610,318875.0,3,3,1685,5357 ARKOSE DRIVE # 390 - CARLISLE B,Raleigh,North Carolina,79445,679.4,Wake,77917.0,35.7435,-78.54644,12,56,5,4135
27603,534390.0,4,3,2486,2217 HEDGE MAPLE DR,Raleigh,North Carolina,54079,406.2,Wake,111999.0,35.66408,-78.66186,12,56,5,3778
27615,577840.0,4,3,2387,2304 BIG SKY LANE,Raleigh,North Carolina,45047,920.4,Wake,138298.0,35.89772,-78.636,12,56,5,4443
27604,299900.0,3,3,1760,4509 PINCKNEY PL,Raleigh,North Carolina,44856,905.4,Wake,95340.0,35.82011,-78.56369,12,56,5,3895
27614,625000.0,4,3,2897,2236 KARNS PL,Raleigh,North Carolina,32371,450.6,Wake,175577.0,35.94739,-78.62059,12,56,5,4418
27605,975000.0,3,2,2115,1210 FILMORE ST,Raleigh,North Carolina,5680,2142.2,Wake,107964.0,35.79046,-78.65452,12,56,5,3927
27614,630000.0,4,3,2669,10820 GRASSY CREEK PL,Raleigh,North Carolina,32371,450.6,Wake,175577.0,35.94739,-78.62059,12,56,5,4437
27616,264900.0,2,2,1442,4552 ANTIQUE LN,Raleigh,North Carolina,56238,965.3,Wake,94916.0,35.86735,-78.53792,12,56,5,4518
27612,600000.0,3,3,2056,6117 VALLEY ESTATES DR,Raleigh,North Carolina,39249,912.6,Wake,130881.0,35.85034,-78.70387,12,56,5,4317
27612,924900.0,4,4,3845,8919 SCOTCH CASTLE DR,Raleigh,North Carolina,39249,912.6,Wake,130881.0,35.85034,-78.70387,12,56,5,4314
27607,1825000.0,4,4,3922,1337 BROOKS AVE,Raleigh,North Carolina,27128,602.8,Wake,136099.0,35.82145,-78.72697,12,56,5,4006
27603,475000.0,4,3,2402,6604 PARIZADE ST,Raleigh,North Carolina,54079,406.2,Wake,111999.0,35.66408,-78.66186,12,56,5,3848
27613,319990.0,2,3,1420,8947 CAMDEN PARK DR,Raleigh,North Carolina,43950,665.5,Wake,153507.0,35.92633,-78.71183,12,56,5,4358
27610,299000.0,3,2,1332,3200 SNOWBERRY DR,Raleigh,North Carolina,79445,679.4,Wake,77917.0,35.7435,-78.54644,12,56,5,4123
27616,218000.0,3,2,1359,7000 HAVENWOOD DR,Raleigh,North Carolina,56238,965.3,Wake,94916.0,35.86735,-78.53792,12,56,5,4506
27616,765000.0,5,4,3157,4501 BRINTONS COTTAGE ST,Raleigh,North Carolina,56238,965.3,Wake,94916.0,35.86735,-78.53792,12,56,5,4502
27615,399500.0,3,3,1748,8812 CAMPFIRE TRL,Raleigh,North Carolina,45047,920.4,Wake,138298.0,35.89772,-78.636,12,56,5,4451
27605,365000.0,2,2,927,921 WASHINGTON ST APT 101,Raleigh,North Carolina,5680,2142.2,Wake,107964.0,35.79046,-78.65452,12,56,5,3929
27606,529500.0,3,3,1913,3843 YATES MILL TRL,Raleigh,North Carolina,45499,718.1,Wake,97207.0,35.73991,-78.71833,12,56,5,3959
27610,305227.0,3,3,1324,337 HACKSAW TRL,Raleigh,North Carolina,79445,679.4,Wake,77917.0,35.7435,-78.54644,12,56,5,4235
27616,375000.0,3,3,1649,3441 SCOTCH DR,Raleigh,North Carolina,56238,965.3,Wake,94916.0,35.86735,-78.53792,12,56,5,4540
27616,400000.0,4,2,1932,5600 ENOREE LN,Raleigh,North Carolina,56238,965.3,Wake,94916.0,35.86735,-78.53792,12,56,5,4573
27612,439000.0,4,4,2259,5924 LONGERIA CT,Raleigh,North Carolina,39249,912.6,Wake,130881.0,35.85034,-78.70387,12,56,5,4295
27604,464900.0,3,3,3050,2804 GLADE ASTER CT,Raleigh,North Carolina,44856,905.4,Wake,95340.0,35.82011,-78.56369,12,56,5,3862
27615,719500.0,3,3,2498,7721 RAINWATER RD,Raleigh,North Carolina,45047,920.4,Wake,138298.0,35.89772,-78.636,12,56,5,4461
27614,950000.0,3,2,2027,11605 DURANT RD,Raleigh,North Carolina,32371,450.6,Wake,175577.0,35.94739,-78.62059,12,56,5,4410
27604,370000.0,4,3,1881,2208 DOBBIN PL,Raleigh,North Carolina,44856,905.4,Wake,95340.0,35.82011,-78.56369,12,56,5,3905
27614,500000.0,4,3,2600,3310 CHRYSANTHEMUM WAY,Raleigh,North Carolina,32371,450.6,Wake,175577.0,35.94739,-78.62059,12,56,5,4389
27610,375170.0,3,3,1954,156 GARDEN VINE TRL # 528,Raleigh,North Carolina,79445,679.4,Wake,77917.0,35.7435,-78.54644,12,56,5,4139
27604,354900.0,3,2,1285,3200 LONG BOW DR,Raleigh,North Carolina,44856,905.4,Wake,95340.0,35.82011,-78.56369,12,56,5,3854
27610,349815.0,3,4,1804,2450 CHERT LN # 489,Raleigh,North Carolina,79445,679.4,Wake,77917.0,35.7435,-78.54644,12,56,5,4127
27610,302000.0,3,3,1453,4301 GRANDOVER DR,Raleigh,North Carolina,79445,679.4,Wake,77917.0,35.7435,-78.54644,12,56,5,4160
27614,280000.0,3,3,1708,11700 COPPERGATE DR UNIT 107,Raleigh,North Carolina,32371,450.6,Wake,175577.0,35.94739,-78.62059,12,56,5,4403
27608,1599900.0,4,4,3659,510 PEEBLES ST,Raleigh,North Carolina,12069,1350.6,Wake,213819.0,35.81004,-78.64815,12,56,5,4013
27607,799000.0,3,2,1585,3207 MERRIMAN AVE,Raleigh,North Carolina,27128,602.8,Wake,136099.0,35.82145,-78.72697,12,56,5,3985
27607,550000.0,3,2,2110,6209 ARRINGTON RD,Raleigh,North Carolina,27128,602.8,Wake,136099.0,35.82145,-78.72697,12,56,5,4004
27610,995000.0,4,4,4042,1633 SWEETWATER LN,Raleigh,North Carolina,79445,679.4,Wake,77917.0,35.7435,-78.54644,12,56,5,4132
27613,363000.0,3,4,1943,5418 BERRY CREEK CIR,Raleigh,North Carolina,43950,665.5,Wake,153507.0,35.92633,-78.71183,12,56,5,4355
27603,498080.0,3,3,2260,123 GLEN CLOVA DRIVE,Raleigh,North Carolina,54079,406.2,Wake,111999.0,35.66408,-78.66186,12,56,5,3803
27613,375000.0,3,2,1320,8425 LUNAR STONE PL,Raleigh,North Carolina,43950,665.5,Wake,153507.0,35.92633,-78.71183,12,56,5,4339
27612,750000.0,3,4,3576,7913 EBENEZER CHURCH RD,Raleigh,North Carolina,39249,912.6,Wake,130881.0,35.85034,-78.70387,12,56,5,4287
27603,359900.0,3,3,1578,124 RIVER PEARL ST,Raleigh,North Carolina,54079,406.2,Wake,111999.0,35.66408,-78.66186,12,56,5,3825
27613,460000.0,4,3,1714,6712 HAMMERSMITH DR,Raleigh,North Carolina,43950,665.5,Wake,153507.0,35.92633,-78.71183,12,56,5,4342
27616,475000.0,5,3,3010,5161 HOLLY RIDGE FARM RD,Raleigh,North Carolina,56238,965.3,Wake,94916.0,35.86735,-78.53792,12,56,5,4570
27617,425000.0,3,2,1763,7312 CAPE CHARLES DR,Raleigh,North Carolina,19661,917.7,Wake,136324.0,35.90723,-78.77221,12,56,5,4600
27609,2499000.0,4,6,3799,2617 SAINT MARYS ST,Raleigh,North Carolina,35377,1248.4,Wake,121860.0,35.8437,-78.63282,12,56,5,4083
27610,170000.0,3,1,1335,3005 AVERY ST,Raleigh,North Carolina,79445,679.4,Wake,77917.0,35.7435,-78.54644,12,56,5,4174
27616,552385.0,5,3,2794,8317 ALDOUS WAY,Raleigh,North Carolina,56238,965.3,Wake,94916.0,35.86735,-78.53792,12,56,5,4568
27613,800000.0,5,4,3841,8406 WHEATSTONE LN,Raleigh,North Carolina,43950,665.5,Wake,153507.0,35.92633,-78.71183,12,56,5,4337
27604,285500.0,3,3,1458,2049 THORNBLADE DR,Raleigh,North Carolina,44856,905.4,Wake,95340.0,35.82011,-78.56369,12,56,5,3878
27614,925000.0,5,5,4010,3101 FALLS RIVER AVE,Raleigh,North Carolina,32371,450.6,Wake,175577.0,35.94739,-78.62059,12,56,5,4427
27610,365170.0,3,3,1954,266 IVY VINE WAY # 441 COLEMAN HE,Raleigh,North Carolina,79445,679.4,Wake,77917.0,35.7435,-78.54644,12,56,5,4180
27613,440000.0,3,3,1620,12112 INGLEHURST DR,Raleigh,North Carolina,43950,665.5,Wake,153507.0,35.92633,-78.71183,12,56,5,4353
27607,515000.0,2,3,1713,2729 RUE SANS FAMILLE,Raleigh,North Carolina,27128,602.8,Wake,136099.0,35.82145,-78.72697,12,56,5,3997
27604,436070.0,3,3,1868,3458 PIEDMONT DR LOT 1,Raleigh,North Carolina,44856,905.4,Wake,95340.0,35.82011,-78.56369,12,56,5,3866
27610,900000.0,6,3,3150,1521 CROSS LINK RD,Raleigh,North Carolina,79445,679.4,Wake,77917.0,35.7435,-78.54644,12,56,5,4122
27604,235000.0,2,2,980,2622 BLACKWOLF RUN LN,Raleigh,North Carolina,44856,905.4,Wake,95340.0,35.82011,-78.56369,12,56,5,3916
27610,327315.0,3,4,1744,2454 CHERT LN # 492,Raleigh,North Carolina,79445,679.4,Wake,77917.0,35.7435,-78.54644,12,56,5,4224
27613,725000.0,3,3,2337,8772 WILDWOOD LINKS,Raleigh,North Carolina,43950,665.5,Wake,153507.0,35.92633,-78.71183,12,56,5,4327
27606,999000.0,4,3,3124,9008 PENNY RD,Raleigh,North Carolina,45499,718.1,Wake,97207.0,35.73991,-78.71833,12,56,5,3967
27604,454030.0,4,3,2332,1736 ARAPAHOE RIDGE DR,Raleigh,North Carolina,44856,905.4,Wake,95340.0,35.82011,-78.56369,12,56,5,3911
27603,360000.0,3,2,1452,1108 LEACH ST,Raleigh,North Carolina,54079,406.2,Wake,111999.0,35.66408,-78.66186,12,56,5,3834
27614,600000.0,3,2,2072,11821 COACHMANS WAY,Raleigh,North Carolina,32371,450.6,Wake,175577.0,35.94739,-78.62059,12,56,5,4390
27614,1150000.0,4,5,4419,1217 KINGS GRANT DR,Raleigh,North Carolina,32371,450.6,Wake,175577.0,35.94739,-78.62059,12,56,5,4431
27614,1099500.0,4,4,3702,5109 DEER FOREST TRL,Raleigh,North Carolina,32371,450.6,Wake,175577.0,35.94739,-78.62059,12,56,5,4420
27612,390000.0,3,3,1715,4908 AMBER CLAY LN,Raleigh,North Carolina,39249,912.6,Wake,130881.0,35.85034,-78.70387,12,56,5,4281
27613,3200000.0,4,4,4893,12024 SHOOTING CLUB RD,Raleigh,North Carolina,43950,665.5,Wake,153507.0,35.92633,-78.71183,12,56,5,4334
27609,3099000.0,5,7,5371,3910 STRATFORD CT,Raleigh,North Carolina,35377,1248.4,Wake,121860.0,35.8437,-78.63282,12,56,5,4042
27603,425000.0,5,3,2648,4408 PARKWOOD DR,Raleigh,North Carolina,54079,406.2,Wake,111999.0,35.66408,-78.66186,12,56,5,3805
27603,374990.0,3,3,1787,5706 PREVEZA PLACE,Raleigh,North Carolina,54079,406.2,Wake,111999.0,35.66408,-78.66186,12,56,5,3776
27615,1315999.0,5,6,4875,8109 CRANES VIEW PL W,Raleigh,North Carolina,45047,920.4,Wake,138298.0,35.89772,-78.636,12,56,5,4483
27607,2850000.0,6,7,6700,1909 CHASE CT,Raleigh,North Carolina,27128,602.8,Wake,136099.0,35.82145,-78.72697,12,56,5,3995
27606,660000.0,4,3,2606,5021 CENTERBUD PL,Raleigh,North Carolina,45499,718.1,Wake,97207.0,35.73991,-78.71833,12,56,5,3980
27614,2590000.0,5,7,5087,5029 AVALAIRE PINES DR,Raleigh,North Carolina,32371,450.6,Wake,175577.0,35.94739,-78.62059,12,56,5,4429
27610,295000.0,3,1,1056,805 FITZGERALD DR,Raleigh,North Carolina,79445,679.4,Wake,77917.0,35.7435,-78.54644,12,56,5,4211
27606,150000.0,2,1,720,8229 HOLLY SPRINGS RD,Raleigh,North Carolina,45499,718.1,Wake,97207.0,35.73991,-78.71833,12,56,5,3966
27615,375000.0,3,3,1626,924 ALBANY CT,Raleigh,North Carolina,45047,920.4,Wake,138298.0,35.89772,-78.636,12,56,5,4482
27606,218000.0,2,2,1016,1110 SCHAUB DR APT B,Raleigh,North Carolina,45499,718.1,Wake,97207.0,35.73991,-78.71833,12,56,5,3962
27610,315000.0,3,2,1427,3709 MECHANICSVILLE RUN LN,Raleigh,North Carolina,79445,679.4,Wake,77917.0,35.7435,-78.54644,12,56,5,4197
27615,450000.0,4,4,2535,417 WEATHERGREEN DR,Raleigh,North Carolina,45047,920.4,Wake,138298.0,35.89772,-78.636,12,56,5,4484
27607,550000.0,4,4,2384,5657 WADE PARK BLVD,Raleigh,North Carolina,27128,602.8,Wake,136099.0,35.82145,-78.72697,12,56,5,3996
27614,2399000.0,5,8,6047,1529 GRAND WILLOW WAY,Raleigh,North Carolina,32371,450.6,Wake,175577.0,35.94739,-78.62059,12,56,5,4386
27615,950000.0,4,4,3751,7709 RAINWATER RD,Raleigh,North Carolina,45047,920.4,Wake,138298.0,35.89772,-78.636,12,56,5,4475
27615,985000.0,4,4,3863,2304 HEARTLEY DR,Raleigh,North Carolina,45047,920.4,Wake,138298.0,35.89772,-78.636,12,56,5,4450
27606,210000.0,2,3,1139,1233 TEAKWOOD PL # 1233,Raleigh,North Carolina,45499,718.1,Wake,97207.0,35.73991,-78.71833,12,56,5,3964
27615,1195000.0,6,5,4500,8628 SEAGATE DR,Raleigh,North Carolina,45047,920.4,Wake,138298.0,35.89772,-78.636,12,56,5,4468
27610,338689.0,3,3,1471,3057 SPLINE CIR,Raleigh,North Carolina,79445,679.4,Wake,77917.0,35.7435,-78.54644,12,56,5,4189
27604,345000.0,3,3,1585,3208 SEDGEFIELD PINES LN,Raleigh,North Carolina,44856,905.4,Wake,95340.0,35.82011,-78.56369,12,56,5,3868
27613,480000.0,3,3,2216,4064 BARTON PARK PL,Raleigh,North Carolina,43950,665.5,Wake,153507.0,35.92633,-78.71183,12,56,5,4345
27603,637140.0,4,3,3133,4904 DAYFLOWER LN,Raleigh,North Carolina,54079,406.2,Wake,111999.0,35.66408,-78.66186,12,56,5,3773
27606,620000.0,3,3,2526,6525 DEERVIEW DR,Raleigh,North Carolina,45499,718.1,Wake,97207.0,35.73991,-78.71833,12,56,5,3957
27609,185000.0,2,1,904,606 PINE RIDGE PL # 606,Raleigh,North Carolina,35377,1248.4,Wake,121860.0,35.8437,-78.63282,12,56,5,4040
27603,493808.0,4,3,2723,452 THORNY BRANCH DR,Raleigh,North Carolina,54079,406.2,Wake,111999.0,35.66408,-78.66186,12,56,5,3764
27612,639900.0,3,2,2315,3701 HOLLY LN APT 103,Raleigh,North Carolina,39249,912.6,Wake,130881.0,35.85034,-78.70387,12,56,5,4309
27613,344000.0,2,2,1123,7305 WILDERNESS RD,Raleigh,North Carolina,43950,665.5,Wake,153507.0,35.92633,-78.71183,12,56,5,4370
27604,424000.0,4,3,2387,3109 BARNSLEY LN,Raleigh,North Carolina,44856,905.4,Wake,95340.0,35.82011,-78.56369,12,56,5,3852
27616,510975.0,4,3,2345,3936 TRITONVILLE WAY,Raleigh,North Carolina,56238,965.3,Wake,94916.0,35.86735,-78.53792,12,56,5,4575
27601,550000.0,3,3,1242,916 E JONES ST,Raleigh,North Carolina,11127,2362.5,Wake,106779.0,35.7737,-78.63453,12,56,5,3742
27603,525000.0,3,3,3039,1005 WIDGEON WAY,Raleigh,North Carolina,54079,406.2,Wake,111999.0,35.66408,-78.66186,12,56,5,3756
27610,602900.0,3,3,2030,2005 ABBEYHILL DRIVE,Raleigh,North Carolina,79445,679.4,Wake,77917.0,35.7435,-78.54644,12,56,5,4133
27616,405000.0,4,3,2377,8155 WILLOWGLEN DR,Raleigh,North Carolina,56238,965.3,Wake,94916.0,35.86735,-78.53792,12,56,5,4554
27614,970000.0,5,4,4503,9804 KOUPELA DR,Raleigh,North Carolina,32371,450.6,Wake,175577.0,35.94739,-78.62059,12,56,5,4416
27612,270000.0,2,3,1196,5405 SHARPE DR,Raleigh,North Carolina,39249,912.6,Wake,130881.0,35.85034,-78.70387,12,56,5,4303
27614,1100000.0,5,6,4516,10909 MAGIC HOLLOW CT,Raleigh,North Carolina,32371,450.6,Wake,175577.0,35.94739,-78.62059,12,56,5,4398
27608,525000.0,3,1,1008,618 E WHITAKER MILL RD,Raleigh,North Carolina,12069,1350.6,Wake,213819.0,35.81004,-78.64815,12,56,5,4025
27613,380000.0,3,3,1400,5508 ROAN MOUNTAIN PL,Raleigh,North Carolina,43950,665.5,Wake,153507.0,35.92633,-78.71183,12,56,5,4340
27606,838860.0,4,3,2925,5609 BRISK GALLOP WAY,Raleigh,North Carolina,45499,718.1,Wake,97207.0,35.73991,-78.71833,12,56,5,3944
27603,464700.0,4,3,2052,155 GLEN CLOVA DRIVE,Raleigh,North Carolina,54079,406.2,Wake,111999.0,35.66408,-78.66186,12,56,5,3788
27612,599000.0,4,3,2500,5004 REMBERT DR,Raleigh,North Carolina,39249,912.6,Wake,130881.0,35.85034,-78.70387,12,56,5,4312
27616,455000.0,4,3,2700,4204 MCGRATH WAY,Raleigh,North Carolina,56238,965.3,Wake,94916.0,35.86735,-78.53792,12,56,5,4533
27613,505000.0,3,3,2824,7231 SUMMIT WATERS LN,Raleigh,North Carolina,43950,665.5,Wake,153507.0,35.92633,-78.71183,12,56,5,4331
27610,400045.0,3,3,1924,5013 KOTA ST # 175,Raleigh,North Carolina,79445,679.4,Wake,77917.0,35.7435,-78.54644,12,56,5,4202
27610,525000.0,3,2,1652,2408 REMINGTON RD,Raleigh,North Carolina,79445,679.4,Wake,77917.0,35.7435,-78.54644,12,56,5,4120
27610,314690.0,3,4,1733,113 SUMMER VIOLET LANE # 474 MANTEO D,Raleigh,North Carolina,79445,679.4,Wake,77917.0,35.7435,-78.54644,12,56,5,4171
27612,925000.0,5,4,3514,1820 KENWYCK MANOR WAY,Raleigh,North Carolina,39249,912.6,Wake,130881.0,35.85034,-78.70387,12,56,5,4290
27610,360000.0,3,2,1479,2048 QUEEN CHARLOTTE PL,Raleigh,North Carolina,79445,679.4,Wake,77917.0,35.7435,-78.54644,12,56,5,4176
27610,448310.0,4,3,2543,292 EDGE OF AUBURN BLVD # 214,Raleigh,North Carolina,79445,679.4,Wake,77917.0,35.7435,-78.54644,12,56,5,4178
27606,264900.0,4,4,1219,1220 UNIVERSITY CT APT 302,Raleigh,North Carolina,45499,718.1,Wake,97207.0,35.73991,-78.71833,12,56,5,3941
27610,289000.0,3,2,1031,961 SKINNER DR,Raleigh,North Carolina,79445,679.4,Wake,77917.0,35.7435,-78.54644,12,56,5,4124
27613,324900.0,2,2,1153,8341 HEMPSHIRE PL APT 101,Raleigh,North Carolina,43950,665.5,Wake,153507.0,35.92633,-78.71183,12,56,5,4377
27615,398900.0,3,3,1543,8513 BUSCOT CT,Raleigh,North Carolina,45047,920.4,Wake,138298.0,35.89772,-78.636,12,56,5,4493
27616,425000.0,4,4,2487,4816 ELMHURST RIDGE CT,Raleigh,North Carolina,56238,965.3,Wake,94916.0,35.86735,-78.53792,12,56,5,4537
27603,400000.0,3,3,1600,3005 GOLDEN BRANCH LN,Raleigh,North Carolina,54079,406.2,Wake,111999.0,35.66408,-78.66186,12,56,5,3796
27610,539900.0,2,2,1502,7004 FARMDALE RD,Raleigh,North Carolina,79445,679.4,Wake,77917.0,35.7435,-78.54644,12,56,5,4231
27610,419500.0,5,3,2348,3411 FUTURA LN,Raleigh,North Carolina,79445,679.4,Wake,77917.0,35.7435,-78.54644,12,56,5,4163
27603,437633.0,4,3,1878,5936 CONLY DRIVE # 60,Raleigh,North Carolina,54079,406.2,Wake,111999.0,35.66408,-78.66186,12,56,5,3785
27610,328815.0,3,4,1733,2427 KASOTA LN # 566,Raleigh,North Carolina,79445,679.4,Wake,77917.0,35.7435,-78.54644,12,56,5,4263
27616,315000.0,3,3,1506,6185 NEUSE WOOD DR,Raleigh,North Carolina,56238,965.3,Wake,94916.0,35.86735,-78.53792,12,56,5,4523
27615,429000.0,3,3,1731,9700 TALMAN CT,Raleigh,North Carolina,45047,920.4,Wake,138298.0,35.89772,-78.636,12,56,5,4488
27610,329375.0,3,3,1685,5379 ARKOSE DR # 385,Raleigh,North Carolina,79445,679.4,Wake,77917.0,35.7435,-78.54644,12,56,5,4212
27617,515542.0,4,3,2139,7904 SOFIANA AVE,Raleigh,North Carolina,19661,917.7,Wake,136324.0,35.90723,-78.77221,12,56,5,4589
27612,490000.0,2,2,1485,4602 LUDWELL BRANCH CT,Raleigh,North Carolina,39249,912.6,Wake,130881.0,35.85034,-78.70387,12,56,5,4304
27614,367500.0,3,4,1970,3107 WINDING WATERS WAY,Raleigh,North Carolina,32371,450.6,Wake,175577.0,35.94739,-78.62059,12,56,5,4432
27614,1325000.0,5,5,5908,3204 CANOE BROOK PKWY,Raleigh,North Carolina,32371,450.6,Wake,175577.0,35.94739,-78.62059,12,56,5,4400
27609,179900.0,2,1,864,563 PINE RIDGE PL # 563,Raleigh,North Carolina,35377,1248.4,Wake,121860.0,35.8437,-78.63282,12,56,5,4059
27603,399500.0,4,2,1590,323 RANCH FARM RD,Raleigh,North Carolina,54079,406.2,Wake,111999.0,35.66408,-78.66186,12,56,5,3763
27603,500000.0,2,2,1166,400 W NORTH ST APT 602,Raleigh,North Carolina,54079,406.2,Wake,111999.0,35.66408,-78.66186,12,56,5,3822
27603,425000.0,3,3,2305,6501 ROCK SERVICE STATION RD,Raleigh,North Carolina,54079,406.2,Wake,111999.0,35.66408,-78.66186,12,56,5,3789
27616,469000.0,4,3,2655,5629 BIG SANDY DR,Raleigh,North Carolina,56238,965.3,Wake,94916.0,35.86735,-78.53792,12,56,5,4526
27613,445000.0,3,4,1933,8525 MARVINO LN,Raleigh,North Carolina,43950,665.5,Wake,153507.0,35.92633,-78.71183,12,56,5,4366
27604,355000.0,3,2,1685,2105 CHARNY DR,Raleigh,North Carolina,44856,905.4,Wake,95340.0,35.82011,-78.56369,12,56,5,3893
27604,285000.0,2,3,1285,2955 FAVERSHAM PL,Raleigh,North Carolina,44856,905.4,Wake,95340.0,35.82011,-78.56369,12,56,5,3864
27609,1575000.0,5,5,4226,110 PASQUOTANK DR,Raleigh,North Carolina,35377,1248.4,Wake,121860.0,35.8437,-78.63282,12,56,5,4064
27614,450000.0,3,3,2308,2905 IMPERIAL OAKS DR,Raleigh,North Carolina,32371,450.6,Wake,175577.0,35.94739,-78.62059,12,56,5,4402
27616,389000.0,3,3,2405,8343 YAXLEY HALL DR,Raleigh,North Carolina,56238,965.3,Wake,94916.0,35.86735,-78.53792,12,56,5,4572
27606,1100000.0,5,4,3183,4401 DRIFTWOOD DR,Raleigh,North Carolina,45499,718.1,Wake,97207.0,35.73991,-78.71833,12,56,5,3960
27614,359000.0,3,3,1894,2615 GARDEN KNOLL LN,Raleigh,North Carolina,32371,450.6,Wake,175577.0,35.94739,-78.62059,12,56,5,4404
27614,865000.0,4,4,3370,3017 OSTERLEY ST,Raleigh,North Carolina,32371,450.6,Wake,175577.0,35.94739,-78.62059,12,56,5,4413
