Zip Code,Price,Beds,Baths,Living Space,Address,City,State,Zip Code Population,Zip Code Density,County,Median Household Income,Latitude,Longitude,county_num,city_num,state_num,address_num
94123,1299000.0,2,1,1101,3124 LAGUNA ST # A,San Francisco,California,26002,9272.5,San Francisco,300463.0,37.80112,-122.43645,81,230,26,34777
94109,995000.0,2,2,1075,1461 BROADWAY APT 406,San Francisco,California,56114,20085.5,San Francisco,167261.0,37.79334,-122.42138,81,230,26,34402
94105,1499000.0,2,2,1046,280 SPEAR ST # 30D,San Francisco,California,13810,10568.6,San Francisco,347725.0,37.79239,-122.39707,81,230,26,34281
94131,3498000.0,4,3,2553,19 TOPAZ WAY,San Francisco,California,29437,5620.9,San Francisco,259573.0,37.74569,-122.44243,81,230,26,34839
94112,950000.0,4,2,1725,661 VIENNA ST,San Francisco,California,84477,9779.0,San Francisco,162512.0,37.7206,-122.44311,81,230,26,34497
94115,8500000.0,6,7,7405,3015 PACIFIC AVE,San Francisco,California,34193,11617.6,San Francisco,215550.0,37.78608,-122.43742,81,230,26,34596
94109,948000.0,1,1,732,1580 PACIFIC AVE # A4,San Francisco,California,56114,20085.5,San Francisco,167261.0,37.79334,-122.42138,81,230,26,34423
94109,2499000.0,4,4,3365,1810 JACKSON ST # 5,San Francisco,California,56114,20085.5,San Francisco,167261.0,37.79334,-122.42138,81,230,26,34396
94107,998000.0,1,2,785,72 TOWNSEND ST UNIT 603,San Francisco,California,28607,5951.9,San Francisco,226692.0,37.76473,-122.39508,81,230,26,34337
94123,1050000.0,1,1,841,2226 BEACH ST,San Francisco,California,26002,9272.5,San Francisco,300463.0,37.80112,-122.43645,81,230,26,34766
94122,1599000.0,6,6,2328,1856 28TH AVE,San Francisco,California,60144,7129.3,San Francisco,179517.0,37.76113,-122.48433,81,230,26,34733
94109,848000.0,1,1,732,1580 PACIFIC AVE # A3,San Francisco,California,56114,20085.5,San Francisco,167261.0,37.79334,-122.42138,81,230,26,34381
94115,645000.0,3,2,1050,1420 WEBSTER ST APT 5,San Francisco,California,34193,11617.6,San Francisco,215550.0,37.78608,-122.43742,81,230,26,34606
94103,898888.0,2,2,1075,140 S VAN NESS AVE UNIT 1019,San Francisco,California,32430,9113.8,San Francisco,158861.0,37.77299,-122.41136,81,230,26,34248
94109,1708000.0,2,2,1034,1580 PACIFIC AVE # H5,San Francisco,California,56114,20085.5,San Francisco,167261.0,37.79334,-122.42138,81,230,26,34426
94134,888000.0,2,1,1400,1051 GOETTINGEN ST,San Francisco,California,41977,6333.8,San Francisco,142394.0,37.71887,-122.41124,81,230,26,34899
94122,2680000.0,3,4,2635,1680 18TH AVE,San Francisco,California,60144,7129.3,San Francisco,179517.0,37.76113,-122.48433,81,230,26,34745
94108,2299000.0,3,2,1859,1049 CLAY ST,San Francisco,California,11963,17904.6,San Francisco,116916.0,37.79189,-122.40854,81,230,26,34370
94112,1799000.0,4,2,1830,15 OTSEGO AVE,San Francisco,California,84477,9779.0,San Francisco,162512.0,37.7206,-122.44311,81,230,26,34529
94130,1177000.0,1,1,1116,1 BRISTOL CT APT 115,San Francisco,California,3185,1396.2,San Francisco,147150.0,37.81975,-122.36898,81,230,26,34828
94115,645000.0,1,1,475,2595 CLAY ST APT 6,San Francisco,California,34193,11617.6,San Francisco,215550.0,37.78608,-122.43742,81,230,26,34611
94132,1808000.0,3,3,1880,120 MORNINGSIDE DR,San Francisco,California,29707,3662.2,San Francisco,146999.0,37.72219,-122.48475,81,230,26,34859
94117,1675000.0,3,2,1701,523 PIERCE ST,San Francisco,California,40701,12329.7,San Francisco,242062.0,37.77002,-122.44425,81,230,26,34646
94118,1495000.0,3,2,1422,529 3RD AVE,San Francisco,California,41456,7982.1,San Francisco,227113.0,37.7801,-122.46185,81,230,26,34664
94127,1990000.0,4,5,2311,546 MONTEREY BLVD,San Francisco,California,20927,4332.5,San Francisco,285493.0,37.73642,-122.45961,81,230,26,34815
94132,388000.0,1,1,669,8400 OCEANVIEW TER APT 315,San Francisco,California,29707,3662.2,San Francisco,146999.0,37.72219,-122.48475,81,230,26,34866
94123,4645000.0,3,5,2731,230 CAPRA WAY,San Francisco,California,26002,9272.5,San Francisco,300463.0,37.80112,-122.43645,81,230,26,34764
94134,879000.0,2,1,818,692 COLBY ST,San Francisco,California,41977,6333.8,San Francisco,142394.0,37.71887,-122.41124,81,230,26,34909
94117,749000.0,2,1,846,404 ASHBURY ST APT 3,San Francisco,California,40701,12329.7,San Francisco,242062.0,37.77002,-122.44425,81,230,26,34651
94112,1200000.0,3,2,1320,83 LISBON ST,San Francisco,California,84477,9779.0,San Francisco,162512.0,37.7206,-122.44311,81,230,26,34525
94109,1448000.0,2,2,1034,1580 PACIFIC AVE # H3,San Francisco,California,56114,20085.5,San Francisco,167261.0,37.79334,-122.42138,81,230,26,34433
94110,999000.0,4,3,1462,3307 20TH ST,San Francisco,California,70859,11447.9,San Francisco,223044.0,37.74975,-122.41528,81,230,26,34446
94130,4301000.0,3,4,2040,1 BRISTOL CT APT 506,San Francisco,California,3185,1396.2,San Francisco,147150.0,37.81975,-122.36898,81,230,26,34827
94109,1465000.0,2,2,1519,757 N POINT ST APT 2,San Francisco,California,56114,20085.5,San Francisco,167261.0,37.79334,-122.42138,81,230,26,34399
94114,1125000.0,2,2,897,3824 24TH ST # 201,San Francisco,California,34474,9612.9,San Francisco,254595.0,37.75814,-122.43547,81,230,26,34549
94133,1199000.0,2,2,981,455 VALLEJO ST APT 204,San Francisco,California,26090,15319.0,San Francisco,141326.0,37.80193,-122.41092,81,230,26,34891
94131,950000.0,2,2,1175,5150 DIAMOND HEIGHTS BLVD APT 208B,San Francisco,California,29437,5620.9,San Francisco,259573.0,37.74569,-122.44243,81,230,26,34846
94124,755000.0,2,1,1041,1670 NEWCOMB AVE,San Francisco,California,35982,2910.8,San Francisco,111827.0,37.73204,-122.3858,81,230,26,34804
94114,1999000.0,3,3,2298,123 VILLA TER,San Francisco,California,34474,9612.9,San Francisco,254595.0,37.75814,-122.43547,81,230,26,34573
94124,799000.0,2,1,1176,76 SANTA FE AVE,San Francisco,California,35982,2910.8,San Francisco,111827.0,37.73204,-122.3858,81,230,26,34802
94114,1995000.0,3,3,1677,3824 24TH ST # 401,San Francisco,California,34474,9612.9,San Francisco,254595.0,37.75814,-122.43547,81,230,26,34557
94110,1499000.0,2,1,1100,74 MULLEN AVE,San Francisco,California,70859,11447.9,San Francisco,223044.0,37.74975,-122.41528,81,230,26,34459
94121,1450000.0,3,2,1900,155 SEAL ROCK DR,San Francisco,California,43964,6697.2,San Francisco,187450.0,37.77849,-122.49548,81,230,26,34686
94107,1225000.0,2,2,959,1300 22ND ST APT 215,San Francisco,California,28607,5951.9,San Francisco,226692.0,37.76473,-122.39508,81,230,26,34352
94123,1675000.0,3,2,1256,2195 GREEN ST APT 5,San Francisco,California,26002,9272.5,San Francisco,300463.0,37.80112,-122.43645,81,230,26,34756
94108,7700000.0,2,3,3474,1001 CALIFORNIA ST # 3,San Francisco,California,11963,17904.6,San Francisco,116916.0,37.79189,-122.40854,81,230,26,34365
94110,1000000.0,2,2,1230,354 SHOTWELL ST,San Francisco,California,70859,11447.9,San Francisco,223044.0,37.74975,-122.41528,81,230,26,34463
94108,1645000.0,2,2,1960,1045 MASON ST APT 201,San Francisco,California,11963,17904.6,San Francisco,116916.0,37.79189,-122.40854,81,230,26,34366
94116,1250000.0,3,2,1790,2562 35TH AVE,San Francisco,California,45510,6956.0,San Francisco,201841.0,37.74457,-122.48611,81,230,26,34635
94110,1499000.0,2,2,1267,1268 DOLORES ST,San Francisco,California,70859,11447.9,San Francisco,223044.0,37.74975,-122.41528,81,230,26,34453
94115,1200000.0,2,2,1104,2735 BUSH ST,San Francisco,California,34193,11617.6,San Francisco,215550.0,37.78608,-122.43742,81,230,26,34599
94107,549000.0,1,1,622,250 KING ST UNIT 854,San Francisco,California,28607,5951.9,San Francisco,226692.0,37.76473,-122.39508,81,230,26,34349
94107,975000.0,2,2,1078,140 PENNSYLVANIA AVE APT 202,San Francisco,California,28607,5951.9,San Francisco,226692.0,37.76473,-122.39508,81,230,26,34321
94109,1698000.0,2,2,1182,1580 PACIFIC AVE # K3,San Francisco,California,56114,20085.5,San Francisco,167261.0,37.79334,-122.42138,81,230,26,34391
94110,1340000.0,2,1,1330,3573 19TH ST,San Francisco,California,70859,11447.9,San Francisco,223044.0,37.74975,-122.41528,81,230,26,34439
94109,978000.0,1,1,755,1580 PACIFIC AVE # C4,San Francisco,California,56114,20085.5,San Francisco,167261.0,37.79334,-122.42138,81,230,26,34406
94105,1318000.0,1,1,972,201 FOLSOM ST APT 35D,San Francisco,California,13810,10568.6,San Francisco,347725.0,37.79239,-122.39707,81,230,26,34300
94110,995000.0,2,2,1090,2830 22ND ST APT 3,San Francisco,California,70859,11447.9,San Francisco,223044.0,37.74975,-122.41528,81,230,26,34480
94117,4575000.0,5,4,4114,828 ASHBURY ST,San Francisco,California,40701,12329.7,San Francisco,242062.0,37.77002,-122.44425,81,230,26,34652
94112,1395000.0,4,3,1548,161 EDINBURGH ST,San Francisco,California,84477,9779.0,San Francisco,162512.0,37.7206,-122.44311,81,230,26,34539
94105,899000.0,2,1,823,280 SPEAR ST # 1F,San Francisco,California,13810,10568.6,San Francisco,347725.0,37.79239,-122.39707,81,230,26,34294
94112,1720000.0,9,7,3569,349 WINDING WAY,San Francisco,California,84477,9779.0,San Francisco,162512.0,37.7206,-122.44311,81,230,26,34535
94107,1125000.0,2,2,1303,615 TENNESSEE ST APT 101,San Francisco,California,28607,5951.9,San Francisco,226692.0,37.76473,-122.39508,81,230,26,34318
94107,925000.0,1,1,882,200 BRANNAN ST APT 121,San Francisco,California,28607,5951.9,San Francisco,226692.0,37.76473,-122.39508,81,230,26,34335
94112,1198000.0,3,2,1670,315 MOUNT VERNON AVE,San Francisco,California,84477,9779.0,San Francisco,162512.0,37.7206,-122.44311,81,230,26,34524
94109,1079000.0,2,1,1109,1855 SACRAMENTO ST APT 11,San Francisco,California,56114,20085.5,San Francisco,167261.0,37.79334,-122.42138,81,230,26,34412
94115,5700000.0,5,6,3952,2008 LYON ST,San Francisco,California,34193,11617.6,San Francisco,215550.0,37.78608,-122.43742,81,230,26,34581
94112,1395000.0,5,4,2292,109 LOUISBURG ST,San Francisco,California,84477,9779.0,San Francisco,162512.0,37.7206,-122.44311,81,230,26,34509
94121,2599000.0,4,4,2983,801 38TH AVE,San Francisco,California,43964,6697.2,San Francisco,187450.0,37.77849,-122.49548,81,230,26,34685
94105,2995000.0,2,3,1678,1 STEUART LN UNIT 905,San Francisco,California,13810,10568.6,San Francisco,347725.0,37.79239,-122.39707,81,230,26,34291
94121,1898000.0,3,4,1771,320 30TH AVE,San Francisco,California,43964,6697.2,San Francisco,187450.0,37.77849,-122.49548,81,230,26,34699
94133,1495000.0,1,1,994,999 GREEN ST APT 2405,San Francisco,California,26090,15319.0,San Francisco,141326.0,37.80193,-122.41092,81,230,26,34886
94133,2395000.0,2,2,2160,1020 UNION ST APT 7,San Francisco,California,26090,15319.0,San Francisco,141326.0,37.80193,-122.41092,81,230,26,34885
94110,899000.0,3,2,1156,380 DOLORES ST APT 1,San Francisco,California,70859,11447.9,San Francisco,223044.0,37.74975,-122.41528,81,230,26,34469
94118,1750000.0,3,3,1734,568 6TH AVE,San Francisco,California,41456,7982.1,San Francisco,227113.0,37.7801,-122.46185,81,230,26,34671
94107,898000.0,3,1,1109,23 BLAIR TER,San Francisco,California,28607,5951.9,San Francisco,226692.0,37.76473,-122.39508,81,230,26,34341
94131,995000.0,4,2,1445,526 ARLINGTON ST,San Francisco,California,29437,5620.9,San Francisco,259573.0,37.74569,-122.44243,81,230,26,34832
94133,2299000.0,2,2,1616,1070 GREEN ST APT 601,San Francisco,California,26090,15319.0,San Francisco,141326.0,37.80193,-122.41092,81,230,26,34888
94122,1495000.0,2,2,1425,1778 10TH AVE,San Francisco,California,60144,7129.3,San Francisco,179517.0,37.76113,-122.48433,81,230,26,34732
94110,1295000.0,3,1,1510,1281 DOLORES ST,San Francisco,California,70859,11447.9,San Francisco,223044.0,37.74975,-122.41528,81,230,26,34476
94105,1258000.0,1,1,819,425 1ST ST UNIT 4307,San Francisco,California,13810,10568.6,San Francisco,347725.0,37.79239,-122.39707,81,230,26,34296
94112,1050000.0,2,2,1908,527 FAXON AVE,San Francisco,California,84477,9779.0,San Francisco,162512.0,37.7206,-122.44311,81,230,26,34537
94109,925000.0,2,2,1000,818 VAN NESS AVE APT 705,San Francisco,California,56114,20085.5,San Francisco,167261.0,37.79334,-122.42138,81,230,26,34407
94109,828000.0,1,1,892,1341 UNION ST APT 10,San Francisco,California,56114,20085.5,San Francisco,167261.0,37.79334,-122.42138,81,230,26,34432
94109,6375000.0,6,8,7930,2323 HYDE ST,San Francisco,California,56114,20085.5,San Francisco,167261.0,37.79334,-122.42138,81,230,26,34404
94123,9995000.0,5,7,4303,2741 VALLEJO ST,San Francisco,California,26002,9272.5,San Francisco,300463.0,37.80112,-122.43645,81,230,26,34779
94107,799000.0,1,1,822,250 KING ST UNIT 1410,San Francisco,California,28607,5951.9,San Francisco,226692.0,37.76473,-122.39508,81,230,26,34336
94124,1290000.0,4,3,1774,1119 HOLLISTER AVE,San Francisco,California,35982,2910.8,San Francisco,111827.0,37.73204,-122.3858,81,230,26,34805
94133,1895000.0,2,3,1525,870 UNION ST,San Francisco,California,26090,15319.0,San Francisco,141326.0,37.80193,-122.41092,81,230,26,34894
94105,2995000.0,3,3,2905,246 2ND ST APT 1701,San Francisco,California,13810,10568.6,San Francisco,347725.0,37.79239,-122.39707,81,230,26,34279
94107,1188000.0,2,2,1116,88 KING ST UNIT 318,San Francisco,California,28607,5951.9,San Francisco,226692.0,37.76473,-122.39508,81,230,26,34338
94158,1538000.0,2,2,1308,708 LONG BRIDGE ST APT 608,San Francisco,California,10658,6736.3,San Francisco,244957.0,37.77116,-122.39153,81,230,26,34922
94102,1795000.0,4,3,1921,712 HAYES ST,San Francisco,California,33856,19760.9,San Francisco,115649.0,37.77956,-122.41931,81,230,26,34214
94107,849000.0,1,1,951,310 TOWNSEND ST APT 211,San Francisco,California,28607,5951.9,San Francisco,226692.0,37.76473,-122.39508,81,230,26,34329
94132,1495000.0,2,4,1699,65 MELBA AVE,San Francisco,California,29707,3662.2,San Francisco,146999.0,37.72219,-122.48475,81,230,26,34869
94117,999000.0,2,2,1090,111 BUENA VISTA TER # 111,San Francisco,California,40701,12329.7,San Francisco,242062.0,37.77002,-122.44425,81,230,26,34640
94114,1980000.0,3,2,1550,359 DIAMOND ST,San Francisco,California,34474,9612.9,San Francisco,254595.0,37.75814,-122.43547,81,230,26,34576
94123,1995000.0,2,3,1731,3131 PIERCE ST # 101,San Francisco,California,26002,9272.5,San Francisco,300463.0,37.80112,-122.43645,81,230,26,34774
94109,565000.0,1,1,571,1492 LARKIN ST APT 1,San Francisco,California,56114,20085.5,San Francisco,167261.0,37.79334,-122.42138,81,230,26,34378
94105,895000.0,2,2,1162,199 NEW MONTGOMERY ST UNIT 910,San Francisco,California,13810,10568.6,San Francisco,347725.0,37.79239,-122.39707,81,230,26,34275
94112,900000.0,2,1,875,130 LONDON ST,San Francisco,California,84477,9779.0,San Francisco,162512.0,37.7206,-122.44311,81,230,26,34505
94123,8250000.0,4,6,4405,2742 BAKER ST,San Francisco,California,26002,9272.5,San Francisco,300463.0,37.80112,-122.43645,81,230,26,34747
94105,599000.0,2,2,784,201 HARRISON ST APT 110,San Francisco,California,13810,10568.6,San Francisco,347725.0,37.79239,-122.39707,81,230,26,34273
94109,1795000.0,3,2,1690,1342 FILBERT ST,San Francisco,California,56114,20085.5,San Francisco,167261.0,37.79334,-122.42138,81,230,26,34382
94107,799000.0,1,1,778,451 KANSAS ST UNIT 571,San Francisco,California,28607,5951.9,San Francisco,226692.0,37.76473,-122.39508,81,230,26,34354
94107,2295000.0,3,3,1911,566 DE HARO ST,San Francisco,California,28607,5951.9,San Francisco,226692.0,37.76473,-122.39508,81,230,26,34351
94122,1400000.0,2,2,3865,4117 JUDAH ST,San Francisco,California,60144,7129.3,San Francisco,179517.0,37.76113,-122.48433,81,230,26,34734
94131,975000.0,2,1,800,10 WILDER ST,San Francisco,California,29437,5620.9,San Francisco,259573.0,37.74569,-122.44243,81,230,26,34856
94121,9995000.0,7,5,7045,224 SEA CLIFF AVE,San Francisco,California,43964,6697.2,San Francisco,187450.0,37.77849,-122.49548,81,230,26,34706
94116,1488000.0,5,2,2546,2454 23RD AVE,San Francisco,California,45510,6956.0,San Francisco,201841.0,37.74457,-122.48611,81,230,26,34630
94132,1649000.0,3,3,1686,2 COUNTRY CLUB DR,San Francisco,California,29707,3662.2,San Francisco,146999.0,37.72219,-122.48475,81,230,26,34860
94115,13995000.0,5,6,8179,2800 PACIFIC AVE,San Francisco,California,34193,11617.6,San Francisco,215550.0,37.78608,-122.43742,81,230,26,34597
94108,4750000.0,3,4,2426,1100 SACRAMENTO ST APT 402,San Francisco,California,11963,17904.6,San Francisco,116916.0,37.79189,-122.40854,81,230,26,34361
94115,1430000.0,2,1,1110,2211 BRODERICK ST APT 5,San Francisco,California,34193,11617.6,San Francisco,215550.0,37.78608,-122.43742,81,230,26,34593
94110,2150000.0,2,2,1435,3574 19TH ST,San Francisco,California,70859,11447.9,San Francisco,223044.0,37.74975,-122.41528,81,230,26,34472
94112,1200000.0,3,2,1250,375 ALLISON ST,San Francisco,California,84477,9779.0,San Francisco,162512.0,37.7206,-122.44311,81,230,26,34541
94105,1225000.0,1,2,883,318 MAIN ST UNIT 8C,San Francisco,California,13810,10568.6,San Francisco,347725.0,37.79239,-122.39707,81,230,26,34293
94133,1295000.0,3,2,1174,1338 MASON ST,San Francisco,California,26090,15319.0,San Francisco,141326.0,37.80193,-122.41092,81,230,26,34893
94112,995000.0,4,3,1904,577 VIENNA ST,San Francisco,California,84477,9779.0,San Francisco,162512.0,37.7206,-122.44311,81,230,26,34504
94109,9500000.0,3,3,3436,1090 CHESTNUT ST # 4,San Francisco,California,56114,20085.5,San Francisco,167261.0,37.79334,-122.42138,81,230,26,34416
94107,648000.0,1,1,807,300 3RD ST APT 804,San Francisco,California,28607,5951.9,San Francisco,226692.0,37.76473,-122.39508,81,230,26,34356
94102,860000.0,1,1,710,555 FULTON ST UNIT 214,San Francisco,California,33856,19760.9,San Francisco,115649.0,37.77956,-122.41931,81,230,26,34219
94123,5895000.0,4,6,3650,1871 GREEN ST,San Francisco,California,26002,9272.5,San Francisco,300463.0,37.80112,-122.43645,81,230,26,34762
94131,1595000.0,3,2,2113,64 CRAGS CT,San Francisco,California,29437,5620.9,San Francisco,259573.0,37.74569,-122.44243,81,230,26,34854
94112,1280000.0,4,2,1806,206 LAKEVIEW AVE,San Francisco,California,84477,9779.0,San Francisco,162512.0,37.7206,-122.44311,81,230,26,34536
94114,1398000.0,2,2,1042,2238 MARKET ST UNIT 103,San Francisco,California,34474,9612.9,San Francisco,254595.0,37.75814,-122.43547,81,230,26,34563
94110,2950000.0,7,4,4652,3246 25TH ST,San Francisco,California,70859,11447.9,San Francisco,223044.0,37.74975,-122.41528,81,230,26,34486
94158,1219000.0,2,2,1004,1000 3RD ST UNIT 913,San Francisco,California,10658,6736.3,San Francisco,244957.0,37.77116,-122.39153,81,230,26,34924
94112,1675000.0,4,2,1700,207 FLOOD AVE,San Francisco,California,84477,9779.0,San Francisco,162512.0,37.7206,-122.44311,81,230,26,34531
94117,975000.0,2,2,900,988 FULTON ST APT 320,San Francisco,California,40701,12329.7,San Francisco,242062.0,37.77002,-122.44425,81,230,26,34660
94110,1595000.0,2,2,1778,1277 GUERRERO ST,San Francisco,California,70859,11447.9,San Francisco,223044.0,37.74975,-122.41528,81,230,26,34443
94132,1599500.0,3,3,2133,79 SUMMIT WAY,San Francisco,California,29707,3662.2,San Francisco,146999.0,37.72219,-122.48475,81,230,26,34862
94127,1395000.0,3,2,1894,114 GRANVILLE WAY,San Francisco,California,20927,4332.5,San Francisco,285493.0,37.73642,-122.45961,81,230,26,34808
94114,998888.0,2,1,900,4354 18TH ST,San Francisco,California,34474,9612.9,San Francisco,254595.0,37.75814,-122.43547,81,230,26,34550
94105,1685000.0,2,2,1686,300 BEALE ST APT 306,San Francisco,California,13810,10568.6,San Francisco,347725.0,37.79239,-122.39707,81,230,26,34295
94114,2495000.0,3,4,1965,50 SATURN ST,San Francisco,California,34474,9612.9,San Francisco,254595.0,37.75814,-122.43547,81,230,26,34565
94127,1898000.0,4,3,3355,657 LOS PALMOS DR,San Francisco,California,20927,4332.5,San Francisco,285493.0,37.73642,-122.45961,81,230,26,34812
94109,999000.0,2,2,963,1492 LARKIN ST APT 3,San Francisco,California,56114,20085.5,San Francisco,167261.0,37.79334,-122.42138,81,230,26,34386
94158,1388000.0,2,2,1267,1000 3RD ST UNIT 1406,San Francisco,California,10658,6736.3,San Francisco,244957.0,37.77116,-122.39153,81,230,26,34923
94112,995000.0,2,2,1484,222 NAPLES ST,San Francisco,California,84477,9779.0,San Francisco,162512.0,37.7206,-122.44311,81,230,26,34512
94109,5100000.0,6,8,8500,2323 HYDE ST,San Francisco,California,56114,20085.5,San Francisco,167261.0,37.79334,-122.42138,81,230,26,34404
94121,6298650.0,4,4,4510,125 SEA CLIFF AVE,San Francisco,California,43964,6697.2,San Francisco,187450.0,37.77849,-122.49548,81,230,26,34688
94110,840000.0,2,2,1015,3301 CESAR CHAVEZ # 3305,San Francisco,California,70859,11447.9,San Francisco,223044.0,37.74975,-122.41528,81,230,26,34441
94123,1200000.0,2,1,1045,15 RICO WAY APT 3,San Francisco,California,26002,9272.5,San Francisco,300463.0,37.80112,-122.43645,81,230,26,34773
94114,1995000.0,3,3,1677,3824 24TH ST # 301,San Francisco,California,34474,9612.9,San Francisco,254595.0,37.75814,-122.43547,81,230,26,34566
94112,1295000.0,3,2,1960,238 BROAD ST,San Francisco,California,84477,9779.0,San Francisco,162512.0,37.7206,-122.44311,81,230,26,34528
94131,2449000.0,4,3,2130,1507 DIAMOND ST,San Francisco,California,29437,5620.9,San Francisco,259573.0,37.74569,-122.44243,81,230,26,34830
94110,1350000.0,3,4,1760,3354 20TH ST APT 101,San Francisco,California,70859,11447.9,San Francisco,223044.0,37.74975,-122.41528,81,230,26,34438
94121,1498000.0,3,1,1800,519 27TH AVE,San Francisco,California,43964,6697.2,San Francisco,187450.0,37.77849,-122.49548,81,230,26,34710
94107,850000.0,1,2,1334,920 HARRISON ST APT 15,San Francisco,California,28607,5951.9,San Francisco,226692.0,37.76473,-122.39508,81,230,26,34340
94116,1195000.0,3,1,1214,1958 42ND AVE,San Francisco,California,45510,6956.0,San Francisco,201841.0,37.74457,-122.48611,81,230,26,34613
94134,1208900.0,3,4,1807,321 YALE ST,San Francisco,California,41977,6333.8,San Francisco,142394.0,37.71887,-122.41124,81,230,26,34898
94131,1349000.0,3,2,1354,394 JOOST AVE,San Francisco,California,29437,5620.9,San Francisco,259573.0,37.74569,-122.44243,81,230,26,34833
94116,1199000.0,3,2,1286,2023 42ND AVE,San Francisco,California,45510,6956.0,San Francisco,201841.0,37.74457,-122.48611,81,230,26,34632
94109,549000.0,1,1,592,1000 N POINT ST APT 207,San Francisco,California,56114,20085.5,San Francisco,167261.0,37.79334,-122.42138,81,230,26,34411
94134,588888.0,1,1,834,401 CRESCENT CT APT 4101,San Francisco,California,41977,6333.8,San Francisco,142394.0,37.71887,-122.41124,81,230,26,34914
94112,900000.0,3,1,1375,4998 MISSION ST,San Francisco,California,84477,9779.0,San Francisco,162512.0,37.7206,-122.44311,81,230,26,34498
94105,1995000.0,2,2,1270,280 SPEAR ST # 31C,San Francisco,California,13810,10568.6,San Francisco,347725.0,37.79239,-122.39707,81,230,26,34303
94123,6550000.0,4,4,3550,2611 FILBERT ST,San Francisco,California,26002,9272.5,San Francisco,300463.0,37.80112,-122.43645,81,230,26,34754
94127,899000.0,4,1,1470,172 LOS PALMOS DR,San Francisco,California,20927,4332.5,San Francisco,285493.0,37.73642,-122.45961,81,230,26,34822
94123,5495000.0,3,3,2294,1960 VALLEJO ST APT 8,San Francisco,California,26002,9272.5,San Francisco,300463.0,37.80112,-122.43645,81,230,26,34749
94109,1348000.0,2,2,994,1580 PACIFIC AVE # L7,San Francisco,California,56114,20085.5,San Francisco,167261.0,37.79334,-122.42138,81,230,26,34379
94105,755000.0,2,2,736,201 HARRISON ST APT 813,San Francisco,California,13810,10568.6,San Francisco,347725.0,37.79239,-122.39707,81,230,26,34284
94131,1650000.0,3,1,1019,283 SURREY ST,San Francisco,California,29437,5620.9,San Francisco,259573.0,37.74569,-122.44243,81,230,26,34844
94105,2199000.0,2,4,2393,14 GUY PL APT A,San Francisco,California,13810,10568.6,San Francisco,347725.0,37.79239,-122.39707,81,230,26,34285
94118,2555000.0,5,3,3130,527 3RD AVE,San Francisco,California,41456,7982.1,San Francisco,227113.0,37.7801,-122.46185,81,230,26,34676
94105,2900000.0,3,3,2015,1 HAWTHORNE ST UNIT 24B,San Francisco,California,13810,10568.6,San Francisco,347725.0,37.79239,-122.39707,81,230,26,34283
94123,1299000.0,2,1,1069,3031 OCTAVIA ST,San Francisco,California,26002,9272.5,San Francisco,300463.0,37.80112,-122.43645,81,230,26,34750
94102,1595000.0,2,2,1155,564 FELL ST,San Francisco,California,33856,19760.9,San Francisco,115649.0,37.77956,-122.41931,81,230,26,34221
94107,1195000.0,2,2,1145,88 KING ST UNIT 604,San Francisco,California,28607,5951.9,San Francisco,226692.0,37.76473,-122.39508,81,230,26,34344
94124,899000.0,2,1,1010,2077 THOMAS AVE,San Francisco,California,35982,2910.8,San Francisco,111827.0,37.73204,-122.3858,81,230,26,34783
94105,1295000.0,2,2,1530,301 MISSION ST APT 48A,San Francisco,California,13810,10568.6,San Francisco,347725.0,37.79239,-122.39707,81,230,26,34276
94102,1950000.0,3,2,2516,181 OFARRELL ST STE 513,San Francisco,California,33856,19760.9,San Francisco,115649.0,37.77956,-122.41931,81,230,26,34228
94114,1295000.0,2,3,1220,3947 17TH ST,San Francisco,California,34474,9612.9,San Francisco,254595.0,37.75814,-122.43547,81,230,26,34552
94108,680000.0,2,2,690,946 STOCKTON ST APT 14C,San Francisco,California,11963,17904.6,San Francisco,116916.0,37.79189,-122.40854,81,230,26,34364
94109,706130.0,3,2,1198,1580 PACIFIC AVE # J2,San Francisco,California,56114,20085.5,San Francisco,167261.0,37.79334,-122.42138,81,230,26,34394
94109,5595000.0,6,8,5584,1823 JACKSON ST,San Francisco,California,56114,20085.5,San Francisco,167261.0,37.79334,-122.42138,81,230,26,34417
94123,6500000.0,4,4,4554,2601 LYON ST,San Francisco,California,26002,9272.5,San Francisco,300463.0,37.80112,-122.43645,81,230,26,34751
94112,960000.0,2,1,1600,131 MARSTON AVE,San Francisco,California,84477,9779.0,San Francisco,162512.0,37.7206,-122.44311,81,230,26,34542
94115,2995000.0,4,4,3030,1335 DIVISADERO ST,San Francisco,California,34193,11617.6,San Francisco,215550.0,37.78608,-122.43742,81,230,26,34598
94131,3395000.0,4,4,3320,1466 NOE ST,San Francisco,California,29437,5620.9,San Francisco,259573.0,37.74569,-122.44243,81,230,26,34848
94122,1298000.0,2,1,1050,1622 45TH AVE,San Francisco,California,60144,7129.3,San Francisco,179517.0,37.76113,-122.48433,81,230,26,34718
94122,1998000.0,6,3,2515,1251 48TH AVE,San Francisco,California,60144,7129.3,San Francisco,179517.0,37.76113,-122.48433,81,230,26,34726
94105,3695000.0,3,3,2213,280 SPEAR ST # 38B,San Francisco,California,13810,10568.6,San Francisco,347725.0,37.79239,-122.39707,81,230,26,34278
94115,1025000.0,2,1,1106,2542 SACRAMENTO ST APT 103,San Francisco,California,34193,11617.6,San Francisco,215550.0,37.78608,-122.43742,81,230,26,34590
94133,826000.0,2,1,1000,369 GREEN ST,San Francisco,California,26090,15319.0,San Francisco,141326.0,37.80193,-122.41092,81,230,26,34897
94122,1795000.0,4,3,2919,1224 16TH AVE,San Francisco,California,60144,7129.3,San Francisco,179517.0,37.76113,-122.48433,81,230,26,34721
94109,1349000.0,3,2,1290,1624 LARKIN ST APT 6,San Francisco,California,56114,20085.5,San Francisco,167261.0,37.79334,-122.42138,81,230,26,34410
94133,750000.0,3,2,1790,735 CHESTNUT ST,San Francisco,California,26090,15319.0,San Francisco,141326.0,37.80193,-122.41092,81,230,26,34879
94124,799000.0,3,2,1386,1565 PALOU AVE,San Francisco,California,35982,2910.8,San Francisco,111827.0,37.73204,-122.3858,81,230,26,34797
94109,875000.0,1,1,725,1998 BROADWAY APT 1503,San Francisco,California,56114,20085.5,San Francisco,167261.0,37.79334,-122.42138,81,230,26,34398
94132,1795000.0,4,5,2130,45 SPRINGFIELD DR,San Francisco,California,29707,3662.2,San Francisco,146999.0,37.72219,-122.48475,81,230,26,34871
94116,1150000.0,3,3,1244,1345 TARAVAL ST,San Francisco,California,45510,6956.0,San Francisco,201841.0,37.74457,-122.48611,81,230,26,34615
94118,2195000.0,4,3,2247,70 MANZANITA AVE,San Francisco,California,41456,7982.1,San Francisco,227113.0,37.7801,-122.46185,81,230,26,34680
94107,2995000.0,5,5,3200,1164 DE HARO ST,San Francisco,California,28607,5951.9,San Francisco,226692.0,37.76473,-122.39508,81,230,26,34346
94112,800000.0,3,2,1625,536 BRAZIL AVE,San Francisco,California,84477,9779.0,San Francisco,162512.0,37.7206,-122.44311,81,230,26,34533
94103,575000.0,1,1,623,1875 MISSION ST APT 308,San Francisco,California,32430,9113.8,San Francisco,158861.0,37.77299,-122.41136,81,230,26,34257
94110,1595000.0,3,2,1367,1029 DOLORES ST,San Francisco,California,70859,11447.9,San Francisco,223044.0,37.74975,-122.41528,81,230,26,34444
94134,1098000.0,2,1,1190,295 TOCOLOMA AVE,San Francisco,California,41977,6333.8,San Francisco,142394.0,37.71887,-122.41124,81,230,26,34916
94102,838000.0,2,1,720,388 FULTON ST UNIT 305,San Francisco,California,33856,19760.9,San Francisco,115649.0,37.77956,-122.41931,81,230,26,34220
94110,675000.0,2,1,745,106 ALBION ST,San Francisco,California,70859,11447.9,San Francisco,223044.0,37.74975,-122.41528,81,230,26,34458
94134,1295000.0,4,3,2342,1152 BURROWS ST,San Francisco,California,41977,6333.8,San Francisco,142394.0,37.71887,-122.41124,81,230,26,34904
94109,1089000.0,2,2,1165,1483 SUTTER ST UNIT 714,San Francisco,California,56114,20085.5,San Francisco,167261.0,37.79334,-122.42138,81,230,26,34420
94117,599500.0,3,1,1225,1947 FULTON ST,San Francisco,California,40701,12329.7,San Francisco,242062.0,37.77002,-122.44425,81,230,26,34644
94107,1645000.0,2,2,1517,229 BRANNAN ST UNIT 9G,San Francisco,California,28607,5951.9,San Francisco,226692.0,37.76473,-122.39508,81,230,26,34331
94109,865000.0,2,2,893,1100 LEAVENWORTH ST APT 3,San Francisco,California,56114,20085.5,San Francisco,167261.0,37.79334,-122.42138,81,230,26,34431
94116,1990000.0,4,5,2270,1331 VICENTE ST,San Francisco,California,45510,6956.0,San Francisco,201841.0,37.74457,-122.48611,81,230,26,34626
94112,599000.0,1,1,700,150 SHAKESPEARE ST,San Francisco,California,84477,9779.0,San Francisco,162512.0,37.7206,-122.44311,81,230,26,34520
94122,778000.0,2,2,845,1370 11TH AVE APT 6,San Francisco,California,60144,7129.3,San Francisco,179517.0,37.76113,-122.48433,81,230,26,34737
94116,3595000.0,4,4,3616,343 CASTENADA AVE,San Francisco,California,45510,6956.0,San Francisco,201841.0,37.74457,-122.48611,81,230,26,34620
94103,1295000.0,2,2,1363,60 ELGIN PARK,San Francisco,California,32430,9113.8,San Francisco,158861.0,37.77299,-122.41136,81,230,26,34235
94133,1495000.0,2,2,1226,1928 TAYLOR ST,San Francisco,California,26090,15319.0,San Francisco,141326.0,37.80193,-122.41092,81,230,26,34890
94107,899000.0,1,1,651,2177 3RD ST UNIT 522,San Francisco,California,28607,5951.9,San Francisco,226692.0,37.76473,-122.39508,81,230,26,34355
94131,22000000.0,6,9,9704,21 EVERSON ST,San Francisco,California,29437,5620.9,San Francisco,259573.0,37.74569,-122.44243,81,230,26,34845
94134,995000.0,3,2,1370,245 TALBERT ST,San Francisco,California,41977,6333.8,San Francisco,142394.0,37.71887,-122.41124,81,230,26,34911
94132,1270000.0,4,2,1196,434 RALSTON ST,San Francisco,California,29707,3662.2,San Francisco,146999.0,37.72219,-122.48475,81,230,26,34876
94109,1700000.0,3,3,1800,1438 GREEN ST UNIT 7E,San Francisco,California,56114,20085.5,San Francisco,167261.0,37.79334,-122.42138,81,230,26,34405
94102,740000.0,1,1,714,555 FULTON ST UNIT 435,San Francisco,California,33856,19760.9,San Francisco,115649.0,37.77956,-122.41931,81,230,26,34226
94107,949500.0,1,2,1208,1047 MISSISSIPPI ST APT 3,San Francisco,California,28607,5951.9,San Francisco,226692.0,37.76473,-122.39508,81,230,26,34330
94131,3500000.0,4,2,2540,296 RANDALL ST,San Francisco,California,29437,5620.9,San Francisco,259573.0,37.74569,-122.44243,81,230,26,34850
94117,1249000.0,3,2,1421,1699 OAK ST,San Francisco,California,40701,12329.7,San Francisco,242062.0,37.77002,-122.44425,81,230,26,34643
94131,1295000.0,3,1,1178,175 FARNUM ST,San Francisco,California,29437,5620.9,San Francisco,259573.0,37.74569,-122.44243,81,230,26,34835
94121,1395000.0,3,3,1985,486 32ND AVE,San Francisco,California,43964,6697.2,San Francisco,187450.0,37.77849,-122.49548,81,230,26,34696
94109,1245000.0,3,3,1660,2448 LARKIN ST,San Francisco,California,56114,20085.5,San Francisco,167261.0,37.79334,-122.42138,81,230,26,34389
94110,1275000.0,2,2,1398,3310 MISSION ST APT 4,San Francisco,California,70859,11447.9,San Francisco,223044.0,37.74975,-122.41528,81,230,26,34450
94131,650000.0,1,1,744,215 RED ROCK WAY APT 306J,San Francisco,California,29437,5620.9,San Francisco,259573.0,37.74569,-122.44243,81,230,26,34855
94109,795000.0,1,1,805,1483 SUTTER ST UNIT 816,San Francisco,California,56114,20085.5,San Francisco,167261.0,37.79334,-122.42138,81,230,26,34393
94121,11900000.0,6,6,6854,710 EL CAMINO DEL MAR,San Francisco,California,43964,6697.2,San Francisco,187450.0,37.77849,-122.49548,81,230,26,34717
94124,799000.0,2,2,1080,52 INNES CT APT 301,San Francisco,California,35982,2910.8,San Francisco,111827.0,37.73204,-122.3858,81,230,26,34806
94105,1588000.0,2,2,1019,501 BEALE ST # PH2B,San Francisco,California,13810,10568.6,San Francisco,347725.0,37.79239,-122.39707,81,230,26,34290
94110,1185000.0,2,2,1256,2952 22ND ST,San Francisco,California,70859,11447.9,San Francisco,223044.0,37.74975,-122.41528,81,230,26,34473
94118,1590000.0,2,2,1515,182 8TH AVE,San Francisco,California,41456,7982.1,San Francisco,227113.0,37.7801,-122.46185,81,230,26,34681
94117,1595000.0,3,2,2058,2245 FULTON ST,San Francisco,California,40701,12329.7,San Francisco,242062.0,37.77002,-122.44425,81,230,26,34656
94122,1495000.0,3,2,1653,1822 9TH AVE,San Francisco,California,60144,7129.3,San Francisco,179517.0,37.76113,-122.48433,81,230,26,34728
94116,1849000.0,3,3,2100,2495 22ND AVE,San Francisco,California,45510,6956.0,San Francisco,201841.0,37.74457,-122.48611,81,230,26,34614
94110,1575000.0,3,2,1428,37 DORLAND ST,San Francisco,California,70859,11447.9,San Francisco,223044.0,37.74975,-122.41528,81,230,26,34464
94107,899000.0,2,2,809,88 ARKANSAS ST APT 223,San Francisco,California,28607,5951.9,San Francisco,226692.0,37.76473,-122.39508,81,230,26,34325
94118,6000000.0,4,4,3865,115 SPRUCE ST,San Francisco,California,41456,7982.1,San Francisco,227113.0,37.7801,-122.46185,81,230,26,34679
94102,789000.0,2,2,1004,601 VAN NESS AVE APT 40,San Francisco,California,33856,19760.9,San Francisco,115649.0,37.77956,-122.41931,81,230,26,34225
94123,3595000.0,4,3,2355,1632 N POINT ST,San Francisco,California,26002,9272.5,San Francisco,300463.0,37.80112,-122.43645,81,230,26,34763
94103,860000.0,1,1,748,68 MCCOPPIN ST APT 5,San Francisco,California,32430,9113.8,San Francisco,158861.0,37.77299,-122.41136,81,230,26,34249
94117,549000.0,1,1,669,404 ASHBURY ST APT 1,San Francisco,California,40701,12329.7,San Francisco,242062.0,37.77002,-122.44425,81,230,26,34649
94102,539000.0,1,1,708,601 VAN NESS AVE APT 712,San Francisco,California,33856,19760.9,San Francisco,115649.0,37.77956,-122.41931,81,230,26,34229
94121,1495000.0,3,2,1591,759 33RD AVE,San Francisco,California,43964,6697.2,San Francisco,187450.0,37.77849,-122.49548,81,230,26,34692
94115,899000.0,2,1,867,3114 CLAY ST APT 5,San Francisco,California,34193,11617.6,San Francisco,215550.0,37.78608,-122.43742,81,230,26,34607
94109,1349000.0,2,2,1492,1835 FRANKLIN ST APT 703,San Francisco,California,56114,20085.5,San Francisco,167261.0,37.79334,-122.42138,81,230,26,34392
94112,1695000.0,5,4,2568,271 SENECA AVE,San Francisco,California,84477,9779.0,San Francisco,162512.0,37.7206,-122.44311,81,230,26,34517
94117,4575000.0,5,4,4114,828 ASHBURY ST,San Francisco,California,40701,12329.7,San Francisco,242062.0,37.77002,-122.44425,81,230,26,34652
94103,2099000.0,4,3,3083,145 HAMPSHIRE ST # B,San Francisco,California,32430,9113.8,San Francisco,158861.0,37.77299,-122.41136,81,230,26,34250
94107,1295000.0,3,2,1680,25 SIERRA ST APT E102,San Francisco,California,28607,5951.9,San Francisco,226692.0,37.76473,-122.39508,81,230,26,34348
94130,1495000.0,2,3,1363,1 BRISTOL CT APT 326,San Francisco,California,3185,1396.2,San Francisco,147150.0,37.81975,-122.36898,81,230,26,34825
94114,1325000.0,2,1,926,466 COLLINGWOOD ST,San Francisco,California,34474,9612.9,San Francisco,254595.0,37.75814,-122.43547,81,230,26,34561
94122,1900000.0,5,3,2572,1517 12TH AVE,San Francisco,California,60144,7129.3,San Francisco,179517.0,37.76113,-122.48433,81,230,26,34727
94102,4295000.0,4,4,2650,262 WALLER ST,San Francisco,California,33856,19760.9,San Francisco,115649.0,37.77956,-122.41931,81,230,26,34227
94102,313744.0,1,1,532,31 PAGE ST UNIT 505,San Francisco,California,33856,19760.9,San Francisco,115649.0,37.77956,-122.41931,81,230,26,34216
94132,1399000.0,3,3,2133,181 SUMMIT WAY,San Francisco,California,29707,3662.2,San Francisco,146999.0,37.72219,-122.48475,81,230,26,34868
94115,1499900.0,1,2,1176,1805 BUCHANAN ST # 1A,San Francisco,California,34193,11617.6,San Francisco,215550.0,37.78608,-122.43742,81,230,26,34589
94132,1325000.0,3,2,1605,159 MONTICELLO ST,San Francisco,California,29707,3662.2,San Francisco,146999.0,37.72219,-122.48475,81,230,26,34867
94107,1458888.0,2,2,1167,88 KING ST UNIT 1009,San Francisco,California,28607,5951.9,San Francisco,226692.0,37.76473,-122.39508,81,230,26,34314
94134,1480000.0,6,5,5084,3733 SAN BRUNO AVE,San Francisco,California,41977,6333.8,San Francisco,142394.0,37.71887,-122.41124,81,230,26,34906
94124,1189000.0,2,1,1192,51 TOPEKA AVE,San Francisco,California,35982,2910.8,San Francisco,111827.0,37.73204,-122.3858,81,230,26,34796
94117,1749000.0,3,2,1675,2155 HAYES ST,San Francisco,California,40701,12329.7,San Francisco,242062.0,37.77002,-122.44425,81,230,26,34655
94121,795000.0,2,2,1084,875 LA PLAYA ST APT 283,San Francisco,California,43964,6697.2,San Francisco,187450.0,37.77849,-122.49548,81,230,26,34695
94110,1620000.0,3,2,1200,2618 22ND ST,San Francisco,California,70859,11447.9,San Francisco,223044.0,37.74975,-122.41528,81,230,26,34454
94112,998000.0,2,2,1198,335 CHICAGO WAY,San Francisco,California,84477,9779.0,San Francisco,162512.0,37.7206,-122.44311,81,230,26,34534
94112,649000.0,1,1,751,747 PERU AVE,San Francisco,California,84477,9779.0,San Francisco,162512.0,37.7206,-122.44311,81,230,26,34499
94127,1998000.0,4,2,2173,850 URBANO DR,San Francisco,California,20927,4332.5,San Francisco,285493.0,37.73642,-122.45961,81,230,26,34820
94107,1050000.0,2,2,1019,555 4TH ST UNIT 721,San Francisco,California,28607,5951.9,San Francisco,226692.0,37.76473,-122.39508,81,230,26,34328
94132,1890000.0,4,4,2218,486 RALSTON ST,San Francisco,California,29707,3662.2,San Francisco,146999.0,37.72219,-122.48475,81,230,26,34872
94117,795000.0,2,1,1168,883 HAYES ST # 883,San Francisco,California,40701,12329.7,San Francisco,242062.0,37.77002,-122.44425,81,230,26,34658
94105,1245000.0,1,1,830,401 HARRISON ST APT 18F,San Francisco,California,13810,10568.6,San Francisco,347725.0,37.79239,-122.39707,81,230,26,34309
94118,2000750.0,4,2,2475,210 LAKE ST,San Francisco,California,41456,7982.1,San Francisco,227113.0,37.7801,-122.46185,81,230,26,34665
94121,1795000.0,2,2,1360,579 23RD AVE,San Francisco,California,43964,6697.2,San Francisco,187450.0,37.77849,-122.49548,81,230,26,34684
94121,1050000.0,2,1,1278,743 47TH AVE,San Francisco,California,43964,6697.2,San Francisco,187450.0,37.77849,-122.49548,81,230,26,34716
94122,1050000.0,2,1,1161,1215 KIRKHAM ST,San Francisco,California,60144,7129.3,San Francisco,179517.0,37.76113,-122.48433,81,230,26,34730
94112,995000.0,3,1,1218,50 NANTUCKET AVE,San Francisco,California,84477,9779.0,San Francisco,162512.0,37.7206,-122.44311,81,230,26,34523
94117,1599000.0,3,3,1883,111 BUENA VISTA TER # 115,San Francisco,California,40701,12329.7,San Francisco,242062.0,37.77002,-122.44425,81,230,26,34648
94124,950000.0,4,4,1072,273 CHARTER OAK AVE,San Francisco,California,35982,2910.8,San Francisco,111827.0,37.73204,-122.3858,81,230,26,34792
94114,975000.0,1,2,812,3824 24TH ST # 101,San Francisco,California,34474,9612.9,San Francisco,254595.0,37.75814,-122.43547,81,230,26,34556
94130,3499500.0,3,3,2259,1 BRISTOL CT APT 316,San Francisco,California,3185,1396.2,San Francisco,147150.0,37.81975,-122.36898,81,230,26,34824
94121,1525000.0,2,1,1256,627 46TH AVE,San Francisco,California,43964,6697.2,San Francisco,187450.0,37.77849,-122.49548,81,230,26,34703
94114,3495000.0,3,3,2735,3649 21ST ST,San Francisco,California,34474,9612.9,San Francisco,254595.0,37.75814,-122.43547,81,230,26,34548
94112,899998.0,3,1,1416,149 GOETHE ST,San Francisco,California,84477,9779.0,San Francisco,162512.0,37.7206,-122.44311,81,230,26,34532
94115,11550000.0,5,5,5540,2470 BROADWAY ST,San Francisco,California,34193,11617.6,San Francisco,215550.0,37.78608,-122.43742,81,230,26,34602
94105,1995000.0,2,2,1714,301 MISSION ST APT 40E,San Francisco,California,13810,10568.6,San Francisco,347725.0,37.79239,-122.39707,81,230,26,34261
94112,1095000.0,2,1,1200,25 LISBON ST,San Francisco,California,84477,9779.0,San Francisco,162512.0,37.7206,-122.44311,81,230,26,34506
94122,1089000.0,2,1,1276,1420 LAWTON ST,San Francisco,California,60144,7129.3,San Francisco,179517.0,37.76113,-122.48433,81,230,26,34743
94114,998000.0,2,1,875,84 SATURN ST,San Francisco,California,34474,9612.9,San Francisco,254595.0,37.75814,-122.43547,81,230,26,34567
94109,1095000.0,1,2,1450,1200 CALIFORNIA ST UNIT 7A,San Francisco,California,56114,20085.5,San Francisco,167261.0,37.79334,-122.42138,81,230,26,34377
94117,1575000.0,3,2,1500,618 FILLMORE ST APT 3,San Francisco,California,40701,12329.7,San Francisco,242062.0,37.77002,-122.44425,81,230,26,34659
94117,1595000.0,3,2,1772,80 PARNASSUS AVE,San Francisco,California,40701,12329.7,San Francisco,242062.0,37.77002,-122.44425,81,230,26,34638
94116,1495000.0,4,3,2184,2467 15TH AVE,San Francisco,California,45510,6956.0,San Francisco,201841.0,37.74457,-122.48611,81,230,26,34633
94110,1390000.0,2,3,1103,400 GATES ST,San Francisco,California,70859,11447.9,San Francisco,223044.0,37.74975,-122.41528,81,230,26,34485
94109,1448000.0,2,2,1034,1580 PACIFIC AVE # N3,San Francisco,California,56114,20085.5,San Francisco,167261.0,37.79334,-122.42138,81,230,26,34428
94115,2750000.0,4,3,1973,1849 LYON ST,San Francisco,California,34193,11617.6,San Francisco,215550.0,37.78608,-122.43742,81,230,26,34584
94121,1395000.0,2,1,1530,655 41ST AVE,San Francisco,California,43964,6697.2,San Francisco,187450.0,37.77849,-122.49548,81,230,26,34704
94118,1295000.0,2,1,1279,72 MANZANITA AVE,San Francisco,California,41456,7982.1,San Francisco,227113.0,37.7801,-122.46185,81,230,26,34666
94107,965000.0,2,1,920,140 PENNSYLVANIA AVE APT 101,San Francisco,California,28607,5951.9,San Francisco,226692.0,37.76473,-122.39508,81,230,26,34317
94105,2550000.0,2,2,1364,1 STEUART LN UNIT 704,San Francisco,California,13810,10568.6,San Francisco,347725.0,37.79239,-122.39707,81,230,26,34298
94121,1695000.0,4,3,1840,449 39TH AVE,San Francisco,California,43964,6697.2,San Francisco,187450.0,37.77849,-122.49548,81,230,26,34708
94105,6936000.0,3,3,2704,1 STEUART LN UNIT 1903,San Francisco,California,13810,10568.6,San Francisco,347725.0,37.79239,-122.39707,81,230,26,34308
94121,1335800.0,3,2,1540,419 39TH AVE,San Francisco,California,43964,6697.2,San Francisco,187450.0,37.77849,-122.49548,81,230,26,34694
94132,899000.0,2,1,900,260 BEVERLY ST,San Francisco,California,29707,3662.2,San Francisco,146999.0,37.72219,-122.48475,81,230,26,34863
94127,1595000.0,3,2,1670,642 MANGELS AVE,San Francisco,California,20927,4332.5,San Francisco,285493.0,37.73642,-122.45961,81,230,26,34814
94111,1450000.0,2,2,1207,733 FRONT ST UNIT 302,San Francisco,California,4707,5447.6,San Francisco,222915.0,37.79847,-122.3998,81,230,26,34488
94116,1989000.0,3,3,1838,2627 18TH AVE,San Francisco,California,45510,6956.0,San Francisco,201841.0,37.74457,-122.48611,81,230,26,34616
94109,725000.0,1,2,796,818 VAN NESS AVE APT 208,San Francisco,California,56114,20085.5,San Francisco,167261.0,37.79334,-122.42138,81,230,26,34372
94127,1195000.0,3,2,1650,262 BELLA VISTA WAY,San Francisco,California,20927,4332.5,San Francisco,285493.0,37.73642,-122.45961,81,230,26,34811
94110,1525000.0,2,3,1571,730 FLORIDA ST APT 21,San Francisco,California,70859,11447.9,San Francisco,223044.0,37.74975,-122.41528,81,230,26,34451
94103,4800000.0,6,6,3475,965 NATOMA ST,San Francisco,California,32430,9113.8,San Francisco,158861.0,37.77299,-122.41136,81,230,26,34252
94110,1395000.0,2,3,1284,158 RIPLEY ST,San Francisco,California,70859,11447.9,San Francisco,223044.0,37.74975,-122.41528,81,230,26,34482
94110,1150000.0,2,1,900,656 BANKS ST,San Francisco,California,70859,11447.9,San Francisco,223044.0,37.74975,-122.41528,81,230,26,34442
94122,1500000.0,4,2,2160,1240 15TH AVE,San Francisco,California,60144,7129.3,San Francisco,179517.0,37.76113,-122.48433,81,230,26,34720
94109,2995000.0,4,3,2365,1000 N POINT ST APT 1801,San Francisco,California,56114,20085.5,San Francisco,167261.0,37.79334,-122.42138,81,230,26,34374
94117,995000.0,2,2,1050,2092 FELL ST,San Francisco,California,40701,12329.7,San Francisco,242062.0,37.77002,-122.44425,81,230,26,34661
94124,635000.0,3,2,1011,1725 QUESADA AVE,San Francisco,California,35982,2910.8,San Francisco,111827.0,37.73204,-122.3858,81,230,26,34786
94107,1575000.0,2,2,1517,229 BRANNAN ST UNIT 10G,San Francisco,California,28607,5951.9,San Francisco,226692.0,37.76473,-122.39508,81,230,26,34350
94103,628000.0,1,1,586,776 TEHAMA ST UNIT 7,San Francisco,California,32430,9113.8,San Francisco,158861.0,37.77299,-122.41136,81,230,26,34247
94109,868000.0,1,1,755,1580 PACIFIC AVE # C3,San Francisco,California,56114,20085.5,San Francisco,167261.0,37.79334,-122.42138,81,230,26,34418
94105,799000.0,1,1,890,403 MAIN ST APT 116N,San Francisco,California,13810,10568.6,San Francisco,347725.0,37.79239,-122.39707,81,230,26,34268
94108,2150000.0,2,3,1422,875 CALIFORNIA ST UNIT 503,San Francisco,California,11963,17904.6,San Francisco,116916.0,37.79189,-122.40854,81,230,26,34362
94103,899000.0,2,2,1317,1221 HARRISON ST APT 11,San Francisco,California,32430,9113.8,San Francisco,158861.0,37.77299,-122.41136,81,230,26,34239
94130,2149000.0,2,3,1406,1 BRISTOL CT APT 304,San Francisco,California,3185,1396.2,San Francisco,147150.0,37.81975,-122.36898,81,230,26,34826
94115,3195000.0,3,4,2487,2208 PINE ST,San Francisco,California,34193,11617.6,San Francisco,215550.0,37.78608,-122.43742,81,230,26,34600
94108,1345000.0,2,2,1653,1177 CALIFORNIA ST APT 324,San Francisco,California,11963,17904.6,San Francisco,116916.0,37.79189,-122.40854,81,230,26,34363
94122,1095000.0,3,3,2950,1259 41ST AVE,San Francisco,California,60144,7129.3,San Francisco,179517.0,37.76113,-122.48433,81,230,26,34746
94121,999000.0,2,2,1076,374 24TH AVE APT 3,San Francisco,California,43964,6697.2,San Francisco,187450.0,37.77849,-122.49548,81,230,26,34715
94102,795000.0,3,2,1332,708 HAYES ST,San Francisco,California,33856,19760.9,San Francisco,115649.0,37.77956,-122.41931,81,230,26,34222
94103,795000.0,2,2,1160,140 S VAN NESS AVE # 729,San Francisco,California,32430,9113.8,San Francisco,158861.0,37.77299,-122.41136,81,230,26,34233
94122,1399000.0,3,2,1214,1846 41ST AVE,San Francisco,California,60144,7129.3,San Francisco,179517.0,37.76113,-122.48433,81,230,26,34731
94109,898000.0,1,1,676,1688 PINE ST UNIT E1209,San Francisco,California,56114,20085.5,San Francisco,167261.0,37.79334,-122.42138,81,230,26,34397
94114,8900000.0,4,6,4160,328 CUMBERLAND ST,San Francisco,California,34474,9612.9,San Francisco,254595.0,37.75814,-122.43547,81,230,26,34562
94109,899000.0,2,2,923,1492 LARKIN ST APT 2,San Francisco,California,56114,20085.5,San Francisco,167261.0,37.79334,-122.42138,81,230,26,34422
94158,1620000.0,2,2,1220,708 LONG BRIDGE ST APT 909,San Francisco,California,10658,6736.3,San Francisco,244957.0,37.77116,-122.39153,81,230,26,34919
94132,1988000.0,3,2,4199,125 PARAISO PL,San Francisco,California,29707,3662.2,San Francisco,146999.0,37.72219,-122.48475,81,230,26,34878
94115,1399000.0,3,1,1471,2694 BUSH ST,San Francisco,California,34193,11617.6,San Francisco,215550.0,37.78608,-122.43742,81,230,26,34580
94112,825000.0,3,2,1180,168 SHAKESPEARE ST,San Francisco,California,84477,9779.0,San Francisco,162512.0,37.7206,-122.44311,81,230,26,34494
94110,1450000.0,4,2,1730,2207 BRYANT ST,San Francisco,California,70859,11447.9,San Francisco,223044.0,37.74975,-122.41528,81,230,26,34466
94114,1249000.0,2,2,1563,3857 18TH ST,San Francisco,California,34474,9612.9,San Francisco,254595.0,37.75814,-122.43547,81,230,26,34553
94127,1386500.0,3,2,1800,80 CHAVES AVE,San Francisco,California,20927,4332.5,San Francisco,285493.0,37.73642,-122.45961,81,230,26,34816
94127,1995000.0,3,2,1752,320 WOODSIDE AVE,San Francisco,California,20927,4332.5,San Francisco,285493.0,37.73642,-122.45961,81,230,26,34819
94109,999000.0,1,1,1165,1895 PACIFIC AVE APT 406,San Francisco,California,56114,20085.5,San Francisco,167261.0,37.79334,-122.42138,81,230,26,34373
94131,629000.0,1,1,744,950 DUNCAN ST APT 102E,San Francisco,California,29437,5620.9,San Francisco,259573.0,37.74569,-122.44243,81,230,26,34847
94133,7995000.0,3,5,3882,115 TELEGRAPH HILL BLVD,San Francisco,California,26090,15319.0,San Francisco,141326.0,37.80193,-122.41092,81,230,26,34896
94134,860000.0,2,1,818,759 BURROWS ST # 15,San Francisco,California,41977,6333.8,San Francisco,142394.0,37.71887,-122.41124,81,230,26,34913
94107,949000.0,2,1,1157,7 JENNIFER PL,San Francisco,California,28607,5951.9,San Francisco,226692.0,37.76473,-122.39508,81,230,26,34322
94107,1150000.0,3,3,1641,2546 3RD ST APT 4,San Francisco,California,28607,5951.9,San Francisco,226692.0,37.76473,-122.39508,81,230,26,34357
94121,1750000.0,2,2,2020,3927 CLEMENT ST,San Francisco,California,43964,6697.2,San Francisco,187450.0,37.77849,-122.49548,81,230,26,34700
94133,2095000.0,3,3,1252,130 VARENNES ST,San Francisco,California,26090,15319.0,San Francisco,141326.0,37.80193,-122.41092,81,230,26,34884
94116,1350000.0,5,5,1622,2195 42ND AVE,San Francisco,California,45510,6956.0,San Francisco,201841.0,37.74457,-122.48611,81,230,26,34631
94123,1100000.0,1,1,733,1598 BAY ST UNIT 104,San Francisco,California,26002,9272.5,San Francisco,300463.0,37.80112,-122.43645,81,230,26,34758
94105,1795000.0,2,2,1551,280 SPEAR ST # 26A,San Francisco,California,13810,10568.6,San Francisco,347725.0,37.79239,-122.39707,81,230,26,34260
94115,1295000.0,3,1,1682,1324 LYON ST,San Francisco,California,34193,11617.6,San Francisco,215550.0,37.78608,-122.43742,81,230,26,34610
94107,795000.0,1,1,903,260 KING ST UNIT 915,San Francisco,California,28607,5951.9,San Francisco,226692.0,37.76473,-122.39508,81,230,26,34345
94112,999888.0,4,2,1600,124 RUSSIA AVE,San Francisco,California,84477,9779.0,San Francisco,162512.0,37.7206,-122.44311,81,230,26,34496
94112,899000.0,2,1,1058,161 BALTIMORE WAY,San Francisco,California,84477,9779.0,San Francisco,162512.0,37.7206,-122.44311,81,230,26,34507
94110,1079000.0,2,1,1100,224 LEXINGTON ST,San Francisco,California,70859,11447.9,San Francisco,223044.0,37.74975,-122.41528,81,230,26,34437
94105,610000.0,1,1,544,201 HARRISON ST APT 919,San Francisco,California,13810,10568.6,San Francisco,347725.0,37.79239,-122.39707,81,230,26,34301
94108,1345000.0,2,3,1399,1177 CALIFORNIA ST APT 1414,San Francisco,California,11963,17904.6,San Francisco,116916.0,37.79189,-122.40854,81,230,26,34369
94114,2735000.0,3,3,1765,1235 SANCHEZ ST,San Francisco,California,34474,9612.9,San Francisco,254595.0,37.75814,-122.43547,81,230,26,34560
94124,798950.0,1,1,657,10 KENNEDY PL # 201,San Francisco,California,35982,2910.8,San Francisco,111827.0,37.73204,-122.3858,81,230,26,34791
94110,1269800.0,3,2,1430,601 ALABAMA ST UNIT 309,San Francisco,California,70859,11447.9,San Francisco,223044.0,37.74975,-122.41528,81,230,26,34440
94109,698000.0,2,2,1003,900 BUSH ST APT 521,San Francisco,California,56114,20085.5,San Francisco,167261.0,37.79334,-122.42138,81,230,26,34436
94115,1750000.0,3,3,1650,1 COTTAGE ROW,San Francisco,California,34193,11617.6,San Francisco,215550.0,37.78608,-122.43742,81,230,26,34612
94114,3495000.0,4,3,2484,4109 23RD ST,San Francisco,California,34474,9612.9,San Francisco,254595.0,37.75814,-122.43547,81,230,26,34545
94116,1790000.0,6,4,2154,2587 28TH AVE,San Francisco,California,45510,6956.0,San Francisco,201841.0,37.74457,-122.48611,81,230,26,34624
94124,1100000.0,3,3,1399,246 COLEMAN ST,San Francisco,California,35982,2910.8,San Francisco,111827.0,37.73204,-122.3858,81,230,26,34794
94122,1880000.0,3,2,1670,675 NORIEGA ST,San Francisco,California,60144,7129.3,San Francisco,179517.0,37.76113,-122.48433,81,230,26,34722
94109,849000.0,1,1,795,2151 SACRAMENTO ST APT 1,San Francisco,California,56114,20085.5,San Francisco,167261.0,37.79334,-122.42138,81,230,26,34409
94123,2249000.0,3,2,2252,36 PRADO ST,San Francisco,California,26002,9272.5,San Francisco,300463.0,37.80112,-122.43645,81,230,26,34775
94116,1888000.0,4,3,2423,2495 31ST AVE,San Francisco,California,45510,6956.0,San Francisco,201841.0,37.74457,-122.48611,81,230,26,34625
94123,3395000.0,3,3,2750,180 AVILA ST,San Francisco,California,26002,9272.5,San Francisco,300463.0,37.80112,-122.43645,81,230,26,34770
94117,998000.0,1,1,926,449 CARL ST,San Francisco,California,40701,12329.7,San Francisco,242062.0,37.77002,-122.44425,81,230,26,34662
94109,889000.0,1,1,704,1580 PACIFIC AVE # G3,San Francisco,California,56114,20085.5,San Francisco,167261.0,37.79334,-122.42138,81,230,26,34384
94115,995000.0,3,2,1235,1830 GOLDEN GATE AVE,San Francisco,California,34193,11617.6,San Francisco,215550.0,37.78608,-122.43742,81,230,26,34592
94131,1325000.0,2,1,1101,4171 26TH ST,San Francisco,California,29437,5620.9,San Francisco,259573.0,37.74569,-122.44243,81,230,26,34853
94127,1450000.0,7,9,6801,129 EDGEHILL WAY,San Francisco,California,20927,4332.5,San Francisco,285493.0,37.73642,-122.45961,81,230,26,34818
94112,949888.0,2,1,875,182 NAPLES ST,San Francisco,California,84477,9779.0,San Francisco,162512.0,37.7206,-122.44311,81,230,26,34538
94110,2995000.0,5,4,2990,2523 HARRISON ST,San Francisco,California,70859,11447.9,San Francisco,223044.0,37.74975,-122.41528,81,230,26,34471
94110,850000.0,2,2,1000,3301 CESAR CHAVEZ # 3309,San Francisco,California,70859,11447.9,San Francisco,223044.0,37.74975,-122.41528,81,230,26,34475
94127,1750000.0,4,3,2272,801 ROCKDALE DR,San Francisco,California,20927,4332.5,San Francisco,285493.0,37.73642,-122.45961,81,230,26,34817
94103,727000.0,1,1,694,270 VALENCIA ST APT 302,San Francisco,California,32430,9113.8,San Francisco,158861.0,37.77299,-122.41136,81,230,26,34234
94102,1048000.0,2,2,1005,555 FULTON ST UNIT 502,San Francisco,California,33856,19760.9,San Francisco,115649.0,37.77956,-122.41931,81,230,26,34224
94110,925000.0,2,2,934,555 BARTLETT ST APT 308,San Francisco,California,70859,11447.9,San Francisco,223044.0,37.74975,-122.41528,81,230,26,34457
94133,995000.0,2,2,960,1101 PACIFIC AVE APT 203,San Francisco,California,26090,15319.0,San Francisco,141326.0,37.80193,-122.41092,81,230,26,34889
94103,499000.0,1,1,501,588 MINNA ST UNIT 805,San Francisco,California,32430,9113.8,San Francisco,158861.0,37.77299,-122.41136,81,230,26,34231
94112,1249000.0,2,1,900,615 MOUNT VERNON AVE,San Francisco,California,84477,9779.0,San Francisco,162512.0,37.7206,-122.44311,81,230,26,34527
94114,2975000.0,3,3,2594,44 LEVANT ST,San Francisco,California,34474,9612.9,San Francisco,254595.0,37.75814,-122.43547,81,230,26,34546
94131,1450000.0,2,1,1275,2412 CASTRO ST,San Francisco,California,29437,5620.9,San Francisco,259573.0,37.74569,-122.44243,81,230,26,34849
94107,2295000.0,2,2,1851,650 DELANCEY ST APT 112,San Francisco,California,28607,5951.9,San Francisco,226692.0,37.76473,-122.39508,81,230,26,34320
94122,1900000.0,5,3,2578,1515 12TH AVE,San Francisco,California,60144,7129.3,San Francisco,179517.0,37.76113,-122.48433,81,230,26,34729
94127,998000.0,2,2,1280,50 BURLWOOD DR,San Francisco,California,20927,4332.5,San Francisco,285493.0,37.73642,-122.45961,81,230,26,34810
94107,575000.0,1,1,476,219 BRANNAN ST UNIT 3E,San Francisco,California,28607,5951.9,San Francisco,226692.0,37.76473,-122.39508,81,230,26,34333
94118,1995000.0,3,3,2825,318 12TH AVE,San Francisco,California,41456,7982.1,San Francisco,227113.0,37.7801,-122.46185,81,230,26,34677
94105,878850.0,1,1,920,333 BEALE ST APT 8F,San Francisco,California,13810,10568.6,San Francisco,347725.0,37.79239,-122.39707,81,230,26,34274
94133,1420000.0,2,2,1349,996 UNION ST,San Francisco,California,26090,15319.0,San Francisco,141326.0,37.80193,-122.41092,81,230,26,34895
94105,675000.0,1,1,715,16 JESSIE ST APT 313,San Francisco,California,13810,10568.6,San Francisco,347725.0,37.79239,-122.39707,81,230,26,34272
94121,1095000.0,3,1,1204,719 29TH AVE,San Francisco,California,43964,6697.2,San Francisco,187450.0,37.77849,-122.49548,81,230,26,34689
94112,998000.0,2,1,1025,291 MOSCOW ST,San Francisco,California,84477,9779.0,San Francisco,162512.0,37.7206,-122.44311,81,230,26,34511
94112,1175000.0,3,2,1351,575 PARIS ST,San Francisco,California,84477,9779.0,San Francisco,162512.0,37.7206,-122.44311,81,230,26,34508
94116,3195000.0,4,4,3211,369 PACHECO ST,San Francisco,California,45510,6956.0,San Francisco,201841.0,37.74457,-122.48611,81,230,26,34629
94112,1195000.0,3,2,1757,245 DELANO AVE,San Francisco,California,84477,9779.0,San Francisco,162512.0,37.7206,-122.44311,81,230,26,34510
94116,1675000.0,3,2,1507,3534 TARAVAL ST,San Francisco,California,45510,6956.0,San Francisco,201841.0,37.74457,-122.48611,81,230,26,34619
94110,1100000.0,2,1,1050,162 DUNCAN ST # 162A,San Francisco,California,70859,11447.9,San Francisco,223044.0,37.74975,-122.41528,81,230,26,34483
94134,1750000.0,5,5,3110,150 DARTMOUTH ST,San Francisco,California,41977,6333.8,San Francisco,142394.0,37.71887,-122.41124,81,230,26,34915
94114,1595000.0,2,2,1622,2218 15TH ST,San Francisco,California,34474,9612.9,San Francisco,254595.0,37.75814,-122.43547,81,230,26,34558
94124,880000.0,2,1,1090,1536 KIRKWOOD AVE,San Francisco,California,35982,2910.8,San Francisco,111827.0,37.73204,-122.3858,81,230,26,34789
94117,4100000.0,5,3,4640,1302 MASONIC AVE # 1304,San Francisco,California,40701,12329.7,San Francisco,242062.0,37.77002,-122.44425,81,230,26,34645
94112,1049900.0,3,2,1745,106 MADRID ST,San Francisco,California,84477,9779.0,San Francisco,162512.0,37.7206,-122.44311,81,230,26,34515
94114,1095000.0,2,2,955,48 SATURN ST,San Francisco,California,34474,9612.9,San Francisco,254595.0,37.75814,-122.43547,81,230,26,34574
94105,3850000.0,2,3,2706,301 MISSION ST APT 50A,San Francisco,California,13810,10568.6,San Francisco,347725.0,37.79239,-122.39707,81,230,26,34287
94110,715000.0,2,1,730,68 PATTON ST,San Francisco,California,70859,11447.9,San Francisco,223044.0,37.74975,-122.41528,81,230,26,34477
94112,975000.0,3,1,1534,52 LEO ST,San Francisco,California,84477,9779.0,San Francisco,162512.0,37.7206,-122.44311,81,230,26,34500
94131,3295000.0,4,4,2940,852 CHENERY ST,San Francisco,California,29437,5620.9,San Francisco,259573.0,37.74569,-122.44243,81,230,26,34838
94110,820000.0,2,2,1015,3301 CESAR CHAVEZ # 3301,San Francisco,California,70859,11447.9,San Francisco,223044.0,37.74975,-122.41528,81,230,26,34468
94107,1795000.0,3,2,1420,2177 3RD ST UNIT 221,San Francisco,California,28607,5951.9,San Francisco,226692.0,37.76473,-122.39508,81,230,26,34332
94114,1275000.0,2,2,1089,2238 MARKET ST UNIT 202,San Francisco,California,34474,9612.9,San Francisco,254595.0,37.75814,-122.43547,81,230,26,34551
94107,998000.0,2,2,1000,451 KANSAS ST UNIT 398,San Francisco,California,28607,5951.9,San Francisco,226692.0,37.76473,-122.39508,81,230,26,34342
94105,1295000.0,2,2,1281,301 MISSION ST APT 304,San Francisco,California,13810,10568.6,San Francisco,347725.0,37.79239,-122.39707,81,230,26,34292
94105,1395000.0,2,2,1238,425 1ST ST UNIT 906,San Francisco,California,13810,10568.6,San Francisco,347725.0,37.79239,-122.39707,81,230,26,34263
94122,2595000.0,4,5,2283,1515 11TH AVE,San Francisco,California,60144,7129.3,San Francisco,179517.0,37.76113,-122.48433,81,230,26,34740
94123,3595000.0,4,3,2485,39 AVILA ST,San Francisco,California,26002,9272.5,San Francisco,300463.0,37.80112,-122.43645,81,230,26,34757
94123,5495000.0,2,3,3122,2100 GREEN ST APT 800,San Francisco,California,26002,9272.5,San Francisco,300463.0,37.80112,-122.43645,81,230,26,34748
94107,950000.0,2,2,1187,260 KING ST UNIT 365,San Francisco,California,28607,5951.9,San Francisco,226692.0,37.76473,-122.39508,81,230,26,34358
94115,1295000.0,3,2,1596,2686 BUSH ST,San Francisco,California,34193,11617.6,San Francisco,215550.0,37.78608,-122.43742,81,230,26,34595
94133,11500000.0,2,3,3640,1750 TAYLOR ST UNIT 1401,San Francisco,California,26090,15319.0,San Francisco,141326.0,37.80193,-122.41092,81,230,26,34881
94132,799995.0,2,2,1242,208 N LAKE MERCED HLS APT 2E,San Francisco,California,29707,3662.2,San Francisco,146999.0,37.72219,-122.48475,81,230,26,34873
94115,32000000.0,10,7,11155,2898 BROADWAY ST,San Francisco,California,34193,11617.6,San Francisco,215550.0,37.78608,-122.43742,81,230,26,34588
94123,2200000.0,3,2,2223,3133 FRANKLIN ST,San Francisco,California,26002,9272.5,San Francisco,300463.0,37.80112,-122.43645,81,230,26,34778
94123,1025000.0,1,1,901,3701 DIVISADERO ST APT 203,San Francisco,California,26002,9272.5,San Francisco,300463.0,37.80112,-122.43645,81,230,26,34753
94117,999990.0,3,2,1695,42 BAKER ST,San Francisco,California,40701,12329.7,San Francisco,242062.0,37.77002,-122.44425,81,230,26,34653
94110,949000.0,1,2,988,1800 BRYANT ST APT 210,San Francisco,California,70859,11447.9,San Francisco,223044.0,37.74975,-122.41528,81,230,26,34470
94109,3999000.0,6,5,4256,1876 BUSH ST # 1878,San Francisco,California,56114,20085.5,San Francisco,167261.0,37.79334,-122.42138,81,230,26,34401
94134,1299000.0,3,2,1248,339 SWEENY ST,San Francisco,California,41977,6333.8,San Francisco,142394.0,37.71887,-122.41124,81,230,26,34907
94115,619000.0,1,1,613,2999 CALIFORNIA ST APT 63,San Francisco,California,34193,11617.6,San Francisco,215550.0,37.78608,-122.43742,81,230,26,34603
94116,1495000.0,3,2,1399,2687 16TH AVE,San Francisco,California,45510,6956.0,San Francisco,201841.0,37.74457,-122.48611,81,230,26,34637
94108,699000.0,1,1,756,1177 CALIFORNIA ST APT 1533,San Francisco,California,11963,17904.6,San Francisco,116916.0,37.79189,-122.40854,81,230,26,34367
94103,999999.0,3,3,1755,77 SHOTWELL ST APT 2,San Francisco,California,32430,9113.8,San Francisco,158861.0,37.77299,-122.41136,81,230,26,34259
94134,899000.0,2,1,960,526 LELAND AVE,San Francisco,California,41977,6333.8,San Francisco,142394.0,37.71887,-122.41124,81,230,26,34918
94121,1849000.0,4,3,2169,562 30TH AVE,San Francisco,California,43964,6697.2,San Francisco,187450.0,37.77849,-122.49548,81,230,26,34711
94107,1598000.0,2,2,1577,650 DELANCEY ST APT 204,San Francisco,California,28607,5951.9,San Francisco,226692.0,37.76473,-122.39508,81,230,26,34339
94122,1450000.0,3,3,1460,1420 KIRKHAM ST,San Francisco,California,60144,7129.3,San Francisco,179517.0,37.76113,-122.48433,81,230,26,34741
94133,1895000.0,2,2,1290,1451 MONTGOMERY ST APT 8,San Francisco,California,26090,15319.0,San Francisco,141326.0,37.80193,-122.41092,81,230,26,34882
94103,675000.0,1,1,745,1160 MISSION ST UNIT 2310,San Francisco,California,32430,9113.8,San Francisco,158861.0,37.77299,-122.41136,81,230,26,34246
94109,2175000.0,2,2,1802,2111 HYDE ST # 301,San Francisco,California,56114,20085.5,San Francisco,167261.0,37.79334,-122.42138,81,230,26,34424
94112,799000.0,2,1,788,115 FARALLONES ST,San Francisco,California,84477,9779.0,San Francisco,162512.0,37.7206,-122.44311,81,230,26,34501
94109,949000.0,2,3,1296,1452 BUSH ST UNIT 3,San Francisco,California,56114,20085.5,San Francisco,167261.0,37.79334,-122.42138,81,230,26,34385
94114,1599000.0,3,2,1644,49 VICKSBURG ST,San Francisco,California,34474,9612.9,San Francisco,254595.0,37.75814,-122.43547,81,230,26,34575
94109,899000.0,1,1,729,1580 PACIFIC AVE # E3,San Francisco,California,56114,20085.5,San Francisco,167261.0,37.79334,-122.42138,81,230,26,34403
94105,8650000.0,3,3,2351,1 STEUART LN UNIT 1706,San Francisco,California,13810,10568.6,San Francisco,347725.0,37.79239,-122.39707,81,230,26,34265
94158,749000.0,3,1,1020,300 CHANNEL ST # 49,San Francisco,California,10658,6736.3,San Francisco,244957.0,37.77116,-122.39153,81,230,26,34921
94103,2385000.0,2,2,1297,706 MISSION ST # 12C,San Francisco,California,32430,9113.8,San Francisco,158861.0,37.77299,-122.41136,81,230,26,34232
94110,2750000.0,5,3,2770,162 DUNCAN ST APT 162A,San Francisco,California,70859,11447.9,San Francisco,223044.0,37.74975,-122.41528,81,230,26,34448
94109,1945000.0,3,3,1985,1755 JACKSON ST APT 303,San Francisco,California,56114,20085.5,San Francisco,167261.0,37.79334,-122.42138,81,230,26,34376
94108,2295000.0,2,2,1408,875 CALIFORNIA ST UNIT 501,San Francisco,California,11963,17904.6,San Francisco,116916.0,37.79189,-122.40854,81,230,26,34371
94127,1895000.0,3,2,1772,344 SANTA ANA AVE,San Francisco,California,20927,4332.5,San Francisco,285493.0,37.73642,-122.45961,81,230,26,32035
94109,1149000.0,1,1,954,2540 POLK ST,San Francisco,California,56114,20085.5,San Francisco,167261.0,37.79334,-122.42138,81,230,26,34380
94122,2395000.0,3,4,2193,1719 43RD AVE,San Francisco,California,60144,7129.3,San Francisco,179517.0,37.76113,-122.48433,81,230,26,34744
94121,25000000.0,6,7,10961,540 EL CAMINO DEL MAR,San Francisco,California,43964,6697.2,San Francisco,187450.0,37.77849,-122.49548,81,230,26,34683
94131,625000.0,1,1,689,146 PORTOLA DR APT 204,San Francisco,California,29437,5620.9,San Francisco,259573.0,37.74569,-122.44243,81,230,26,34841
94123,2495000.0,3,3,2460,3137 GOUGH ST,San Francisco,California,26002,9272.5,San Francisco,300463.0,37.80112,-122.43645,81,230,26,34760
94112,2980000.0,4,5,3366,511 LAKEVIEW AVE,San Francisco,California,84477,9779.0,San Francisco,162512.0,37.7206,-122.44311,81,230,26,34503
94132,999000.0,4,2,1775,618 RANDOLPH ST,San Francisco,California,29707,3662.2,San Francisco,146999.0,37.72219,-122.48475,81,230,26,34858
94123,4995000.0,5,4,3456,3014 PIERCE ST,San Francisco,California,26002,9272.5,San Francisco,300463.0,37.80112,-122.43645,81,230,26,34769
94115,1395000.0,2,2,1003,2655 BUSH ST APT 605,San Francisco,California,34193,11617.6,San Francisco,215550.0,37.78608,-122.43742,81,230,26,34604
94109,849000.0,2,1,701,1281 VALLEJO ST APT 3,San Francisco,California,56114,20085.5,San Francisco,167261.0,37.79334,-122.42138,81,230,26,34400
94121,12995000.0,5,7,5935,16 SEA CLIFF AVE,San Francisco,California,43964,6697.2,San Francisco,187450.0,37.77849,-122.49548,81,230,26,34687
94124,899000.0,3,1,1205,1497 HUDSON AVE,San Francisco,California,35982,2910.8,San Francisco,111827.0,37.73204,-122.3858,81,230,26,34785
94114,1398000.0,2,2,1089,2238 MARKET ST UNIT 302,San Francisco,California,34474,9612.9,San Francisco,254595.0,37.75814,-122.43547,81,230,26,34554
94103,749000.0,2,2,998,588 MINNA ST UNIT 601,San Francisco,California,32430,9113.8,San Francisco,158861.0,37.77299,-122.41136,81,230,26,34230
94124,699000.0,2,2,927,451 DONAHUE ST UNIT 304,San Francisco,California,35982,2910.8,San Francisco,111827.0,37.73204,-122.3858,81,230,26,34784
94158,848000.0,1,1,842,435 CHINA BASIN ST UNIT 116,San Francisco,California,10658,6736.3,San Francisco,244957.0,37.77116,-122.39153,81,230,26,34920
94108,695000.0,1,1,600,10 MILLER PL APT 702,San Francisco,California,11963,17904.6,San Francisco,116916.0,37.79189,-122.40854,81,230,26,34360
94112,1100000.0,3,1,1300,32 WINDING WAY,San Francisco,California,84477,9779.0,San Francisco,162512.0,37.7206,-122.44311,81,230,26,34526
94115,1095000.0,4,2,1555,1826 GOLDEN GATE AVE,San Francisco,California,34193,11617.6,San Francisco,215550.0,37.78608,-122.43742,81,230,26,34585
94102,918000.0,2,1,714,388 FULTON ST UNIT 511,San Francisco,California,33856,19760.9,San Francisco,115649.0,37.77956,-122.41931,81,230,26,34223
94107,789000.0,1,1,644,2177 3RD ST UNIT 224,San Francisco,California,28607,5951.9,San Francisco,226692.0,37.76473,-122.39508,81,230,26,34327
94112,1299000.0,4,4,2100,20 MAJESTIC AVE,San Francisco,California,84477,9779.0,San Francisco,162512.0,37.7206,-122.44311,81,230,26,34514
94122,1298000.0,3,2,1750,1243 25TH AVE,San Francisco,California,60144,7129.3,San Francisco,179517.0,37.76113,-122.48433,81,230,26,34739
94109,12850000.0,4,6,5300,1100 UNION ST # 1000,San Francisco,California,56114,20085.5,San Francisco,167261.0,37.79334,-122.42138,81,230,26,34427
94132,1775000.0,4,3,2640,280 MORNINGSIDE DR,San Francisco,California,29707,3662.2,San Francisco,146999.0,37.72219,-122.48475,81,230,26,34874
94131,699000.0,1,1,735,353 ARLINGTON ST,San Francisco,California,29437,5620.9,San Francisco,259573.0,37.74569,-122.44243,81,230,26,34851
94112,1195000.0,3,2,1600,75 MONTECITO AVE,San Francisco,California,84477,9779.0,San Francisco,162512.0,37.7206,-122.44311,81,230,26,34540
94109,915000.0,2,2,1131,1 DANIEL BURNHAM CT APT 324,San Francisco,California,56114,20085.5,San Francisco,167261.0,37.79334,-122.42138,81,230,26,34414
94118,1699000.0,3,2,1456,1040 LAKE ST,San Francisco,California,41456,7982.1,San Francisco,227113.0,37.7801,-122.46185,81,230,26,34667
94109,2995000.0,4,3,2740,2164 HYDE ST APT 510,San Francisco,California,56114,20085.5,San Francisco,167261.0,37.79334,-122.42138,81,230,26,34408
94109,779000.0,1,1,804,1425 VALLEJO ST APT 301,San Francisco,California,56114,20085.5,San Francisco,167261.0,37.79334,-122.42138,81,230,26,34388
94115,3995000.0,5,4,4005,2637 BUCHANAN ST,San Francisco,California,34193,11617.6,San Francisco,215550.0,37.78608,-122.43742,81,230,26,34577
94103,849000.0,2,2,870,1075 MARKET ST UNIT 513,San Francisco,California,32430,9113.8,San Francisco,158861.0,37.77299,-122.41136,81,230,26,34242
94102,1098000.0,3,1,1400,485 OAK ST,San Francisco,California,33856,19760.9,San Francisco,115649.0,37.77956,-122.41931,81,230,26,34217
94133,1488000.0,1,1,986,999 GREEN ST APT 1805,San Francisco,California,26090,15319.0,San Francisco,141326.0,37.80193,-122.41092,81,230,26,34892
94109,790000.0,1,1,840,2363 LARKIN ST APT 31,San Francisco,California,56114,20085.5,San Francisco,167261.0,37.79334,-122.42138,81,230,26,34429
94121,1495000.0,3,2,1655,518 46TH AVE,San Francisco,California,43964,6697.2,San Francisco,187450.0,37.77849,-122.49548,81,230,26,34709
94102,888000.0,1,1,847,750 VAN NESS AVE UNIT 1301,San Francisco,California,33856,19760.9,San Francisco,115649.0,37.77956,-122.41931,81,230,26,34215
94110,700000.0,2,1,3024,2707 BRYANT ST,San Francisco,California,70859,11447.9,San Francisco,223044.0,37.74975,-122.41528,81,230,26,34465
94105,1050000.0,1,1,876,201 FOLSOM ST APT 11D,San Francisco,California,13810,10568.6,San Francisco,347725.0,37.79239,-122.39707,81,230,26,34264
94107,1088000.0,2,2,1102,815 TENNESSEE ST UNIT 202,San Francisco,California,28607,5951.9,San Francisco,226692.0,37.76473,-122.39508,81,230,26,34353
94122,1588000.0,2,1,750,1222 FUNSTON AVE,San Francisco,California,60144,7129.3,San Francisco,179517.0,37.76113,-122.48433,81,230,26,34742
94134,1050000.0,3,1,1300,65 DUNSMUIR ST,San Francisco,California,41977,6333.8,San Francisco,142394.0,37.71887,-122.41124,81,230,26,34917
94131,1695000.0,4,3,1914,18 GREENVIEW CT,San Francisco,California,29437,5620.9,San Francisco,259573.0,37.74569,-122.44243,81,230,26,34852
94112,1049900.0,3,2,1745,106 MADRID ST,San Francisco,California,84477,9779.0,San Francisco,162512.0,37.7206,-122.44311,81,230,26,34515
94133,699000.0,2,1,580,58 VARENNES ST # B,San Francisco,California,26090,15319.0,San Francisco,141326.0,37.80193,-122.41092,81,230,26,34883
94108,698000.0,2,2,775,946 STOCKTON ST APT 8A,San Francisco,California,11963,17904.6,San Francisco,116916.0,37.79189,-122.40854,81,230,26,34368
94114,925000.0,1,1,1020,4399 25TH ST,San Francisco,California,34474,9612.9,San Francisco,254595.0,37.75814,-122.43547,81,230,26,34572
94124,969000.0,2,2,1024,66 FLORA ST,San Francisco,California,35982,2910.8,San Francisco,111827.0,37.73204,-122.3858,81,230,26,34793
94105,1745000.0,2,2,1142,488 FOLSOM ST APT 4306,San Francisco,California,13810,10568.6,San Francisco,347725.0,37.79239,-122.39707,81,230,26,34286
94114,899000.0,1,1,714,2238 MARKET ST UNIT 306,San Francisco,California,34474,9612.9,San Francisco,254595.0,37.75814,-122.43547,81,230,26,34568
94116,2500000.0,4,2,2498,2539 18TH AVE,San Francisco,California,45510,6956.0,San Francisco,201841.0,37.74457,-122.48611,81,230,26,34622
94117,1195000.0,2,3,1418,931 CLAYTON ST,San Francisco,California,40701,12329.7,San Francisco,242062.0,37.77002,-122.44425,81,230,26,34647
94109,795000.0,1,1,849,1201 CALIFORNIA ST UNIT 303,San Francisco,California,56114,20085.5,San Francisco,167261.0,37.79334,-122.42138,81,230,26,34430
94112,849900.0,2,2,1000,506 NAPLES ST,San Francisco,California,84477,9779.0,San Francisco,162512.0,37.7206,-122.44311,81,230,26,34530
94121,1295000.0,2,1,1540,230 22ND AVE,San Francisco,California,43964,6697.2,San Francisco,187450.0,37.77849,-122.49548,81,230,26,34705
94115,729000.0,1,1,677,2075 SUTTER ST APT 319,San Francisco,California,34193,11617.6,San Francisco,215550.0,37.78608,-122.43742,81,230,26,34591
94105,749000.0,1,1,852,1 HAWTHORNE ST UNIT 6G,San Francisco,California,13810,10568.6,San Francisco,347725.0,37.79239,-122.39707,81,230,26,34306
94109,2600000.0,3,3,2158,1200 CALIFORNIA ST UNIT 17C,San Francisco,California,56114,20085.5,San Francisco,167261.0,37.79334,-122.42138,81,230,26,34383
94131,1350000.0,3,2,1427,630 PANORAMA DR,San Francisco,California,29437,5620.9,San Francisco,259573.0,37.74569,-122.44243,81,230,26,34831
94105,3295000.0,2,2,2635,75 FOLSOM ST APT 1502,San Francisco,California,13810,10568.6,San Francisco,347725.0,37.79239,-122.39707,81,230,26,34267
94124,849888.0,3,2,1250,56 GARNETT TER,San Francisco,California,35982,2910.8,San Francisco,111827.0,37.73204,-122.3858,81,230,26,34800
94124,819000.0,4,2,1260,1043 PALOU AVE,San Francisco,California,35982,2910.8,San Francisco,111827.0,37.73204,-122.3858,81,230,26,34799
94107,1295000.0,3,2,1377,262 MISSOURI ST,San Francisco,California,28607,5951.9,San Francisco,226692.0,37.76473,-122.39508,81,230,26,34315
94123,8990000.0,4,5,4065,2535 UNION ST,San Francisco,California,26002,9272.5,San Francisco,300463.0,37.80112,-122.43645,81,230,26,34752
94109,2500000.0,3,3,2300,1200 CALIFORNIA ST UNIT 15C,San Francisco,California,56114,20085.5,San Francisco,167261.0,37.79334,-122.42138,81,230,26,34375
94115,1395000.0,2,2,1515,2852 BUSH ST,San Francisco,California,34193,11617.6,San Francisco,215550.0,37.78608,-122.43742,81,230,26,34605
94112,828000.0,2,1,960,295 STAPLES AVE,San Francisco,California,84477,9779.0,San Francisco,162512.0,37.7206,-122.44311,81,230,26,34502
94103,799000.0,1,2,1200,1150 FOLSOM ST UNIT 2,San Francisco,California,32430,9113.8,San Francisco,158861.0,37.77299,-122.41136,81,230,26,34255
94103,699000.0,2,1,715,252 9TH ST APT 403,San Francisco,California,32430,9113.8,San Francisco,158861.0,37.77299,-122.41136,81,230,26,34238
94110,899000.0,2,2,1250,311 SHOTWELL ST,San Francisco,California,70859,11447.9,San Francisco,223044.0,37.74975,-122.41528,81,230,26,34484
94127,1695000.0,3,3,2051,126 GRANVILLE WAY,San Francisco,California,20927,4332.5,San Francisco,285493.0,37.73642,-122.45961,81,230,26,34813
94112,1200000.0,2,1,1018,125 THRIFT ST,San Francisco,California,84477,9779.0,San Francisco,162512.0,37.7206,-122.44311,81,230,26,34516
94103,849000.0,2,2,1304,60 RAUSCH ST APT 207,San Francisco,California,32430,9113.8,San Francisco,158861.0,37.77299,-122.41136,81,230,26,34245
94123,9950000.0,5,7,6200,2880 GREEN ST,San Francisco,California,26002,9272.5,San Francisco,300463.0,37.80112,-122.43645,81,230,26,34780
94131,5750000.0,5,6,4180,4326 CESAR CHAVEZ ST,San Francisco,California,29437,5620.9,San Francisco,259573.0,37.74569,-122.44243,81,230,26,34842
94123,4895000.0,4,5,3505,805 MARINA BLVD,San Francisco,California,26002,9272.5,San Francisco,300463.0,37.80112,-122.43645,81,230,26,34755
94105,2945000.0,2,2,1577,181 FREMONT ST UNIT 64D,San Francisco,California,13810,10568.6,San Francisco,347725.0,37.79239,-122.39707,81,230,26,34312
94112,1195000.0,5,2,2035,25 ROLPH ST,San Francisco,California,84477,9779.0,San Francisco,162512.0,37.7206,-122.44311,81,230,26,34519
94124,550000.0,1,1,736,10 INNES CT UNIT 208,San Francisco,California,35982,2910.8,San Francisco,111827.0,37.73204,-122.3858,81,230,26,34787
94110,998000.0,2,1,786,608 PERALTA AVE,San Francisco,California,70859,11447.9,San Francisco,223044.0,37.74975,-122.41528,81,230,26,34479
94121,1350000.0,3,2,1656,246 20TH AVE,San Francisco,California,43964,6697.2,San Francisco,187450.0,37.77849,-122.49548,81,230,26,34712
94112,849000.0,2,1,1154,1396 GENEVA AVE,San Francisco,California,84477,9779.0,San Francisco,162512.0,37.7206,-122.44311,81,230,26,34493
94123,7995000.0,5,7,5445,2644 FILBERT ST,San Francisco,California,26002,9272.5,San Francisco,300463.0,37.80112,-122.43645,81,230,26,34765
94115,2895000.0,3,3,2280,2172 PACIFIC AVE APT 1,San Francisco,California,34193,11617.6,San Francisco,215550.0,37.78608,-122.43742,81,230,26,34609
94124,949000.0,4,3,1546,11 GILROY ST,San Francisco,California,35982,2910.8,San Francisco,111827.0,37.73204,-122.3858,81,230,26,34790
94103,899000.0,1,1,746,62 ELGIN PARK,San Francisco,California,32430,9113.8,San Francisco,158861.0,37.77299,-122.41136,81,230,26,34236
94105,7750000.0,3,3,2556,1 STEUART LN UNIT 1401,San Francisco,California,13810,10568.6,San Francisco,347725.0,37.79239,-122.39707,81,230,26,34307
94105,1041250.0,1,1,880,1 STEUART LN UNIT 309,San Francisco,California,13810,10568.6,San Francisco,347725.0,37.79239,-122.39707,81,230,26,34288
94105,15500000.0,2,3,3256,181 FREMONT ST UNIT 68B,San Francisco,California,13810,10568.6,San Francisco,347725.0,37.79239,-122.39707,81,230,26,34304
94107,1150000.0,4,1,1137,1145 WISCONSIN ST,San Francisco,California,28607,5951.9,San Francisco,226692.0,37.76473,-122.39508,81,230,26,34343
94103,1325000.0,2,2,1109,1821 15TH ST APT 3,San Francisco,California,32430,9113.8,San Francisco,158861.0,37.77299,-122.41136,81,230,26,34254
94103,1199000.0,2,2,1415,73 SUMNER ST APT 402,San Francisco,California,32430,9113.8,San Francisco,158861.0,37.77299,-122.41136,81,230,26,34240
94103,1280000.0,2,1,1350,71 ALBION ST,San Francisco,California,32430,9113.8,San Francisco,158861.0,37.77299,-122.41136,81,230,26,34253
94123,4375000.0,3,4,2720,3239 WEBSTER ST,San Francisco,California,26002,9272.5,San Francisco,300463.0,37.80112,-122.43645,81,230,26,34771
94121,1899000.0,5,4,1982,870 48TH AVE,San Francisco,California,43964,6697.2,San Francisco,187450.0,37.77849,-122.49548,81,230,26,34707
94116,1398000.0,4,5,2144,1995 45TH AVE,San Francisco,California,45510,6956.0,San Francisco,201841.0,37.74457,-122.48611,81,230,26,34636
94131,749000.0,1,1,909,145 GARDENSIDE DR # 15,San Francisco,California,29437,5620.9,San Francisco,259573.0,37.74569,-122.44243,81,230,26,34857
94122,1275000.0,2,2,1265,1731 26TH AVE,San Francisco,California,60144,7129.3,San Francisco,179517.0,37.76113,-122.48433,81,230,26,34738
94131,1220000.0,3,2,1099,1570 CHURCH ST,San Francisco,California,29437,5620.9,San Francisco,259573.0,37.74569,-122.44243,81,230,26,34840
94105,5995000.0,3,4,2263,181 FREMONT ST UNIT 62B,San Francisco,California,13810,10568.6,San Francisco,347725.0,37.79239,-122.39707,81,230,26,34289
94109,765000.0,1,1,796,1800 WASHINGTON ST APT 112,San Francisco,California,56114,20085.5,San Francisco,167261.0,37.79334,-122.42138,81,230,26,34435
