Zip Code,Price,Beds,Baths,Living Space,Address,City,State,Zip Code Population,Zip Code Density,County,Median Household Income,Latitude,Longitude,county_num,city_num,state_num,address_num
90046,989000.0,2,2,1129,8223 LOOKOUT MOUNTAIN AVE,Los Angeles,California,48749,3322.1,Los Angeles,133455.0,34.10752,-118.36575,77,180,26,31668
90042,1499000.0,3,3,1850,322 N AVENUE 53,Los Angeles,California,59658,5096.9,Los Angeles,119492.0,34.11475,-118.192,77,180,26,31616
90066,719000.0,2,2,858,4040 GRAND VIEW BLVD UNIT 82,Los Angeles,California,54913,4409.4,Los Angeles,149261.0,34.00166,-118.43104,77,180,26,31761
90016,1000000.0,3,1,1073,3501 HILLCREST DR,Los Angeles,California,45884,4925.2,Los Angeles,93228.0,34.02881,-118.35436,77,180,26,31454
90026,2890000.0,10,8,4448,136 N RAMPART BLVD,Los Angeles,California,65921,6316.1,Los Angeles,112443.0,34.07883,-118.2637,77,180,26,31542
90023,549000.0,2,1,1088,935 ORME AVE,Los Angeles,California,45732,4089.8,Los Angeles,65512.0,34.02264,-118.19986,77,180,26,31500
90066,2400000.0,4,4,2317,3226 S BARRINGTON AVE,Los Angeles,California,54913,4409.4,Los Angeles,149261.0,34.00166,-118.43104,77,180,26,31768
90046,749999.0,2,2,1145,1745 CAMINO PALMERO ST APT 114,Los Angeles,California,48749,3322.1,Los Angeles,133455.0,34.10752,-118.36575,77,180,26,31666
90046,3895000.0,5,5,3520,1728 N SIERRA BONITA AVE,Los Angeles,California,48749,3322.1,Los Angeles,133455.0,34.10752,-118.36575,77,180,26,31657
90039,539000.0,2,2,1132,2344 FLETCHER DR APT 122,Los Angeles,California,28839,3059.2,Los Angeles,162614.0,34.11242,-118.26153,77,180,26,31607
90016,849999.0,2,2,1136,2706 S COCHRAN AVE,Los Angeles,California,45884,4925.2,Los Angeles,93228.0,34.02881,-118.35436,77,180,26,31457
90015,896000.0,2,2,1159,1050 S GRAND AVE UNIT 2003,Los Angeles,California,24228,5524.5,Los Angeles,98079.0,34.03932,-118.26625,77,180,26,31452
90020,410000.0,1,1,566,320 S ARDMORE AVE APT 309,Los Angeles,California,38124,13238.3,Los Angeles,89605.0,34.06638,-118.30986,77,180,26,31491
90028,865000.0,2,2,1200,6001 CARLTON WAY APT 104,Los Angeles,California,29887,7639.1,Los Angeles,80938.0,34.09982,-118.3268,77,180,26,31556
90027,9995000.0,5,5,6827,4808 BONVUE AVE,Los Angeles,California,44678,2123.2,Los Angeles,128791.0,34.12515,-118.29049,77,180,26,31544
90045,515000.0,1,1,566,7037 LA TIJERA BLVD APT F101,Los Angeles,California,41411,1486.1,Los Angeles,162028.0,33.95302,-118.40028,77,180,26,31647
90036,1495000.0,2,2,1574,937 S CURSON AVE,Los Angeles,California,37596,5911.0,Los Angeles,142054.0,34.07013,-118.34978,77,180,26,31589
90008,2349000.0,3,3,2894,5272 VERONICA ST,Los Angeles,California,31046,4142.9,Los Angeles,82519.0,34.01037,-118.3428,77,180,26,31435
90044,3195000.0,26,17,13320,1044 W 110TH ST,Los Angeles,California,100225,7584.4,Los Angeles,65389.0,33.95253,-118.29194,77,180,26,31635
90047,499000.0,2,1,1069,1916 W 75TH ST,Los Angeles,California,51494,4224.2,Los Angeles,86109.0,33.95456,-118.30899,77,180,26,31675
90017,535000.0,1,1,790,1100 WILSHIRE BLVD APT 3209,Los Angeles,California,28433,15527.8,Los Angeles,70591.0,34.05306,-118.26447,77,180,26,31472
90006,1149000.0,3,2,1718,1116 IROLO ST,Los Angeles,California,57136,11408.4,Los Angeles,64998.0,34.04807,-118.29411,77,180,26,31425
90057,1899000.0,8,8,4343,452 S BONNIE BRAE ST,Los Angeles,California,47604,20886.7,Los Angeles,58686.0,34.06205,-118.27704,77,180,26,31708
90038,1395000.0,4,2,1681,5837 WILLOUGHBY AVE,Los Angeles,California,27995,6983.0,Los Angeles,80935.0,34.08882,-118.32671,77,180,26,31600
90017,839000.0,1,2,972,877 FRANCISCO ST APT 1128,Los Angeles,California,28433,15527.8,Los Angeles,70591.0,34.05306,-118.26447,77,180,26,31471
90065,1399000.0,4,3,1627,4312 DIVISION ST,Los Angeles,California,46432,3265.3,Los Angeles,135151.0,34.10867,-118.22813,77,180,26,31753
90032,873000.0,4,2,1118,2515 MALLORY ST,Los Angeles,California,45298,3632.4,Los Angeles,95837.0,34.0793,-118.17835,77,180,26,31568
90066,1650000.0,3,2,1652,12721 RUBENS AVE,Los Angeles,California,54913,4409.4,Los Angeles,149261.0,34.00166,-118.43104,77,180,26,31772
90046,2195000.0,3,3,2552,737 N MARTEL AVE,Los Angeles,California,48749,3322.1,Los Angeles,133455.0,34.10752,-118.36575,77,180,26,31667
90068,3949000.0,5,7,5521,3001 DURAND DR,Los Angeles,California,21127,1019.2,Los Angeles,174419.0,34.12794,-118.32914,77,180,26,31796
90068,1895000.0,3,4,2013,6240 MULHOLLAND HWY,Los Angeles,California,21127,1019.2,Los Angeles,174419.0,34.12794,-118.32914,77,180,26,31802
90026,999000.0,3,2,1500,1802 EFFIE ST,Los Angeles,California,65921,6316.1,Los Angeles,112443.0,34.07883,-118.2637,77,180,26,31537
90029,1188000.0,3,4,1835,4323 1/2 BURNS AVE,Los Angeles,California,35037,9830.4,Los Angeles,80005.0,34.08983,-118.29467,77,180,26,31559
90057,1995000.0,10,10,6536,151 S MOUNTAIN VIEW AVE,Los Angeles,California,47604,20886.7,Los Angeles,58686.0,34.06205,-118.27704,77,180,26,31707
90004,475000.0,1,1,711,211 S BERENDO ST APT 8,Los Angeles,California,59621,7545.6,Los Angeles,103042.0,34.07624,-118.31101,77,180,26,31418
90028,1329000.0,2,1,1430,1432 GORDON ST,Los Angeles,California,29887,7639.1,Los Angeles,80938.0,34.09982,-118.3268,77,180,26,31558
90047,649900.0,2,2,972,1442 W 65TH PL,Los Angeles,California,51494,4224.2,Los Angeles,86109.0,33.95456,-118.30899,77,180,26,31678
90014,1475000.0,1,2,1540,849 S BROADWAY APT 308,Los Angeles,California,8547,11022.8,Los Angeles,72527.0,34.04302,-118.25182,77,180,26,31445
90029,1699000.0,3,4,2175,762 HYPERION AVE,Los Angeles,California,35037,9830.4,Los Angeles,80005.0,34.08983,-118.29467,77,180,26,31561
90019,1295000.0,2,2,1316,1621 S STANLEY AVE,Los Angeles,California,61061,6090.9,Los Angeles,98959.0,34.04861,-118.33874,77,180,26,31478
90026,1849000.0,3,4,2044,1639 N BANCROFT ST,Los Angeles,California,65921,6316.1,Los Angeles,112443.0,34.07883,-118.2637,77,180,26,31536
90035,1075000.0,2,1,1383,1828 S CRESCENT HEIGHTS BLVD,Los Angeles,California,26411,4480.7,Los Angeles,162155.0,34.05139,-118.38577,77,180,26,31588
90019,778888.0,3,3,1354,961 S MANHATTAN PL APT 3,Los Angeles,California,61061,6090.9,Los Angeles,98959.0,34.04861,-118.33874,77,180,26,31481
90043,729900.0,2,1,884,5128 2ND AVE,Los Angeles,California,44272,4167.1,Los Angeles,90565.0,33.98876,-118.33519,77,180,26,31633
90046,4950000.0,4,3,2604,9025 WONDERLAND AVE,Los Angeles,California,48749,3322.1,Los Angeles,133455.0,34.10752,-118.36575,77,180,26,31658
90001,575000.0,2,1,832,8510 S FIR AVE,Los Angeles,California,58245,6856.0,Los Angeles,70484.0,33.97365,-118.24904,77,180,26,31392
90064,2100000.0,3,2,1978,10547 DUNLEER DR,Los Angeles,California,25161,2608.4,Los Angeles,200388.0,34.0358,-118.42653,77,180,26,31744
90049,1600000.0,3,2,1908,3901 MANDEVILLE CANYON RD,Los Angeles,California,35853,924.6,Los Angeles,277249.0,34.08749,-118.48976,77,180,26,31700
90042,995000.0,2,2,1082,6161 POPPY PEAK DR,Los Angeles,California,59658,5096.9,Los Angeles,119492.0,34.11475,-118.192,77,180,26,31618
90049,1779000.0,3,3,2055,11982 MAYFIELD AVE APT C,Los Angeles,California,35853,924.6,Los Angeles,277249.0,34.08749,-118.48976,77,180,26,31696
90018,699000.0,2,1,942,2520 W 30TH ST,Los Angeles,California,51388,6612.0,Los Angeles,81349.0,34.0286,-118.31737,77,180,26,31477
90063,849000.0,3,2,1300,1512 DUNN AVE,Los Angeles,California,52954,6224.3,Los Angeles,81258.0,34.0452,-118.18583,77,180,26,31738
90064,3995000.0,5,6,3600,2547 MIDVALE AVE,Los Angeles,California,25161,2608.4,Los Angeles,200388.0,34.0358,-118.42653,77,180,26,31747
90004,1487500.0,8,6,3866,115 S WESTMORELAND AVE,Los Angeles,California,59621,7545.6,Los Angeles,103042.0,34.07624,-118.31101,77,180,26,31415
90068,3495000.0,4,4,3233,1979 N VAN NESS AVE,Los Angeles,California,21127,1019.2,Los Angeles,174419.0,34.12794,-118.32914,77,180,26,31801
90034,1399000.0,8,4,3920,2612 CHARITON ST,Los Angeles,California,53321,6638.6,Los Angeles,126743.0,34.03059,-118.39936,77,180,26,31579
90062,480000.0,2,1,974,1631 W 54TH ST,Los Angeles,California,34277,6935.4,Los Angeles,86642.0,34.0035,-118.30904,77,180,26,31731
90008,999000.0,3,2,2189,4062 8TH AVE,Los Angeles,California,31046,4142.9,Los Angeles,82519.0,34.01037,-118.3428,77,180,26,31431
90002,519995.0,2,1,648,1756 E 87TH ST,Los Angeles,California,54384,7016.7,Los Angeles,69610.0,33.94906,-118.24679,77,180,26,31403
90042,3680000.0,8,6,6140,140 S AVENUE 59,Los Angeles,California,59658,5096.9,Los Angeles,119492.0,34.11475,-118.192,77,180,26,31615
90016,1200000.0,3,2,1583,5471 VILLAGE GRN,Los Angeles,California,45884,4925.2,Los Angeles,93228.0,34.02881,-118.35436,77,180,26,31460
90066,1449000.0,3,2,1080,12513 WALSH AVE,Los Angeles,California,54913,4409.4,Los Angeles,149261.0,34.00166,-118.43104,77,180,26,31765
90024,1899000.0,2,2,1700,865 COMSTOCK AVE APT 6B,Los Angeles,California,50611,6570.9,Los Angeles,157143.0,34.06565,-118.43521,77,180,26,31502
90002,519000.0,2,2,552,8914 STANFORD AVE,Los Angeles,California,54384,7016.7,Los Angeles,69610.0,33.94906,-118.24679,77,180,26,31401
90027,2200000.0,4,3,1988,3803 EVANS ST,Los Angeles,California,44678,2123.2,Los Angeles,128791.0,34.12515,-118.29049,77,180,26,31546
90046,4195000.0,4,4,2851,2663 DESMOND ESTATES RD,Los Angeles,California,48749,3322.1,Los Angeles,133455.0,34.10752,-118.36575,77,180,26,31669
90027,4499000.0,5,6,4103,2009 N OXFORD AVE,Los Angeles,California,44678,2123.2,Los Angeles,128791.0,34.12515,-118.29049,77,180,26,31553
90002,399900.0,4,2,1213,8728 BEACH ST,Los Angeles,California,54384,7016.7,Los Angeles,69610.0,33.94906,-118.24679,77,180,26,31406
90067,1049000.0,2,2,1310,2131 CENTURY PARK LN APT 302,Los Angeles,California,2483,2228.7,Los Angeles,208822.0,34.0565,-118.41373,77,180,26,31779
90044,595000.0,2,1,908,1218 W 99TH ST,Los Angeles,California,100225,7584.4,Los Angeles,65389.0,33.95253,-118.29194,77,180,26,31643
90067,2950000.0,2,3,1830,211 W ELM CT # 5D,Los Angeles,California,2483,2228.7,Los Angeles,208822.0,34.0565,-118.41373,77,180,26,31781
90042,4375000.0,18,16,8854,6024 MONTEREY RD,Los Angeles,California,59658,5096.9,Los Angeles,119492.0,34.11475,-118.192,77,180,26,31621
90003,789000.0,8,4,2485,10400 S MAIN ST,Los Angeles,California,75190,8007.9,Los Angeles,65860.0,33.96409,-118.27368,77,180,26,31407
90065,1050000.0,4,3,2119,2706 W AVENUE 30,Los Angeles,California,46432,3265.3,Los Angeles,135151.0,34.10867,-118.22813,77,180,26,31754
90008,1150000.0,3,2,1955,3977 WELLAND AVE,Los Angeles,California,31046,4142.9,Los Angeles,82519.0,34.01037,-118.3428,77,180,26,31433
90024,875000.0,2,2,914,10982 ROEBLING AVE APT 542,Los Angeles,California,50611,6570.9,Los Angeles,157143.0,34.06565,-118.43521,77,180,26,31509
90016,935000.0,3,3,1520,5740 S GLENNIE LN APT H,Los Angeles,California,45884,4925.2,Los Angeles,93228.0,34.02881,-118.35436,77,180,26,31459
90017,808000.0,1,1,975,877 FRANCISCO ST APT 509,Los Angeles,California,28433,15527.8,Los Angeles,70591.0,34.05306,-118.26447,77,180,26,31470
90047,799000.0,4,3,2054,8759 S HARVARD BLVD,Los Angeles,California,51494,4224.2,Los Angeles,86109.0,33.95456,-118.30899,77,180,26,31676
90047,375000.0,2,1,988,6213 HAAS AVE,Los Angeles,California,51494,4224.2,Los Angeles,86109.0,33.95456,-118.30899,77,180,26,31672
90006,1499988.0,7,4,2838,1745 S KINGSLEY DR,Los Angeles,California,57136,11408.4,Los Angeles,64998.0,34.04807,-118.29411,77,180,26,31423
90049,6500000.0,4,3,2499,672 WALTHER WAY,Los Angeles,California,35853,924.6,Los Angeles,277249.0,34.08749,-118.48976,77,180,26,31697
90026,819000.0,2,1,1549,336 N RENO ST,Los Angeles,California,65921,6316.1,Los Angeles,112443.0,34.07883,-118.2637,77,180,26,31530
90065,998000.0,4,4,2551,3937 W POINT DR,Los Angeles,California,46432,3265.3,Los Angeles,135151.0,34.10867,-118.22813,77,180,26,31757
90007,1995000.0,5,2,3199,1165 W 37TH PL,Los Angeles,California,41270,6557.0,Los Angeles,56425.0,34.02819,-118.28486,77,180,26,31428
90046,1695000.0,3,2,1596,8550 RIDPATH DR,Los Angeles,California,48749,3322.1,Los Angeles,133455.0,34.10752,-118.36575,77,180,26,31665
90043,785000.0,3,1,1290,5432 7TH AVE,Los Angeles,California,44272,4167.1,Los Angeles,90565.0,33.98876,-118.33519,77,180,26,31624
90016,1575000.0,3,2,1783,3748 S MUIRFIELD RD,Los Angeles,California,45884,4925.2,Los Angeles,93228.0,34.02881,-118.35436,77,180,26,31462
90026,1100000.0,3,2,1204,1863 LUCRETIA AVE,Los Angeles,California,65921,6316.1,Los Angeles,112443.0,34.07883,-118.2637,77,180,26,31543
90024,7498000.0,6,6,5100,760 WESTHOLME AVE,Los Angeles,California,50611,6570.9,Los Angeles,157143.0,34.06565,-118.43521,77,180,26,31510
90018,1049000.0,3,2,1430,2371 W 30TH ST,Los Angeles,California,51388,6612.0,Los Angeles,81349.0,34.0286,-118.31737,77,180,26,31473
90039,1250000.0,2,2,1182,2207 APEX AVE,Los Angeles,California,28839,3059.2,Los Angeles,162614.0,34.11242,-118.26153,77,180,26,31604
90020,479900.0,1,1,639,424 S WESTMORELAND AVE APT 313,Los Angeles,California,38124,13238.3,Los Angeles,89605.0,34.06638,-118.30986,77,180,26,31490
90007,1900000.0,10,10,3050,1383 W 23RD ST,Los Angeles,California,41270,6557.0,Los Angeles,56425.0,34.02819,-118.28486,77,180,26,31430
90068,2225000.0,3,3,2388,2294 ALCYONA DR,Los Angeles,California,21127,1019.2,Los Angeles,174419.0,34.12794,-118.32914,77,180,26,31788
90003,550000.0,2,1,796,220 W 101ST ST,Los Angeles,California,75190,8007.9,Los Angeles,65860.0,33.96409,-118.27368,77,180,26,31408
90042,1049000.0,2,1,1050,5144 BALTIMORE ST,Los Angeles,California,59658,5096.9,Los Angeles,119492.0,34.11475,-118.192,77,180,26,31622
90043,695000.0,2,1,1079,5922 7TH AVE,Los Angeles,California,44272,4167.1,Los Angeles,90565.0,33.98876,-118.33519,77,180,26,31627
90027,1600000.0,3,2,1272,3831 CLAYTON AVE,Los Angeles,California,44678,2123.2,Los Angeles,128791.0,34.12515,-118.29049,77,180,26,31549
90011,1350000.0,12,6,3640,1260 E 53RD ST,Los Angeles,California,109511,9858.4,Los Angeles,69126.0,34.00689,-118.25861,77,180,26,31440
90023,689900.0,3,2,1240,1125 CAMULOS ST,Los Angeles,California,45732,4089.8,Los Angeles,65512.0,34.02264,-118.19986,77,180,26,31501
90063,599000.0,2,1,830,4015 FAIRMOUNT ST,Los Angeles,California,52954,6224.3,Los Angeles,81258.0,34.0452,-118.18583,77,180,26,31734
90064,1975000.0,3,2,1608,10571 BRADBURY RD,Los Angeles,California,25161,2608.4,Los Angeles,200388.0,34.0358,-118.42653,77,180,26,31742
90045,1200000.0,2,2,1608,5201 THORNBURN ST,Los Angeles,California,41411,1486.1,Los Angeles,162028.0,33.95302,-118.40028,77,180,26,31646
90029,1550000.0,7,5,3314,947 N ARDMORE AVE,Los Angeles,California,35037,9830.4,Los Angeles,80005.0,34.08983,-118.29467,77,180,26,31562
90039,2299000.0,4,6,2082,2552 ARMSTRONG AVE,Los Angeles,California,28839,3059.2,Los Angeles,162614.0,34.11242,-118.26153,77,180,26,31605
90035,1249900.0,3,2,1668,1519 STEARNS DR,Los Angeles,California,26411,4480.7,Los Angeles,162155.0,34.05139,-118.38577,77,180,26,31586
90044,1299000.0,8,4,2833,1226 W GAGE AVE,Los Angeles,California,100225,7584.4,Los Angeles,65389.0,33.95253,-118.29194,77,180,26,31641
90066,1850000.0,3,4,1773,3224 S BARRINGTON AVE,Los Angeles,California,54913,4409.4,Los Angeles,149261.0,34.00166,-118.43104,77,180,26,31774
90032,895000.0,2,2,1326,4608 EDELLE PL,Los Angeles,California,45298,3632.4,Los Angeles,95837.0,34.0793,-118.17835,77,180,26,31570
90023,499000.0,5,2,1325,3515 HUNTER ST,Los Angeles,California,45732,4089.8,Los Angeles,65512.0,34.02264,-118.19986,77,180,26,31499
90023,675000.0,3,2,1102,1143 S GRANDE VISTA AVE,Los Angeles,California,45732,4089.8,Los Angeles,65512.0,34.02264,-118.19986,77,180,26,31498
90016,990000.0,3,2,1195,3617 HILLCREST DR,Los Angeles,California,45884,4925.2,Los Angeles,93228.0,34.02881,-118.35436,77,180,26,31463
90047,914000.0,3,2,1541,2006 W 95TH ST,Los Angeles,California,51494,4224.2,Los Angeles,86109.0,33.95456,-118.30899,77,180,26,31674
90066,4499000.0,4,5,3400,12107 PALMS BLVD,Los Angeles,California,54913,4409.4,Los Angeles,149261.0,34.00166,-118.43104,77,180,26,31775
90062,749900.0,2,1,988,4519 S WILTON PL,Los Angeles,California,34277,6935.4,Los Angeles,86642.0,34.0035,-118.30904,77,180,26,31730
90016,1575000.0,4,3,1719,2138 S SYCAMORE AVE,Los Angeles,California,45884,4925.2,Los Angeles,93228.0,34.02881,-118.35436,77,180,26,31456
90021,3495000.0,3,4,2460,1850 E INDUSTRIAL ST APT 103,Los Angeles,California,2724,532.0,Los Angeles,85510.0,34.02909,-118.23889,77,180,26,31496
90019,1550000.0,4,4,1566,1630 S RIDGELEY DR,Los Angeles,California,61061,6090.9,Los Angeles,98959.0,34.04861,-118.33874,77,180,26,31487
90046,4495000.0,3,3,3535,2570 NICHOLS CANYON RD,Los Angeles,California,48749,3322.1,Los Angeles,133455.0,34.10752,-118.36575,77,180,26,31664
90011,2250000.0,24,12,11434,716 E VERNON AVE,Los Angeles,California,109511,9858.4,Los Angeles,69126.0,34.00689,-118.25861,77,180,26,31443
90046,7300000.0,36,36,22251,1424 N POINSETTIA PL,Los Angeles,California,48749,3322.1,Los Angeles,133455.0,34.10752,-118.36575,77,180,26,31662
90048,4195000.0,4,4,3683,100 N LA JOLLA AVE,Los Angeles,California,20504,4180.5,Los Angeles,172523.0,34.07293,-118.3727,77,180,26,31688
90020,605000.0,2,2,880,525 S BERENDO ST UNIT 116,Los Angeles,California,38124,13238.3,Los Angeles,89605.0,34.06638,-118.30986,77,180,26,31492
90048,1895000.0,3,3,2379,420 S HAMEL RD UNIT PH2,Los Angeles,California,20504,4180.5,Los Angeles,172523.0,34.07293,-118.3727,77,180,26,31687
90047,769900.0,2,2,1072,7601 LA SALLE AVE,Los Angeles,California,51494,4224.2,Los Angeles,86109.0,33.95456,-118.30899,77,180,26,31681
90045,1785000.0,3,2,1788,7635 BOEING AVE,Los Angeles,California,41411,1486.1,Los Angeles,162028.0,33.95302,-118.40028,77,180,26,31649
90008,380000.0,1,1,622,4431 DON RICARDO DR APT 10,Los Angeles,California,31046,4142.9,Los Angeles,82519.0,34.01037,-118.3428,77,180,26,31434
90002,675000.0,3,3,1218,936 E 91ST ST,Los Angeles,California,54384,7016.7,Los Angeles,69610.0,33.94906,-118.24679,77,180,26,31396
90064,1995000.0,4,3,2709,2493 ARMACOST AVE,Los Angeles,California,25161,2608.4,Los Angeles,200388.0,34.0358,-118.42653,77,180,26,31740
90068,999000.0,1,1,850,7234 WOODROW WILSON DR,Los Angeles,California,21127,1019.2,Los Angeles,174419.0,34.12794,-118.32914,77,180,26,31797
90077,999000.0,2,1,996,1212 N BEVERLY GLEN BLVD,Los Angeles,California,7729,411.0,Los Angeles,382344.0,34.10536,-118.45591,77,180,26,31815
90049,7698000.0,6,9,6929,123 N ANITA AVE,Los Angeles,California,35853,924.6,Los Angeles,277249.0,34.08749,-118.48976,77,180,26,31702
90046,780000.0,2,2,1201,1345 N FULLER AVE UNIT 306,Los Angeles,California,48749,3322.1,Los Angeles,133455.0,34.10752,-118.36575,77,180,26,31661
90019,2400000.0,11,11,7616,1649 S ST ANDREWS PL,Los Angeles,California,61061,6090.9,Los Angeles,98959.0,34.04861,-118.33874,77,180,26,31488
90066,1499000.0,3,2,1788,4233 COOLIDGE AVE,Los Angeles,California,54913,4409.4,Los Angeles,149261.0,34.00166,-118.43104,77,180,26,31767
90066,1995000.0,6,5,4900,11933 MODJESKA PL,Los Angeles,California,54913,4409.4,Los Angeles,149261.0,34.00166,-118.43104,77,180,26,31770
90063,475000.0,2,1,754,3941 DWIGGINS ST,Los Angeles,California,52954,6224.3,Los Angeles,81258.0,34.0452,-118.18583,77,180,26,31736
90033,659900.0,4,2,1830,2715 FAIRMOUNT ST,Los Angeles,California,47495,5597.5,Los Angeles,66196.0,34.05117,-118.21165,77,180,26,31574
90025,1898000.0,3,4,1945,1825 FOX HILLS DR APT 201,Los Angeles,California,44608,6751.9,Los Angeles,149531.0,34.04551,-118.44583,77,180,26,31519
90024,4695000.0,5,4,4007,728 WOODRUFF AVE,Los Angeles,California,50611,6570.9,Los Angeles,157143.0,34.06565,-118.43521,77,180,26,31508
90004,1487500.0,8,6,3858,119 S WESTMORELAND AVE,Los Angeles,California,59621,7545.6,Los Angeles,103042.0,34.07624,-118.31101,77,180,26,31416
90017,520000.0,1,1,750,1100 WILSHIRE BLVD APT 2703,Los Angeles,California,28433,15527.8,Los Angeles,70591.0,34.05306,-118.26447,77,180,26,31468
90006,5690000.0,30,66,40000,927 S ARDMORE AVE,Los Angeles,California,57136,11408.4,Los Angeles,64998.0,34.04807,-118.29411,77,180,26,31421
90028,850000.0,1,2,1410,6250 HOLLYWOOD BLVD UNIT 4F,Los Angeles,California,29887,7639.1,Los Angeles,80938.0,34.09982,-118.3268,77,180,26,31555
90036,1699999.0,3,3,1950,344 N VISTA ST,Los Angeles,California,37596,5911.0,Los Angeles,142054.0,34.07013,-118.34978,77,180,26,31591
90002,399999.0,2,1,900,1916 E 105TH ST,Los Angeles,California,54384,7016.7,Los Angeles,69610.0,33.94906,-118.24679,77,180,26,31398
90065,1395000.0,3,3,1632,4212 TOLAND WAY,Los Angeles,California,46432,3265.3,Los Angeles,135151.0,34.10867,-118.22813,77,180,26,31759
90045,2749900.0,5,6,3795,7612 COWAN AVE,Los Angeles,California,41411,1486.1,Los Angeles,162028.0,33.95302,-118.40028,77,180,26,31645
90004,1600000.0,3,3,2061,325 N WILTON PL,Los Angeles,California,59621,7545.6,Los Angeles,103042.0,34.07624,-118.31101,77,180,26,31414
90002,439900.0,2,1,360,8915 ELM ST,Los Angeles,California,54384,7016.7,Los Angeles,69610.0,33.94906,-118.24679,77,180,26,31405
90028,4795000.0,17,18,10166,1770 EL CERRITO PL,Los Angeles,California,29887,7639.1,Los Angeles,80938.0,34.09982,-118.3268,77,180,26,31554
90025,1199000.0,3,3,1514,1705 S WESTGATE AVE APT 4,Los Angeles,California,44608,6751.9,Los Angeles,149531.0,34.04551,-118.44583,77,180,26,31526
90037,2149000.0,10,9,5834,837 W 43RD PL,Los Angeles,California,68885,9210.6,Los Angeles,70292.0,34.00271,-118.28747,77,180,26,31596
90064,1400000.0,3,2,1392,2647 S BENTLEY AVE,Los Angeles,California,25161,2608.4,Los Angeles,200388.0,34.0358,-118.42653,77,180,26,31749
90046,4695000.0,5,4,3850,7984 OCEANUS DR,Los Angeles,California,48749,3322.1,Los Angeles,133455.0,34.10752,-118.36575,77,180,26,31654
90016,825000.0,3,1,1015,2925 S SPAULDING AVE,Los Angeles,California,45884,4925.2,Los Angeles,93228.0,34.02881,-118.35436,77,180,26,31458
90041,1995000.0,3,4,2315,5166 HIGH CREST AVE,Los Angeles,California,28956,3110.8,Los Angeles,152275.0,34.13749,-118.20746,77,180,26,31610
90010,685000.0,2,2,910,3810 WILSHIRE BLVD APT 908,Los Angeles,California,4313,4264.7,Los Angeles,122524.0,34.06209,-118.31262,77,180,26,31437
90016,1749000.0,4,4,2400,3715 HILLCREST DR,Los Angeles,California,45884,4925.2,Los Angeles,93228.0,34.02881,-118.35436,77,180,26,31465
90002,699000.0,4,3,828,723 E 103RD PL,Los Angeles,California,54384,7016.7,Los Angeles,69610.0,33.94906,-118.24679,77,180,26,31399
90061,2895000.0,24,15,8610,11308 S FIGUEROA ST,Los Angeles,California,29992,4267.6,Los Angeles,78288.0,33.92037,-118.27383,77,180,26,31720
90067,4350000.0,2,3,2616,10108 EMPYREAN WAY APT 302,Los Angeles,California,2483,2228.7,Los Angeles,208822.0,34.0565,-118.41373,77,180,26,31778
90004,779000.0,2,2,989,654 N VIRGIL AVE UNIT 204,Los Angeles,California,59621,7545.6,Los Angeles,103042.0,34.07624,-118.31101,77,180,26,31417
90044,750000.0,4,2,1266,12507 S NORMANDIE AVE,Los Angeles,California,100225,7584.4,Los Angeles,65389.0,33.95253,-118.29194,77,180,26,31637
90056,499000.0,2,1,918,5300 FAIRVIEW BLVD APT 11,Los Angeles,California,7956,1360.6,Los Angeles,164066.0,33.99361,-118.36884,77,180,26,31704
90038,1399000.0,3,4,2240,930 N RIDGEWOOD PL,Los Angeles,California,27995,6983.0,Los Angeles,80935.0,34.08882,-118.32671,77,180,26,31599
90034,2295000.0,4,3,1973,9420 HARGIS ST,Los Angeles,California,53321,6638.6,Los Angeles,126743.0,34.03059,-118.39936,77,180,26,31581
90068,2495000.0,2,2,1431,2700 HOLLYRIDGE DR,Los Angeles,California,21127,1019.2,Los Angeles,174419.0,34.12794,-118.32914,77,180,26,31800
90015,605000.0,1,1,900,1155 S GRAND AVE APT 1206,Los Angeles,California,24228,5524.5,Los Angeles,98079.0,34.03932,-118.26625,77,180,26,31453
90047,650000.0,2,1,1268,9115 S HOBART BLVD,Los Angeles,California,51494,4224.2,Los Angeles,86109.0,33.95456,-118.30899,77,180,26,31683
90033,659900.0,4,2,1830,2715 FAIRMOUNT ST,Los Angeles,California,47495,5597.5,Los Angeles,66196.0,34.05117,-118.21165,77,180,26,31574
90014,499000.0,1,1,470,215 W 7TH ST APT 1306,Los Angeles,California,8547,11022.8,Los Angeles,72527.0,34.04302,-118.25182,77,180,26,31447
90047,620000.0,2,1,1033,8631 HAAS AVE,Los Angeles,California,51494,4224.2,Los Angeles,86109.0,33.95456,-118.30899,77,180,26,31685
90034,1675000.0,3,3,1294,9103 GIBSON ST,Los Angeles,California,53321,6638.6,Los Angeles,126743.0,34.03059,-118.39936,77,180,26,31576
90049,798000.0,2,2,982,11750 W SUNSET BLVD APT 201,Los Angeles,California,35853,924.6,Los Angeles,277249.0,34.08749,-118.48976,77,180,26,31701
90024,810000.0,1,2,893,10501 WILSHIRE BLVD UNIT 1105,Los Angeles,California,50611,6570.9,Los Angeles,157143.0,34.06565,-118.43521,77,180,26,31507
90031,995000.0,3,2,1071,1124 MONTECITO DR,Los Angeles,California,38533,4251.3,Los Angeles,89180.0,34.08122,-118.21081,77,180,26,31563
90016,1419000.0,4,3,1809,5571 BODEN ST,Los Angeles,California,45884,4925.2,Los Angeles,93228.0,34.02881,-118.35436,77,180,26,31466
90049,849000.0,2,2,1137,11612 CHENAULT ST APT 5,Los Angeles,California,35853,924.6,Los Angeles,277249.0,34.08749,-118.48976,77,180,26,31695
90039,1399000.0,3,2,1871,2633 WAVERLY DR,Los Angeles,California,28839,3059.2,Los Angeles,162614.0,34.11242,-118.26153,77,180,26,31606
90047,625000.0,3,2,1604,1814 W 84TH ST,Los Angeles,California,51494,4224.2,Los Angeles,86109.0,33.95456,-118.30899,77,180,26,31673
90066,4200000.0,5,6,3957,3539 INGLEWOOD BLVD,Los Angeles,California,54913,4409.4,Los Angeles,149261.0,34.00166,-118.43104,77,180,26,31773
90068,2925000.0,4,4,2816,3174 DERONDA DR,Los Angeles,California,21127,1019.2,Los Angeles,174419.0,34.12794,-118.32914,77,180,26,31794
90065,875000.0,3,1,977,336 ISABEL ST,Los Angeles,California,46432,3265.3,Los Angeles,135151.0,34.10867,-118.22813,77,180,26,31760
90062,899900.0,5,6,2027,1447 W 47TH ST,Los Angeles,California,34277,6935.4,Los Angeles,86642.0,34.0035,-118.30904,77,180,26,31726
90037,699000.0,3,2,1298,853 W 50TH ST,Los Angeles,California,68885,9210.6,Los Angeles,70292.0,34.00271,-118.28747,77,180,26,31595
90026,1099000.0,2,2,1152,134 DOUGLAS ST,Los Angeles,California,65921,6316.1,Los Angeles,112443.0,34.07883,-118.2637,77,180,26,31534
90018,1999950.0,12,6,6800,2404 5TH AVE,Los Angeles,California,51388,6612.0,Los Angeles,81349.0,34.0286,-118.31737,77,180,26,31475
90043,1699000.0,3,2,1902,5631 MARBURN AVE,Los Angeles,California,44272,4167.1,Los Angeles,90565.0,33.98876,-118.33519,77,180,26,31625
90039,750000.0,2,1,980,4125 PERLITA AVE APT B,Los Angeles,California,28839,3059.2,Los Angeles,162614.0,34.11242,-118.26153,77,180,26,31603
90031,1444000.0,4,2,2000,3123 JOHNSTON ST,Los Angeles,California,38533,4251.3,Los Angeles,89180.0,34.08122,-118.21081,77,180,26,31564
90067,2395000.0,2,4,2498,10128 EMPYREAN WAY APT 302,Los Angeles,California,2483,2228.7,Los Angeles,208822.0,34.0565,-118.41373,77,180,26,31780
90046,7995000.0,5,6,8250,1727 N STANLEY AVE,Los Angeles,California,48749,3322.1,Los Angeles,133455.0,34.10752,-118.36575,77,180,26,31663
90025,1249000.0,2,3,1310,1316 AMHERST AVE APT 402,Los Angeles,California,44608,6751.9,Los Angeles,149531.0,34.04551,-118.44583,77,180,26,31525
90032,829999.0,3,1,1106,4620 DRUID ST,Los Angeles,California,45298,3632.4,Los Angeles,95837.0,34.0793,-118.17835,77,180,26,31567
90064,899000.0,2,2,1270,2219 S BENTLEY AVE APT 102,Los Angeles,California,25161,2608.4,Los Angeles,200388.0,34.0358,-118.42653,77,180,26,31745
90015,640000.0,1,1,970,1155 S GRAND AVE APT 1007,Los Angeles,California,24228,5524.5,Los Angeles,98079.0,34.03932,-118.26625,77,180,26,31450
90034,2125000.0,8,6,5104,2011 S SHENANDOAH ST,Los Angeles,California,53321,6638.6,Los Angeles,126743.0,34.03059,-118.39936,77,180,26,31582
90001,680000.0,4,2,1161,1156 E 65TH ST,Los Angeles,California,58245,6856.0,Los Angeles,70484.0,33.97365,-118.24904,77,180,26,31391
90063,399900.0,2,1,660,822 N GAGE AVE,Los Angeles,California,52954,6224.3,Los Angeles,81258.0,34.0452,-118.18583,77,180,26,31737
90042,928000.0,3,1,882,1128 LE GRAY AVE,Los Angeles,California,59658,5096.9,Los Angeles,119492.0,34.11475,-118.192,77,180,26,31623
90042,1350000.0,3,2,1500,1829 NOLDEN ST,Los Angeles,California,59658,5096.9,Los Angeles,119492.0,34.11475,-118.192,77,180,26,31614
90032,679000.0,2,1,1235,3722 HELLMAN AVE,Los Angeles,California,45298,3632.4,Los Angeles,95837.0,34.0793,-118.17835,77,180,26,31569
90024,2100000.0,2,3,2298,10430 WILSHIRE BLVD APT 1803,Los Angeles,California,50611,6570.9,Los Angeles,157143.0,34.06565,-118.43521,77,180,26,31512
90044,699999.0,3,2,1706,1261 W 80TH ST,Los Angeles,California,100225,7584.4,Los Angeles,65389.0,33.95253,-118.29194,77,180,26,31636
90024,1475000.0,2,3,2162,10590 WILSHIRE BLVD APT 1804,Los Angeles,California,50611,6570.9,Los Angeles,157143.0,34.06565,-118.43521,77,180,26,31513
90062,1100000.0,4,5,2170,3879 CIMARRON ST,Los Angeles,California,34277,6935.4,Los Angeles,86642.0,34.0035,-118.30904,77,180,26,31725
90027,2750000.0,8,6,5954,1977 N KENMORE AVE,Los Angeles,California,44678,2123.2,Los Angeles,128791.0,34.12515,-118.29049,77,180,26,31548
90029,550000.0,2,1,1047,1046 N NORMANDIE AVE APT 7,Los Angeles,California,35037,9830.4,Los Angeles,80005.0,34.08983,-118.29467,77,180,26,31560
90043,789000.0,2,1,1296,4703 5TH AVE,Los Angeles,California,44272,4167.1,Los Angeles,90565.0,33.98876,-118.33519,77,180,26,31631
90025,685000.0,2,2,922,1885 VETERAN AVE APT 204,Los Angeles,California,44608,6751.9,Los Angeles,149531.0,34.04551,-118.44583,77,180,26,31523
90045,4195000.0,5,6,3983,7735 HOSFORD AVE,Los Angeles,California,41411,1486.1,Los Angeles,162028.0,33.95302,-118.40028,77,180,26,31648
90068,6299000.0,6,9,7005,6312 MIRROR LAKE DR,Los Angeles,California,21127,1019.2,Los Angeles,174419.0,34.12794,-118.32914,77,180,26,31799
90002,790000.0,4,3,1708,8723 ELM ST,Los Angeles,California,54384,7016.7,Los Angeles,69610.0,33.94906,-118.24679,77,180,26,31397
90065,549000.0,1,1,528,255 1/2 ISABEL ST,Los Angeles,California,46432,3265.3,Los Angeles,135151.0,34.10867,-118.22813,77,180,26,31756
90068,2775000.0,5,4,2329,3371 BENNETT DR,Los Angeles,California,21127,1019.2,Los Angeles,174419.0,34.12794,-118.32914,77,180,26,31792
90020,888000.0,2,2,1272,540 S KENMORE AVE UNIT 801,Los Angeles,California,38124,13238.3,Los Angeles,89605.0,34.06638,-118.30986,77,180,26,31494
90004,529000.0,1,1,635,532 N ROSSMORE AVE APT 109,Los Angeles,California,59621,7545.6,Los Angeles,103042.0,34.07624,-118.31101,77,180,26,31412
90046,4995000.0,5,5,3700,7825 HILLSIDE AVE,Los Angeles,California,48749,3322.1,Los Angeles,133455.0,34.10752,-118.36575,77,180,26,31659
90059,3695000.0,30,18,12122,12624 S WILMINGTON AVE,Los Angeles,California,41315,5045.4,Los Angeles,69305.0,33.92709,-118.2491,77,180,26,31713
90011,549000.0,3,2,1026,628 E 55TH ST,Los Angeles,California,109511,9858.4,Los Angeles,69126.0,34.00689,-118.25861,77,180,26,31439
90025,1075000.0,2,2,1328,1730 SAWTELLE BLVD APT 111,Los Angeles,California,44608,6751.9,Los Angeles,149531.0,34.04551,-118.44583,77,180,26,31520
90041,1279000.0,2,2,1558,5101 LUNSFORD DR,Los Angeles,California,28956,3110.8,Los Angeles,152275.0,34.13749,-118.20746,77,180,26,31611
90026,4000000.0,14,20,16401,320 N MOUNTAIN VIEW AVE,Los Angeles,California,65921,6316.1,Los Angeles,112443.0,34.07883,-118.2637,77,180,26,31538
90039,959000.0,5,3,1863,4026 BAYWOOD ST,Los Angeles,California,28839,3059.2,Los Angeles,162614.0,34.11242,-118.26153,77,180,26,31602
90007,1399500.0,4,4,2366,2917 KENWOOD AVE,Los Angeles,California,41270,6557.0,Los Angeles,56425.0,34.02819,-118.28486,77,180,26,31426
90039,2995000.0,4,5,2928,2117 REDROCK CT,Los Angeles,California,28839,3059.2,Los Angeles,162614.0,34.11242,-118.26153,77,180,26,31608
90033,848000.0,4,2,1092,2515 PENNSYLVANIA AVE,Los Angeles,California,47495,5597.5,Los Angeles,66196.0,34.05117,-118.21165,77,180,26,31575
90049,1795000.0,2,3,1695,11863 DARLINGTON AVE PH 1,Los Angeles,California,35853,924.6,Los Angeles,277249.0,34.08749,-118.48976,77,180,26,31699
90047,1850000.0,12,6,4910,1508 W FLORENCE AVE,Los Angeles,California,51494,4224.2,Los Angeles,86109.0,33.95456,-118.30899,77,180,26,31679
90002,550000.0,3,2,684,8917 ELM ST,Los Angeles,California,54384,7016.7,Los Angeles,69610.0,33.94906,-118.24679,77,180,26,31404
90024,1575000.0,2,3,2150,10724 WILSHIRE BLVD APT 905,Los Angeles,California,50611,6570.9,Los Angeles,157143.0,34.06565,-118.43521,77,180,26,31518
90034,3999000.0,4,5,3018,9717 BEVERLYWOOD ST,Los Angeles,California,53321,6638.6,Los Angeles,126743.0,34.03059,-118.39936,77,180,26,31578
90067,829000.0,1,1,853,2160 CENTURY PARK E APT 1704,Los Angeles,California,2483,2228.7,Los Angeles,208822.0,34.0565,-118.41373,77,180,26,31786
90019,2395000.0,5,5,2441,1156 S HIGHLAND AVE,Los Angeles,California,61061,6090.9,Los Angeles,98959.0,34.04861,-118.33874,77,180,26,31479
90024,2950000.0,2,2,3000,10580 WILSHIRE BLVD APT 16,Los Angeles,California,50611,6570.9,Los Angeles,157143.0,34.06565,-118.43521,77,180,26,31504
90011,545000.0,2,1,700,4855 ASCOT AVE,Los Angeles,California,109511,9858.4,Los Angeles,69126.0,34.00689,-118.25861,77,180,26,31441
90048,1498000.0,4,2,2461,6319 COLGATE AVE,Los Angeles,California,20504,4180.5,Los Angeles,172523.0,34.07293,-118.3727,77,180,26,31690
90008,775000.0,3,2,1570,3750 SANTA ROSALIA DR APT 612,Los Angeles,California,31046,4142.9,Los Angeles,82519.0,34.01037,-118.3428,77,180,26,31432
90061,650000.0,3,2,1902,11863 AVALON BLVD,Los Angeles,California,29992,4267.6,Los Angeles,78288.0,33.92037,-118.27383,77,180,26,31724
90022,549000.0,2,1,604,4341 DOZIER ST,Los Angeles,California,65110,5684.6,Los Angeles,77531.0,34.02455,-118.15608,77,180,26,31497
90048,2195000.0,2,2,2419,100 N WETHERLY DR # PHD,Los Angeles,California,20504,4180.5,Los Angeles,172523.0,34.07293,-118.3727,77,180,26,31694
90043,844000.0,3,3,2576,2629 W 75TH ST,Los Angeles,California,44272,4167.1,Los Angeles,90565.0,33.98876,-118.33519,77,180,26,31629
90032,1295000.0,3,3,1726,5710 KENDALL AVE,Los Angeles,California,45298,3632.4,Los Angeles,95837.0,34.0793,-118.17835,77,180,26,31571
90020,1050000.0,3,3,1784,319 S SERRANO AVE,Los Angeles,California,38124,13238.3,Los Angeles,89605.0,34.06638,-118.30986,77,180,26,31493
90047,720000.0,3,2,1441,2100 W 73RD ST,Los Angeles,California,51494,4224.2,Los Angeles,86109.0,33.95456,-118.30899,77,180,26,31684
90067,7700000.0,3,4,3320,211 W ELM CT # 17A,Los Angeles,California,2483,2228.7,Los Angeles,208822.0,34.0565,-118.41373,77,180,26,31787
90077,2395000.0,3,2,2292,2185 BASIL LN,Los Angeles,California,7729,411.0,Los Angeles,382344.0,34.10536,-118.45591,77,180,26,31813
90066,2699000.0,4,4,2500,12527 GILMORE AVE,Los Angeles,California,54913,4409.4,Los Angeles,149261.0,34.00166,-118.43104,77,180,26,31762
90024,1599000.0,4,4,2261,10590 WILSHIRE BLVD APT 307,Los Angeles,California,50611,6570.9,Los Angeles,157143.0,34.06565,-118.43521,77,180,26,31511
90025,3998000.0,4,5,3677,1901 THAYER AVE,Los Angeles,California,44608,6751.9,Los Angeles,149531.0,34.04551,-118.44583,77,180,26,31524
90024,1795000.0,2,3,1724,10555 ASHTON AVE APT 303,Los Angeles,California,50611,6570.9,Los Angeles,157143.0,34.06565,-118.43521,77,180,26,31505
90026,1499000.0,3,2,1678,810 CORONADO TER,Los Angeles,California,65921,6316.1,Los Angeles,112443.0,34.07883,-118.2637,77,180,26,31533
90035,1595000.0,2,3,2042,1318 ROXBURY DR UNIT 116,Los Angeles,California,26411,4480.7,Los Angeles,162155.0,34.05139,-118.38577,77,180,26,31587
90017,700000.0,2,2,1140,1234 WILSHIRE BLVD APT 605,Los Angeles,California,28433,15527.8,Los Angeles,70591.0,34.05306,-118.26447,77,180,26,31467
90048,3685000.0,4,4,3786,6430 COLGATE AVE,Los Angeles,California,20504,4180.5,Los Angeles,172523.0,34.07293,-118.3727,77,180,26,31689
90002,490000.0,2,1,680,10608 HICKORY ST,Los Angeles,California,54384,7016.7,Los Angeles,69610.0,33.94906,-118.24679,77,180,26,31400
90026,2250000.0,4,2,2613,1743 N DILLON ST,Los Angeles,California,65921,6316.1,Los Angeles,112443.0,34.07883,-118.2637,77,180,26,31529
90003,620000.0,3,2,1027,344 E 95TH ST,Los Angeles,California,75190,8007.9,Los Angeles,65860.0,33.96409,-118.27368,77,180,26,31410
90020,895000.0,2,2,1661,333 S WILTON PL APT 6,Los Angeles,California,38124,13238.3,Los Angeles,89605.0,34.06638,-118.30986,77,180,26,31489
90026,1360000.0,3,2,1679,1537 RENDALL PL,Los Angeles,California,65921,6316.1,Los Angeles,112443.0,34.07883,-118.2637,77,180,26,31539
90007,1295000.0,3,2,1241,1359 W 35TH PL,Los Angeles,California,41270,6557.0,Los Angeles,56425.0,34.02819,-118.28486,77,180,26,31429
90002,599000.0,3,2,1648,1129 E 103RD ST,Los Angeles,California,54384,7016.7,Los Angeles,69610.0,33.94906,-118.24679,77,180,26,31402
90064,1028000.0,2,3,1518,2369 S BEVERLY GLEN BLVD UNIT 101,Los Angeles,California,25161,2608.4,Los Angeles,200388.0,34.0358,-118.42653,77,180,26,31743
90059,625000.0,4,3,1456,1323 E 110TH ST,Los Angeles,California,41315,5045.4,Los Angeles,69305.0,33.92709,-118.2491,77,180,26,31712
90059,669000.0,3,1,1203,1503 E 118TH ST,Los Angeles,California,41315,5045.4,Los Angeles,69305.0,33.92709,-118.2491,77,180,26,31709
90062,998900.0,4,4,1610,1860 W 41ST PL,Los Angeles,California,34277,6935.4,Los Angeles,86642.0,34.0035,-118.30904,77,180,26,31728
90066,1850000.0,4,2,1757,12449 STANWOOD PL,Los Angeles,California,54913,4409.4,Los Angeles,149261.0,34.00166,-118.43104,77,180,26,31764
90016,4599000.0,20,20,13390,2340 CRENSHAW BLVD,Los Angeles,California,45884,4925.2,Los Angeles,93228.0,34.02881,-118.35436,77,180,26,31464
90007,1399500.0,6,2,2544,2921 KENWOOD AVE,Los Angeles,California,41270,6557.0,Los Angeles,56425.0,34.02819,-118.28486,77,180,26,31427
90059,659000.0,3,1,1008,11913 STANFORD AVE,Los Angeles,California,41315,5045.4,Los Angeles,69305.0,33.92709,-118.2491,77,180,26,31714
90015,559000.0,1,1,700,939 S BROADWAY APT 413,Los Angeles,California,24228,5524.5,Los Angeles,98079.0,34.03932,-118.26625,77,180,26,31451
90046,2495000.0,4,4,3293,2700 HARLESDEN CT,Los Angeles,California,48749,3322.1,Los Angeles,133455.0,34.10752,-118.36575,77,180,26,31656
90001,1695000.0,11,6,3287,903 E 79TH ST,Los Angeles,California,58245,6856.0,Los Angeles,70484.0,33.97365,-118.24904,77,180,26,31395
90038,1595000.0,7,6,2546,1134 N BEACHWOOD DR,Los Angeles,California,27995,6983.0,Los Angeles,80935.0,34.08882,-118.32671,77,180,26,31598
90021,890000.0,1,1,1410,1855 E INDUSTRIAL ST APT 314,Los Angeles,California,2724,532.0,Los Angeles,85510.0,34.02909,-118.23889,77,180,26,31495
90067,3275000.0,2,3,1806,211 W ELM CT # 6B,Los Angeles,California,2483,2228.7,Los Angeles,208822.0,34.0565,-118.41373,77,180,26,31785
90025,545000.0,1,1,614,11959 NEBRASKA AVE APT 101,Los Angeles,California,44608,6751.9,Los Angeles,149531.0,34.04551,-118.44583,77,180,26,31527
90067,1350000.0,2,2,1555,2131 CENTURY PARK LN APT 407,Los Angeles,California,2483,2228.7,Los Angeles,208822.0,34.0565,-118.41373,77,180,26,31784
90043,1100000.0,4,3,2265,6520 6TH AVE,Los Angeles,California,44272,4167.1,Los Angeles,90565.0,33.98876,-118.33519,77,180,26,31630
90025,960000.0,2,2,1549,1921 MALCOLM AVE APT 101,Los Angeles,California,44608,6751.9,Los Angeles,149531.0,34.04551,-118.44583,77,180,26,31528
90068,2495000.0,4,4,2931,6266 RODGERTON DR,Los Angeles,California,21127,1019.2,Los Angeles,174419.0,34.12794,-118.32914,77,180,26,31791
90026,1290000.0,3,1,1184,840 CORONADO TER,Los Angeles,California,65921,6316.1,Los Angeles,112443.0,34.07883,-118.2637,77,180,26,31541
90036,1625000.0,3,3,1944,308 N SYCAMORE AVE APT 108,Los Angeles,California,37596,5911.0,Los Angeles,142054.0,34.07013,-118.34978,77,180,26,31592
90063,775000.0,5,2,1634,550 S INDIANA ST,Los Angeles,California,52954,6224.3,Los Angeles,81258.0,34.0452,-118.18583,77,180,26,31733
90011,530000.0,3,1,1320,504 E 47TH ST,Los Angeles,California,109511,9858.4,Los Angeles,69126.0,34.00689,-118.25861,77,180,26,31444
90019,1350000.0,6,6,2376,1839 S LA BREA AVE,Los Angeles,California,61061,6090.9,Los Angeles,98959.0,34.04861,-118.33874,77,180,26,31484
90047,875000.0,4,3,1972,10000 S GRAMERCY PL,Los Angeles,California,51494,4224.2,Los Angeles,86109.0,33.95456,-118.30899,77,180,26,31680
90036,3090000.0,4,3,3749,843 S CITRUS AVE,Los Angeles,California,37596,5911.0,Los Angeles,142054.0,34.07013,-118.34978,77,180,26,31590
90016,2350000.0,3,3,3195,2200 WELLINGTON RD,Los Angeles,California,45884,4925.2,Los Angeles,93228.0,34.02881,-118.35436,77,180,26,31455
90035,1825000.0,3,2,2205,1029 S ORLANDO AVE,Los Angeles,California,26411,4480.7,Los Angeles,162155.0,34.05139,-118.38577,77,180,26,31585
90034,3695000.0,4,5,3890,3025 MIDVALE AVE,Los Angeles,California,53321,6638.6,Los Angeles,126743.0,34.03059,-118.39936,77,180,26,31583
90032,1188888.0,3,3,2000,4861 FARQUHAR ST,Los Angeles,California,45298,3632.4,Los Angeles,95837.0,34.0793,-118.17835,77,180,26,31572
90046,1200000.0,3,3,2140,1525 N HAYWORTH AVE APT 302,Los Angeles,California,48749,3322.1,Los Angeles,133455.0,34.10752,-118.36575,77,180,26,31660
90024,875000.0,2,2,1420,10650 HOLMAN AVE APT 209,Los Angeles,California,50611,6570.9,Los Angeles,157143.0,34.06565,-118.43521,77,180,26,31515
90067,679900.0,1,1,815,2160 CENTURY PARK E APT 1203,Los Angeles,California,2483,2228.7,Los Angeles,208822.0,34.0565,-118.41373,77,180,26,31783
90043,650000.0,3,2,1386,5739 8TH AVE,Los Angeles,California,44272,4167.1,Los Angeles,90565.0,33.98876,-118.33519,77,180,26,31632
90066,3699000.0,4,4,3509,11907 PACIFIC AVE,Los Angeles,California,54913,4409.4,Los Angeles,149261.0,34.00166,-118.43104,77,180,26,31766
90063,849000.0,4,4,2992,1164 N ROWAN AVE,Los Angeles,California,52954,6224.3,Los Angeles,81258.0,34.0452,-118.18583,77,180,26,31739
90024,1399000.0,3,3,1824,10433 WILSHIRE BLVD APT 309,Los Angeles,California,50611,6570.9,Los Angeles,157143.0,34.06565,-118.43521,77,180,26,31506
90063,749999.0,3,2,1483,544 S GRANDE VISTA AVE,Los Angeles,California,52954,6224.3,Los Angeles,81258.0,34.0452,-118.18583,77,180,26,31735
90047,635000.0,2,1,1221,1638 W 105TH ST,Los Angeles,California,51494,4224.2,Los Angeles,86109.0,33.95456,-118.30899,77,180,26,31682
90047,725000.0,4,2,2155,10310 S HOBART BLVD,Los Angeles,California,51494,4224.2,Los Angeles,86109.0,33.95456,-118.30899,77,180,26,31671
90041,1619000.0,4,3,1979,1258 KIPLING AVE,Los Angeles,California,28956,3110.8,Los Angeles,152275.0,34.13749,-118.20746,77,180,26,31612
90015,699000.0,1,2,1258,1130 S FLOWER ST APT 310,Los Angeles,California,24228,5524.5,Los Angeles,98079.0,34.03932,-118.26625,77,180,26,31448
90018,999900.0,3,2,1606,3732 CHERRYWOOD AVE,Los Angeles,California,51388,6612.0,Los Angeles,81349.0,34.0286,-118.31737,77,180,26,31476
90065,1098000.0,2,3,1274,4124 SEA VIEW LN,Los Angeles,California,46432,3265.3,Los Angeles,135151.0,34.10867,-118.22813,77,180,26,31755
90063,524000.0,2,1,780,444 N EZRA ST,Los Angeles,California,52954,6224.3,Los Angeles,81258.0,34.0452,-118.18583,77,180,26,31732
90061,699000.0,2,3,1725,103 E 138TH ST,Los Angeles,California,29992,4267.6,Los Angeles,78288.0,33.92037,-118.27383,77,180,26,31722
90059,649999.0,4,2,1054,11739 BANDERA AVE,Los Angeles,California,41315,5045.4,Los Angeles,69305.0,33.92709,-118.2491,77,180,26,31716
90066,3395000.0,4,4,2979,3614 MEIER ST,Los Angeles,California,54913,4409.4,Los Angeles,149261.0,34.00166,-118.43104,77,180,26,31763
90048,4495000.0,4,6,3800,6517 COLGATE AVE,Los Angeles,California,20504,4180.5,Los Angeles,172523.0,34.07293,-118.3727,77,180,26,31691
90026,3499998.0,3,4,3072,1421 EDGECLIFFE DR,Los Angeles,California,65921,6316.1,Los Angeles,112443.0,34.07883,-118.2637,77,180,26,31540
90003,450000.0,2,1,1256,232 W 61ST ST,Los Angeles,California,75190,8007.9,Los Angeles,65860.0,33.96409,-118.27368,77,180,26,31409
90046,1150000.0,2,3,1520,8121 NORTON AVE,Los Angeles,California,48749,3322.1,Los Angeles,133455.0,34.10752,-118.36575,77,180,26,31652
90043,619000.0,2,1,956,5306 2ND AVE,Los Angeles,California,44272,4167.1,Los Angeles,90565.0,33.98876,-118.33519,77,180,26,31628
90062,589900.0,3,1,1116,5731 S ST ANDREWS PL,Los Angeles,California,34277,6935.4,Los Angeles,86642.0,34.0035,-118.30904,77,180,26,31729
90017,450000.0,1,1,700,630 W 6TH ST APT 215,Los Angeles,California,28433,15527.8,Los Angeles,70591.0,34.05306,-118.26447,77,180,26,31469
90064,1530000.0,4,2,1497,2939 KELTON AVE,Los Angeles,California,25161,2608.4,Los Angeles,200388.0,34.0358,-118.42653,77,180,26,31746
90027,5995000.0,5,6,4121,2500 N COMMONWEALTH AVE,Los Angeles,California,44678,2123.2,Los Angeles,128791.0,34.12515,-118.29049,77,180,26,31550
90034,2198000.0,4,4,2520,3524 MILITARY AVE,Los Angeles,California,53321,6638.6,Los Angeles,126743.0,34.03059,-118.39936,77,180,26,31580
90019,1499000.0,5,3,2374,1430 S ORANGE DR,Los Angeles,California,61061,6090.9,Los Angeles,98959.0,34.04861,-118.33874,77,180,26,31480
90066,1349000.0,2,1,1167,12428 MATTESON AVE,Los Angeles,California,54913,4409.4,Los Angeles,149261.0,34.00166,-118.43104,77,180,26,31771
90046,685000.0,1,2,1009,7250 FRANKLIN AVE UNIT 912,Los Angeles,California,48749,3322.1,Los Angeles,133455.0,34.10752,-118.36575,77,180,26,31670
90019,2195000.0,4,4,2802,1155 S RIMPAU BLVD,Los Angeles,California,61061,6090.9,Los Angeles,98959.0,34.04861,-118.33874,77,180,26,31486
90031,1200000.0,3,2,1492,536 MONTECITO DR,Los Angeles,California,38533,4251.3,Los Angeles,89180.0,34.08122,-118.21081,77,180,26,31565
90065,989000.0,3,2,1198,3327 CAZADOR ST,Los Angeles,California,46432,3265.3,Los Angeles,135151.0,34.10867,-118.22813,77,180,26,31752
90034,1769000.0,3,2,1987,9131 OLIN ST,Los Angeles,California,53321,6638.6,Los Angeles,126743.0,34.03059,-118.39936,77,180,26,31584
90026,2250000.0,3,3,2355,3506 CARNATION AVE,Los Angeles,California,65921,6316.1,Los Angeles,112443.0,34.07883,-118.2637,77,180,26,31532
90014,825000.0,1,1,1120,849 S BROADWAY APT 606,Los Angeles,California,8547,11022.8,Los Angeles,72527.0,34.04302,-118.25182,77,180,26,31446
90034,1199000.0,3,2,1218,10811 PALMS BLVD,Los Angeles,California,53321,6638.6,Los Angeles,126743.0,34.03059,-118.39936,77,180,26,31577
90046,2495000.0,4,2,2504,2605 LAUREL PASS,Los Angeles,California,48749,3322.1,Los Angeles,133455.0,34.10752,-118.36575,77,180,26,31651
