Zip Code,Price,Beds,Baths,Living Space,Address,City,State,Zip Code Population,Zip Code Density,County,Median Household Income,Latitude,Longitude,county_num,city_num,state_num,address_num
55407,395000.0,3,1,1253,4700 15TH AVE S,Minneapolis,Minnesota,38921,3743.5,Hennepin,95147.0,44.93484,-93.25263,36,106,14,13569
55421,264900.0,4,2,1656,1314 45 1/2 AVE NE,Minneapolis,Minnesota,30249,1862.2,Anoka,85255.0,45.05083,-93.25249,37,106,14,14096
55430,240000.0,3,1,1512,5014 UPTON AVE N,Minneapolis,Minnesota,23191,1524.4,Hennepin,85259.0,45.0632,-93.30148,36,106,14,14102
55405,324900.0,3,2,1524,2201 2ND AVE N,Minneapolis,Minnesota,16523,2251.5,Hennepin,108154.0,44.97034,-93.30461,36,106,14,13432
55412,179900.0,3,1,1668,4221 IRVING AVE N,Minneapolis,Minnesota,25497,2889.9,Hennepin,84058.0,45.02612,-93.29952,36,106,14,13780
55412,275000.0,4,2,1920,4608 CAMDEN AVE N,Minneapolis,Minnesota,25497,2889.9,Hennepin,84058.0,45.02612,-93.29952,36,106,14,13773
55419,469900.0,4,2,1880,5808 MORGAN AVE S,Minneapolis,Minnesota,29051,2671.7,Hennepin,181509.0,44.90586,-93.28743,36,106,14,14079
55412,171000.0,2,2,1120,3607 ALDRICH AVE N,Minneapolis,Minnesota,25497,2889.9,Hennepin,84058.0,45.02612,-93.29952,36,106,14,13787
55403,97000.0,1,1,525,1820 1ST AVE S APT 207,Minneapolis,Minnesota,16349,4645.6,Hennepin,100893.0,44.97023,-93.28588,36,106,14,13372
55401,925000.0,3,4,2087,37 4TH AVE N APT 101,Minneapolis,Minnesota,10957,5346.6,Hennepin,160952.0,44.98526,-93.26984,36,106,14,13329
55409,399999.0,3,2,1700,3640 5TH AVE S,Minneapolis,Minnesota,11262,3323.8,Hennepin,124669.0,44.93018,-93.28146,36,106,14,13635
55406,115000.0,1,1,550,3729 SNELLING AVE APT 301,Minneapolis,Minnesota,35997,2776.9,Hennepin,107717.0,44.93932,-93.22071,36,106,14,13459
55408,274900.0,1,1,900,2885 KNOX AVE S APT 803,Minneapolis,Minnesota,31613,4542.7,Hennepin,97359.0,44.94364,-93.2937,36,106,14,13603
55406,365000.0,3,2,1672,4428 46TH AVE S,Minneapolis,Minnesota,35997,2776.9,Hennepin,107717.0,44.93932,-93.22071,36,106,14,13483
55416,350000.0,2,2,1100,3145 DEAN CT APT 701,Minneapolis,Minnesota,34181,1799.0,Hennepin,139346.0,44.94961,-93.34157,36,106,14,13921
55417,275000.0,2,1,746,4910 37TH AVE S,Minneapolis,Minnesota,25610,2238.1,Hennepin,134948.0,44.9059,-93.23534,36,106,14,13958
55411,339900.0,4,4,2349,1615 GIRARD AVE N,Minneapolis,Minnesota,31397,3009.7,Hennepin,69896.0,44.9993,-93.2979,36,106,14,13721
55403,189900.0,1,1,1040,1770 BRYANT AVE S APT 207,Minneapolis,Minnesota,16349,4645.6,Hennepin,100893.0,44.97023,-93.28588,36,106,14,13384
55409,1700000.0,6,5,4572,4332 FREMONT AVE S,Minneapolis,Minnesota,11262,3323.8,Hennepin,124669.0,44.93018,-93.28146,36,106,14,13645
55407,295000.0,2,1,1202,3442 21ST AVE S,Minneapolis,Minnesota,38921,3743.5,Hennepin,95147.0,44.93484,-93.25263,36,106,14,13555
55403,159000.0,2,1,697,1707 STEVENS AVE APT B3,Minneapolis,Minnesota,16349,4645.6,Hennepin,100893.0,44.97023,-93.28588,36,106,14,13379
55408,575000.0,4,2,2258,2640 HARRIET AVE,Minneapolis,Minnesota,31613,4542.7,Hennepin,97359.0,44.94364,-93.2937,36,106,14,13595
55410,1650000.0,5,4,4210,4529 CHOWEN AVE S,Minneapolis,Minnesota,20525,2581.6,Hennepin,201229.0,44.91364,-93.31725,36,106,14,13681
55408,190000.0,2,2,836,3540 HENNEPIN AVE APT 102,Minneapolis,Minnesota,31613,4542.7,Hennepin,97359.0,44.94364,-93.2937,36,106,14,13629
55407,289900.0,2,1,822,4700 BLOOMINGTON AVE,Minneapolis,Minnesota,38921,3743.5,Hennepin,95147.0,44.93484,-93.25263,36,106,14,13544
55411,284900.0,4,4,1950,1714 IRVING AVE N,Minneapolis,Minnesota,31397,3009.7,Hennepin,69896.0,44.9993,-93.2979,36,106,14,13757
55419,764900.0,4,3,3258,4733 COLFAX AVE S,Minneapolis,Minnesota,29051,2671.7,Hennepin,181509.0,44.90586,-93.28743,36,106,14,14057
55413,214900.0,1,1,960,20 2ND ST NE UNIT P609,Minneapolis,Minnesota,14299,1759.8,Hennepin,101666.0,44.99826,-93.24276,36,106,14,13862
55408,344000.0,2,1,1079,2840 BRYANT AVE S # E210,Minneapolis,Minnesota,31613,4542.7,Hennepin,97359.0,44.94364,-93.2937,36,106,14,13584
55413,799900.0,2,2,2000,100 2ND ST NE UNIT A280,Minneapolis,Minnesota,14299,1759.8,Hennepin,101666.0,44.99826,-93.24276,36,106,14,13850
55401,380000.0,2,2,1062,500 N 2ND ST # 442,Minneapolis,Minnesota,10957,5346.6,Hennepin,160952.0,44.98526,-93.26984,36,106,14,13346
55406,299900.0,3,1,1403,4520 35TH AVE S,Minneapolis,Minnesota,35997,2776.9,Hennepin,107717.0,44.93932,-93.22071,36,106,14,13470
55415,599900.0,2,2,1367,1240 S 2ND ST UNIT 510,Minneapolis,Minnesota,5722,5042.6,Hennepin,171257.0,44.97463,-93.2578,36,106,14,13893
55415,149900.0,1,1,640,433 S 7TH ST APT 1919,Minneapolis,Minnesota,5722,5042.6,Hennepin,171257.0,44.97463,-93.2578,36,106,14,13908
55401,750000.0,3,3,2178,9 4TH AVE N APT 101,Minneapolis,Minnesota,10957,5346.6,Hennepin,160952.0,44.98526,-93.26984,36,106,14,13323
55404,249000.0,4,2,1584,503 E 26TH ST,Minneapolis,Minnesota,28413,6075.5,Hennepin,60946.0,44.9619,-93.26145,36,106,14,13413
55408,177000.0,1,1,780,1425 W 28TH ST APT T12,Minneapolis,Minnesota,31613,4542.7,Hennepin,97359.0,44.94364,-93.2937,36,106,14,13627
55408,350000.0,3,2,2439,3221 3RD AVE S,Minneapolis,Minnesota,31613,4542.7,Hennepin,97359.0,44.94364,-93.2937,36,106,14,13631
55403,650000.0,2,2,2208,201 S 11TH ST UNIT 1820,Minneapolis,Minnesota,16349,4645.6,Hennepin,100893.0,44.97023,-93.28588,36,106,14,13366
55413,229900.0,1,1,859,20 2ND ST NE UNIT P1004,Minneapolis,Minnesota,14299,1759.8,Hennepin,101666.0,44.99826,-93.24276,36,106,14,13865
55404,350000.0,1,1,1009,500 E GRANT ST APT 1906,Minneapolis,Minnesota,28413,6075.5,Hennepin,60946.0,44.9619,-93.26145,36,106,14,13421
55411,295000.0,4,3,1944,1718 THOMAS AVE N,Minneapolis,Minnesota,31397,3009.7,Hennepin,69896.0,44.9993,-93.2979,36,106,14,13716
55408,235000.0,2,1,1007,3233 FREMONT AVE S APT 2,Minneapolis,Minnesota,31613,4542.7,Hennepin,97359.0,44.94364,-93.2937,36,106,14,13601
55408,725000.0,5,4,3279,3217 HOLMES AVE S,Minneapolis,Minnesota,31613,4542.7,Hennepin,97359.0,44.94364,-93.2937,36,106,14,13626
55407,225000.0,2,1,1133,2615 PARK AVE APT 213,Minneapolis,Minnesota,38921,3743.5,Hennepin,95147.0,44.93484,-93.25263,36,106,14,13538
55401,174000.0,1,1,771,121 WASHINGTON AVE S APT 605,Minneapolis,Minnesota,10957,5346.6,Hennepin,160952.0,44.98526,-93.26984,36,106,14,13345
55416,2375000.0,5,8,6029,2728 DEAN PKWY,Minneapolis,Minnesota,34181,1799.0,Hennepin,139346.0,44.94961,-93.34157,36,106,14,13912
55410,299900.0,3,2,1123,4728 CHOWEN AVE S,Minneapolis,Minnesota,20525,2581.6,Hennepin,201229.0,44.91364,-93.31725,36,106,14,13698
55406,275000.0,2,1,870,3836 41ST AVE S,Minneapolis,Minnesota,35997,2776.9,Hennepin,107717.0,44.93932,-93.22071,36,106,14,13465
55418,498900.0,3,1,1160,3410 WILSHIRE PL NE,Minneapolis,Minnesota,31136,1720.3,Hennepin,114487.0,45.0208,-93.24244,36,106,14,14038
55418,329900.0,3,1,1621,2522 4TH ST NE,Minneapolis,Minnesota,31136,1720.3,Hennepin,114487.0,45.0208,-93.24244,36,106,14,14002
55407,229900.0,2,1,1096,4239 CEDAR AVE S APT C,Minneapolis,Minnesota,38921,3743.5,Hennepin,95147.0,44.93484,-93.25263,36,106,14,13571
55417,389900.0,3,1,1690,5133 35TH AVE S,Minneapolis,Minnesota,25610,2238.1,Hennepin,134948.0,44.9059,-93.23534,36,106,14,13984
55411,309900.0,5,3,2554,700 ELWOOD AVE N,Minneapolis,Minnesota,31397,3009.7,Hennepin,69896.0,44.9993,-93.2979,36,106,14,13725
55406,299900.0,3,1,1256,3629 MINNEHAHA AVE,Minneapolis,Minnesota,35997,2776.9,Hennepin,107717.0,44.93932,-93.22071,36,106,14,13524
55410,500000.0,3,2,1655,5121 DREW AVE S,Minneapolis,Minnesota,20525,2581.6,Hennepin,201229.0,44.91364,-93.31725,36,106,14,13699
55406,179900.0,2,2,758,2816 33RD AVE S,Minneapolis,Minnesota,35997,2776.9,Hennepin,107717.0,44.93932,-93.22071,36,106,14,13481
55413,450000.0,3,2,1502,416 3RD AVE NE,Minneapolis,Minnesota,14299,1759.8,Hennepin,101666.0,44.99826,-93.24276,36,106,14,13857
55412,330000.0,4,2,1664,3444 XERXES AVE N,Minneapolis,Minnesota,25497,2889.9,Hennepin,84058.0,45.02612,-93.29952,36,106,14,13772
55415,949900.0,3,4,3175,740 PORTLAND AVE APT 1614,Minneapolis,Minnesota,5722,5042.6,Hennepin,171257.0,44.97463,-93.2578,36,106,14,13900
55411,154900.0,2,1,956,3020 QUEEN AVE N,Minneapolis,Minnesota,31397,3009.7,Hennepin,69896.0,44.9993,-93.2979,36,106,14,13730
55410,825000.0,4,4,3147,4625 EWING AVE S,Minneapolis,Minnesota,20525,2581.6,Hennepin,201229.0,44.91364,-93.31725,36,106,14,13663
55412,254900.0,4,2,1450,3239 JAMES AVE N,Minneapolis,Minnesota,25497,2889.9,Hennepin,84058.0,45.02612,-93.29952,36,106,14,13839
55411,284900.0,3,2,1856,2731 JAMES AVE N,Minneapolis,Minnesota,31397,3009.7,Hennepin,69896.0,44.9993,-93.2979,36,106,14,13741
55412,164900.0,5,1,1478,3834 LYNDALE AVE N,Minneapolis,Minnesota,25497,2889.9,Hennepin,84058.0,45.02612,-93.29952,36,106,14,13844
55411,275000.0,4,2,2064,2313 N 4TH ST,Minneapolis,Minnesota,31397,3009.7,Hennepin,69896.0,44.9993,-93.2979,36,106,14,13718
55412,324900.0,3,2,1810,3906 QUEEN AVE N,Minneapolis,Minnesota,25497,2889.9,Hennepin,84058.0,45.02612,-93.29952,36,106,14,13782
55417,350000.0,3,2,1548,5621 35TH AVE S,Minneapolis,Minnesota,25610,2238.1,Hennepin,134948.0,44.9059,-93.23534,36,106,14,13987
55416,595000.0,3,3,1810,1917 EWING AVE S,Minneapolis,Minnesota,34181,1799.0,Hennepin,139346.0,44.94961,-93.34157,36,106,14,13914
55404,365000.0,2,2,1153,500 E GRANT ST APT 704,Minneapolis,Minnesota,28413,6075.5,Hennepin,60946.0,44.9619,-93.26145,36,106,14,13415
55409,337900.0,4,3,1200,3836 5TH AVE S,Minneapolis,Minnesota,11262,3323.8,Hennepin,124669.0,44.93018,-93.28146,36,106,14,13653
55411,195000.0,3,1,1115,2943 ALDRICH AVE N,Minneapolis,Minnesota,31397,3009.7,Hennepin,69896.0,44.9993,-93.2979,36,106,14,13735
55406,299900.0,2,1,908,3552 37TH AVE S,Minneapolis,Minnesota,35997,2776.9,Hennepin,107717.0,44.93932,-93.22071,36,106,14,13511
55411,284900.0,3,2,1856,2901 BRYANT AVE N,Minneapolis,Minnesota,31397,3009.7,Hennepin,69896.0,44.9993,-93.2979,36,106,14,13767
55415,689900.0,2,2,1510,1120 S 2ND ST APT 815,Minneapolis,Minnesota,5722,5042.6,Hennepin,171257.0,44.97463,-93.2578,36,106,14,13905
55410,949900.0,4,4,2980,4245 ABBOTT AVE S,Minneapolis,Minnesota,20525,2581.6,Hennepin,201229.0,44.91364,-93.31725,36,106,14,13658
55412,109900.0,2,1,922,3738 GIRARD AVE N,Minneapolis,Minnesota,25497,2889.9,Hennepin,84058.0,45.02612,-93.29952,36,106,14,13775
55419,524000.0,4,2,2419,5557 EMERSON AVE S,Minneapolis,Minnesota,29051,2671.7,Hennepin,181509.0,44.90586,-93.28743,36,106,14,14071
55407,349900.0,6,2,2760,2724 16TH AVE S,Minneapolis,Minnesota,38921,3743.5,Hennepin,95147.0,44.93484,-93.25263,36,106,14,13570
55412,159000.0,2,1,908,3235 DUPONT AVE N,Minneapolis,Minnesota,25497,2889.9,Hennepin,84058.0,45.02612,-93.29952,36,106,14,13813
55411,275000.0,5,3,1888,2511 SHERIDAN AVE N,Minneapolis,Minnesota,31397,3009.7,Hennepin,69896.0,44.9993,-93.2979,36,106,14,13764
55419,225000.0,2,1,650,4429 CLINTON AVE,Minneapolis,Minnesota,29051,2671.7,Hennepin,181509.0,44.90586,-93.28743,36,106,14,14063
55406,399900.0,4,2,1581,3204 44TH AVE S,Minneapolis,Minnesota,35997,2776.9,Hennepin,107717.0,44.93932,-93.22071,36,106,14,13457
55408,235000.0,2,1,1083,3310 NICOLLET AVE UNIT 405,Minneapolis,Minnesota,31613,4542.7,Hennepin,97359.0,44.94364,-93.2937,36,106,14,13586
55410,540000.0,3,2,2143,5609 THOMAS AVE S,Minneapolis,Minnesota,20525,2581.6,Hennepin,201229.0,44.91364,-93.31725,36,106,14,13680
55415,699900.0,2,2,1483,1240 S 2ND ST UNIT 930,Minneapolis,Minnesota,5722,5042.6,Hennepin,171257.0,44.97463,-93.2578,36,106,14,13885
55418,350000.0,2,2,1589,3525 TYLER ST NE,Minneapolis,Minnesota,31136,1720.3,Hennepin,114487.0,45.0208,-93.24244,36,106,14,14024
55418,349900.0,3,3,2572,2223 PIERCE ST NE,Minneapolis,Minnesota,31136,1720.3,Hennepin,114487.0,45.0208,-93.24244,36,106,14,14035
55401,149900.0,1,1,667,15 S 1ST ST APT A1017,Minneapolis,Minnesota,10957,5346.6,Hennepin,160952.0,44.98526,-93.26984,36,106,14,13335
55412,169900.0,3,2,1976,3759 OLIVER AVE N,Minneapolis,Minnesota,25497,2889.9,Hennepin,84058.0,45.02612,-93.29952,36,106,14,13800
55418,379900.0,5,2,1909,2315 QUINCY ST NE,Minneapolis,Minnesota,31136,1720.3,Hennepin,114487.0,45.0208,-93.24244,36,106,14,13995
55418,210000.0,1,1,720,3236 GARFIELD ST NE,Minneapolis,Minnesota,31136,1720.3,Hennepin,114487.0,45.0208,-93.24244,36,106,14,14007
55416,999000.0,4,4,3400,2928 CHOWEN AVE S,Minneapolis,Minnesota,34181,1799.0,Hennepin,139346.0,44.94961,-93.34157,36,106,14,13913
55406,249900.0,2,2,992,4445 40TH AVE S,Minneapolis,Minnesota,35997,2776.9,Hennepin,107717.0,44.93932,-93.22071,36,106,14,13488
55409,375000.0,4,4,1858,3803 CLINTON AVE,Minneapolis,Minnesota,11262,3323.8,Hennepin,124669.0,44.93018,-93.28146,36,106,14,13649
55418,229900.0,2,1,671,2543 MADISON ST NE,Minneapolis,Minnesota,31136,1720.3,Hennepin,114487.0,45.0208,-93.24244,36,106,14,14036
55416,399900.0,2,2,1250,3116 W LAKE ST UNIT 416,Minneapolis,Minnesota,34181,1799.0,Hennepin,139346.0,44.94961,-93.34157,36,106,14,13933
55406,300000.0,2,2,1092,3500 25TH AVE S,Minneapolis,Minnesota,35997,2776.9,Hennepin,107717.0,44.93932,-93.22071,36,106,14,13526
55430,189900.0,2,1,784,5207 N 4TH ST,Minneapolis,Minnesota,23191,1524.4,Hennepin,85259.0,45.0632,-93.30148,36,106,14,14098
55411,174900.0,3,1,1380,3000 NEWTON AVE N,Minneapolis,Minnesota,31397,3009.7,Hennepin,69896.0,44.9993,-93.2979,36,106,14,13759
55406,224900.0,3,2,1244,3512 MINNEHAHA AVE,Minneapolis,Minnesota,35997,2776.9,Hennepin,107717.0,44.93932,-93.22071,36,106,14,13523
55410,499900.0,3,2,1429,5317 ZENITH AVE S,Minneapolis,Minnesota,20525,2581.6,Hennepin,201229.0,44.91364,-93.31725,36,106,14,13685
55412,159900.0,2,1,1058,3401 IRVING AVE N,Minneapolis,Minnesota,25497,2889.9,Hennepin,84058.0,45.02612,-93.29952,36,106,14,13774
55412,199900.0,2,1,1217,4107 GIRARD AVE N,Minneapolis,Minnesota,25497,2889.9,Hennepin,84058.0,45.02612,-93.29952,36,106,14,13834
55413,285000.0,1,1,1109,730 STINSON BLVD UNIT 407,Minneapolis,Minnesota,14299,1759.8,Hennepin,101666.0,44.99826,-93.24276,36,106,14,13860
55408,149000.0,1,1,780,1425 W 28TH ST APT T06,Minneapolis,Minnesota,31613,4542.7,Hennepin,97359.0,44.94364,-93.2937,36,106,14,13608
55412,245000.0,5,4,2510,3708 PENN AVE N,Minneapolis,Minnesota,25497,2889.9,Hennepin,84058.0,45.02612,-93.29952,36,106,14,13804
55412,169900.0,3,1,1442,3821 RUSSELL AVE N,Minneapolis,Minnesota,25497,2889.9,Hennepin,84058.0,45.02612,-93.29952,36,106,14,13829
55411,224650.0,4,3,2112,1424 GIRARD AVE N,Minneapolis,Minnesota,31397,3009.7,Hennepin,69896.0,44.9993,-93.2979,36,106,14,13761
55411,129900.0,3,1,1060,3103 IRVING AVE N,Minneapolis,Minnesota,31397,3009.7,Hennepin,69896.0,44.9993,-93.2979,36,106,14,13736
55408,167900.0,1,1,642,3540 HENNEPIN AVE APT 205,Minneapolis,Minnesota,31613,4542.7,Hennepin,97359.0,44.94364,-93.2937,36,106,14,13598
55417,450000.0,3,2,2233,5015 11TH AVE S,Minneapolis,Minnesota,25610,2238.1,Hennepin,134948.0,44.9059,-93.23534,36,106,14,13945
55405,575000.0,3,2,1344,415 SHERIDAN AVE S,Minneapolis,Minnesota,16523,2251.5,Hennepin,108154.0,44.97034,-93.30461,36,106,14,13442
55430,179900.0,3,1,1331,5247 N 4TH ST,Minneapolis,Minnesota,23191,1524.4,Hennepin,85259.0,45.0632,-93.30148,36,106,14,14112
55408,119900.0,1,1,633,3120 HENNEPIN AVE UNIT 104,Minneapolis,Minnesota,31613,4542.7,Hennepin,97359.0,44.94364,-93.2937,36,106,14,13628
55412,345900.0,4,2,1289,4233 NEWTON AVE N,Minneapolis,Minnesota,25497,2889.9,Hennepin,84058.0,45.02612,-93.29952,36,106,14,13822
55401,189900.0,2,2,1080,19 S 1ST ST APT B1008,Minneapolis,Minnesota,10957,5346.6,Hennepin,160952.0,44.98526,-93.26984,36,106,14,13331
55409,249999.0,2,1,976,3845 1ST AVE S,Minneapolis,Minnesota,11262,3323.8,Hennepin,124669.0,44.93018,-93.28146,36,106,14,13651
55407,270000.0,3,2,2020,3804 10TH AVE S,Minneapolis,Minnesota,38921,3743.5,Hennepin,95147.0,44.93484,-93.25263,36,106,14,13558
55416,4495000.0,7,9,9684,2706 W LAKE OF THE ISLES PKWY,Minneapolis,Minnesota,34181,1799.0,Hennepin,139346.0,44.94961,-93.34157,36,106,14,13922
55412,154500.0,4,1,992,3530 LOGAN AVE N,Minneapolis,Minnesota,25497,2889.9,Hennepin,84058.0,45.02612,-93.29952,36,106,14,13837
55406,310000.0,2,1,1098,2924 E 25TH ST,Minneapolis,Minnesota,35997,2776.9,Hennepin,107717.0,44.93932,-93.22071,36,106,14,13504
55416,264900.0,1,1,960,3116 W LAKE ST UNIT 422,Minneapolis,Minnesota,34181,1799.0,Hennepin,139346.0,44.94961,-93.34157,36,106,14,13925
55410,849900.0,3,4,2838,5041 QUEEN AVE S,Minneapolis,Minnesota,20525,2581.6,Hennepin,201229.0,44.91364,-93.31725,36,106,14,13671
55411,169900.0,4,3,2140,1609 THOMAS AVE N,Minneapolis,Minnesota,31397,3009.7,Hennepin,69896.0,44.9993,-93.2979,36,106,14,13746
55406,389900.0,3,2,1888,3240 31ST AVE S,Minneapolis,Minnesota,35997,2776.9,Hennepin,107717.0,44.93932,-93.22071,36,106,14,13501
55408,229900.0,2,1,1134,3324 LYNDALE AVE S APT 3,Minneapolis,Minnesota,31613,4542.7,Hennepin,97359.0,44.94364,-93.2937,36,106,14,13594
55407,424900.0,5,3,2132,4029 STANDISH AVE,Minneapolis,Minnesota,38921,3743.5,Hennepin,95147.0,44.93484,-93.25263,36,106,14,13561
55412,159900.0,3,2,1092,3230 IRVING AVE N,Minneapolis,Minnesota,25497,2889.9,Hennepin,84058.0,45.02612,-93.29952,36,106,14,13801
55412,139000.0,2,1,1298,3508 RUSSELL AVE N,Minneapolis,Minnesota,25497,2889.9,Hennepin,84058.0,45.02612,-93.29952,36,106,14,13824
55403,534999.0,2,2,1358,510 GROVELAND AVE # 116,Minneapolis,Minnesota,16349,4645.6,Hennepin,100893.0,44.97023,-93.28588,36,106,14,13380
55419,449900.0,3,2,1767,5540 JAMES AVE S,Minneapolis,Minnesota,29051,2671.7,Hennepin,181509.0,44.90586,-93.28743,36,106,14,14060
55410,1950000.0,4,4,4649,4520 DREW AVE S,Minneapolis,Minnesota,20525,2581.6,Hennepin,201229.0,44.91364,-93.31725,36,106,14,13696
55417,220000.0,2,2,1073,4824 E 53RD ST APT 302,Minneapolis,Minnesota,25610,2238.1,Hennepin,134948.0,44.9059,-93.23534,36,106,14,13990
55403,1195000.0,5,4,4380,1800 HUMBOLDT AVE S,Minneapolis,Minnesota,16349,4645.6,Hennepin,100893.0,44.97023,-93.28588,36,106,14,13368
55403,410000.0,2,2,1470,1201 YALE PL APT 907,Minneapolis,Minnesota,16349,4645.6,Hennepin,100893.0,44.97023,-93.28588,36,106,14,13375
55410,550000.0,3,2,1755,4528 WASHBURN AVE S,Minneapolis,Minnesota,20525,2581.6,Hennepin,201229.0,44.91364,-93.31725,36,106,14,13686
55406,280000.0,3,1,950,3144 36TH AVE S,Minneapolis,Minnesota,35997,2776.9,Hennepin,107717.0,44.93932,-93.22071,36,106,14,13497
55406,749900.0,4,4,3246,3640 43RD AVE S,Minneapolis,Minnesota,35997,2776.9,Hennepin,107717.0,44.93932,-93.22071,36,106,14,13490
55406,699775.0,2,2,1296,4745 MINNEHAHA AVE UNIT 202,Minneapolis,Minnesota,35997,2776.9,Hennepin,107717.0,44.93932,-93.22071,36,106,14,13505
55407,489000.0,4,3,3620,4227 13TH AVE S,Minneapolis,Minnesota,38921,3743.5,Hennepin,95147.0,44.93484,-93.25263,36,106,14,13547
55414,335000.0,1,1,866,45 UNIVERSITY AVE SE UNIT 313,Minneapolis,Minnesota,31788,3929.4,Hennepin,74771.0,44.97915,-93.2259,36,106,14,13867
55415,329000.0,2,2,1169,250 PARK AVE UNIT 212,Minneapolis,Minnesota,5722,5042.6,Hennepin,171257.0,44.97463,-93.2578,36,106,14,13894
55417,380000.0,4,2,1512,4905 31ST AVE S,Minneapolis,Minnesota,25610,2238.1,Hennepin,134948.0,44.9059,-93.23534,36,106,14,13942
55418,320000.0,3,1,1604,3346 PIERCE ST NE,Minneapolis,Minnesota,31136,1720.3,Hennepin,114487.0,45.0208,-93.24244,36,106,14,14016
55411,170000.0,3,1,1170,1622 UPTON AVE N,Minneapolis,Minnesota,31397,3009.7,Hennepin,69896.0,44.9993,-93.2979,36,106,14,13704
55411,160000.0,2,2,1166,1214 LOWRY AVE N APT 302,Minneapolis,Minnesota,31397,3009.7,Hennepin,69896.0,44.9993,-93.2979,36,106,14,13720
55404,194900.0,1,1,860,1800 CLINTON AVE APT 103,Minneapolis,Minnesota,28413,6075.5,Hennepin,60946.0,44.9619,-93.26145,36,106,14,13425
55417,599000.0,4,2,1800,5120 COLUMBUS AVE,Minneapolis,Minnesota,25610,2238.1,Hennepin,134948.0,44.9059,-93.23534,36,106,14,13983
55410,535000.0,3,1,1640,4153 DREW AVE S,Minneapolis,Minnesota,20525,2581.6,Hennepin,201229.0,44.91364,-93.31725,36,106,14,13656
55401,265000.0,1,1,724,730 N 4TH ST UNIT 209,Minneapolis,Minnesota,10957,5346.6,Hennepin,160952.0,44.98526,-93.26984,36,106,14,13322
55417,475000.0,3,2,1986,5052 BLOOMINGTON AVE,Minneapolis,Minnesota,25610,2238.1,Hennepin,134948.0,44.9059,-93.23534,36,106,14,13956
55401,399900.0,2,2,1364,560 N 2ND ST APT 106,Minneapolis,Minnesota,10957,5346.6,Hennepin,160952.0,44.98526,-93.26984,36,106,14,13332
55412,169900.0,2,1,888,3550 GIRARD AVE N,Minneapolis,Minnesota,25497,2889.9,Hennepin,84058.0,45.02612,-93.29952,36,106,14,13809
55409,350000.0,3,2,1511,4319 4TH AVE S,Minneapolis,Minnesota,11262,3323.8,Hennepin,124669.0,44.93018,-93.28146,36,106,14,13650
55403,385000.0,2,2,1175,317 GROVELAND AVE UNIT 214,Minneapolis,Minnesota,16349,4645.6,Hennepin,100893.0,44.97023,-93.28588,36,106,14,13389
55412,139900.0,3,1,1312,3426 ALDRICH AVE N,Minneapolis,Minnesota,25497,2889.9,Hennepin,84058.0,45.02612,-93.29952,36,106,14,13816
55401,190000.0,2,2,1028,15 S 1ST ST APT A1419,Minneapolis,Minnesota,10957,5346.6,Hennepin,160952.0,44.98526,-93.26984,36,106,14,13344
55406,495000.0,6,2,3260,2200 28TH AVE S,Minneapolis,Minnesota,35997,2776.9,Hennepin,107717.0,44.93932,-93.22071,36,106,14,13496
55406,1600000.0,5,4,5142,2848 W RIVER PKWY,Minneapolis,Minnesota,35997,2776.9,Hennepin,107717.0,44.93932,-93.22071,36,106,14,13531
55406,284900.0,2,1,732,3508 E 25TH ST,Minneapolis,Minnesota,35997,2776.9,Hennepin,107717.0,44.93932,-93.22071,36,106,14,13510
55406,270000.0,2,1,1050,3908 26TH AVE S,Minneapolis,Minnesota,35997,2776.9,Hennepin,107717.0,44.93932,-93.22071,36,106,14,13517
55401,525000.0,1,1,1571,700 WASHINGTON AVE N UNIT 211,Minneapolis,Minnesota,10957,5346.6,Hennepin,160952.0,44.98526,-93.26984,36,106,14,13340
55409,409000.0,4,2,1622,4025 HARRIET AVE,Minneapolis,Minnesota,11262,3323.8,Hennepin,124669.0,44.93018,-93.28146,36,106,14,13634
55403,209000.0,2,2,1118,1225 LASALLE AVE APT 602,Minneapolis,Minnesota,16349,4645.6,Hennepin,100893.0,44.97023,-93.28588,36,106,14,13369
55416,750000.0,2,2,2029,3311 CEDAR LAKE AVE,Minneapolis,Minnesota,34181,1799.0,Hennepin,139346.0,44.94961,-93.34157,36,106,14,13915
55419,289900.0,2,1,772,5615 BLAISDELL AVE,Minneapolis,Minnesota,29051,2671.7,Hennepin,181509.0,44.90586,-93.28743,36,106,14,14068
55406,305000.0,3,1,1066,3027 38TH AVE S,Minneapolis,Minnesota,35997,2776.9,Hennepin,107717.0,44.93932,-93.22071,36,106,14,13502
55407,350000.0,4,2,2261,3856 CHICAGO AVE,Minneapolis,Minnesota,38921,3743.5,Hennepin,95147.0,44.93484,-93.25263,36,106,14,13577
55404,269900.0,2,2,1168,10 E 26TH ST APT 314,Minneapolis,Minnesota,28413,6075.5,Hennepin,60946.0,44.9619,-93.26145,36,106,14,13427
55410,225000.0,1,1,644,4430 W LAKE HARRIET PKWY APT 204,Minneapolis,Minnesota,20525,2581.6,Hennepin,201229.0,44.91364,-93.31725,36,106,14,13657
55415,449900.0,2,2,1522,250 PARK AVE UNIT 204,Minneapolis,Minnesota,5722,5042.6,Hennepin,171257.0,44.97463,-93.2578,36,106,14,13910
55417,185000.0,1,1,825,5545 CHICAGO AVE APT 307,Minneapolis,Minnesota,25610,2238.1,Hennepin,134948.0,44.9059,-93.23534,36,106,14,13989
55407,235000.0,2,1,936,1715 E 41ST ST,Minneapolis,Minnesota,38921,3743.5,Hennepin,95147.0,44.93484,-93.25263,36,106,14,13543
55418,349900.0,3,2,1605,3439 BUCHANAN ST NE,Minneapolis,Minnesota,31136,1720.3,Hennepin,114487.0,45.0208,-93.24244,36,106,14,13998
55407,164900.0,2,2,1070,1216 POWDERHORN TER APT 34,Minneapolis,Minnesota,38921,3743.5,Hennepin,95147.0,44.93484,-93.25263,36,106,14,13575
55418,315000.0,3,2,1758,3406 JOHNSON ST NE,Minneapolis,Minnesota,31136,1720.3,Hennepin,114487.0,45.0208,-93.24244,36,106,14,14017
55411,150000.0,2,1,1079,3026 GIRARD AVE N,Minneapolis,Minnesota,31397,3009.7,Hennepin,69896.0,44.9993,-93.2979,36,106,14,13709
55415,200000.0,2,2,1115,433 S 7TH ST APT 1801,Minneapolis,Minnesota,5722,5042.6,Hennepin,171257.0,44.97463,-93.2578,36,106,14,13897
55412,159900.0,3,1,1036,3642 GIRARD AVE N,Minneapolis,Minnesota,25497,2889.9,Hennepin,84058.0,45.02612,-93.29952,36,106,14,13825
55412,135000.0,1,1,835,3246 COLFAX AVE N,Minneapolis,Minnesota,25497,2889.9,Hennepin,84058.0,45.02612,-93.29952,36,106,14,13797
55411,169900.0,2,1,740,2754 SHERIDAN AVE N,Minneapolis,Minnesota,31397,3009.7,Hennepin,69896.0,44.9993,-93.2979,36,106,14,13712
55412,160000.0,3,1,1305,3434 WASHBURN AVE N,Minneapolis,Minnesota,25497,2889.9,Hennepin,84058.0,45.02612,-93.29952,36,106,14,13783
55408,499900.0,3,2,1954,2649 BRYANT AVE S,Minneapolis,Minnesota,31613,4542.7,Hennepin,97359.0,44.94364,-93.2937,36,106,14,13597
55419,589999.0,3,4,2471,4644 LYNDALE AVE S,Minneapolis,Minnesota,29051,2671.7,Hennepin,181509.0,44.90586,-93.28743,36,106,14,14072
55409,299999.0,3,2,1343,4105 2ND AVE S,Minneapolis,Minnesota,11262,3323.8,Hennepin,124669.0,44.93018,-93.28146,36,106,14,13637
55411,219900.0,4,1,1537,2958 UPTON AVE N,Minneapolis,Minnesota,31397,3009.7,Hennepin,69896.0,44.9993,-93.2979,36,106,14,13737
55405,549000.0,3,3,2104,40 OLIVER AVE S,Minneapolis,Minnesota,16523,2251.5,Hennepin,108154.0,44.97034,-93.30461,36,106,14,13434
55408,589900.0,3,4,3216,3024 EMERSON AVE S,Minneapolis,Minnesota,31613,4542.7,Hennepin,97359.0,44.94364,-93.2937,36,106,14,13592
55408,699000.0,5,3,2723,3444 BLAISDELL AVE,Minneapolis,Minnesota,31613,4542.7,Hennepin,97359.0,44.94364,-93.2937,36,106,14,13611
55418,375000.0,4,2,1798,2919 BENJAMIN ST NE,Minneapolis,Minnesota,31136,1720.3,Hennepin,114487.0,45.0208,-93.24244,36,106,14,14006
55405,1249900.0,5,5,4155,1624 W 26TH ST,Minneapolis,Minnesota,16523,2251.5,Hennepin,108154.0,44.97034,-93.30461,36,106,14,13437
55405,435000.0,2,2,1506,290 MARKET ST UNIT 808,Minneapolis,Minnesota,16523,2251.5,Hennepin,108154.0,44.97034,-93.30461,36,106,14,13444
55419,849999.0,4,2,3150,4600 COLFAX AVE S,Minneapolis,Minnesota,29051,2671.7,Hennepin,181509.0,44.90586,-93.28743,36,106,14,14088
55418,375000.0,2,2,1564,2315 WILSON ST NE,Minneapolis,Minnesota,31136,1720.3,Hennepin,114487.0,45.0208,-93.24244,36,106,14,14014
55411,200000.0,2,2,996,2907 PENN AVE N,Minneapolis,Minnesota,31397,3009.7,Hennepin,69896.0,44.9993,-93.2979,36,106,14,13765
55417,369500.0,2,1,1302,5405 PORTLAND AVE,Minneapolis,Minnesota,25610,2238.1,Hennepin,134948.0,44.9059,-93.23534,36,106,14,13946
55418,489000.0,4,2,1549,2854 HAYES ST NE,Minneapolis,Minnesota,31136,1720.3,Hennepin,114487.0,45.0208,-93.24244,36,106,14,14022
55408,155000.0,1,1,720,3522 HARRIET AVE APT 203,Minneapolis,Minnesota,31613,4542.7,Hennepin,97359.0,44.94364,-93.2937,36,106,14,13590
55411,209000.0,4,2,1600,1635 UPTON AVE N,Minneapolis,Minnesota,31397,3009.7,Hennepin,69896.0,44.9993,-93.2979,36,106,14,13729
55411,99900.0,3,2,1212,2827 DUPONT AVE N,Minneapolis,Minnesota,31397,3009.7,Hennepin,69896.0,44.9993,-93.2979,36,106,14,13723
55409,159900.0,1,1,730,4227 NICOLLET AVE APT 2,Minneapolis,Minnesota,11262,3323.8,Hennepin,124669.0,44.93018,-93.28146,36,106,14,13644
55401,722000.0,2,2,1526,117 PORTLAND AVE APT 408,Minneapolis,Minnesota,10957,5346.6,Hennepin,160952.0,44.98526,-93.26984,36,106,14,13334
55415,549000.0,2,2,1743,250 PARK AVE UNIT 702,Minneapolis,Minnesota,5722,5042.6,Hennepin,171257.0,44.97463,-93.2578,36,106,14,13896
55415,424900.0,2,2,1156,740 PORTLAND AVE APT 1005,Minneapolis,Minnesota,5722,5042.6,Hennepin,171257.0,44.97463,-93.2578,36,106,14,13907
55403,1495000.0,3,4,3773,1201 YALE PL APT 1008,Minneapolis,Minnesota,16349,4645.6,Hennepin,100893.0,44.97023,-93.28588,36,106,14,13356
55412,159900.0,3,1,1388,3647 PENN AVE N,Minneapolis,Minnesota,25497,2889.9,Hennepin,84058.0,45.02612,-93.29952,36,106,14,13784
55407,449900.0,6,4,3975,3744 PARK AVE,Minneapolis,Minnesota,38921,3743.5,Hennepin,95147.0,44.93484,-93.25263,36,106,14,13537
55410,499990.0,4,3,2403,5800 RUSSELL AVE S,Minneapolis,Minnesota,20525,2581.6,Hennepin,201229.0,44.91364,-93.31725,36,106,14,13700
55410,425000.0,3,2,1642,3836 VINCENT AVE S,Minneapolis,Minnesota,20525,2581.6,Hennepin,201229.0,44.91364,-93.31725,36,106,14,13673
55406,265000.0,3,2,999,3916 27TH AVE S,Minneapolis,Minnesota,35997,2776.9,Hennepin,107717.0,44.93932,-93.22071,36,106,14,13493
55411,160000.0,2,1,1232,1348 UPTON AVE N,Minneapolis,Minnesota,31397,3009.7,Hennepin,69896.0,44.9993,-93.2979,36,106,14,13710
55418,450000.0,4,2,2392,2738 CLEVELAND ST NE,Minneapolis,Minnesota,31136,1720.3,Hennepin,114487.0,45.0208,-93.24244,36,106,14,14034
55413,229900.0,1,1,655,1701 MADISON ST NE UNIT 305,Minneapolis,Minnesota,14299,1759.8,Hennepin,101666.0,44.99826,-93.24276,36,106,14,13851
55401,400000.0,1,2,1610,408 N 1ST ST APT 102,Minneapolis,Minnesota,10957,5346.6,Hennepin,160952.0,44.98526,-93.26984,36,106,14,13353
55412,174900.0,3,1,1050,3231 MORGAN AVE N,Minneapolis,Minnesota,25497,2889.9,Hennepin,84058.0,45.02612,-93.29952,36,106,14,13811
55419,525000.0,3,3,1886,5752 KNOX AVE S,Minneapolis,Minnesota,29051,2671.7,Hennepin,181509.0,44.90586,-93.28743,36,106,14,14070
55430,249900.0,2,2,1460,4800 HUMBOLDT AVE N,Minneapolis,Minnesota,23191,1524.4,Hennepin,85259.0,45.0632,-93.30148,36,106,14,14099
55406,340000.0,4,3,1688,3341 30TH AVE S,Minneapolis,Minnesota,35997,2776.9,Hennepin,107717.0,44.93932,-93.22071,36,106,14,13509
55405,304999.0,2,1,1021,290 MARKET ST UNIT 505,Minneapolis,Minnesota,16523,2251.5,Hennepin,108154.0,44.97034,-93.30461,36,106,14,13452
55417,320000.0,3,2,1254,5921 13TH AVE S,Minneapolis,Minnesota,25610,2238.1,Hennepin,134948.0,44.9059,-93.23534,36,106,14,13951
55411,329000.0,4,3,1956,2218 N 4TH ST,Minneapolis,Minnesota,31397,3009.7,Hennepin,69896.0,44.9993,-93.2979,36,106,14,13744
55409,129900.0,1,1,740,3708 BRYANT AVE S APT 2,Minneapolis,Minnesota,11262,3323.8,Hennepin,124669.0,44.93018,-93.28146,36,106,14,13654
55405,350000.0,2,2,1298,33 RUSSELL AVE S,Minneapolis,Minnesota,16523,2251.5,Hennepin,108154.0,44.97034,-93.30461,36,106,14,13449
55418,300000.0,3,3,1416,3242 LINCOLN ST NE,Minneapolis,Minnesota,31136,1720.3,Hennepin,114487.0,45.0208,-93.24244,36,106,14,14004
55418,285000.0,3,2,1071,2549 BRIGHTON AVE NE,Minneapolis,Minnesota,31136,1720.3,Hennepin,114487.0,45.0208,-93.24244,36,106,14,14003
55418,375000.0,4,2,2115,2600 7TH ST NE,Minneapolis,Minnesota,31136,1720.3,Hennepin,114487.0,45.0208,-93.24244,36,106,14,13999
55408,170000.0,1,1,624,2701 HARRIET AVE APT 203,Minneapolis,Minnesota,31613,4542.7,Hennepin,97359.0,44.94364,-93.2937,36,106,14,13623
55403,149000.0,1,1,656,1705 STEVENS AVE APT 202,Minneapolis,Minnesota,16349,4645.6,Hennepin,100893.0,44.97023,-93.28588,36,106,14,13355
55407,219500.0,2,2,1200,3508 21ST AVE S,Minneapolis,Minnesota,38921,3743.5,Hennepin,95147.0,44.93484,-93.25263,36,106,14,13535
55401,399000.0,1,1,1075,345 6TH AVE N UNIT 701,Minneapolis,Minnesota,10957,5346.6,Hennepin,160952.0,44.98526,-93.26984,36,106,14,13336
55412,159900.0,4,2,1516,4230 HUMBOLDT AVE N,Minneapolis,Minnesota,25497,2889.9,Hennepin,84058.0,45.02612,-93.29952,36,106,14,13821
55403,239999.0,2,2,1318,1200 NICOLLET MALL APT 216,Minneapolis,Minnesota,16349,4645.6,Hennepin,100893.0,44.97023,-93.28588,36,106,14,13364
55407,225000.0,2,2,1318,2615 PARK AVE # 217-218,Minneapolis,Minnesota,38921,3743.5,Hennepin,95147.0,44.93484,-93.25263,36,106,14,13579
55405,750000.0,3,3,2103,2500 SHERIDAN AVE S,Minneapolis,Minnesota,16523,2251.5,Hennepin,108154.0,44.97034,-93.30461,36,106,14,13443
55414,849995.0,2,3,2165,100 2ND ST SE APT 409,Minneapolis,Minnesota,31788,3929.4,Hennepin,74771.0,44.97915,-93.2259,36,106,14,13870
55405,259000.0,2,1,1281,207 MORGAN AVE N,Minneapolis,Minnesota,16523,2251.5,Hennepin,108154.0,44.97034,-93.30461,36,106,14,13439
55417,775000.0,5,4,2741,3723 E MINNEHAHA PKWY,Minneapolis,Minnesota,25610,2238.1,Hennepin,134948.0,44.9059,-93.23534,36,106,14,13992
55410,465000.0,3,3,2387,2312 W 54TH ST,Minneapolis,Minnesota,20525,2581.6,Hennepin,201229.0,44.91364,-93.31725,36,106,14,13659
55404,104900.0,2,1,828,1902 4TH AVE S APT 2A,Minneapolis,Minnesota,28413,6075.5,Hennepin,60946.0,44.9619,-93.26145,36,106,14,13422
55417,650000.0,4,4,3030,5652 25TH AVE S,Minneapolis,Minnesota,25610,2238.1,Hennepin,134948.0,44.9059,-93.23534,36,106,14,13962
55406,375000.0,3,3,1538,3340 46TH AVE S,Minneapolis,Minnesota,35997,2776.9,Hennepin,107717.0,44.93932,-93.22071,36,106,14,13482
55412,174000.0,2,2,936,3446 N 4TH ST,Minneapolis,Minnesota,25497,2889.9,Hennepin,84058.0,45.02612,-93.29952,36,106,14,13814
55417,310000.0,3,2,1232,5212 40TH AVE S,Minneapolis,Minnesota,25610,2238.1,Hennepin,134948.0,44.9059,-93.23534,36,106,14,13986
55406,440000.0,4,3,2428,3633 24TH AVE S,Minneapolis,Minnesota,35997,2776.9,Hennepin,107717.0,44.93932,-93.22071,36,106,14,13463
55430,225000.0,3,1,1640,5112 DUPONT AVE N,Minneapolis,Minnesota,23191,1524.4,Hennepin,85259.0,45.0632,-93.30148,36,106,14,14110
55412,225000.0,3,2,1262,3239 THOMAS AVE N,Minneapolis,Minnesota,25497,2889.9,Hennepin,84058.0,45.02612,-93.29952,36,106,14,13841
55454,135000.0,1,1,650,1920 S 1ST ST APT 2007,Minneapolis,Minnesota,8739,5668.9,Hennepin,34434.0,44.97075,-93.24381,36,106,14,14121
55416,1100000.0,3,4,3033,3110 W LAKE ST # 131,Minneapolis,Minnesota,34181,1799.0,Hennepin,139346.0,44.94961,-93.34157,36,106,14,13939
55417,350000.0,3,2,1588,5752 21ST AVE S,Minneapolis,Minnesota,25610,2238.1,Hennepin,134948.0,44.9059,-93.23534,36,106,14,13972
55411,249900.0,3,3,1696,2919 QUEEN AVE N,Minneapolis,Minnesota,31397,3009.7,Hennepin,69896.0,44.9993,-93.2979,36,106,14,13722
55401,449900.0,2,2,1550,212 PORTLAND AVE,Minneapolis,Minnesota,10957,5346.6,Hennepin,160952.0,44.98526,-93.26984,36,106,14,13341
55419,535000.0,3,2,2644,5433 LOGAN AVE S,Minneapolis,Minnesota,29051,2671.7,Hennepin,181509.0,44.90586,-93.28743,36,106,14,14076
55405,4395000.0,4,5,6869,2119 E LAKE OF THE ISLES PKWY,Minneapolis,Minnesota,16523,2251.5,Hennepin,108154.0,44.97034,-93.30461,36,106,14,13441
55413,384000.0,3,2,1788,1131 5TH ST NE,Minneapolis,Minnesota,14299,1759.8,Hennepin,101666.0,44.99826,-93.24276,36,106,14,13858
55417,335000.0,2,1,1115,5340 39TH AVE S,Minneapolis,Minnesota,25610,2238.1,Hennepin,134948.0,44.9059,-93.23534,36,106,14,13941
55407,450000.0,3,2,1722,4715 15TH AVE S,Minneapolis,Minnesota,38921,3743.5,Hennepin,95147.0,44.93484,-93.25263,36,106,14,13580
55404,294900.0,2,2,1124,500 E GRANT ST APT 1105,Minneapolis,Minnesota,28413,6075.5,Hennepin,60946.0,44.9619,-93.26145,36,106,14,13408
55408,125000.0,1,1,612,2739 GIRARD AVE S APT 105,Minneapolis,Minnesota,31613,4542.7,Hennepin,97359.0,44.94364,-93.2937,36,106,14,13587
55409,599000.0,5,3,2944,4316 LYNDALE AVE S,Minneapolis,Minnesota,11262,3323.8,Hennepin,124669.0,44.93018,-93.28146,36,106,14,13633
55412,249900.0,3,1,1152,4547 VINCENT AVE N,Minneapolis,Minnesota,25497,2889.9,Hennepin,84058.0,45.02612,-93.29952,36,106,14,13790
55419,294000.0,3,2,1072,6020 3RD AVE S,Minneapolis,Minnesota,29051,2671.7,Hennepin,181509.0,44.90586,-93.28743,36,106,14,14055
55401,299900.0,2,1,1095,401 S 1ST ST UNIT 314,Minneapolis,Minnesota,10957,5346.6,Hennepin,160952.0,44.98526,-93.26984,36,106,14,13317
55415,246500.0,1,1,808,250 PARK AVE UNIT 512,Minneapolis,Minnesota,5722,5042.6,Hennepin,171257.0,44.97463,-93.2578,36,106,14,13883
55408,215000.0,3,2,1775,3526 4TH AVE S,Minneapolis,Minnesota,31613,4542.7,Hennepin,97359.0,44.94364,-93.2937,36,106,14,13610
55412,189900.0,2,1,1082,3442 BRYANT AVE N,Minneapolis,Minnesota,25497,2889.9,Hennepin,84058.0,45.02612,-93.29952,36,106,14,13815
55413,590000.0,3,4,1916,221 1ST AVE NE APT 22,Minneapolis,Minnesota,14299,1759.8,Hennepin,101666.0,44.99826,-93.24276,36,106,14,13856
55413,449900.0,2,2,1436,1701 MADISON ST NE UNIT 404,Minneapolis,Minnesota,14299,1759.8,Hennepin,101666.0,44.99826,-93.24276,36,106,14,13849
55415,400000.0,2,2,1176,740 PORTLAND AVE APT 806,Minneapolis,Minnesota,5722,5042.6,Hennepin,171257.0,44.97463,-93.2578,36,106,14,13898
55419,614000.0,3,2,2420,1209 W MINNEHAHA PKWY,Minneapolis,Minnesota,29051,2671.7,Hennepin,181509.0,44.90586,-93.28743,36,106,14,14066
55406,180000.0,3,1,1100,3808 SNELLING AVE,Minneapolis,Minnesota,35997,2776.9,Hennepin,107717.0,44.93932,-93.22071,36,106,14,13458
55412,275000.0,3,2,1534,3438 VINCENT AVE N,Minneapolis,Minnesota,25497,2889.9,Hennepin,84058.0,45.02612,-93.29952,36,106,14,13807
55410,385000.0,3,2,2088,5442 WASHBURN AVE S,Minneapolis,Minnesota,20525,2581.6,Hennepin,201229.0,44.91364,-93.31725,36,106,14,13668
55406,359900.0,3,2,1453,4132 32ND AVE S,Minneapolis,Minnesota,35997,2776.9,Hennepin,107717.0,44.93932,-93.22071,36,106,14,13466
55406,320000.0,3,2,1204,3016 34TH AVE S,Minneapolis,Minnesota,35997,2776.9,Hennepin,107717.0,44.93932,-93.22071,36,106,14,13494
55416,215000.0,1,1,763,3037 LAKE SHORE DR # A,Minneapolis,Minnesota,34181,1799.0,Hennepin,139346.0,44.94961,-93.34157,36,106,14,13932
55406,339900.0,4,2,1220,4559 SNELLING AVE,Minneapolis,Minnesota,35997,2776.9,Hennepin,107717.0,44.93932,-93.22071,36,106,14,13529
55430,305000.0,4,2,2074,5153 WASHBURN AVE N,Minneapolis,Minnesota,23191,1524.4,Hennepin,85259.0,45.0632,-93.30148,36,106,14,14113
55403,2395000.0,5,7,6667,1820 KNOX AVE S,Minneapolis,Minnesota,16349,4645.6,Hennepin,100893.0,44.97023,-93.28588,36,106,14,13391
55414,335000.0,4,2,1180,1019 27TH AVE SE,Minneapolis,Minnesota,31788,3929.4,Hennepin,74771.0,44.97915,-93.2259,36,106,14,13875
55417,280000.0,2,2,1110,5648 42ND AVE S,Minneapolis,Minnesota,25610,2238.1,Hennepin,134948.0,44.9059,-93.23534,36,106,14,13982
55410,799900.0,3,3,2950,39 FORESTDALE RD,Minneapolis,Minnesota,20525,2581.6,Hennepin,201229.0,44.91364,-93.31725,36,106,14,13692
55418,355000.0,3,3,1430,1813 3RD ST NE,Minneapolis,Minnesota,31136,1720.3,Hennepin,114487.0,45.0208,-93.24244,36,106,14,14000
55412,300000.0,4,2,2135,4226 COLFAX AVE N,Minneapolis,Minnesota,25497,2889.9,Hennepin,84058.0,45.02612,-93.29952,36,106,14,13831
55411,204900.0,4,2,1508,711 THOMAS AVE N,Minneapolis,Minnesota,31397,3009.7,Hennepin,69896.0,44.9993,-93.2979,36,106,14,13748
55415,749900.0,2,2,1599,740 PORTLAND AVE APT 1411,Minneapolis,Minnesota,5722,5042.6,Hennepin,171257.0,44.97463,-93.2578,36,106,14,13909
55403,156000.0,2,1,812,520 RIDGEWOOD AVE APT 202,Minneapolis,Minnesota,16349,4645.6,Hennepin,100893.0,44.97023,-93.28588,36,106,14,13360
55419,349900.0,3,2,1668,6001 4TH AVE S,Minneapolis,Minnesota,29051,2671.7,Hennepin,181509.0,44.90586,-93.28743,36,106,14,14082
55410,1000000.0,3,4,3216,3606 W 40TH ST,Minneapolis,Minnesota,20525,2581.6,Hennepin,201229.0,44.91364,-93.31725,36,106,14,13665
55415,399000.0,1,2,1000,215 10TH AVE S UNIT 238,Minneapolis,Minnesota,5722,5042.6,Hennepin,171257.0,44.97463,-93.2578,36,106,14,13891
55419,369000.0,3,2,1348,4407 BLAISDELL AVE,Minneapolis,Minnesota,29051,2671.7,Hennepin,181509.0,44.90586,-93.28743,36,106,14,14086
55407,359900.0,6,3,3045,2720 16TH AVE S,Minneapolis,Minnesota,38921,3743.5,Hennepin,95147.0,44.93484,-93.25263,36,106,14,13565
55430,150000.0,1,1,498,5217 CAMDEN AVE N,Minneapolis,Minnesota,23191,1524.4,Hennepin,85259.0,45.0632,-93.30148,36,106,14,14104
55411,275000.0,3,2,1592,2127 PENN AVE N,Minneapolis,Minnesota,31397,3009.7,Hennepin,69896.0,44.9993,-93.2979,36,106,14,13738
55404,147175.0,3,3,1090,612 E 22ND ST,Minneapolis,Minnesota,28413,6075.5,Hennepin,60946.0,44.9619,-93.26145,36,106,14,13412
55401,325000.0,1,2,1082,645 N 1ST ST APT 117,Minneapolis,Minnesota,10957,5346.6,Hennepin,160952.0,44.98526,-93.26984,36,106,14,13342
55406,217000.0,2,1,868,2415 S 9TH ST,Minneapolis,Minnesota,35997,2776.9,Hennepin,107717.0,44.93932,-93.22071,36,106,14,13518
55419,999999.0,4,3,3284,4833 IRVING AVE S,Minneapolis,Minnesota,29051,2671.7,Hennepin,181509.0,44.90586,-93.28743,36,106,14,14051
55406,274900.0,3,1,1097,4236 26TH AVE S,Minneapolis,Minnesota,35997,2776.9,Hennepin,107717.0,44.93932,-93.22071,36,106,14,13461
55403,1750000.0,2,3,3253,201 S 11TH ST UNIT 2420,Minneapolis,Minnesota,16349,4645.6,Hennepin,100893.0,44.97023,-93.28588,36,106,14,13395
55403,295000.0,1,2,1214,301 CLIFTON AVE APT 1H,Minneapolis,Minnesota,16349,4645.6,Hennepin,100893.0,44.97023,-93.28588,36,106,14,13394
55417,340000.0,3,2,1400,4828 37TH AVE S,Minneapolis,Minnesota,25610,2238.1,Hennepin,134948.0,44.9059,-93.23534,36,106,14,13970
55419,479900.0,3,3,1807,5014 NICOLLET AVE,Minneapolis,Minnesota,29051,2671.7,Hennepin,181509.0,44.90586,-93.28743,36,106,14,14084
55417,575000.0,3,3,2267,5632 15TH AVE S,Minneapolis,Minnesota,25610,2238.1,Hennepin,134948.0,44.9059,-93.23534,36,106,14,13943
55413,289900.0,3,2,1347,1416 3RD ST NE,Minneapolis,Minnesota,14299,1759.8,Hennepin,101666.0,44.99826,-93.24276,36,106,14,13859
55414,249900.0,2,1,1178,1100 23RD AVE SE,Minneapolis,Minnesota,31788,3929.4,Hennepin,74771.0,44.97915,-93.2259,36,106,14,13869
55403,249900.0,1,1,1043,1200 NICOLLET MALL APT 602,Minneapolis,Minnesota,16349,4645.6,Hennepin,100893.0,44.97023,-93.28588,36,106,14,13397
55419,270000.0,2,1,982,6049 CLINTON AVE,Minneapolis,Minnesota,29051,2671.7,Hennepin,181509.0,44.90586,-93.28743,36,106,14,14081
55419,370000.0,4,1,1791,4619 PLEASANT AVE,Minneapolis,Minnesota,29051,2671.7,Hennepin,181509.0,44.90586,-93.28743,36,106,14,14083
55411,150000.0,4,1,1696,1606 22ND AVE N,Minneapolis,Minnesota,31397,3009.7,Hennepin,69896.0,44.9993,-93.2979,36,106,14,13756
55406,165000.0,2,1,940,4341 29TH AVE S,Minneapolis,Minnesota,35997,2776.9,Hennepin,107717.0,44.93932,-93.22071,36,106,14,13473
55411,259000.0,6,2,1876,1418 11TH AVE N,Minneapolis,Minnesota,31397,3009.7,Hennepin,69896.0,44.9993,-93.2979,36,106,14,13747
55408,332000.0,2,1,1320,1510 W 31ST ST,Minneapolis,Minnesota,31613,4542.7,Hennepin,97359.0,44.94364,-93.2937,36,106,14,13582
55411,114900.0,2,1,756,2519 27TH AVE N,Minneapolis,Minnesota,31397,3009.7,Hennepin,69896.0,44.9993,-93.2979,36,106,14,13715
55410,1100000.0,4,4,3582,5333 CHOWEN AVE S,Minneapolis,Minnesota,20525,2581.6,Hennepin,201229.0,44.91364,-93.31725,36,106,14,13693
55406,309900.0,4,1,1476,4444 33RD AVE S,Minneapolis,Minnesota,35997,2776.9,Hennepin,107717.0,44.93932,-93.22071,36,106,14,13513
55415,559900.0,2,2,1192,1240 S 2ND ST UNIT 115,Minneapolis,Minnesota,5722,5042.6,Hennepin,171257.0,44.97463,-93.2578,36,106,14,13890
55430,244900.0,3,1,1508,4907 OLIVER AVE N,Minneapolis,Minnesota,23191,1524.4,Hennepin,85259.0,45.0632,-93.30148,36,106,14,14101
55419,549000.0,3,1,1853,4500 HARRIET AVE,Minneapolis,Minnesota,29051,2671.7,Hennepin,181509.0,44.90586,-93.28743,36,106,14,14043
55411,140000.0,2,1,830,2314 THOMAS AVE N,Minneapolis,Minnesota,31397,3009.7,Hennepin,69896.0,44.9993,-93.2979,36,106,14,13763
55406,539900.0,3,2,1789,3312 46TH AVE S,Minneapolis,Minnesota,35997,2776.9,Hennepin,107717.0,44.93932,-93.22071,36,106,14,13475
55417,439900.0,4,2,2419,3125 E 53RD ST,Minneapolis,Minnesota,25610,2238.1,Hennepin,134948.0,44.9059,-93.23534,36,106,14,13961
55417,189000.0,2,1,719,3705 E 54TH ST,Minneapolis,Minnesota,25610,2238.1,Hennepin,134948.0,44.9059,-93.23534,36,106,14,13944
55408,369900.0,4,3,3881,2712 FREMONT AVE S,Minneapolis,Minnesota,31613,4542.7,Hennepin,97359.0,44.94364,-93.2937,36,106,14,13614
55411,349900.0,3,2,2432,1709 DUPONT AVE N,Minneapolis,Minnesota,31397,3009.7,Hennepin,69896.0,44.9993,-93.2979,36,106,14,13734
55412,261900.0,4,2,1980,4239 IRVING AVE N,Minneapolis,Minnesota,25497,2889.9,Hennepin,84058.0,45.02612,-93.29952,36,106,14,13785
55454,154900.0,2,2,1110,1920 S 1ST ST APT 306,Minneapolis,Minnesota,8739,5668.9,Hennepin,34434.0,44.97075,-93.24381,36,106,14,14119
55416,399000.0,2,3,1918,3005 LAKE SHORE DR,Minneapolis,Minnesota,34181,1799.0,Hennepin,139346.0,44.94961,-93.34157,36,106,14,13923
55412,129900.0,2,1,844,3547 OLIVER AVE N,Minneapolis,Minnesota,25497,2889.9,Hennepin,84058.0,45.02612,-93.29952,36,106,14,13796
55408,169900.0,1,1,701,3540 HENNEPIN AVE APT 111,Minneapolis,Minnesota,31613,4542.7,Hennepin,97359.0,44.94364,-93.2937,36,106,14,13624
55417,285000.0,3,2,1965,5732 28TH AVE S,Minneapolis,Minnesota,25610,2238.1,Hennepin,134948.0,44.9059,-93.23534,36,106,14,13973
55417,385000.0,3,2,1594,5501 33RD AVE S,Minneapolis,Minnesota,25610,2238.1,Hennepin,134948.0,44.9059,-93.23534,36,106,14,13957
55430,179900.0,3,1,1590,4929 ALDRICH AVE N,Minneapolis,Minnesota,23191,1524.4,Hennepin,85259.0,45.0632,-93.30148,36,106,14,14103
55401,235000.0,2,2,1028,15 S 1ST ST APT A1619,Minneapolis,Minnesota,10957,5346.6,Hennepin,160952.0,44.98526,-93.26984,36,106,14,13337
55410,479000.0,3,2,1872,5333 XERXES AVE S,Minneapolis,Minnesota,20525,2581.6,Hennepin,201229.0,44.91364,-93.31725,36,106,14,13679
55405,400000.0,5,1,1797,2008 GRAND AVE S,Minneapolis,Minnesota,16523,2251.5,Hennepin,108154.0,44.97034,-93.30461,36,106,14,13451
55411,269900.0,4,1,1665,1018 RUSSELL AVE N,Minneapolis,Minnesota,31397,3009.7,Hennepin,69896.0,44.9993,-93.2979,36,106,14,13743
55419,475000.0,3,2,1627,5332 HUMBOLDT AVE S,Minneapolis,Minnesota,29051,2671.7,Hennepin,181509.0,44.90586,-93.28743,36,106,14,14052
55411,315000.0,3,2,1856,2514 JAMES AVE N,Minneapolis,Minnesota,31397,3009.7,Hennepin,69896.0,44.9993,-93.2979,36,106,14,13732
55403,289900.0,1,1,875,201 S 11TH ST UNIT 1840,Minneapolis,Minnesota,16349,4645.6,Hennepin,100893.0,44.97023,-93.28588,36,106,14,13404
55430,234900.0,3,1,1020,5001 ALDRICH AVE N,Minneapolis,Minnesota,23191,1524.4,Hennepin,85259.0,45.0632,-93.30148,36,106,14,14115
55407,250000.0,3,1,960,4025 13TH AVE S,Minneapolis,Minnesota,38921,3743.5,Hennepin,95147.0,44.93484,-93.25263,36,106,14,13549
55404,280000.0,1,2,1124,500 E GRANT ST APT 1905,Minneapolis,Minnesota,28413,6075.5,Hennepin,60946.0,44.9619,-93.26145,36,106,14,13429
55416,1395000.0,6,6,4936,2811 SUNSET BLVD,Minneapolis,Minnesota,34181,1799.0,Hennepin,139346.0,44.94961,-93.34157,36,106,14,13916
55409,450000.0,4,2,2188,4205 BRYANT AVE S,Minneapolis,Minnesota,11262,3323.8,Hennepin,124669.0,44.93018,-93.28146,36,106,14,13638
55411,154500.0,3,1,1587,2941 LYNDALE AVE N,Minneapolis,Minnesota,31397,3009.7,Hennepin,69896.0,44.9993,-93.2979,36,106,14,13728
55411,129900.0,3,1,1199,2422 LOGAN AVE N,Minneapolis,Minnesota,31397,3009.7,Hennepin,69896.0,44.9993,-93.2979,36,106,14,13770
55406,429900.0,4,3,1862,3808 30TH AVE S,Minneapolis,Minnesota,35997,2776.9,Hennepin,107717.0,44.93932,-93.22071,36,106,14,13516
55407,310000.0,4,2,1972,4504 OAKLAND AVE,Minneapolis,Minnesota,38921,3743.5,Hennepin,95147.0,44.93484,-93.25263,36,106,14,13542
55416,780000.0,5,3,2643,2844 SUNSET BLVD,Minneapolis,Minnesota,34181,1799.0,Hennepin,139346.0,44.94961,-93.34157,36,106,14,13927
55413,369999.0,5,2,3110,1314 6TH ST NE,Minneapolis,Minnesota,14299,1759.8,Hennepin,101666.0,44.99826,-93.24276,36,106,14,13855
55417,359900.0,4,3,1495,5641 42ND AVE S,Minneapolis,Minnesota,25610,2238.1,Hennepin,134948.0,44.9059,-93.23534,36,106,14,13980
55418,439900.0,4,3,2217,2215 CLEVELAND ST NE,Minneapolis,Minnesota,31136,1720.3,Hennepin,114487.0,45.0208,-93.24244,36,106,14,14015
55417,475000.0,3,2,1948,5524 11TH AVE S,Minneapolis,Minnesota,25610,2238.1,Hennepin,134948.0,44.9059,-93.23534,36,106,14,13977
55430,199900.0,2,1,926,5208 CAMDEN AVE N,Minneapolis,Minnesota,23191,1524.4,Hennepin,85259.0,45.0632,-93.30148,36,106,14,14117
55401,289000.0,1,2,1186,15 S 1ST ST # A1204,Minneapolis,Minnesota,10957,5346.6,Hennepin,160952.0,44.98526,-93.26984,36,106,14,13321
55406,314900.0,3,1,1197,3945 44TH AVE S,Minneapolis,Minnesota,35997,2776.9,Hennepin,107717.0,44.93932,-93.22071,36,106,14,13528
55403,1050000.0,3,3,2643,1717 HUMBOLDT AVE S,Minneapolis,Minnesota,16349,4645.6,Hennepin,100893.0,44.97023,-93.28588,36,106,14,13388
55409,411900.0,3,2,1620,4320 3RD AVE S,Minneapolis,Minnesota,11262,3323.8,Hennepin,124669.0,44.93018,-93.28146,36,106,14,13640
55417,259900.0,2,1,1150,5023 36TH AVE S,Minneapolis,Minnesota,25610,2238.1,Hennepin,134948.0,44.9059,-93.23534,36,106,14,13993
55405,3495000.0,4,8,8323,2427 E LAKE OF THE ISLES PKWY,Minneapolis,Minnesota,16523,2251.5,Hennepin,108154.0,44.97034,-93.30461,36,106,14,13433
55401,2995000.0,4,3,5579,150 PORTLAND AVE UNIT 500,Minneapolis,Minnesota,10957,5346.6,Hennepin,160952.0,44.98526,-93.26984,36,106,14,13349
55411,209900.0,5,2,1460,317 30TH AVE N,Minneapolis,Minnesota,31397,3009.7,Hennepin,69896.0,44.9993,-93.2979,36,106,14,13750
55412,60000.0,2,1,864,4342 JAMES AVE N,Minneapolis,Minnesota,25497,2889.9,Hennepin,84058.0,45.02612,-93.29952,36,106,14,13835
55403,125000.0,1,1,535,1936 ALDRICH AVE S # E203,Minneapolis,Minnesota,16349,4645.6,Hennepin,100893.0,44.97023,-93.28588,36,106,14,13373
55419,425000.0,4,2,1599,5645 GIRARD AVE S,Minneapolis,Minnesota,29051,2671.7,Hennepin,181509.0,44.90586,-93.28743,36,106,14,14093
55413,329000.0,2,2,1117,730 STINSON BLVD UNIT 521,Minneapolis,Minnesota,14299,1759.8,Hennepin,101666.0,44.99826,-93.24276,36,106,14,13863
55406,195000.0,1,1,515,4015 36TH AVE S,Minneapolis,Minnesota,35997,2776.9,Hennepin,107717.0,44.93932,-93.22071,36,106,14,13474
55416,194900.0,2,2,1040,3150 EXCELSIOR BLVD APT 111,Minneapolis,Minnesota,34181,1799.0,Hennepin,139346.0,44.94961,-93.34157,36,106,14,13929
55415,399900.0,2,2,1369,521 S 7TH ST UNIT 608,Minneapolis,Minnesota,5722,5042.6,Hennepin,171257.0,44.97463,-93.2578,36,106,14,13904
55401,375000.0,2,2,1225,918 3RD ST N UNIT 302,Minneapolis,Minnesota,10957,5346.6,Hennepin,160952.0,44.98526,-93.26984,36,106,14,13351
55409,475000.0,3,2,1887,4107 PILLSBURY AVE S,Minneapolis,Minnesota,11262,3323.8,Hennepin,124669.0,44.93018,-93.28146,36,106,14,13636
55407,449900.0,4,3,2108,3500 PARK AVE,Minneapolis,Minnesota,38921,3743.5,Hennepin,95147.0,44.93484,-93.25263,36,106,14,13539
55408,799900.0,6,4,3378,3426 HOLMES AVE S,Minneapolis,Minnesota,31613,4542.7,Hennepin,97359.0,44.94364,-93.2937,36,106,14,13625
55416,179900.0,1,1,740,3131 EXCELSIOR BLVD APT 910,Minneapolis,Minnesota,34181,1799.0,Hennepin,139346.0,44.94961,-93.34157,36,106,14,13924
55418,400000.0,3,2,1573,2314 LINCOLN ST NE,Minneapolis,Minnesota,31136,1720.3,Hennepin,114487.0,45.0208,-93.24244,36,106,14,14011
55411,208000.0,3,1,1920,2811 GIRARD AVE N,Minneapolis,Minnesota,31397,3009.7,Hennepin,69896.0,44.9993,-93.2979,36,106,14,13760
55411,249000.0,3,1,1559,2630 JAMES AVE N,Minneapolis,Minnesota,31397,3009.7,Hennepin,69896.0,44.9993,-93.2979,36,106,14,13717
55408,120000.0,1,1,435,2881 IRVING AVE S UNIT 305,Minneapolis,Minnesota,31613,4542.7,Hennepin,97359.0,44.94364,-93.2937,36,106,14,13604
55412,159900.0,3,1,1128,3442 KNOX AVE N,Minneapolis,Minnesota,25497,2889.9,Hennepin,84058.0,45.02612,-93.29952,36,106,14,13781
55403,1100000.0,7,7,6611,1801 COLFAX AVE S,Minneapolis,Minnesota,16349,4645.6,Hennepin,100893.0,44.97023,-93.28588,36,106,14,13358
55409,449900.0,4,2,2332,4343 GRAND AVE S,Minneapolis,Minnesota,11262,3323.8,Hennepin,124669.0,44.93018,-93.28146,36,106,14,13652
55414,469000.0,7,4,4074,2409 COLE AVE SE,Minneapolis,Minnesota,31788,3929.4,Hennepin,74771.0,44.97915,-93.2259,36,106,14,13877
55411,299990.0,4,3,2460,2344 SHERIDAN AVE N,Minneapolis,Minnesota,31397,3009.7,Hennepin,69896.0,44.9993,-93.2979,36,106,14,13724
55408,699900.0,4,3,3093,3319 HUMBOLDT AVE S,Minneapolis,Minnesota,31613,4542.7,Hennepin,97359.0,44.94364,-93.2937,36,106,14,13583
55416,2380000.0,5,4,4000,2200 DREW AVE S,Minneapolis,Minnesota,34181,1799.0,Hennepin,139346.0,44.94961,-93.34157,36,106,14,13934
55406,295000.0,2,2,1295,2617 35TH AVE S,Minneapolis,Minnesota,35997,2776.9,Hennepin,107717.0,44.93932,-93.22071,36,106,14,13530
55403,195000.0,2,2,1000,1912 DUPONT AVE S APT 103,Minneapolis,Minnesota,16349,4645.6,Hennepin,100893.0,44.97023,-93.28588,36,106,14,13365
55417,319900.0,3,1,1439,5320 38TH AVE S,Minneapolis,Minnesota,25610,2238.1,Hennepin,134948.0,44.9059,-93.23534,36,106,14,13968
55430,250000.0,2,2,1656,5158 QUEEN AVE N,Minneapolis,Minnesota,23191,1524.4,Hennepin,85259.0,45.0632,-93.30148,36,106,14,14106
55406,325000.0,3,2,1568,4516 34TH AVE S,Minneapolis,Minnesota,35997,2776.9,Hennepin,107717.0,44.93932,-93.22071,36,106,14,13521
55406,399900.0,4,2,1700,4616 43RD AVE S,Minneapolis,Minnesota,35997,2776.9,Hennepin,107717.0,44.93932,-93.22071,36,106,14,13489
55410,429000.0,2,1,960,4444 ABBOTT AVE S,Minneapolis,Minnesota,20525,2581.6,Hennepin,201229.0,44.91364,-93.31725,36,106,14,13683
55407,319900.0,4,2,2670,4100 16TH AVE S,Minneapolis,Minnesota,38921,3743.5,Hennepin,95147.0,44.93484,-93.25263,36,106,14,13554
55404,519000.0,2,2,1627,532 E GRANT ST,Minneapolis,Minnesota,28413,6075.5,Hennepin,60946.0,44.9619,-93.26145,36,106,14,13406
55412,190000.0,2,1,1026,4107 JAMES AVE N,Minneapolis,Minnesota,25497,2889.9,Hennepin,84058.0,45.02612,-93.29952,36,106,14,13799
55419,365000.0,3,2,1968,5416 OLIVER AVE S,Minneapolis,Minnesota,29051,2671.7,Hennepin,181509.0,44.90586,-93.28743,36,106,14,14053
55404,165000.0,1,1,675,601 S 9TH ST APT 4,Minneapolis,Minnesota,28413,6075.5,Hennepin,60946.0,44.9619,-93.26145,36,106,14,13419
55412,174500.0,3,2,1252,3315 COLFAX AVE N,Minneapolis,Minnesota,25497,2889.9,Hennepin,84058.0,45.02612,-93.29952,36,106,14,13777
55403,92500.0,1,1,525,1820 1ST AVE S APT 202,Minneapolis,Minnesota,16349,4645.6,Hennepin,100893.0,44.97023,-93.28588,36,106,14,13385
55412,199900.0,2,2,859,3539 MORGAN AVE N,Minneapolis,Minnesota,25497,2889.9,Hennepin,84058.0,45.02612,-93.29952,36,106,14,13833
55408,314900.0,3,1,1404,2746 EMERSON AVE S,Minneapolis,Minnesota,31613,4542.7,Hennepin,97359.0,44.94364,-93.2937,36,106,14,13581
55419,499000.0,4,3,2340,5412 NEWTON AVE S,Minneapolis,Minnesota,29051,2671.7,Hennepin,181509.0,44.90586,-93.28743,36,106,14,14058
55417,450000.0,3,2,1900,5816 OAKLAND AVE,Minneapolis,Minnesota,25610,2238.1,Hennepin,134948.0,44.9059,-93.23534,36,106,14,13948
55414,950000.0,2,2,1790,222 2ND ST SE APT 1102,Minneapolis,Minnesota,31788,3929.4,Hennepin,74771.0,44.97915,-93.2259,36,106,14,13868
55415,560000.0,2,2,1527,1240 S 2ND ST UNIT 1203,Minneapolis,Minnesota,5722,5042.6,Hennepin,171257.0,44.97463,-93.2578,36,106,14,13899
55410,485000.0,3,3,1893,4708 ZENITH AVE S,Minneapolis,Minnesota,20525,2581.6,Hennepin,201229.0,44.91364,-93.31725,36,106,14,13684
55419,769900.0,4,3,2017,5349 IRVING AVE S,Minneapolis,Minnesota,29051,2671.7,Hennepin,181509.0,44.90586,-93.28743,36,106,14,14048
55404,189900.0,1,1,680,111 E FRANKLIN AVE APT 305,Minneapolis,Minnesota,28413,6075.5,Hennepin,60946.0,44.9619,-93.26145,36,106,14,13414
55410,800000.0,3,2,1886,4116 SHERIDAN AVE S,Minneapolis,Minnesota,20525,2581.6,Hennepin,201229.0,44.91364,-93.31725,36,106,14,13661
55412,175000.0,4,2,1625,3714 GIRARD AVE N,Minneapolis,Minnesota,25497,2889.9,Hennepin,84058.0,45.02612,-93.29952,36,106,14,13786
55430,259900.0,3,1,1505,4923 NEWTON AVE N,Minneapolis,Minnesota,23191,1524.4,Hennepin,85259.0,45.0632,-93.30148,36,106,14,14100
55407,279900.0,2,2,1500,3904 OAKLAND AVE,Minneapolis,Minnesota,38921,3743.5,Hennepin,95147.0,44.93484,-93.25263,36,106,14,13534
55407,300000.0,3,2,2006,4200 PORTLAND AVE,Minneapolis,Minnesota,38921,3743.5,Hennepin,95147.0,44.93484,-93.25263,36,106,14,13553
55417,499999.0,3,3,1712,5040 14TH AVE S,Minneapolis,Minnesota,25610,2238.1,Hennepin,134948.0,44.9059,-93.23534,36,106,14,13994
55410,275000.0,2,1,1004,4221 UPTON AVE S APT 105,Minneapolis,Minnesota,20525,2581.6,Hennepin,201229.0,44.91364,-93.31725,36,106,14,13676
55430,129900.0,2,1,858,4848 N 6TH ST,Minneapolis,Minnesota,23191,1524.4,Hennepin,85259.0,45.0632,-93.30148,36,106,14,14111
55418,185000.0,3,1,945,832 20TH AVE NE,Minneapolis,Minnesota,31136,1720.3,Hennepin,114487.0,45.0208,-93.24244,36,106,14,14008
55406,459900.0,3,2,1747,4156 27TH AVE S,Minneapolis,Minnesota,35997,2776.9,Hennepin,107717.0,44.93932,-93.22071,36,106,14,13515
55412,129900.0,3,1,1460,3415 KNOX AVE N,Minneapolis,Minnesota,25497,2889.9,Hennepin,84058.0,45.02612,-93.29952,36,106,14,13843
55418,510000.0,4,3,2815,3000 ARTHUR ST NE,Minneapolis,Minnesota,31136,1720.3,Hennepin,114487.0,45.0208,-93.24244,36,106,14,14028
55407,199900.0,3,2,1854,4516 OAKLAND AVE,Minneapolis,Minnesota,38921,3743.5,Hennepin,95147.0,44.93484,-93.25263,36,106,14,13536
55408,166000.0,2,1,700,3024 HUMBOLDT AVE S APT 201,Minneapolis,Minnesota,31613,4542.7,Hennepin,97359.0,44.94364,-93.2937,36,106,14,13588
55412,189900.0,4,1,1653,3417 FREMONT AVE N,Minneapolis,Minnesota,25497,2889.9,Hennepin,84058.0,45.02612,-93.29952,36,106,14,13771
55414,729000.0,4,3,3090,809 SUPERIOR ST SE,Minneapolis,Minnesota,31788,3929.4,Hennepin,74771.0,44.97915,-93.2259,36,106,14,13873
55412,234900.0,3,2,1560,4131 VINCENT AVE N,Minneapolis,Minnesota,25497,2889.9,Hennepin,84058.0,45.02612,-93.29952,36,106,14,13808
55416,155000.0,1,1,610,3128 W BDE MAKA SKA BLVD APT 415,Minneapolis,Minnesota,34181,1799.0,Hennepin,139346.0,44.94961,-93.34157,36,106,14,13918
55411,149900.0,3,3,1450,2202 BRYANT AVE N,Minneapolis,Minnesota,31397,3009.7,Hennepin,69896.0,44.9993,-93.2979,36,106,14,13769
55410,649900.0,5,2,2377,4101 ABBOTT AVE S,Minneapolis,Minnesota,20525,2581.6,Hennepin,201229.0,44.91364,-93.31725,36,106,14,13655
55415,299000.0,2,2,1015,521 S 7TH ST UNIT 602,Minneapolis,Minnesota,5722,5042.6,Hennepin,171257.0,44.97463,-93.2578,36,106,14,13889
55410,1349000.0,4,3,2365,4753 YORK AVE S,Minneapolis,Minnesota,20525,2581.6,Hennepin,201229.0,44.91364,-93.31725,36,106,14,13688
55415,639900.0,2,2,1524,1240 S 2ND ST UNIT 724,Minneapolis,Minnesota,5722,5042.6,Hennepin,171257.0,44.97463,-93.2578,36,106,14,13882
55411,290000.0,3,2,1428,2946 XERXES AVE N,Minneapolis,Minnesota,31397,3009.7,Hennepin,69896.0,44.9993,-93.2979,36,106,14,13727
55416,439900.0,2,2,1500,2950 DEAN PKWY APT 803,Minneapolis,Minnesota,34181,1799.0,Hennepin,139346.0,44.94961,-93.34157,36,106,14,13938
55408,119900.0,1,1,650,3018 ALDRICH AVE S APT 1,Minneapolis,Minnesota,31613,4542.7,Hennepin,97359.0,44.94364,-93.2937,36,106,14,13599
55409,329000.0,2,1,807,710 W 43RD ST,Minneapolis,Minnesota,11262,3323.8,Hennepin,124669.0,44.93018,-93.28146,36,106,14,13647
55408,124900.0,1,1,780,1425 W 28TH ST APT 223,Minneapolis,Minnesota,31613,4542.7,Hennepin,97359.0,44.94364,-93.2937,36,106,14,13618
55419,459900.0,4,3,1750,5352 KNOX AVE S,Minneapolis,Minnesota,29051,2671.7,Hennepin,181509.0,44.90586,-93.28743,36,106,14,14085
55418,375000.0,3,2,1454,3059 MCKINLEY ST NE,Minneapolis,Minnesota,31136,1720.3,Hennepin,114487.0,45.0208,-93.24244,36,106,14,14031
55419,324000.0,3,2,1570,6041 CLINTON AVE,Minneapolis,Minnesota,29051,2671.7,Hennepin,181509.0,44.90586,-93.28743,36,106,14,14056
55430,164900.0,3,1,1188,4735 ALDRICH AVE N,Minneapolis,Minnesota,23191,1524.4,Hennepin,85259.0,45.0632,-93.30148,36,106,14,14116
55403,449000.0,2,2,1230,510 GROVELAND AVE # 522,Minneapolis,Minnesota,16349,4645.6,Hennepin,100893.0,44.97023,-93.28588,36,106,14,13367
55403,1395000.0,4,4,4002,1920 IRVING AVE S,Minneapolis,Minnesota,16349,4645.6,Hennepin,100893.0,44.97023,-93.28588,36,106,14,13359
55413,335000.0,2,1,1304,240 3RD AVE NE,Minneapolis,Minnesota,14299,1759.8,Hennepin,101666.0,44.99826,-93.24276,36,106,14,13861
55406,200000.0,2,1,816,4220 24TH AVE S,Minneapolis,Minnesota,35997,2776.9,Hennepin,107717.0,44.93932,-93.22071,36,106,14,13456
55410,3795000.0,6,6,6035,4116 QUEEN AVE S,Minneapolis,Minnesota,20525,2581.6,Hennepin,201229.0,44.91364,-93.31725,36,106,14,13664
55410,599000.0,4,2,2369,3945 ZENITH AVE S,Minneapolis,Minnesota,20525,2581.6,Hennepin,201229.0,44.91364,-93.31725,36,106,14,13675
55412,224900.0,2,2,1636,4222 VINCENT AVE N,Minneapolis,Minnesota,25497,2889.9,Hennepin,84058.0,45.02612,-93.29952,36,106,14,13828
55409,204900.0,2,1,927,3603 ALDRICH AVE S APT 102,Minneapolis,Minnesota,11262,3323.8,Hennepin,124669.0,44.93018,-93.28146,36,106,14,13632
55417,437500.0,4,3,2158,5635 21ST AVE S,Minneapolis,Minnesota,25610,2238.1,Hennepin,134948.0,44.9059,-93.23534,36,106,14,13955
55408,799900.0,4,4,3181,3232 HOLMES AVE S,Minneapolis,Minnesota,31613,4542.7,Hennepin,97359.0,44.94364,-93.2937,36,106,14,13622
55418,300000.0,4,2,1459,2515 QUINCY ST NE,Minneapolis,Minnesota,31136,1720.3,Hennepin,114487.0,45.0208,-93.24244,36,106,14,14018
55417,199800.0,2,1,792,3905 BOARDMAN ST,Minneapolis,Minnesota,25610,2238.1,Hennepin,134948.0,44.9059,-93.23534,36,106,14,13978
55401,279900.0,1,1,860,401 S 1ST ST UNIT 315,Minneapolis,Minnesota,10957,5346.6,Hennepin,160952.0,44.98526,-93.26984,36,106,14,13326
55401,600000.0,2,2,1900,408 N 1ST ST APT 602,Minneapolis,Minnesota,10957,5346.6,Hennepin,160952.0,44.98526,-93.26984,36,106,14,13333
55417,359800.0,3,1,1664,5648 23RD AVE S,Minneapolis,Minnesota,25610,2238.1,Hennepin,134948.0,44.9059,-93.23534,36,106,14,13967
55404,85000.0,2,1,918,1811 ELLIOT AVE APT 7,Minneapolis,Minnesota,28413,6075.5,Hennepin,60946.0,44.9619,-93.26145,36,106,14,13431
55403,190000.0,2,1,757,821 DOUGLAS AVE APT 207,Minneapolis,Minnesota,16349,4645.6,Hennepin,100893.0,44.97023,-93.28588,36,106,14,13382
55430,235000.0,2,1,1320,4800 CAMDEN AVE N,Minneapolis,Minnesota,23191,1524.4,Hennepin,85259.0,45.0632,-93.30148,36,106,14,14108
55406,749990.0,4,4,3014,4416 33RD AVE S,Minneapolis,Minnesota,35997,2776.9,Hennepin,107717.0,44.93932,-93.22071,36,106,14,13498
55410,325000.0,3,1,1790,6051 VINCENT AVE S,Minneapolis,Minnesota,20525,2581.6,Hennepin,201229.0,44.91364,-93.31725,36,106,14,13672
55411,154900.0,3,1,1116,2947 PENN AVE N,Minneapolis,Minnesota,31397,3009.7,Hennepin,69896.0,44.9993,-93.2979,36,106,14,13762
55412,109900.0,2,1,817,3531 OLIVER AVE N,Minneapolis,Minnesota,25497,2889.9,Hennepin,84058.0,45.02612,-93.29952,36,106,14,13805
55412,199000.0,3,2,1330,2125 44TH AVE N,Minneapolis,Minnesota,25497,2889.9,Hennepin,84058.0,45.02612,-93.29952,36,106,14,13776
55410,2300000.0,3,4,5037,4106 VINCENT AVE S,Minneapolis,Minnesota,20525,2581.6,Hennepin,201229.0,44.91364,-93.31725,36,106,14,13694
55404,255000.0,1,2,870,929 PORTLAND AVE APT 2308,Minneapolis,Minnesota,28413,6075.5,Hennepin,60946.0,44.9619,-93.26145,36,106,14,13411
55406,135000.0,3,2,1165,3540 37TH AVE S,Minneapolis,Minnesota,35997,2776.9,Hennepin,107717.0,44.93932,-93.22071,36,106,14,13503
55419,400000.0,3,2,1492,5605 PILLSBURY AVE S,Minneapolis,Minnesota,29051,2671.7,Hennepin,181509.0,44.90586,-93.28743,36,106,14,14075
55408,164900.0,1,1,648,3540 HENNEPIN AVE APT 301,Minneapolis,Minnesota,31613,4542.7,Hennepin,97359.0,44.94364,-93.2937,36,106,14,13612
55415,750000.0,2,2,1793,215 10TH AVE S UNIT 720,Minneapolis,Minnesota,5722,5042.6,Hennepin,171257.0,44.97463,-93.2578,36,106,14,13902
55418,434900.0,4,2,2239,1846 LINCOLN ST NE,Minneapolis,Minnesota,31136,1720.3,Hennepin,114487.0,45.0208,-93.24244,36,106,14,14026
55418,365000.0,4,2,1912,3307 FILLMORE ST NE,Minneapolis,Minnesota,31136,1720.3,Hennepin,114487.0,45.0208,-93.24244,36,106,14,13997
55406,149900.0,1,2,760,2837 34TH AVE S,Minneapolis,Minnesota,35997,2776.9,Hennepin,107717.0,44.93932,-93.22071,36,106,14,13506
55403,950000.0,5,3,3491,1725 IRVING AVE S,Minneapolis,Minnesota,16349,4645.6,Hennepin,100893.0,44.97023,-93.28588,36,106,14,13399
55403,240000.0,2,2,1088,400 GROVELAND AVE APT 907,Minneapolis,Minnesota,16349,4645.6,Hennepin,100893.0,44.97023,-93.28588,36,106,14,13392
55418,177000.0,3,2,1108,3007 PIERCE ST NE,Minneapolis,Minnesota,31136,1720.3,Hennepin,114487.0,45.0208,-93.24244,36,106,14,14023
55406,180000.0,2,1,770,4005 39TH AVE S,Minneapolis,Minnesota,35997,2776.9,Hennepin,107717.0,44.93932,-93.22071,36,106,14,13520
55417,349900.0,4,2,1704,5917 28TH AVE S,Minneapolis,Minnesota,25610,2238.1,Hennepin,134948.0,44.9059,-93.23534,36,106,14,13953
55411,319500.0,4,2,2087,1227 RUSSELL AVE N,Minneapolis,Minnesota,31397,3009.7,Hennepin,69896.0,44.9993,-93.2979,36,106,14,13713
55416,349900.0,2,2,1271,3104 W LAKE ST UNIT 206,Minneapolis,Minnesota,34181,1799.0,Hennepin,139346.0,44.94961,-93.34157,36,106,14,13917
55417,293900.0,2,1,784,4119 E 50TH ST,Minneapolis,Minnesota,25610,2238.1,Hennepin,134948.0,44.9059,-93.23534,36,106,14,13940
55405,1395000.0,5,5,4715,2420 HUMBOLDT AVE S,Minneapolis,Minnesota,16523,2251.5,Hennepin,108154.0,44.97034,-93.30461,36,106,14,13453
55401,299900.0,1,1,930,700 WASHINGTON AVE N UNIT 400,Minneapolis,Minnesota,10957,5346.6,Hennepin,160952.0,44.98526,-93.26984,36,106,14,13343
55417,500000.0,4,2,2572,5116 CEDAR AVE S,Minneapolis,Minnesota,25610,2238.1,Hennepin,134948.0,44.9059,-93.23534,36,106,14,13965
55403,315000.0,1,1,482,201 S 11TH ST UNIT 960,Minneapolis,Minnesota,16349,4645.6,Hennepin,100893.0,44.97023,-93.28588,36,106,14,13361
55403,179000.0,2,2,1118,1225 LASALLE AVE APT 1602,Minneapolis,Minnesota,16349,4645.6,Hennepin,100893.0,44.97023,-93.28588,36,106,14,13396
55418,380000.0,3,2,1508,3535 MCKINLEY ST NE,Minneapolis,Minnesota,31136,1720.3,Hennepin,114487.0,45.0208,-93.24244,36,106,14,14039
55406,279000.0,2,1,1014,4112 SNELLING AVE,Minneapolis,Minnesota,35997,2776.9,Hennepin,107717.0,44.93932,-93.22071,36,106,14,13527
55411,199900.0,3,1,1053,1900 RUSSELL AVE N,Minneapolis,Minnesota,31397,3009.7,Hennepin,69896.0,44.9993,-93.2979,36,106,14,13703
55406,159900.0,1,2,973,4239 32ND AVE S,Minneapolis,Minnesota,35997,2776.9,Hennepin,107717.0,44.93932,-93.22071,36,106,14,13467
55419,450000.0,4,2,2725,5923 GRASS LAKE TER,Minneapolis,Minnesota,29051,2671.7,Hennepin,181509.0,44.90586,-93.28743,36,106,14,14080
55406,750000.0,4,4,3119,3748 43RD AVE S,Minneapolis,Minnesota,35997,2776.9,Hennepin,107717.0,44.93932,-93.22071,36,106,14,13491
55417,205000.0,2,1,910,4010 E 52ND ST APT 108,Minneapolis,Minnesota,25610,2238.1,Hennepin,134948.0,44.9059,-93.23534,36,106,14,13952
55414,500000.0,3,3,2064,126 ORLIN AVE SE,Minneapolis,Minnesota,31788,3929.4,Hennepin,74771.0,44.97915,-93.2259,36,106,14,13871
55406,279900.0,3,1,1125,3928 45TH AVE S,Minneapolis,Minnesota,35997,2776.9,Hennepin,107717.0,44.93932,-93.22071,36,106,14,13512
55412,189900.0,4,1,1350,3501 EMERSON AVE N,Minneapolis,Minnesota,25497,2889.9,Hennepin,84058.0,45.02612,-93.29952,36,106,14,13818
55403,825000.0,2,2,1998,1770 JAMES AVE S # 2,Minneapolis,Minnesota,16349,4645.6,Hennepin,100893.0,44.97023,-93.28588,36,106,14,13374
55419,550000.0,4,2,2085,5124 BRYANT AVE S,Minneapolis,Minnesota,29051,2671.7,Hennepin,181509.0,44.90586,-93.28743,36,106,14,14040
55418,339900.0,3,2,1759,3639 BUCHANAN ST NE,Minneapolis,Minnesota,31136,1720.3,Hennepin,114487.0,45.0208,-93.24244,36,106,14,14012
55412,139900.0,3,1,1036,3454 PENN AVE N,Minneapolis,Minnesota,25497,2889.9,Hennepin,84058.0,45.02612,-93.29952,36,106,14,13819
55412,289900.0,3,3,2152,4000 QUEEN AVE N,Minneapolis,Minnesota,25497,2889.9,Hennepin,84058.0,45.02612,-93.29952,36,106,14,13803
55408,350000.0,4,1,1309,3405 BRYANT AVE S,Minneapolis,Minnesota,31613,4542.7,Hennepin,97359.0,44.94364,-93.2937,36,106,14,13605
55407,449000.0,4,2,2118,4749 16TH AVE S,Minneapolis,Minnesota,38921,3743.5,Hennepin,95147.0,44.93484,-93.25263,36,106,14,13574
55409,500000.0,3,2,1992,4150 WENTWORTH AVE,Minneapolis,Minnesota,11262,3323.8,Hennepin,124669.0,44.93018,-93.28146,36,106,14,13648
55418,420000.0,3,2,1372,2250 ARTHUR ST NE,Minneapolis,Minnesota,31136,1720.3,Hennepin,114487.0,45.0208,-93.24244,36,106,14,14013
55419,360000.0,2,2,1762,4625 LYNDALE AVE S,Minneapolis,Minnesota,29051,2671.7,Hennepin,181509.0,44.90586,-93.28743,36,106,14,14064
55412,159900.0,2,1,813,3434 KNOX AVE N,Minneapolis,Minnesota,25497,2889.9,Hennepin,84058.0,45.02612,-93.29952,36,106,14,13830
55414,275000.0,4,2,1874,514 4TH AVE SE,Minneapolis,Minnesota,31788,3929.4,Hennepin,74771.0,44.97915,-93.2259,36,106,14,13874
55417,281000.0,2,1,902,5331 39TH AVE S,Minneapolis,Minnesota,25610,2238.1,Hennepin,134948.0,44.9059,-93.23534,36,106,14,13979
55418,385000.0,4,2,1894,1705 32ND AVE NE,Minneapolis,Minnesota,31136,1720.3,Hennepin,114487.0,45.0208,-93.24244,36,106,14,14033
55403,635000.0,2,2,1995,201 S 11TH ST UNIT 1600,Minneapolis,Minnesota,16349,4645.6,Hennepin,100893.0,44.97023,-93.28588,36,106,14,13390
55419,850000.0,4,3,2932,5054 BRYANT AVE S,Minneapolis,Minnesota,29051,2671.7,Hennepin,181509.0,44.90586,-93.28743,36,106,14,14047
55412,99900.0,3,1,1219,3412 THOMAS AVE N,Minneapolis,Minnesota,25497,2889.9,Hennepin,84058.0,45.02612,-93.29952,36,106,14,13798
55407,239000.0,3,2,1347,3832 BLOOMINGTON AVE,Minneapolis,Minnesota,38921,3743.5,Hennepin,95147.0,44.93484,-93.25263,36,106,14,13546
55401,265000.0,1,1,451,728 3RD ST N APT 502,Minneapolis,Minnesota,10957,5346.6,Hennepin,160952.0,44.98526,-93.26984,36,106,14,13315
55401,750000.0,2,2,1921,111 4TH AVE N APT 503,Minneapolis,Minnesota,10957,5346.6,Hennepin,160952.0,44.98526,-93.26984,36,106,14,13328
55418,399900.0,3,2,1577,3114 ARTHUR ST NE,Minneapolis,Minnesota,31136,1720.3,Hennepin,114487.0,45.0208,-93.24244,36,106,14,14010
55412,299900.0,3,1,1190,3650 VINCENT AVE N,Minneapolis,Minnesota,25497,2889.9,Hennepin,84058.0,45.02612,-93.29952,36,106,14,13806
55418,100000.0,1,1,585,3155 OLD HIGHWAY 8 APT 107,Minneapolis,Minnesota,31136,1720.3,Hennepin,114487.0,45.0208,-93.24244,36,106,14,14030
55410,1299900.0,5,5,5166,3700 ZENITH AVE S,Minneapolis,Minnesota,20525,2581.6,Hennepin,201229.0,44.91364,-93.31725,36,106,14,13695
55414,364999.0,4,1,1361,134 BEDFORD ST SE,Minneapolis,Minnesota,31788,3929.4,Hennepin,74771.0,44.97915,-93.2259,36,106,14,13872
55410,485000.0,3,2,1959,5501 THOMAS AVE S,Minneapolis,Minnesota,20525,2581.6,Hennepin,201229.0,44.91364,-93.31725,36,106,14,13666
55403,474900.0,3,3,1694,1921 EMERSON AVE S,Minneapolis,Minnesota,16349,4645.6,Hennepin,100893.0,44.97023,-93.28588,36,106,14,13383
55407,209900.0,1,1,1020,4009 STANDISH AVE,Minneapolis,Minnesota,38921,3743.5,Hennepin,95147.0,44.93484,-93.25263,36,106,14,13559
55415,425000.0,2,2,1277,740 PORTLAND AVE APT 1210,Minneapolis,Minnesota,5722,5042.6,Hennepin,171257.0,44.97463,-93.2578,36,106,14,13886
55411,289999.0,3,2,1446,1915 WASHBURN AVE N,Minneapolis,Minnesota,31397,3009.7,Hennepin,69896.0,44.9993,-93.2979,36,106,14,13702
55416,145000.0,1,1,610,3124 W BDE MAKA SKA BLVD APT 406,Minneapolis,Minnesota,34181,1799.0,Hennepin,139346.0,44.94961,-93.34157,36,106,14,13919
55412,325000.0,3,3,1761,3543 OLIVER AVE N,Minneapolis,Minnesota,25497,2889.9,Hennepin,84058.0,45.02612,-93.29952,36,106,14,13778
55403,1475000.0,3,3,2662,201 S 11TH ST UNIT 2220,Minneapolis,Minnesota,16349,4645.6,Hennepin,100893.0,44.97023,-93.28588,36,106,14,13381
55454,189000.0,2,2,1105,1920 S 1ST ST APT 1503,Minneapolis,Minnesota,8739,5668.9,Hennepin,34434.0,44.97075,-93.24381,36,106,14,14120
55408,114900.0,1,1,700,423 W 31ST ST APT 1,Minneapolis,Minnesota,31613,4542.7,Hennepin,97359.0,44.94364,-93.2937,36,106,14,13602
55419,775000.0,4,3,2598,5232 HUMBOLDT AVE S,Minneapolis,Minnesota,29051,2671.7,Hennepin,181509.0,44.90586,-93.28743,36,106,14,14045
55416,525000.0,2,2,1625,2950 DEAN PKWY APT 1402,Minneapolis,Minnesota,34181,1799.0,Hennepin,139346.0,44.94961,-93.34157,36,106,14,13931
55417,180000.0,1,1,696,4021 E 54TH ST,Minneapolis,Minnesota,25610,2238.1,Hennepin,134948.0,44.9059,-93.23534,36,106,14,13960
55405,1195000.0,4,3,3625,2217 PENN AVE S,Minneapolis,Minnesota,16523,2251.5,Hennepin,108154.0,44.97034,-93.30461,36,106,14,13435
55417,495000.0,3,2,1900,5525 14TH AVE S,Minneapolis,Minnesota,25610,2238.1,Hennepin,134948.0,44.9059,-93.23534,36,106,14,13971
55414,479900.0,4,3,1732,211 CECIL ST SE,Minneapolis,Minnesota,31788,3929.4,Hennepin,74771.0,44.97915,-93.2259,36,106,14,13878
55413,539900.0,2,3,1832,221 1ST AVE NE APT 2,Minneapolis,Minnesota,14299,1759.8,Hennepin,101666.0,44.99826,-93.24276,36,106,14,13847
55411,179900.0,3,1,1300,2306 JAMES AVE N,Minneapolis,Minnesota,31397,3009.7,Hennepin,69896.0,44.9993,-93.2979,36,106,14,13739
55406,215000.0,2,2,1010,2634 29TH AVE S,Minneapolis,Minnesota,35997,2776.9,Hennepin,107717.0,44.93932,-93.22071,36,106,14,13486
55408,275000.0,3,2,1608,3209 CLINTON AVE,Minneapolis,Minnesota,31613,4542.7,Hennepin,97359.0,44.94364,-93.2937,36,106,14,13600
55408,119900.0,1,1,633,3120 HENNEPIN AVE UNIT 105,Minneapolis,Minnesota,31613,4542.7,Hennepin,97359.0,44.94364,-93.2937,36,106,14,13620
55411,274900.0,4,2,2120,1349 RUSSELL AVE N,Minneapolis,Minnesota,31397,3009.7,Hennepin,69896.0,44.9993,-93.2979,36,106,14,13749
55419,850000.0,4,4,3029,5505 BRYANT AVE S,Minneapolis,Minnesota,29051,2671.7,Hennepin,181509.0,44.90586,-93.28743,36,106,14,14092
55419,889900.0,4,4,3885,5232 LOGAN AVE S,Minneapolis,Minnesota,29051,2671.7,Hennepin,181509.0,44.90586,-93.28743,36,106,14,14054
55407,219900.0,2,2,1176,3836 OAKLAND AVE,Minneapolis,Minnesota,38921,3743.5,Hennepin,95147.0,44.93484,-93.25263,36,106,14,13562
55412,239900.0,3,2,1141,4623 RUSSELL AVE N,Minneapolis,Minnesota,25497,2889.9,Hennepin,84058.0,45.02612,-93.29952,36,106,14,13779
55401,414900.0,2,2,1232,710 N 4TH ST # E209,Minneapolis,Minnesota,10957,5346.6,Hennepin,160952.0,44.98526,-93.26984,36,106,14,13330
55412,195000.0,3,1,1252,3554 NEWTON AVE N,Minneapolis,Minnesota,25497,2889.9,Hennepin,84058.0,45.02612,-93.29952,36,106,14,13838
55401,251700.0,1,1,860,401 S 1ST ST UNIT 709,Minneapolis,Minnesota,10957,5346.6,Hennepin,160952.0,44.98526,-93.26984,36,106,14,13327
55406,315000.0,3,2,1650,3136 34TH AVE S,Minneapolis,Minnesota,35997,2776.9,Hennepin,107717.0,44.93932,-93.22071,36,106,14,13514
55406,574900.0,3,2,1900,2412 33RD AVE S,Minneapolis,Minnesota,35997,2776.9,Hennepin,107717.0,44.93932,-93.22071,36,106,14,13484
55418,190000.0,2,1,924,3431 TYLER ST NE,Minneapolis,Minnesota,31136,1720.3,Hennepin,114487.0,45.0208,-93.24244,36,106,14,14032
55403,77500.0,1,1,550,1820 1ST AVE S # 001,Minneapolis,Minnesota,16349,4645.6,Hennepin,100893.0,44.97023,-93.28588,36,106,14,13363
55403,165500.0,1,1,799,50 GROVELAND TER # C101,Minneapolis,Minnesota,16349,4645.6,Hennepin,100893.0,44.97023,-93.28588,36,106,14,13403
55412,200000.0,2,2,972,3319 HUMBOLDT AVE N,Minneapolis,Minnesota,25497,2889.9,Hennepin,84058.0,45.02612,-93.29952,36,106,14,13827
55417,325000.0,3,2,1534,3816 BOARDMAN ST,Minneapolis,Minnesota,25610,2238.1,Hennepin,134948.0,44.9059,-93.23534,36,106,14,13974
55407,299900.0,4,2,1938,4231 CEDAR AVE S,Minneapolis,Minnesota,38921,3743.5,Hennepin,95147.0,44.93484,-93.25263,36,106,14,13567
55412,260000.0,3,1,1405,3447 THOMAS AVE N,Minneapolis,Minnesota,25497,2889.9,Hennepin,84058.0,45.02612,-93.29952,36,106,14,13795
55408,225000.0,2,2,1020,1425 W 28TH ST APT 616,Minneapolis,Minnesota,31613,4542.7,Hennepin,97359.0,44.94364,-93.2937,36,106,14,13613
55404,1195000.0,3,3,2775,929 PORTLAND AVE APT 2701,Minneapolis,Minnesota,28413,6075.5,Hennepin,60946.0,44.9619,-93.26145,36,106,14,13410
55401,255000.0,2,2,1100,15 S 1ST ST # A601,Minneapolis,Minnesota,10957,5346.6,Hennepin,160952.0,44.98526,-93.26984,36,106,14,13347
55419,729900.0,5,3,3536,4900 STEVENS AVE,Minneapolis,Minnesota,29051,2671.7,Hennepin,181509.0,44.90586,-93.28743,36,106,14,14077
55419,405000.0,2,2,1337,5605 BLAISDELL AVE,Minneapolis,Minnesota,29051,2671.7,Hennepin,181509.0,44.90586,-93.28743,36,106,14,14094
55417,449900.0,3,2,1318,5328 PARK AVE,Minneapolis,Minnesota,25610,2238.1,Hennepin,134948.0,44.9059,-93.23534,36,106,14,13966
55404,145000.0,3,3,1532,2403 16TH AVE S,Minneapolis,Minnesota,28413,6075.5,Hennepin,60946.0,44.9619,-93.26145,36,106,14,13423
55413,399900.0,6,3,3100,427 PIERCE ST NE,Minneapolis,Minnesota,14299,1759.8,Hennepin,101666.0,44.99826,-93.24276,36,106,14,13848
55414,599900.0,4,2,2254,1949 E RIVER TER,Minneapolis,Minnesota,31788,3929.4,Hennepin,74771.0,44.97915,-93.2259,36,106,14,13876
55409,427000.0,2,2,1745,4312 1ST AVE S,Minneapolis,Minnesota,11262,3323.8,Hennepin,124669.0,44.93018,-93.28146,36,106,14,13642
55419,650000.0,4,2,2869,4954 COLFAX AVE S,Minneapolis,Minnesota,29051,2671.7,Hennepin,181509.0,44.90586,-93.28743,36,106,14,14073
55410,374999.0,3,2,1856,5545 XERXES AVE S,Minneapolis,Minnesota,20525,2581.6,Hennepin,201229.0,44.91364,-93.31725,36,106,14,13689
55407,425000.0,4,3,2509,4455 16TH AVE S,Minneapolis,Minnesota,38921,3743.5,Hennepin,95147.0,44.93484,-93.25263,36,106,14,13568
55408,1845000.0,4,4,4263,2675 E LAKE OF THE ISLES PKWY,Minneapolis,Minnesota,31613,4542.7,Hennepin,97359.0,44.94364,-93.2937,36,106,14,13585
55403,195000.0,2,2,978,400 GROVELAND AVE APT 911,Minneapolis,Minnesota,16349,4645.6,Hennepin,100893.0,44.97023,-93.28588,36,106,14,13402
55417,485000.0,3,2,1756,4804 BLOOMINGTON AVE,Minneapolis,Minnesota,25610,2238.1,Hennepin,134948.0,44.9059,-93.23534,36,106,14,13950
55407,115000.0,1,1,550,1300 POWDERHORN TER APT 27,Minneapolis,Minnesota,38921,3743.5,Hennepin,95147.0,44.93484,-93.25263,36,106,14,13540
55407,280000.0,3,1,1383,3901 15TH AVE S,Minneapolis,Minnesota,38921,3743.5,Hennepin,95147.0,44.93484,-93.25263,36,106,14,13572
55409,299000.0,3,1,1414,4049 CLINTON AVE,Minneapolis,Minnesota,11262,3323.8,Hennepin,124669.0,44.93018,-93.28146,36,106,14,13639
55416,285000.0,2,2,1200,3131 EXCELSIOR BLVD APT 701,Minneapolis,Minnesota,34181,1799.0,Hennepin,139346.0,44.94961,-93.34157,36,106,14,13928
55419,299900.0,3,1,2028,6126 DUPONT AVE S,Minneapolis,Minnesota,29051,2671.7,Hennepin,181509.0,44.90586,-93.28743,36,106,14,14069
55414,425000.0,3,2,1625,615 7TH ST SE,Minneapolis,Minnesota,31788,3929.4,Hennepin,74771.0,44.97915,-93.2259,36,106,14,13866
55411,425000.0,4,2,2428,2715 LYNDALE AVE N,Minneapolis,Minnesota,31397,3009.7,Hennepin,69896.0,44.9993,-93.2979,36,106,14,13714
55408,174900.0,2,1,780,2825 PLEASANT AVE,Minneapolis,Minnesota,31613,4542.7,Hennepin,97359.0,44.94364,-93.2937,36,106,14,13616
55404,130000.0,1,1,686,1812 CLINTON AVE APT 102,Minneapolis,Minnesota,28413,6075.5,Hennepin,60946.0,44.9619,-93.26145,36,106,14,13428
55407,299900.0,4,2,1671,3420 PARK AVE,Minneapolis,Minnesota,38921,3743.5,Hennepin,95147.0,44.93484,-93.25263,36,106,14,13560
55403,175900.0,2,1,1084,1930 ALDRICH AVE S # C101,Minneapolis,Minnesota,16349,4645.6,Hennepin,100893.0,44.97023,-93.28588,36,106,14,13398
55406,365000.0,3,2,1825,2844 38TH AVE S,Minneapolis,Minnesota,35997,2776.9,Hennepin,107717.0,44.93932,-93.22071,36,106,14,13492
55415,615000.0,2,2,1507,1240 S 2ND ST UNIT 214,Minneapolis,Minnesota,5722,5042.6,Hennepin,171257.0,44.97463,-93.2578,36,106,14,13892
55401,899900.0,3,3,2080,345 6TH AVE N UNIT 702,Minneapolis,Minnesota,10957,5346.6,Hennepin,160952.0,44.98526,-93.26984,36,106,14,13338
55411,234900.0,3,1,2011,2438 LOGAN AVE N,Minneapolis,Minnesota,31397,3009.7,Hennepin,69896.0,44.9993,-93.2979,36,106,14,13755
55411,68990.0,3,1,996,1301 21ST AVE N,Minneapolis,Minnesota,31397,3009.7,Hennepin,69896.0,44.9993,-93.2979,36,106,14,13705
55419,270000.0,2,2,1278,4429 3RD AVE S,Minneapolis,Minnesota,29051,2671.7,Hennepin,181509.0,44.90586,-93.28743,36,106,14,14091
55408,399900.0,3,2,1344,512 W 34TH ST,Minneapolis,Minnesota,31613,4542.7,Hennepin,97359.0,44.94364,-93.2937,36,106,14,13589
55417,480000.0,3,2,2239,4924 CEDAR AVE S,Minneapolis,Minnesota,25610,2238.1,Hennepin,134948.0,44.9059,-93.23534,36,106,14,13991
55401,1895000.0,2,2,1992,618 WASHINGTON AVE N STE 700,Minneapolis,Minnesota,10957,5346.6,Hennepin,160952.0,44.98526,-93.26984,36,106,14,13324
55419,675000.0,3,2,1855,5243 GIRARD AVE S,Minneapolis,Minnesota,29051,2671.7,Hennepin,181509.0,44.90586,-93.28743,36,106,14,14089
55419,520000.0,4,2,1820,5315 OLIVER AVE S,Minneapolis,Minnesota,29051,2671.7,Hennepin,181509.0,44.90586,-93.28743,36,106,14,14041
55406,215000.0,2,1,1243,4531 35TH AVE S,Minneapolis,Minnesota,35997,2776.9,Hennepin,107717.0,44.93932,-93.22071,36,106,14,13468
55408,375000.0,1,2,1053,2845 COLFAX AVE S # W403,Minneapolis,Minnesota,31613,4542.7,Hennepin,97359.0,44.94364,-93.2937,36,106,14,13606
55415,575000.0,2,2,1264,1120 S 2ND ST APT 903,Minneapolis,Minnesota,5722,5042.6,Hennepin,171257.0,44.97463,-93.2578,36,106,14,13903
55415,125000.0,1,1,650,433 S 7TH ST APT 1728,Minneapolis,Minnesota,5722,5042.6,Hennepin,171257.0,44.97463,-93.2578,36,106,14,13887
55417,329900.0,4,1,1636,5605 25TH AVE S,Minneapolis,Minnesota,25610,2238.1,Hennepin,134948.0,44.9059,-93.23534,36,106,14,13988
55416,790000.0,2,2,1980,2950 DEAN PKWY APT 1901,Minneapolis,Minnesota,34181,1799.0,Hennepin,139346.0,44.94961,-93.34157,36,106,14,13926
55417,319000.0,3,2,1650,5240 43RD AVE S,Minneapolis,Minnesota,25610,2238.1,Hennepin,134948.0,44.9059,-93.23534,36,106,14,13959
55403,225000.0,2,2,1095,1235 YALE PL APT 806,Minneapolis,Minnesota,16349,4645.6,Hennepin,100893.0,44.97023,-93.28588,36,106,14,13357
55411,154900.0,3,2,1636,3015 DUPONT AVE N,Minneapolis,Minnesota,31397,3009.7,Hennepin,69896.0,44.9993,-93.2979,36,106,14,13740
55410,1849000.0,5,6,4395,4037 WASHBURN AVE S,Minneapolis,Minnesota,20525,2581.6,Hennepin,201229.0,44.91364,-93.31725,36,106,14,13662
55401,274900.0,1,1,800,901 N 3RD ST UNIT 412,Minneapolis,Minnesota,10957,5346.6,Hennepin,160952.0,44.98526,-93.26984,36,106,14,13320
55407,265000.0,2,1,1091,4144 13TH AVE S,Minneapolis,Minnesota,38921,3743.5,Hennepin,95147.0,44.93484,-93.25263,36,106,14,13573
55419,339000.0,3,1,1160,5820 WENTWORTH AVE,Minneapolis,Minnesota,29051,2671.7,Hennepin,181509.0,44.90586,-93.28743,36,106,14,14042
55403,1995000.0,4,7,6977,1724 SUMMIT AVE,Minneapolis,Minnesota,16349,4645.6,Hennepin,100893.0,44.97023,-93.28588,36,106,14,13378
55405,1050000.0,4,4,3471,441 OLIVER AVE S,Minneapolis,Minnesota,16523,2251.5,Hennepin,108154.0,44.97034,-93.30461,36,106,14,13438
55419,550000.0,4,2,2000,5233 3RD AVE S,Minneapolis,Minnesota,29051,2671.7,Hennepin,181509.0,44.90586,-93.28743,36,106,14,14062
55407,318000.0,3,2,1464,4008 23RD AVE S,Minneapolis,Minnesota,38921,3743.5,Hennepin,95147.0,44.93484,-93.25263,36,106,14,13563
55406,779900.0,4,4,3079,3537 35TH AVE S,Minneapolis,Minnesota,35997,2776.9,Hennepin,107717.0,44.93932,-93.22071,36,106,14,13464
55408,375000.0,2,2,1060,1211 LAGOON AVE UNIT 503,Minneapolis,Minnesota,31613,4542.7,Hennepin,97359.0,44.94364,-93.2937,36,106,14,13596
55430,249900.0,3,1,856,4739 EMERSON AVE N,Minneapolis,Minnesota,23191,1524.4,Hennepin,85259.0,45.0632,-93.30148,36,106,14,14109
55416,174900.0,1,1,728,3150 EXCELSIOR BLVD APT 307,Minneapolis,Minnesota,34181,1799.0,Hennepin,139346.0,44.94961,-93.34157,36,106,14,13936
55418,319000.0,3,2,988,1914 HAYES ST NE,Minneapolis,Minnesota,31136,1720.3,Hennepin,114487.0,45.0208,-93.24244,36,106,14,13996
55411,284900.0,3,2,1856,2803 ALDRICH AVE N,Minneapolis,Minnesota,31397,3009.7,Hennepin,69896.0,44.9993,-93.2979,36,106,14,13733
55421,349900.0,4,2,1900,4235 ROYCE ST NE,Minneapolis,Minnesota,30249,1862.2,Anoka,85255.0,45.05083,-93.25249,37,106,14,14095
55417,230000.0,1,2,650,5733 26TH AVE S,Minneapolis,Minnesota,25610,2238.1,Hennepin,134948.0,44.9059,-93.23534,36,106,14,13964
55411,299900.0,3,2,1840,1419 THOMAS AVE N,Minneapolis,Minnesota,31397,3009.7,Hennepin,69896.0,44.9993,-93.2979,36,106,14,13768
55411,260000.0,5,3,1821,2914 COLFAX AVE N,Minneapolis,Minnesota,31397,3009.7,Hennepin,69896.0,44.9993,-93.2979,36,106,14,13752
55410,774900.0,3,2,1802,4524 UPTON AVE S,Minneapolis,Minnesota,20525,2581.6,Hennepin,201229.0,44.91364,-93.31725,36,106,14,13687
55419,549900.0,3,2,1944,5629 PILLSBURY AVE S,Minneapolis,Minnesota,29051,2671.7,Hennepin,181509.0,44.90586,-93.28743,36,106,14,14061
55415,620000.0,2,2,1755,607 WASHINGTON AVE S APT 305,Minneapolis,Minnesota,5722,5042.6,Hennepin,171257.0,44.97463,-93.2578,36,106,14,13901
55412,189900.0,3,1,1402,3727 GIRARD AVE N,Minneapolis,Minnesota,25497,2889.9,Hennepin,84058.0,45.02612,-93.29952,36,106,14,13792
55403,294800.0,2,3,1454,914 LINCOLN AVE,Minneapolis,Minnesota,16349,4645.6,Hennepin,100893.0,44.97023,-93.28588,36,106,14,13386
55415,2300000.0,3,3,2282,1111 W RIVER PKWY UNIT 33C,Minneapolis,Minnesota,5722,5042.6,Hennepin,171257.0,44.97463,-93.2578,36,106,14,13881
55419,539900.0,3,3,1974,5241 LOGAN AVE S,Minneapolis,Minnesota,29051,2671.7,Hennepin,181509.0,44.90586,-93.28743,36,106,14,14067
55403,250000.0,1,1,1109,301 OAK GROVE ST APT 210,Minneapolis,Minnesota,16349,4645.6,Hennepin,100893.0,44.97023,-93.28588,36,106,14,13393
55411,329000.0,4,3,1956,2222 N 4TH ST,Minneapolis,Minnesota,31397,3009.7,Hennepin,69896.0,44.9993,-93.2979,36,106,14,13751
55403,280000.0,2,2,1072,52 GROVELAND TER # A214,Minneapolis,Minnesota,16349,4645.6,Hennepin,100893.0,44.97023,-93.28588,36,106,14,13377
55407,105000.0,1,1,445,1216 POWDERHORN TER APT 15,Minneapolis,Minnesota,38921,3743.5,Hennepin,95147.0,44.93484,-93.25263,36,106,14,13566
55416,619900.0,3,4,2210,3108 DEAN CT,Minneapolis,Minnesota,34181,1799.0,Hennepin,139346.0,44.94961,-93.34157,36,106,14,13937
55404,199999.0,1,1,680,929 PORTLAND AVE APT 1008,Minneapolis,Minnesota,28413,6075.5,Hennepin,60946.0,44.9619,-93.26145,36,106,14,13407
55404,419995.0,2,2,1240,929 PORTLAND AVE APT 2101,Minneapolis,Minnesota,28413,6075.5,Hennepin,60946.0,44.9619,-93.26145,36,106,14,13417
55419,299500.0,2,2,888,4442 WENTWORTH AVE,Minneapolis,Minnesota,29051,2671.7,Hennepin,181509.0,44.90586,-93.28743,36,106,14,14044
55407,259000.0,3,1,1210,2614 17TH AVE S,Minneapolis,Minnesota,38921,3743.5,Hennepin,95147.0,44.93484,-93.25263,36,106,14,13541
55417,284900.0,3,1,1148,5741 36TH AVE S,Minneapolis,Minnesota,25610,2238.1,Hennepin,134948.0,44.9059,-93.23534,36,106,14,13976
55412,159900.0,4,2,1352,3500 IRVING AVE N,Minneapolis,Minnesota,25497,2889.9,Hennepin,84058.0,45.02612,-93.29952,36,106,14,13802
55430,379900.0,4,4,2666,1114 50TH AVE N,Minneapolis,Minnesota,23191,1524.4,Hennepin,85259.0,45.0632,-93.30148,36,106,14,14107
55406,420000.0,4,2,1549,3852 29TH AVE S,Minneapolis,Minnesota,35997,2776.9,Hennepin,107717.0,44.93932,-93.22071,36,106,14,13455
55430,179900.0,3,2,2045,4823 DUPONT AVE N,Minneapolis,Minnesota,23191,1524.4,Hennepin,85259.0,45.0632,-93.30148,36,106,14,14105
55411,149900.0,2,2,1072,2640 SHERIDAN AVE N,Minneapolis,Minnesota,31397,3009.7,Hennepin,69896.0,44.9993,-93.2979,36,106,14,13766
55415,409900.0,2,2,1126,740 PORTLAND AVE APT 1008,Minneapolis,Minnesota,5722,5042.6,Hennepin,171257.0,44.97463,-93.2578,36,106,14,13906
55411,229000.0,2,1,1143,3123 DUPONT AVE N,Minneapolis,Minnesota,31397,3009.7,Hennepin,69896.0,44.9993,-93.2979,36,106,14,13726
55401,239900.0,1,1,602,730 N 4TH ST UNIT 109,Minneapolis,Minnesota,10957,5346.6,Hennepin,160952.0,44.98526,-93.26984,36,106,14,13352
