Zip Code,Price,Beds,Baths,Living Space,Address,City,State,Zip Code Population,Zip Code Density,County,Median Household Income,Latitude,Longitude,county_num,city_num,state_num,address_num
32210,229900.0,3,1,1012,5303 MARLENE AVE,Jacksonville,Florida,66824,1178.7,Duval,81628.0,30.26491,-81.74746,20,63,7,6253
32216,120000.0,2,2,992,7346 EL BARCO RD APT 7,Jacksonville,Florida,39762,1211.3,Duval,84747.0,30.27891,-81.58305,20,63,7,6316
32205,349000.0,3,2,1075,4538 KERLE ST,Jacksonville,Florida,31398,1566.7,Duval,88245.0,30.30275,-81.72257,20,63,7,6039
32224,365000.0,3,2,1304,14403 PABLO BAY DR,Jacksonville,Florida,41366,765.7,Duval,121879.0,30.26815,-81.4642,20,63,7,6559
32225,375000.0,3,2,1744,12347 ARROWLEAF LN,Jacksonville,Florida,55401,813.1,Duval,107979.0,30.35768,-81.50592,20,63,7,6592
32220,370000.0,3,2,1870,10040 PEBBLE RIDGE DR N,Jacksonville,Florida,12020,120.3,Duval,84845.0,30.33693,-81.85335,20,63,7,6472
32223,679900.0,4,3,2934,3789 SUMMER GARDEN LN,Jacksonville,Florida,25824,866.8,Duval,120947.0,30.1549,-81.64821,20,63,7,6519
32219,369300.0,4,2,2030,8114 AYDON DR,Jacksonville,Florida,14169,76.5,Duval,71236.0,30.41815,-81.81367,20,63,7,6448
32210,925000.0,4,3,2651,4286 BALTIC ST,Jacksonville,Florida,66824,1178.7,Duval,81628.0,30.26491,-81.74746,20,63,7,6262
32218,219000.0,2,3,1424,1779 BISCAYNE BAY CIR,Jacksonville,Florida,68534,273.8,Duval,82140.0,30.48673,-81.66959,20,63,7,6353
32216,237500.0,2,3,1184,8436 THORNBUSH CT,Jacksonville,Florida,39762,1211.3,Duval,84747.0,30.27891,-81.58305,20,63,7,6310
32209,115000.0,4,2,1797,3143 RAY RD,Jacksonville,Florida,35915,1489.9,Duval,42717.0,30.36141,-81.69573,20,63,7,6204
32258,270000.0,2,2,1225,12700 BARTRAM PARK BLVD APT 210,Jacksonville,Florida,41004,888.5,Duval,117377.0,30.13874,-81.54941,20,63,7,6836
32257,350000.0,3,2,2204,10128 HOOD RD,Jacksonville,Florida,41487,1307.4,Duval,106508.0,30.19515,-81.6123,20,63,7,6810
32207,295000.0,3,1,1184,1645 PARKWOOD ST,Jacksonville,Florida,36711,1238.9,Duval,91810.0,30.29,-81.64018,20,63,7,6097
32277,324900.0,4,2,1812,2876 YELLOW PINE DR,Jacksonville,Florida,33948,1831.0,Duval,68969.0,30.3728,-81.59465,20,63,7,6853
32211,365000.0,4,3,2007,1839 PARKCREST DR,Jacksonville,Florida,35668,1680.8,Duval,68022.0,30.33276,-81.58428,20,63,7,6278
32217,429900.0,4,2,1655,7114 MADRID AVE,Jacksonville,Florida,20303,1458.3,Duval,98190.0,30.2394,-81.62722,20,63,7,6332
32210,225000.0,2,1,1092,6930 ALACHUA AVE,Jacksonville,Florida,66824,1178.7,Duval,81628.0,30.26491,-81.74746,20,63,7,6257
32218,239900.0,3,2,1291,11326 ISLAND SHORE DR W,Jacksonville,Florida,68534,273.8,Duval,82140.0,30.48673,-81.66959,20,63,7,6362
32226,489900.0,4,3,2755,13330 CEDAR HAMMOCK WAY,Jacksonville,Florida,18097,81.5,Duval,121204.0,30.46444,-81.50999,20,63,7,6631
32258,309900.0,3,3,1487,5963 PAVILION DR,Jacksonville,Florida,41004,888.5,Duval,117377.0,30.13874,-81.54941,20,63,7,6824
32224,841350.0,4,3,2468,5286 LEGACY PINES WAY,Jacksonville,Florida,41366,765.7,Duval,121879.0,30.26815,-81.4642,20,63,7,6570
32224,820194.0,3,2,2232,5294 PINE NOTCH PL,Jacksonville,Florida,41366,765.7,Duval,121879.0,30.26815,-81.4642,20,63,7,6560
32258,315999.0,3,3,1602,6073 BARTRAM VILLAGE DR,Jacksonville,Florida,41004,888.5,Duval,117377.0,30.13874,-81.54941,20,63,7,6825
32207,330000.0,3,2,1974,2729 GLEN MAWR RD,Jacksonville,Florida,36711,1238.9,Duval,91810.0,30.29,-81.64018,20,63,7,6129
32204,185000.0,3,2,1077,339 BELFORT ST,Jacksonville,Florida,7750,1114.0,Duval,80506.0,30.31636,-81.68095,20,63,7,6013
32258,315000.0,3,3,1499,5764 SANDSTONE WAY,Jacksonville,Florida,41004,888.5,Duval,117377.0,30.13874,-81.54941,20,63,7,6837
32210,233900.0,3,3,1472,5223 BRIGHTON PARK LN,Jacksonville,Florida,66824,1178.7,Duval,81628.0,30.26491,-81.74746,20,63,7,6247
32211,320000.0,4,3,2006,1149 SILVER KING RD,Jacksonville,Florida,35668,1680.8,Duval,68022.0,30.33276,-81.58428,20,63,7,6290
32211,279000.0,3,2,1757,1336 BROOKMONT AVE E,Jacksonville,Florida,35668,1680.8,Duval,68022.0,30.33276,-81.58428,20,63,7,6285
32257,225000.0,3,2,1157,9505 ARMELLE WAY UNIT 1-7,Jacksonville,Florida,41487,1307.4,Duval,106508.0,30.19515,-81.6123,20,63,7,6808
32226,359000.0,4,2,1922,14066 RED ROCK LAKE DR,Jacksonville,Florida,18097,81.5,Duval,121204.0,30.46444,-81.50999,20,63,7,6623
32209,199500.0,4,3,1662,1433 MASON AVE,Jacksonville,Florida,35915,1489.9,Duval,42717.0,30.36141,-81.69573,20,63,7,6192
32254,189000.0,3,1,1202,3110 4TH STREET CIR,Jacksonville,Florida,13798,429.5,Duval,51308.0,30.34164,-81.73549,20,63,7,6729
32218,292490.0,3,3,1560,14448 MACADAMIA LN # 260,Jacksonville,Florida,68534,273.8,Duval,82140.0,30.48673,-81.66959,20,63,7,6408
32211,414000.0,3,2,1737,1611 STRAWBERRY CREEK CT,Jacksonville,Florida,35668,1680.8,Duval,68022.0,30.33276,-81.58428,20,63,7,6275
32207,1000000.0,5,5,4298,1332 CAMPBELL AVE,Jacksonville,Florida,36711,1238.9,Duval,91810.0,30.29,-81.64018,20,63,7,6120
32246,229900.0,2,2,1100,12311 KENSINGTON LAKES DR UNIT 2302,Jacksonville,Florida,56222,1136.5,Duval,91183.0,30.29422,-81.51782,20,63,7,6698
32210,549900.0,4,2,1835,4241 LEXINGTON AVE,Jacksonville,Florida,66824,1178.7,Duval,81628.0,30.26491,-81.74746,20,63,7,6251
32218,304990.0,3,3,1395,12729 BARRACK LN,Jacksonville,Florida,68534,273.8,Duval,82140.0,30.48673,-81.66959,20,63,7,6421
32218,345990.0,4,3,1975,4882 BIG PINE DR,Jacksonville,Florida,68534,273.8,Duval,82140.0,30.48673,-81.66959,20,63,7,6419
32205,199999.0,3,1,1026,1174 HAMILTON ST,Jacksonville,Florida,31398,1566.7,Duval,88245.0,30.30275,-81.72257,20,63,7,6025
32207,450000.0,1,1,1123,1431 RIVERPLACE BLVD APT 1408,Jacksonville,Florida,36711,1238.9,Duval,91810.0,30.29,-81.64018,20,63,7,6123
32277,699900.0,5,4,3534,3846 COVE ST JOHNS RD,Jacksonville,Florida,33948,1831.0,Duval,68969.0,30.3728,-81.59465,20,63,7,6843
32207,430000.0,2,2,1224,1222 PEACHTREE ST,Jacksonville,Florida,36711,1238.9,Duval,91810.0,30.29,-81.64018,20,63,7,6106
32256,301990.0,2,3,1210,9172 ALPINE ASTER RD,Jacksonville,Florida,48988,308.2,Duval,95821.0,30.1929,-81.50309,20,63,7,6748
32226,407000.0,5,3,2507,11556 WALLEYE DR,Jacksonville,Florida,18097,81.5,Duval,121204.0,30.46444,-81.50999,20,63,7,6629
32218,220000.0,3,3,1524,3211 ACADEMY PARK PL,Jacksonville,Florida,68534,273.8,Duval,82140.0,30.48673,-81.66959,20,63,7,6395
32218,281999.0,3,2,1492,733 CHERRY BARK DR N,Jacksonville,Florida,68534,273.8,Duval,82140.0,30.48673,-81.66959,20,63,7,6409
32223,399999.0,3,2,1677,12311 CORMORANT CT,Jacksonville,Florida,25824,866.8,Duval,120947.0,30.1549,-81.64821,20,63,7,6540
32224,329900.0,3,2,1623,13364 BEACH BLVD UNIT 525,Jacksonville,Florida,41366,765.7,Duval,121879.0,30.26815,-81.4642,20,63,7,6549
32210,308000.0,4,3,1950,4607 ANVERS BLVD,Jacksonville,Florida,66824,1178.7,Duval,81628.0,30.26491,-81.74746,20,63,7,6265
32216,239000.0,2,2,1049,8539 GATE PKWY W UNIT 9237,Jacksonville,Florida,39762,1211.3,Duval,84747.0,30.27891,-81.58305,20,63,7,6303
32256,480000.0,2,2,1739,9260 ROSEWATER LN,Jacksonville,Florida,48988,308.2,Duval,95821.0,30.1929,-81.50309,20,63,7,6762
32204,369900.0,2,3,1406,1095 PORTER ST,Jacksonville,Florida,7750,1114.0,Duval,80506.0,30.31636,-81.68095,20,63,7,6022
32226,590000.0,5,3,3376,14779 AMELIA VIEW DR,Jacksonville,Florida,18097,81.5,Duval,121204.0,30.46444,-81.50999,20,63,7,6630
32222,329900.0,3,2,1651,10795 LAS COLINAS WAY,Jacksonville,Florida,14879,504.2,Duval,89939.0,30.21651,-81.8293,20,63,7,6504
32207,210000.0,2,1,972,4024 SHASTA CT,Jacksonville,Florida,36711,1238.9,Duval,91810.0,30.29,-81.64018,20,63,7,6115
32225,299900.0,3,2,1297,935 JORICK CT E,Jacksonville,Florida,55401,813.1,Duval,107979.0,30.35768,-81.50592,20,63,7,6602
32208,163000.0,3,2,1436,9522 GISBORNE DR,Jacksonville,Florida,32244,1080.0,Duval,54640.0,30.39351,-81.68245,20,63,7,6153
32218,448990.0,4,3,2363,11 PECAN RIDGE CT,Jacksonville,Florida,68534,273.8,Duval,82140.0,30.48673,-81.66959,20,63,7,6380
32225,565000.0,4,3,2913,1726 BROKEN BOW DR E,Jacksonville,Florida,55401,813.1,Duval,107979.0,30.35768,-81.50592,20,63,7,6610
32208,240000.0,3,2,1306,550 E 60TH ST,Jacksonville,Florida,32244,1080.0,Duval,54640.0,30.39351,-81.68245,20,63,7,6157
32218,292490.0,3,3,1560,14452 MACADAMIA LN # 261,Jacksonville,Florida,68534,273.8,Duval,82140.0,30.48673,-81.66959,20,63,7,6425
32225,260000.0,3,2,1044,605 STAFFORDSHIRE DR,Jacksonville,Florida,55401,813.1,Duval,107979.0,30.35768,-81.50592,20,63,7,6609
32225,448900.0,4,2,1896,952 MINERAL CREEK DR,Jacksonville,Florida,55401,813.1,Duval,107979.0,30.35768,-81.50592,20,63,7,6585
32217,299900.0,2,2,1330,3820 LAVISTA CIR APT 114,Jacksonville,Florida,20303,1458.3,Duval,98190.0,30.2394,-81.62722,20,63,7,6329
32222,499900.0,4,2,2264,7958 CAPESIDE WAY,Jacksonville,Florida,14879,504.2,Duval,89939.0,30.21651,-81.8293,20,63,7,6497
32221,225000.0,3,2,1856,7819 KNOLL DR N,Jacksonville,Florida,29346,238.7,Duval,91637.0,30.26043,-81.86764,20,63,7,6490
32220,241990.0,2,3,1210,9013 GIFFORD DR,Jacksonville,Florida,12020,120.3,Duval,84845.0,30.33693,-81.85335,20,63,7,6478
32254,207000.0,5,2,2172,2894 W 8TH ST,Jacksonville,Florida,13798,429.5,Duval,51308.0,30.34164,-81.73549,20,63,7,6730
32246,549900.0,4,2,1712,2465 GLADE SPRINGS DR,Jacksonville,Florida,56222,1136.5,Duval,91183.0,30.29422,-81.51782,20,63,7,6700
32207,93000.0,2,1,616,2465 JERNIGAN RD,Jacksonville,Florida,36711,1238.9,Duval,91810.0,30.29,-81.64018,20,63,7,6104
32217,339000.0,4,2,1964,3652 PIZARRO RD,Jacksonville,Florida,20303,1458.3,Duval,98190.0,30.2394,-81.62722,20,63,7,6327
32218,275000.0,4,2,1860,11150 BRIDGES RD,Jacksonville,Florida,68534,273.8,Duval,82140.0,30.48673,-81.66959,20,63,7,6407
32209,121000.0,3,1,828,4022 SPIRES AVE,Jacksonville,Florida,35915,1489.9,Duval,42717.0,30.36141,-81.69573,20,63,7,6198
32218,389990.0,4,3,2500,4930 BIG PINE DR,Jacksonville,Florida,68534,273.8,Duval,82140.0,30.48673,-81.66959,20,63,7,6377
32207,380000.0,4,3,1917,4347 HUDNALL RD,Jacksonville,Florida,36711,1238.9,Duval,91810.0,30.29,-81.64018,20,63,7,6105
32258,519000.0,4,3,2492,14916 FERN HAMMOCK DR W,Jacksonville,Florida,41004,888.5,Duval,117377.0,30.13874,-81.54941,20,63,7,6833
32218,214900.0,3,3,1361,3790 VERDE GARDENS CIR,Jacksonville,Florida,68534,273.8,Duval,82140.0,30.48673,-81.66959,20,63,7,6383
32256,230000.0,3,2,1473,7036 DEER LODGE CIR UNIT 106,Jacksonville,Florida,48988,308.2,Duval,95821.0,30.1929,-81.50309,20,63,7,6753
32277,274900.0,3,2,1388,7520 BROCKHURST DR,Jacksonville,Florida,33948,1831.0,Duval,68969.0,30.3728,-81.59465,20,63,7,6850
32225,940000.0,4,3,2537,4331 HARBOUR ISLAND DR,Jacksonville,Florida,55401,813.1,Duval,107979.0,30.35768,-81.50592,20,63,7,6607
32216,195000.0,1,1,723,8539 GATE PKWY W UNIT 9314,Jacksonville,Florida,39762,1211.3,Duval,84747.0,30.27891,-81.58305,20,63,7,6297
32258,411333.0,3,2,2091,12282 CHIMNEY TRAIL LN,Jacksonville,Florida,41004,888.5,Duval,117377.0,30.13874,-81.54941,20,63,7,6814
32218,319900.0,4,2,2060,5191 JOHNSON CREEK DR,Jacksonville,Florida,68534,273.8,Duval,82140.0,30.48673,-81.66959,20,63,7,6427
32222,400000.0,4,2,2102,10761 LAS COLINAS WAY,Jacksonville,Florida,14879,504.2,Duval,89939.0,30.21651,-81.8293,20,63,7,6494
32256,225000.0,2,2,1219,7800 POINT MEADOWS DR APT 133,Jacksonville,Florida,48988,308.2,Duval,95821.0,30.1929,-81.50309,20,63,7,6786
32246,215000.0,1,1,851,10075 GATE PKWY N APT 3006,Jacksonville,Florida,56222,1136.5,Duval,91183.0,30.29422,-81.51782,20,63,7,6696
32277,190000.0,2,2,1100,8230 DAMES POINT CROSSING BLVD N UNIT 1105,Jacksonville,Florida,33948,1831.0,Duval,68969.0,30.3728,-81.59465,20,63,7,6857
32217,249000.0,3,1,1143,6188 MERCER CIR W,Jacksonville,Florida,20303,1458.3,Duval,98190.0,30.2394,-81.62722,20,63,7,6336
32207,213000.0,3,1,1563,3793 FREEMAN RD,Jacksonville,Florida,36711,1238.9,Duval,91810.0,30.29,-81.64018,20,63,7,6124
32205,435000.0,3,3,1752,4619 KINGSBURY ST,Jacksonville,Florida,31398,1566.7,Duval,88245.0,30.30275,-81.72257,20,63,7,6049
32208,159000.0,4,1,1252,7851 PAUL REVERE DR,Jacksonville,Florida,32244,1080.0,Duval,54640.0,30.39351,-81.68245,20,63,7,6177
32217,169900.0,2,1,864,4727 SAN JOSE MANOR DR W APT 4,Jacksonville,Florida,20303,1458.3,Duval,98190.0,30.2394,-81.62722,20,63,7,6322
32258,524800.0,5,3,2695,5339 GAGE OAKS DR,Jacksonville,Florida,41004,888.5,Duval,117377.0,30.13874,-81.54941,20,63,7,6821
32225,624900.0,3,3,2050,13846 ATLANTIC BLVD APT 403,Jacksonville,Florida,55401,813.1,Duval,107979.0,30.35768,-81.50592,20,63,7,6615
32244,330378.0,3,2,1570,7155 MAHOGANY RUN DR,Jacksonville,Florida,63709,1043.5,Duval,72650.0,30.2171,-81.75384,20,63,7,6687
32210,240000.0,4,2,1361,7437 WENDELL DR,Jacksonville,Florida,66824,1178.7,Duval,81628.0,30.26491,-81.74746,20,63,7,6266
32257,215000.0,2,3,1274,9360 CRAVEN RD APT 105,Jacksonville,Florida,41487,1307.4,Duval,106508.0,30.19515,-81.6123,20,63,7,6794
32204,334900.0,3,4,1445,1089 PORTER ST,Jacksonville,Florida,7750,1114.0,Duval,80506.0,30.31636,-81.68095,20,63,7,6018
32256,350000.0,3,3,1756,9238 CARNOUSTIE LN,Jacksonville,Florida,48988,308.2,Duval,95821.0,30.1929,-81.50309,20,63,7,6792
32211,449900.0,4,4,2566,2690 SALT LAKE DR,Jacksonville,Florida,35668,1680.8,Duval,68022.0,30.33276,-81.58428,20,63,7,6291
32246,279000.0,3,2,1262,9745 TOUCHTON RD UNIT 2001,Jacksonville,Florida,56222,1136.5,Duval,91183.0,30.29422,-81.51782,20,63,7,6720
32225,445000.0,4,3,2066,1835 BUCKRIDGE RD,Jacksonville,Florida,55401,813.1,Duval,107979.0,30.35768,-81.50592,20,63,7,6583
32256,859900.0,4,4,3471,10268 ANTHEM WAY,Jacksonville,Florida,48988,308.2,Duval,95821.0,30.1929,-81.50309,20,63,7,6761
32218,59900.0,2,1,552,3113 FRANCES AVE,Jacksonville,Florida,68534,273.8,Duval,82140.0,30.48673,-81.66959,20,63,7,6426
32208,189900.0,3,1,988,1714 BASSETT RD,Jacksonville,Florida,32244,1080.0,Duval,54640.0,30.39351,-81.68245,20,63,7,6134
32223,325000.0,3,3,1738,3288 REMLER DR S,Jacksonville,Florida,25824,866.8,Duval,120947.0,30.1549,-81.64821,20,63,7,6525
32225,998000.0,4,5,3251,4721 MARINERS POINT DR,Jacksonville,Florida,55401,813.1,Duval,107979.0,30.35768,-81.50592,20,63,7,6600
32219,324900.0,3,2,1548,7919 GARLIC CLOVE LN,Jacksonville,Florida,14169,76.5,Duval,71236.0,30.41815,-81.81367,20,63,7,6450
32217,145000.0,2,1,970,3914 TOREADOR CT UNIT 4,Jacksonville,Florida,20303,1458.3,Duval,98190.0,30.2394,-81.62722,20,63,7,6321
32257,220000.0,2,2,1172,9360 CRAVEN RD APT 1307,Jacksonville,Florida,41487,1307.4,Duval,106508.0,30.19515,-81.6123,20,63,7,6800
32204,344900.0,3,4,1445,1093 PORTER ST,Jacksonville,Florida,7750,1114.0,Duval,80506.0,30.31636,-81.68095,20,63,7,6014
32244,299900.0,4,2,1848,7945 MACINNES DR,Jacksonville,Florida,63709,1043.5,Duval,72650.0,30.2171,-81.75384,20,63,7,6664
32220,292000.0,3,2,1586,8548 MAYALL DR,Jacksonville,Florida,12020,120.3,Duval,84845.0,30.33693,-81.85335,20,63,7,6465
32207,545000.0,4,2,2288,3818 HARBOR DR,Jacksonville,Florida,36711,1238.9,Duval,91810.0,30.29,-81.64018,20,63,7,6100
32256,230000.0,2,2,1128,11251 CAMPFIELD DR UNIT 3407,Jacksonville,Florida,48988,308.2,Duval,95821.0,30.1929,-81.50309,20,63,7,6771
32246,192500.0,1,1,730,10435 MIDTOWN PKWY UNIT 350,Jacksonville,Florida,56222,1136.5,Duval,91183.0,30.29422,-81.51782,20,63,7,6710
32258,290000.0,2,3,1437,12700 BARTRAM PARK BLVD APT 2111,Jacksonville,Florida,41004,888.5,Duval,117377.0,30.13874,-81.54941,20,63,7,6834
32224,690000.0,2,3,2510,13942 CROTON CT,Jacksonville,Florida,41366,765.7,Duval,121879.0,30.26815,-81.4642,20,63,7,6573
32207,295000.0,3,2,1628,1845 STANFORD RD N,Jacksonville,Florida,36711,1238.9,Duval,91810.0,30.29,-81.64018,20,63,7,6116
32204,267000.0,1,1,677,1846 MARGARET ST APT 2B,Jacksonville,Florida,7750,1114.0,Duval,80506.0,30.31636,-81.68095,20,63,7,6015
32225,395000.0,3,2,1546,1127 BLUE SKY WAY,Jacksonville,Florida,55401,813.1,Duval,107979.0,30.35768,-81.50592,20,63,7,6603
32277,309995.0,3,2,1410,3649 CAROLINE VALE BLVD,Jacksonville,Florida,33948,1831.0,Duval,68969.0,30.3728,-81.59465,20,63,7,6862
32222,430000.0,4,4,2278,6384 LONGLEAF BRANCH DR,Jacksonville,Florida,14879,504.2,Duval,89939.0,30.21651,-81.8293,20,63,7,6509
32225,367000.0,3,2,1600,99 AUTUMN SPRINGS CT W,Jacksonville,Florida,55401,813.1,Duval,107979.0,30.35768,-81.50592,20,63,7,6616
32216,219900.0,3,2,1369,8601 BEACH BLVD APT 805,Jacksonville,Florida,39762,1211.3,Duval,84747.0,30.27891,-81.58305,20,63,7,6307
32244,188000.0,3,2,1152,5826 JASON DR,Jacksonville,Florida,63709,1043.5,Duval,72650.0,30.2171,-81.75384,20,63,7,6683
32246,569000.0,4,4,3408,12230 SUNCHASE DR,Jacksonville,Florida,56222,1136.5,Duval,91183.0,30.29422,-81.51782,20,63,7,6702
32208,309900.0,4,3,2245,7929 CAXTON CIR W,Jacksonville,Florida,32244,1080.0,Duval,54640.0,30.39351,-81.68245,20,63,7,6155
32205,339500.0,3,1,1058,2835 COLLEGE ST,Jacksonville,Florida,31398,1566.7,Duval,88245.0,30.30275,-81.72257,20,63,7,6058
32205,570000.0,6,6,3018,723 & 725 JAMES ST,Jacksonville,Florida,31398,1566.7,Duval,88245.0,30.30275,-81.72257,20,63,7,6051
32204,359900.0,3,2,1547,2512 HERSCHEL ST,Jacksonville,Florida,7750,1114.0,Duval,80506.0,30.31636,-81.68095,20,63,7,6023
32219,308990.0,4,2,1797,12147 GREEN THICKET LN,Jacksonville,Florida,14169,76.5,Duval,71236.0,30.41815,-81.81367,20,63,7,6443
32209,100000.0,3,1,1119,1819 W 10TH ST,Jacksonville,Florida,35915,1489.9,Duval,42717.0,30.36141,-81.69573,20,63,7,6217
32220,261990.0,3,3,1502,9025 GIFFORD DR,Jacksonville,Florida,12020,120.3,Duval,84845.0,30.33693,-81.85335,20,63,7,6466
32210,243000.0,3,2,1194,2409 JUSTIN RD E,Jacksonville,Florida,66824,1178.7,Duval,81628.0,30.26491,-81.74746,20,63,7,6249
32210,298500.0,4,2,1439,6804 SNOW WHITE DR,Jacksonville,Florida,66824,1178.7,Duval,81628.0,30.26491,-81.74746,20,63,7,6244
32223,289000.0,3,1,1050,11619 FLYNN RD,Jacksonville,Florida,25824,866.8,Duval,120947.0,30.1549,-81.64821,20,63,7,6529
32208,209000.0,3,2,1381,120 W 65TH ST,Jacksonville,Florida,32244,1080.0,Duval,54640.0,30.39351,-81.68245,20,63,7,6140
32217,339900.0,4,2,1772,4066 FERRARRA ST,Jacksonville,Florida,20303,1458.3,Duval,98190.0,30.2394,-81.62722,20,63,7,6339
32256,725000.0,4,3,2463,11313 BEESON CT,Jacksonville,Florida,48988,308.2,Duval,95821.0,30.1929,-81.50309,20,63,7,6772
32225,349000.0,3,2,1372,1624 MONUMENT OAKS DR,Jacksonville,Florida,55401,813.1,Duval,107979.0,30.35768,-81.50592,20,63,7,6599
32226,287900.0,4,3,1821,12232 BLACK WALNUT CT,Jacksonville,Florida,18097,81.5,Duval,121204.0,30.46444,-81.50999,20,63,7,6620
32244,165000.0,2,2,1157,6965 ORTEGA WOODS DR UNIT 6-1,Jacksonville,Florida,63709,1043.5,Duval,72650.0,30.2171,-81.75384,20,63,7,6686
32246,569000.0,4,4,3408,12230 SUNCHASE DR,Jacksonville,Florida,56222,1136.5,Duval,91183.0,30.29422,-81.51782,20,63,7,6702
32211,269000.0,3,2,1689,1118 BROOKMONT AVE E,Jacksonville,Florida,35668,1680.8,Duval,68022.0,30.33276,-81.58428,20,63,7,6283
32218,49900.0,2,2,672,3124 DUANE AVE,Jacksonville,Florida,68534,273.8,Duval,82140.0,30.48673,-81.66959,20,63,7,6388
32211,224900.0,3,1,1068,9115 HARE AVE,Jacksonville,Florida,35668,1680.8,Duval,68022.0,30.33276,-81.58428,20,63,7,6270
32202,115000.0,1,1,573,311 W ASHLEY ST APT 908,Jacksonville,Florida,6717,1308.5,Duval,61239.0,30.32505,-81.64786,20,63,7,6005
32205,220000.0,3,3,1655,794 BENT BAUM RD,Jacksonville,Florida,31398,1566.7,Duval,88245.0,30.30275,-81.72257,20,63,7,6050
32246,305000.0,3,2,1708,9945 BRADLEY RD,Jacksonville,Florida,56222,1136.5,Duval,91183.0,30.29422,-81.51782,20,63,7,6701
32257,420000.0,4,2,1902,9676 PRICE PARK DR,Jacksonville,Florida,41487,1307.4,Duval,106508.0,30.19515,-81.6123,20,63,7,6796
32211,185000.0,3,1,1072,1127 DOUGLAS ST,Jacksonville,Florida,35668,1680.8,Duval,68022.0,30.33276,-81.58428,20,63,7,6288
32226,344900.0,4,2,1839,13889 WILD HAMMOCK TRL,Jacksonville,Florida,18097,81.5,Duval,121204.0,30.46444,-81.50999,20,63,7,6635
32222,345000.0,3,2,1604,513 VONRON DR,Jacksonville,Florida,14879,504.2,Duval,89939.0,30.21651,-81.8293,20,63,7,6503
32244,219990.0,3,3,1601,8105 CHERYL ANN LN,Jacksonville,Florida,63709,1043.5,Duval,72650.0,30.2171,-81.75384,20,63,7,6679
32208,205000.0,4,2,1544,7991 HELSTON DR,Jacksonville,Florida,32244,1080.0,Duval,54640.0,30.39351,-81.68245,20,63,7,6152
32257,240000.0,3,2,1568,4191 CUMBRIAN GARDENS LN,Jacksonville,Florida,41487,1307.4,Duval,106508.0,30.19515,-81.6123,20,63,7,6801
32218,290000.0,3,2,1500,12948 GILLESPIE AVE,Jacksonville,Florida,68534,273.8,Duval,82140.0,30.48673,-81.66959,20,63,7,6350
32226,598900.0,4,3,2390,2998 AMELIA BLUFF DR,Jacksonville,Florida,18097,81.5,Duval,121204.0,30.46444,-81.50999,20,63,7,6626
32258,315000.0,3,3,1499,5764 SANDSTONE WAY,Jacksonville,Florida,41004,888.5,Duval,117377.0,30.13874,-81.54941,20,63,7,6837
32210,799900.0,3,3,3110,5053 CHARLEMAGNE RD,Jacksonville,Florida,66824,1178.7,Duval,81628.0,30.26491,-81.74746,20,63,7,6230
32225,215000.0,3,3,2080,308 RALEIGH RD,Jacksonville,Florida,55401,813.1,Duval,107979.0,30.35768,-81.50592,20,63,7,6588
32224,939255.0,4,4,3152,5293 LEGACY PINES WAY,Jacksonville,Florida,41366,765.7,Duval,121879.0,30.26815,-81.4642,20,63,7,6542
32217,355000.0,3,2,1528,2609 CLEMSON RD,Jacksonville,Florida,20303,1458.3,Duval,98190.0,30.2394,-81.62722,20,63,7,6324
32208,89900.0,2,1,1044,831 BROXTON ST,Jacksonville,Florida,32244,1080.0,Duval,54640.0,30.39351,-81.68245,20,63,7,6186
32207,525000.0,3,2,1976,1225 LANDON AVE,Jacksonville,Florida,36711,1238.9,Duval,91810.0,30.29,-81.64018,20,63,7,6108
32221,335000.0,4,2,1705,11534 CARSON LAKE DR,Jacksonville,Florida,29346,238.7,Duval,91637.0,30.26043,-81.86764,20,63,7,6482
32218,275000.0,3,2,1563,3144 PINE AVE,Jacksonville,Florida,68534,273.8,Duval,82140.0,30.48673,-81.66959,20,63,7,6422
32209,135000.0,3,1,875,5035 CAMPENELLA DR,Jacksonville,Florida,35915,1489.9,Duval,42717.0,30.36141,-81.69573,20,63,7,6207
32209,185000.0,4,2,1238,1122 W 31ST ST,Jacksonville,Florida,35915,1489.9,Duval,42717.0,30.36141,-81.69573,20,63,7,6209
32257,169900.0,2,3,1050,3801 CROWN POINT RD UNIT 1103,Jacksonville,Florida,41487,1307.4,Duval,106508.0,30.19515,-81.6123,20,63,7,6802
32210,169000.0,3,2,1157,3671 KIRKPATRICK CIR UNIT 10,Jacksonville,Florida,66824,1178.7,Duval,81628.0,30.26491,-81.74746,20,63,7,6224
32256,499900.0,3,3,2007,11114 KENTWORTH WAY,Jacksonville,Florida,48988,308.2,Duval,95821.0,30.1929,-81.50309,20,63,7,6759
32209,129000.0,2,1,1040,3511 STUART ST,Jacksonville,Florida,35915,1489.9,Duval,42717.0,30.36141,-81.69573,20,63,7,6215
32205,199000.0,3,2,1309,7057 ROLLO RD,Jacksonville,Florida,31398,1566.7,Duval,88245.0,30.30275,-81.72257,20,63,7,6033
32277,330000.0,3,2,1656,3715 CAVANAUGH DR,Jacksonville,Florida,33948,1831.0,Duval,68969.0,30.3728,-81.59465,20,63,7,6842
32258,450000.0,4,3,2493,5782 ALAMOSA CIR,Jacksonville,Florida,41004,888.5,Duval,117377.0,30.13874,-81.54941,20,63,7,6827
32208,169900.0,3,1,1107,6511 EVELYN DR,Jacksonville,Florida,32244,1080.0,Duval,54640.0,30.39351,-81.68245,20,63,7,6179
32218,95000.0,3,2,1218,489 STARRATT RD LOT 27,Jacksonville,Florida,68534,273.8,Duval,82140.0,30.48673,-81.66959,20,63,7,6348
32218,320000.0,3,2,1810,15945 BAINEBRIDGE DR,Jacksonville,Florida,68534,273.8,Duval,82140.0,30.48673,-81.66959,20,63,7,6372
32221,300000.0,3,2,1328,2190 ROTHBURY DR,Jacksonville,Florida,29346,238.7,Duval,91637.0,30.26043,-81.86764,20,63,7,6492
32210,170000.0,2,2,940,3690 KIRKPATRICK CIR # 7-3,Jacksonville,Florida,66824,1178.7,Duval,81628.0,30.26491,-81.74746,20,63,7,6267
32205,549900.0,4,4,2021,2967 OLGA PL,Jacksonville,Florida,31398,1566.7,Duval,88245.0,30.30275,-81.72257,20,63,7,6040
32205,239900.0,3,2,984,4827 LOUISA TER,Jacksonville,Florida,31398,1566.7,Duval,88245.0,30.30275,-81.72257,20,63,7,6052
32254,150000.0,3,1,1138,2945 W 4TH ST,Jacksonville,Florida,13798,429.5,Duval,51308.0,30.34164,-81.73549,20,63,7,6745
32246,397500.0,3,2,1728,13052 TWIN PINES CIR S,Jacksonville,Florida,56222,1136.5,Duval,91183.0,30.29422,-81.51782,20,63,7,6703
32218,360000.0,4,2,1938,2435 PINE ESTATES RD S,Jacksonville,Florida,68534,273.8,Duval,82140.0,30.48673,-81.66959,20,63,7,6387
32218,339990.0,4,2,1857,14600 MACADAMIA LN,Jacksonville,Florida,68534,273.8,Duval,82140.0,30.48673,-81.66959,20,63,7,6405
32219,390000.0,4,3,2660,9622 LOVAGE LN,Jacksonville,Florida,14169,76.5,Duval,71236.0,30.41815,-81.81367,20,63,7,6429
32244,314500.0,4,2,1760,6185 CARLTON RD,Jacksonville,Florida,63709,1043.5,Duval,72650.0,30.2171,-81.75384,20,63,7,6689
32258,438000.0,4,3,2340,14096 CORRINE CIR,Jacksonville,Florida,41004,888.5,Duval,117377.0,30.13874,-81.54941,20,63,7,6831
32218,345990.0,4,3,1975,4882 BIG PINE DR,Jacksonville,Florida,68534,273.8,Duval,82140.0,30.48673,-81.66959,20,63,7,6419
32254,125000.0,4,2,1782,233 SPRING ST,Jacksonville,Florida,13798,429.5,Duval,51308.0,30.34164,-81.73549,20,63,7,6741
32216,189900.0,1,1,786,8550 TOUCHTON RD APT 924,Jacksonville,Florida,39762,1211.3,Duval,84747.0,30.27891,-81.58305,20,63,7,6320
32210,975000.0,4,5,3923,2909 IROQUOIS AVE,Jacksonville,Florida,66824,1178.7,Duval,81628.0,30.26491,-81.74746,20,63,7,6234
32257,450000.0,3,2,1713,11043 ASHFORD GABLE PL,Jacksonville,Florida,41487,1307.4,Duval,106508.0,30.19515,-81.6123,20,63,7,6813
32206,499900.0,3,3,2144,1820 N MARKET ST,Jacksonville,Florida,16406,1016.2,Duval,49264.0,30.35069,-81.63865,20,63,7,6087
32205,277000.0,3,2,1400,5201 ROYCE AVE,Jacksonville,Florida,31398,1566.7,Duval,88245.0,30.30275,-81.72257,20,63,7,6034
32225,489900.0,5,3,3066,515 CANDLEBARK DR,Jacksonville,Florida,55401,813.1,Duval,107979.0,30.35768,-81.50592,20,63,7,6580
32246,1197000.0,5,4,3655,13084 LAMACA CT,Jacksonville,Florida,56222,1136.5,Duval,91183.0,30.29422,-81.51782,20,63,7,6707
32220,289900.0,3,2,1670,787 CAHOON RD N,Jacksonville,Florida,12020,120.3,Duval,84845.0,30.33693,-81.85335,20,63,7,6464
32207,237500.0,2,1,912,2837 SEVILLE ST,Jacksonville,Florida,36711,1238.9,Duval,91810.0,30.29,-81.64018,20,63,7,6095
32205,244900.0,3,3,1509,1324 ELLIS RD S,Jacksonville,Florida,31398,1566.7,Duval,88245.0,30.30275,-81.72257,20,63,7,6048
32256,334990.0,3,3,1502,9176 ALPINE ASTER RD,Jacksonville,Florida,48988,308.2,Duval,95821.0,30.1929,-81.50309,20,63,7,6747
32244,290000.0,3,2,1425,7927 MACINNES DR,Jacksonville,Florida,63709,1043.5,Duval,72650.0,30.2171,-81.75384,20,63,7,6649
32210,369900.0,3,4,1932,5835 HYDE PARK CIR,Jacksonville,Florida,66824,1178.7,Duval,81628.0,30.26491,-81.74746,20,63,7,6239
32217,690000.0,5,3,2984,7785 MILLER OAKS DR W,Jacksonville,Florida,20303,1458.3,Duval,98190.0,30.2394,-81.62722,20,63,7,6337
32223,360000.0,3,2,1784,3426 POINT LOBOS TRL,Jacksonville,Florida,25824,866.8,Duval,120947.0,30.1549,-81.64821,20,63,7,6535
32217,585000.0,4,3,2473,8653 VILLA SAN JOSE DR E,Jacksonville,Florida,20303,1458.3,Duval,98190.0,30.2394,-81.62722,20,63,7,6335
32224,279900.0,3,2,1354,13848 HERONS LANDING WAY # 12-1,Jacksonville,Florida,41366,765.7,Duval,121879.0,30.26815,-81.4642,20,63,7,6548
32206,129900.0,2,1,966,516 W 17TH ST,Jacksonville,Florida,16406,1016.2,Duval,49264.0,30.35069,-81.63865,20,63,7,6083
32223,680000.0,4,3,2916,3890 MEDITERRANEAN CT,Jacksonville,Florida,25824,866.8,Duval,120947.0,30.1549,-81.64821,20,63,7,6523
32244,219990.0,3,3,1601,8069 CHERYL ANN LN,Jacksonville,Florida,63709,1043.5,Duval,72650.0,30.2171,-81.75384,20,63,7,6660
32218,290990.0,3,3,1560,14438 MACADAMIA LN # 258,Jacksonville,Florida,68534,273.8,Duval,82140.0,30.48673,-81.66959,20,63,7,6363
32220,450000.0,3,2,2082,10938 OLD PLANK RD,Jacksonville,Florida,12020,120.3,Duval,84845.0,30.33693,-81.85335,20,63,7,6474
32223,399999.0,3,2,1828,11645 LAZY WILLOW LN,Jacksonville,Florida,25824,866.8,Duval,120947.0,30.1549,-81.64821,20,63,7,6526
32217,129000.0,1,1,763,4330 PLAZA GATE LN # 202,Jacksonville,Florida,20303,1458.3,Duval,98190.0,30.2394,-81.62722,20,63,7,6323
32218,298990.0,3,3,1395,12735 BARRACK LN,Jacksonville,Florida,68534,273.8,Duval,82140.0,30.48673,-81.66959,20,63,7,6378
32209,235000.0,3,2,1028,1018 W 23RD ST,Jacksonville,Florida,35915,1489.9,Duval,42717.0,30.36141,-81.69573,20,63,7,6210
32257,325000.0,3,2,1475,11164 WANDERING OAKS DR,Jacksonville,Florida,41487,1307.4,Duval,106508.0,30.19515,-81.6123,20,63,7,6797
32223,349500.0,3,2,1818,3881 CHAPELGATE RD,Jacksonville,Florida,25824,866.8,Duval,120947.0,30.1549,-81.64821,20,63,7,6527
32258,325000.0,3,3,1708,6854 ROUNDLEAF DR,Jacksonville,Florida,41004,888.5,Duval,117377.0,30.13874,-81.54941,20,63,7,6840
32244,420000.0,4,3,3311,7551 GROSSMAN CT,Jacksonville,Florida,63709,1043.5,Duval,72650.0,30.2171,-81.75384,20,63,7,6651
32218,325000.0,3,2,1709,16162 DOWING CREEK DR,Jacksonville,Florida,68534,273.8,Duval,82140.0,30.48673,-81.66959,20,63,7,6406
32207,429900.0,3,2,1600,1712 INWOOD TER,Jacksonville,Florida,36711,1238.9,Duval,91810.0,30.29,-81.64018,20,63,7,6128
32277,385000.0,3,3,1789,8131 FORT CAROLINE RD,Jacksonville,Florida,33948,1831.0,Duval,68969.0,30.3728,-81.59465,20,63,7,6855
32225,283000.0,3,2,1505,11448 WILLET CT S,Jacksonville,Florida,55401,813.1,Duval,107979.0,30.35768,-81.50592,20,63,7,6614
32208,149000.0,2,1,874,7304 LAURA ST N,Jacksonville,Florida,32244,1080.0,Duval,54640.0,30.39351,-81.68245,20,63,7,6181
32223,319900.0,3,2,1184,3144 RICKY DR,Jacksonville,Florida,25824,866.8,Duval,120947.0,30.1549,-81.64821,20,63,7,6511
32225,385000.0,3,3,1816,1883 MAUVA JUAN AVE,Jacksonville,Florida,55401,813.1,Duval,107979.0,30.35768,-81.50592,20,63,7,6581
32217,138000.0,2,2,1145,3924 MISSION DR UNIT 6,Jacksonville,Florida,20303,1458.3,Duval,98190.0,30.2394,-81.62722,20,63,7,6340
32207,1100000.0,4,4,3394,5511 ATLANTIC BLVD,Jacksonville,Florida,36711,1238.9,Duval,91810.0,30.29,-81.64018,20,63,7,6130
32218,279900.0,3,3,1694,3257 BROOKASHER DR,Jacksonville,Florida,68534,273.8,Duval,82140.0,30.48673,-81.66959,20,63,7,6420
32277,1200000.0,4,4,2680,4935 TOPROYAL LN,Jacksonville,Florida,33948,1831.0,Duval,68969.0,30.3728,-81.59465,20,63,7,6851
32205,235000.0,3,1,1014,5360 REDRAC ST,Jacksonville,Florida,31398,1566.7,Duval,88245.0,30.30275,-81.72257,20,63,7,6065
32216,235000.0,3,2,1258,8601 BEACH BLVD APT 1222,Jacksonville,Florida,39762,1211.3,Duval,84747.0,30.27891,-81.58305,20,63,7,6298
32219,1500000.0,5,5,5878,10112 FOX LAKE CT,Jacksonville,Florida,14169,76.5,Duval,71236.0,30.41815,-81.81367,20,63,7,6454
32246,205000.0,1,1,775,10000 GATE PKWY N APT 1222,Jacksonville,Florida,56222,1136.5,Duval,91183.0,30.29422,-81.51782,20,63,7,6704
32216,249000.0,2,2,1059,8550 TOUCHTON RD APT 2224,Jacksonville,Florida,39762,1211.3,Duval,84747.0,30.27891,-81.58305,20,63,7,6318
32224,299000.0,2,2,1334,4545 MIDDLETON PARK CIR E,Jacksonville,Florida,41366,765.7,Duval,121879.0,30.26815,-81.4642,20,63,7,6562
32258,319000.0,3,2,1188,12663 DEEDER LN,Jacksonville,Florida,41004,888.5,Duval,117377.0,30.13874,-81.54941,20,63,7,6819
32216,325000.0,2,2,2026,2158 PARENTAL HOME RD,Jacksonville,Florida,39762,1211.3,Duval,84747.0,30.27891,-81.58305,20,63,7,6301
32210,260000.0,4,2,1415,2133 HUGH EDWARDS DR,Jacksonville,Florida,66824,1178.7,Duval,81628.0,30.26491,-81.74746,20,63,7,6248
32244,319000.0,3,2,1835,7881 MACDOUGALL DR,Jacksonville,Florida,63709,1043.5,Duval,72650.0,30.2171,-81.75384,20,63,7,6669
32207,110000.0,2,2,761,2507 JERNIGAN RD,Jacksonville,Florida,36711,1238.9,Duval,91810.0,30.29,-81.64018,20,63,7,6118
32258,459000.0,3,2,1886,15227 VENOSA CIR,Jacksonville,Florida,41004,888.5,Duval,117377.0,30.13874,-81.54941,20,63,7,6815
32222,320000.0,4,2,1997,7185 PALM RESERVE LN,Jacksonville,Florida,14879,504.2,Duval,89939.0,30.21651,-81.8293,20,63,7,6498
32225,229000.0,2,3,1377,11725 DUNES WAY DR N,Jacksonville,Florida,55401,813.1,Duval,107979.0,30.35768,-81.50592,20,63,7,6601
32205,315000.0,4,3,1524,1506 PARRISH PL,Jacksonville,Florida,31398,1566.7,Duval,88245.0,30.30275,-81.72257,20,63,7,6038
32204,369900.0,2,3,1406,1085 PORTER ST,Jacksonville,Florida,7750,1114.0,Duval,80506.0,30.31636,-81.68095,20,63,7,6009
32258,419900.0,4,2,2092,11489 COURTNEY WATERS LN,Jacksonville,Florida,41004,888.5,Duval,117377.0,30.13874,-81.54941,20,63,7,6835
32208,299900.0,4,2,2764,2103 RIBAULT SCENIC DR,Jacksonville,Florida,32244,1080.0,Duval,54640.0,30.39351,-81.68245,20,63,7,6139
32208,300000.0,4,2,1947,2325 RIBAULT SCENIC DR,Jacksonville,Florida,32244,1080.0,Duval,54640.0,30.39351,-81.68245,20,63,7,6146
32204,334900.0,3,4,1445,1091 PORTER ST,Jacksonville,Florida,7750,1114.0,Duval,80506.0,30.31636,-81.68095,20,63,7,6019
32223,675000.0,4,2,3227,1911 SAINT MARYS CT,Jacksonville,Florida,25824,866.8,Duval,120947.0,30.1549,-81.64821,20,63,7,6531
32208,275000.0,3,3,1341,8140 WAKEFIELD AVE,Jacksonville,Florida,32244,1080.0,Duval,54640.0,30.39351,-81.68245,20,63,7,6133
32256,500000.0,3,3,1994,10118 COURTYARDS PL W,Jacksonville,Florida,48988,308.2,Duval,95821.0,30.1929,-81.50309,20,63,7,6789
32210,277500.0,4,2,1338,2042 MONTEAU DR,Jacksonville,Florida,66824,1178.7,Duval,81628.0,30.26491,-81.74746,20,63,7,6246
32219,308990.0,4,2,1797,12141 GREEN THICKET LN,Jacksonville,Florida,14169,76.5,Duval,71236.0,30.41815,-81.81367,20,63,7,6441
32205,250000.0,2,2,908,3039 ROSSELLE ST,Jacksonville,Florida,31398,1566.7,Duval,88245.0,30.30275,-81.72257,20,63,7,6064
32223,480000.0,4,2,1965,11621 YALDING DR,Jacksonville,Florida,25824,866.8,Duval,120947.0,30.1549,-81.64821,20,63,7,6522
32223,425000.0,3,2,2043,12088 DIVIDING OAKS TRL E,Jacksonville,Florida,25824,866.8,Duval,120947.0,30.1549,-81.64821,20,63,7,6518
32246,263000.0,3,2,1397,10075 GATE PKWY N APT 212,Jacksonville,Florida,56222,1136.5,Duval,91183.0,30.29422,-81.51782,20,63,7,6723
32256,899990.0,4,3,2672,10107 FILAMENT BLVD,Jacksonville,Florida,48988,308.2,Duval,95821.0,30.1929,-81.50309,20,63,7,6788
32254,230000.0,3,2,1118,1624 DETROIT ST,Jacksonville,Florida,13798,429.5,Duval,51308.0,30.34164,-81.73549,20,63,7,6742
32218,295490.0,3,3,1560,14458 MACADAMIA LN # 262,Jacksonville,Florida,68534,273.8,Duval,82140.0,30.48673,-81.66959,20,63,7,6394
32222,405000.0,4,3,2006,7611 ROCK BROOK DR,Jacksonville,Florida,14879,504.2,Duval,89939.0,30.21651,-81.8293,20,63,7,6508
32218,298990.0,3,3,1395,12733 BARRACK LN,Jacksonville,Florida,68534,273.8,Duval,82140.0,30.48673,-81.66959,20,63,7,6359
32208,209000.0,3,2,1381,120 W 65TH ST,Jacksonville,Florida,32244,1080.0,Duval,54640.0,30.39351,-81.68245,20,63,7,6140
32208,169900.0,3,1,926,1668 ROWE AVE,Jacksonville,Florida,32244,1080.0,Duval,54640.0,30.39351,-81.68245,20,63,7,6183
32205,349900.0,3,1,1478,1551 PARRISH PL,Jacksonville,Florida,31398,1566.7,Duval,88245.0,30.30275,-81.72257,20,63,7,6035
32218,419990.0,4,3,2033,15782 WHITEBARK DR,Jacksonville,Florida,68534,273.8,Duval,82140.0,30.48673,-81.66959,20,63,7,6398
32225,399980.0,4,2,1924,13272 BLACKHAWK TRL S,Jacksonville,Florida,55401,813.1,Duval,107979.0,30.35768,-81.50592,20,63,7,6612
32211,382000.0,3,2,2348,6037 WATEREDGE DR S,Jacksonville,Florida,35668,1680.8,Duval,68022.0,30.33276,-81.58428,20,63,7,6284
32209,79900.0,2,1,651,1545 W 11TH ST,Jacksonville,Florida,35915,1489.9,Duval,42717.0,30.36141,-81.69573,20,63,7,6195
32223,299900.0,3,3,1992,3022 PADDLE CREEK DR,Jacksonville,Florida,25824,866.8,Duval,120947.0,30.1549,-81.64821,20,63,7,6516
32256,260000.0,2,3,1248,8151 SUMMERSIDE CIR,Jacksonville,Florida,48988,308.2,Duval,95821.0,30.1929,-81.50309,20,63,7,6765
32210,215000.0,3,2,864,4439 MELVIN CIR W,Jacksonville,Florida,66824,1178.7,Duval,81628.0,30.26491,-81.74746,20,63,7,6225
32206,65000.0,4,1,936,1985 FRANKLIN ST,Jacksonville,Florida,16406,1016.2,Duval,49264.0,30.35069,-81.63865,20,63,7,6084
32218,298990.0,3,3,1395,12739 BARRACK LN,Jacksonville,Florida,68534,273.8,Duval,82140.0,30.48673,-81.66959,20,63,7,6403
32223,499000.0,4,2,1834,11511 MANDARIN RD,Jacksonville,Florida,25824,866.8,Duval,120947.0,30.1549,-81.64821,20,63,7,6513
32218,425000.0,3,3,2484,1052 MORNING LIGHT RD,Jacksonville,Florida,68534,273.8,Duval,82140.0,30.48673,-81.66959,20,63,7,6385
32256,749990.0,4,3,2496,10101 FILAMENT BLVD,Jacksonville,Florida,48988,308.2,Duval,95821.0,30.1929,-81.50309,20,63,7,6778
32208,149900.0,2,1,825,7309 WILDER AVE,Jacksonville,Florida,32244,1080.0,Duval,54640.0,30.39351,-81.68245,20,63,7,6147
32224,908000.0,4,3,2875,3655 VALVERDE CIR,Jacksonville,Florida,41366,765.7,Duval,121879.0,30.26815,-81.4642,20,63,7,6557
32254,115000.0,2,1,896,3130 THOMAS ST,Jacksonville,Florida,13798,429.5,Duval,51308.0,30.34164,-81.73549,20,63,7,6731
32204,368000.0,2,2,1333,839 ACOSTA ST,Jacksonville,Florida,7750,1114.0,Duval,80506.0,30.31636,-81.68095,20,63,7,6016
32256,339990.0,3,3,1502,9170 ALPINE ASTER RD,Jacksonville,Florida,48988,308.2,Duval,95821.0,30.1929,-81.50309,20,63,7,6763
32209,189000.0,4,2,1344,1438 W 22ND ST,Jacksonville,Florida,35915,1489.9,Duval,42717.0,30.36141,-81.69573,20,63,7,6206
32218,469900.0,4,4,3056,15937 LEXINGTON PARK BLVD,Jacksonville,Florida,68534,273.8,Duval,82140.0,30.48673,-81.66959,20,63,7,6381
32257,250000.0,2,2,1078,11077 WANDERING OAKS DR,Jacksonville,Florida,41487,1307.4,Duval,106508.0,30.19515,-81.6123,20,63,7,6799
32244,349900.0,3,2,1520,7593 COSMO CT,Jacksonville,Florida,63709,1043.5,Duval,72650.0,30.2171,-81.75384,20,63,7,6688
32257,329900.0,3,2,1530,9850 PADDLEWHEEL CT,Jacksonville,Florida,41487,1307.4,Duval,106508.0,30.19515,-81.6123,20,63,7,6803
32218,260000.0,3,2,1492,11428 ELANE DR,Jacksonville,Florida,68534,273.8,Duval,82140.0,30.48673,-81.66959,20,63,7,6355
32217,569900.0,4,3,2280,2338 CHERYL DR,Jacksonville,Florida,20303,1458.3,Duval,98190.0,30.2394,-81.62722,20,63,7,6342
32218,379990.0,4,3,2201,4924 BIG PINE DR,Jacksonville,Florida,68534,273.8,Duval,82140.0,30.48673,-81.66959,20,63,7,6418
32220,1000000.0,3,2,1828,4065 MAGILL RD,Jacksonville,Florida,12020,120.3,Duval,84845.0,30.33693,-81.85335,20,63,7,6476
32207,725000.0,2,2,1666,1431 RIVERPLACE BLVD APT 3101,Jacksonville,Florida,36711,1238.9,Duval,91810.0,30.29,-81.64018,20,63,7,6117
32218,298990.0,3,3,1395,12737 BARRACK LN,Jacksonville,Florida,68534,273.8,Duval,82140.0,30.48673,-81.66959,20,63,7,6391
32216,299000.0,3,2,1613,8550 TOUCHTON RD APT 1527,Jacksonville,Florida,39762,1211.3,Duval,84747.0,30.27891,-81.58305,20,63,7,6312
32220,240990.0,2,3,1210,4014 BAY HAWK CT,Jacksonville,Florida,12020,120.3,Duval,84845.0,30.33693,-81.85335,20,63,7,6477
32223,2500000.0,5,6,6024,10766 WAVERLY BLUFF WAY,Jacksonville,Florida,25824,866.8,Duval,120947.0,30.1549,-81.64821,20,63,7,6517
32277,399900.0,4,2,2111,6434 NEW CT,Jacksonville,Florida,33948,1831.0,Duval,68969.0,30.3728,-81.59465,20,63,7,6852
32225,295000.0,2,2,1376,11179 MIKRIS DR N,Jacksonville,Florida,55401,813.1,Duval,107979.0,30.35768,-81.50592,20,63,7,6598
32207,256000.0,3,1,1164,1804 BARTRAM CIR E,Jacksonville,Florida,36711,1238.9,Duval,91810.0,30.29,-81.64018,20,63,7,6093
32207,280000.0,3,2,1166,3610 FLEET ST,Jacksonville,Florida,36711,1238.9,Duval,91810.0,30.29,-81.64018,20,63,7,6099
32246,262000.0,3,2,1149,10826 IRONSTONE DR S,Jacksonville,Florida,56222,1136.5,Duval,91183.0,30.29422,-81.51782,20,63,7,6699
32258,324000.0,3,3,1531,5663 GREENLAND RD UNIT 501,Jacksonville,Florida,41004,888.5,Duval,117377.0,30.13874,-81.54941,20,63,7,6838
32210,785000.0,4,3,2453,4672 NOTTINGHAM RD,Jacksonville,Florida,66824,1178.7,Duval,81628.0,30.26491,-81.74746,20,63,7,6238
32220,179500.0,1,1,960,627 PINEBROOK DR E,Jacksonville,Florida,12020,120.3,Duval,84845.0,30.33693,-81.85335,20,63,7,6463
32218,315000.0,3,3,2396,12156 JADE POINT CT,Jacksonville,Florida,68534,273.8,Duval,82140.0,30.48673,-81.66959,20,63,7,6361
32218,320000.0,3,2,1810,15945 BAINEBRIDGE DR,Jacksonville,Florida,68534,273.8,Duval,82140.0,30.48673,-81.66959,20,63,7,6372
32277,405000.0,4,2,1815,7344 FLORAL RIDGE DR,Jacksonville,Florida,33948,1831.0,Duval,68969.0,30.3728,-81.59465,20,63,7,6859
32208,175000.0,3,2,1450,8861 SCOTT WOODS DR E,Jacksonville,Florida,32244,1080.0,Duval,54640.0,30.39351,-81.68245,20,63,7,6142
32224,226900.0,3,2,1216,12151 VERSAILLES ST,Jacksonville,Florida,41366,765.7,Duval,121879.0,30.26815,-81.4642,20,63,7,6547
32254,206000.0,3,2,1050,5235 BRAGG RD,Jacksonville,Florida,13798,429.5,Duval,51308.0,30.34164,-81.73549,20,63,7,6736
32277,319900.0,3,2,1459,3250 VOLLEY DR,Jacksonville,Florida,33948,1831.0,Duval,68969.0,30.3728,-81.59465,20,63,7,6860
32218,49900.0,2,1,672,11309 LUCAS ST,Jacksonville,Florida,68534,273.8,Duval,82140.0,30.48673,-81.66959,20,63,7,6416
32225,450000.0,3,2,1419,12722 WINDY WILLOWS DR N,Jacksonville,Florida,55401,813.1,Duval,107979.0,30.35768,-81.50592,20,63,7,6590
32244,375950.0,4,3,2783,5411 WESTLAND STATION RD,Jacksonville,Florida,63709,1043.5,Duval,72650.0,30.2171,-81.75384,20,63,7,6672
32258,650000.0,4,4,3206,11727 MAGNOLIA FALLS DR,Jacksonville,Florida,41004,888.5,Duval,117377.0,30.13874,-81.54941,20,63,7,6829
32244,263000.0,3,2,1465,8697 PINEVALLEY LN,Jacksonville,Florida,63709,1043.5,Duval,72650.0,30.2171,-81.75384,20,63,7,6673
32256,470000.0,4,2,1696,14576 NEEDHAM DR,Jacksonville,Florida,48988,308.2,Duval,95821.0,30.1929,-81.50309,20,63,7,6755
32219,200000.0,3,2,1268,7932 PIPIT AVE,Jacksonville,Florida,14169,76.5,Duval,71236.0,30.41815,-81.81367,20,63,7,6444
32254,89100.0,5,1,1493,3152 NOLAN ST,Jacksonville,Florida,13798,429.5,Duval,51308.0,30.34164,-81.73549,20,63,7,6743
32244,274999.0,3,2,1205,8356 ARGYLE CORNERS CT,Jacksonville,Florida,63709,1043.5,Duval,72650.0,30.2171,-81.75384,20,63,7,6655
32244,300000.0,3,2,1425,8033 MACDOUGALL DR E,Jacksonville,Florida,63709,1043.5,Duval,72650.0,30.2171,-81.75384,20,63,7,6677
32244,348548.0,3,2,1700,7179 MAHOGANY RUN DR,Jacksonville,Florida,63709,1043.5,Duval,72650.0,30.2171,-81.75384,20,63,7,6647
32209,227000.0,3,2,1077,2649 WILKINS CT,Jacksonville,Florida,35915,1489.9,Duval,42717.0,30.36141,-81.69573,20,63,7,6202
32207,464900.0,3,3,2250,4101 GLENVIEW RD,Jacksonville,Florida,36711,1238.9,Duval,91810.0,30.29,-81.64018,20,63,7,6131
32219,345990.0,4,3,2206,5453 HOLLOW BIRCH DR,Jacksonville,Florida,14169,76.5,Duval,71236.0,30.41815,-81.81367,20,63,7,6438
32254,225000.0,3,2,1340,223 LANE AVE S,Jacksonville,Florida,13798,429.5,Duval,51308.0,30.34164,-81.73549,20,63,7,6740
32246,248000.0,3,1,1225,3757 EVE DR W,Jacksonville,Florida,56222,1136.5,Duval,91183.0,30.29422,-81.51782,20,63,7,6711
32246,499500.0,4,3,1818,2131 PECOS WAY,Jacksonville,Florida,56222,1136.5,Duval,91183.0,30.29422,-81.51782,20,63,7,6705
32211,299890.0,4,2,1546,2518 CESERY BLVD,Jacksonville,Florida,35668,1680.8,Duval,68022.0,30.33276,-81.58428,20,63,7,6289
32218,215000.0,3,3,1588,1781 BISCAYNE BAY CIR,Jacksonville,Florida,68534,273.8,Duval,82140.0,30.48673,-81.66959,20,63,7,6367
32208,210000.0,5,2,1629,5637 LONG ST,Jacksonville,Florida,32244,1080.0,Duval,54640.0,30.39351,-81.68245,20,63,7,6156
32206,515000.0,4,4,2168,246 W 6TH ST,Jacksonville,Florida,16406,1016.2,Duval,49264.0,30.35069,-81.63865,20,63,7,6080
32226,795000.0,3,2,1508,9744 HECKSCHER DR,Jacksonville,Florida,18097,81.5,Duval,121204.0,30.46444,-81.50999,20,63,7,6624
32220,375000.0,3,2,2100,851 CAHOON RD N,Jacksonville,Florida,12020,120.3,Duval,84845.0,30.33693,-81.85335,20,63,7,6473
32256,239000.0,2,2,1112,7801 POINT MEADOWS DR UNIT 4402,Jacksonville,Florida,48988,308.2,Duval,95821.0,30.1929,-81.50309,20,63,7,6760
32210,399900.0,3,2,1616,4320 DAVINCI AVE,Jacksonville,Florida,66824,1178.7,Duval,81628.0,30.26491,-81.74746,20,63,7,6222
32223,1150000.0,5,3,3497,1351 WEAVER GLEN RD,Jacksonville,Florida,25824,866.8,Duval,120947.0,30.1549,-81.64821,20,63,7,6528
32209,108000.0,3,2,880,2643 VERNON ST,Jacksonville,Florida,35915,1489.9,Duval,42717.0,30.36141,-81.69573,20,63,7,6194
32218,445990.0,4,3,2363,5 PECAN RIDGE CT,Jacksonville,Florida,68534,273.8,Duval,82140.0,30.48673,-81.66959,20,63,7,6357
32256,215000.0,3,2,1145,4982 KEY LIME DR UNIT 308,Jacksonville,Florida,48988,308.2,Duval,95821.0,30.1929,-81.50309,20,63,7,6746
32205,715000.0,6,5,2020,3674 VALENCIA RD,Jacksonville,Florida,31398,1566.7,Duval,88245.0,30.30275,-81.72257,20,63,7,6043
32224,380000.0,3,2,1436,2467 BLUFFTON DR W,Jacksonville,Florida,41366,765.7,Duval,121879.0,30.26815,-81.4642,20,63,7,6556
32277,575000.0,8,4,3024,5838 YELLOW PINE CT,Jacksonville,Florida,33948,1831.0,Duval,68969.0,30.3728,-81.59465,20,63,7,6849
32208,39000.0,3,2,924,9923 SOUTH ST,Jacksonville,Florida,32244,1080.0,Duval,54640.0,30.39351,-81.68245,20,63,7,6168
32218,249599.0,3,2,1422,12328 SUMTER SQUARE DR W,Jacksonville,Florida,68534,273.8,Duval,82140.0,30.48673,-81.66959,20,63,7,6352
32218,342500.0,4,3,2081,16325 MAGNOLIA GROVE WAY,Jacksonville,Florida,68534,273.8,Duval,82140.0,30.48673,-81.66959,20,63,7,6389
32220,51500.0,2,1,805,8525 PEACH ST,Jacksonville,Florida,12020,120.3,Duval,84845.0,30.33693,-81.85335,20,63,7,6468
32225,585000.0,4,4,3300,12634 MISSION HILLS CIR S,Jacksonville,Florida,55401,813.1,Duval,107979.0,30.35768,-81.50592,20,63,7,6617
32256,332000.0,3,3,1682,7480 SCARLET IBIS LN,Jacksonville,Florida,48988,308.2,Duval,95821.0,30.1929,-81.50309,20,63,7,6766
32205,475000.0,3,2,1696,2970 SAINT JOHNS AVE APT 7D,Jacksonville,Florida,31398,1566.7,Duval,88245.0,30.30275,-81.72257,20,63,7,6055
32219,327000.0,4,3,2334,6853 LANGFORD ST,Jacksonville,Florida,14169,76.5,Duval,71236.0,30.41815,-81.81367,20,63,7,6439
32257,1299900.0,5,5,4768,2851 CASA DEL RIO TER,Jacksonville,Florida,41487,1307.4,Duval,106508.0,30.19515,-81.6123,20,63,7,6811
32218,390990.0,4,3,2574,14652 MACADAMIA LN,Jacksonville,Florida,68534,273.8,Duval,82140.0,30.48673,-81.66959,20,63,7,6414
32224,254900.0,2,2,1229,13703 RICHMOND PARK DR N APT 1406,Jacksonville,Florida,41366,765.7,Duval,121879.0,30.26815,-81.4642,20,63,7,6571
32224,369999.0,3,2,1350,12068 BAYONNE ST,Jacksonville,Florida,41366,765.7,Duval,121879.0,30.26815,-81.4642,20,63,7,6576
32208,225000.0,3,2,1798,3253 TROUT RIVER BLVD,Jacksonville,Florida,32244,1080.0,Duval,54640.0,30.39351,-81.68245,20,63,7,6175
32211,285000.0,3,3,1338,954 ROTARY RD,Jacksonville,Florida,35668,1680.8,Duval,68022.0,30.33276,-81.58428,20,63,7,6272
32209,115000.0,3,2,1178,1572 W 36TH ST,Jacksonville,Florida,35915,1489.9,Duval,42717.0,30.36141,-81.69573,20,63,7,6191
32205,308500.0,4,3,1665,5016 KINGSBURY ST,Jacksonville,Florida,31398,1566.7,Duval,88245.0,30.30275,-81.72257,20,63,7,6068
32210,265000.0,4,2,1160,4917 DUNDEE RD,Jacksonville,Florida,66824,1178.7,Duval,81628.0,30.26491,-81.74746,20,63,7,6229
32216,252000.0,2,3,1202,348 ARALIA LN,Jacksonville,Florida,39762,1211.3,Duval,84747.0,30.27891,-81.58305,20,63,7,6296
32204,344900.0,3,4,1445,1087 PORTER ST,Jacksonville,Florida,7750,1114.0,Duval,80506.0,30.31636,-81.68095,20,63,7,6017
32206,495000.0,4,2,2690,1938 N PEARL ST,Jacksonville,Florida,16406,1016.2,Duval,49264.0,30.35069,-81.63865,20,63,7,6076
32258,459000.0,3,2,1886,15227 VENOSA CIR,Jacksonville,Florida,41004,888.5,Duval,117377.0,30.13874,-81.54941,20,63,7,6815
32257,172990.0,2,2,1002,3801 CROWN POINT RD UNIT 3012,Jacksonville,Florida,41487,1307.4,Duval,106508.0,30.19515,-81.6123,20,63,7,6804
32244,160000.0,2,2,907,6069 MAGGIES CIR UNIT 113,Jacksonville,Florida,63709,1043.5,Duval,72650.0,30.2171,-81.75384,20,63,7,6695
32244,239000.0,3,1,1176,5268 COLLINS RD,Jacksonville,Florida,63709,1043.5,Duval,72650.0,30.2171,-81.75384,20,63,7,6654
32221,330500.0,3,2,1535,1995 CHEROKEE COVE TRL,Jacksonville,Florida,29346,238.7,Duval,91637.0,30.26043,-81.86764,20,63,7,6483
32277,330000.0,3,2,1763,3370 MILLCREST DR,Jacksonville,Florida,33948,1831.0,Duval,68969.0,30.3728,-81.59465,20,63,7,6854
32210,339900.0,2,1,1339,4300 LEXINGTON AVE,Jacksonville,Florida,66824,1178.7,Duval,81628.0,30.26491,-81.74746,20,63,7,6227
32244,169900.0,2,2,1210,8680 GREATPINE LN W,Jacksonville,Florida,63709,1043.5,Duval,72650.0,30.2171,-81.75384,20,63,7,6670
32206,239900.0,4,2,2039,151 W 10TH ST,Jacksonville,Florida,16406,1016.2,Duval,49264.0,30.35069,-81.63865,20,63,7,6079
32210,138500.0,3,1,1368,4718 ANDROMEDA RD,Jacksonville,Florida,66824,1178.7,Duval,81628.0,30.26491,-81.74746,20,63,7,6226
32207,1210000.0,4,4,3571,857 OLD GROVE MNR,Jacksonville,Florida,36711,1238.9,Duval,91810.0,30.29,-81.64018,20,63,7,6125
32206,349900.0,3,2,1344,2021 N MARKET ST,Jacksonville,Florida,16406,1016.2,Duval,49264.0,30.35069,-81.63865,20,63,7,6082
32217,155000.0,2,2,970,6619 LA MIRADA DR W UNIT 2,Jacksonville,Florida,20303,1458.3,Duval,98190.0,30.2394,-81.62722,20,63,7,6326
32210,231000.0,3,2,1212,6845 BAMBI LN,Jacksonville,Florida,66824,1178.7,Duval,81628.0,30.26491,-81.74746,20,63,7,6259
32256,250000.0,2,2,1050,10550 BAYMEADOWS RD UNIT 522,Jacksonville,Florida,48988,308.2,Duval,95821.0,30.1929,-81.50309,20,63,7,6782
32244,420000.0,4,3,2372,9373 MAIDSTONE MILL DR E,Jacksonville,Florida,63709,1043.5,Duval,72650.0,30.2171,-81.75384,20,63,7,6671
32219,219000.0,3,2,1253,9466 GILCHRIST CT,Jacksonville,Florida,14169,76.5,Duval,71236.0,30.41815,-81.81367,20,63,7,6435
32206,247000.0,3,2,1046,1434 CLARK ST,Jacksonville,Florida,16406,1016.2,Duval,49264.0,30.35069,-81.63865,20,63,7,6086
32225,929000.0,3,2,2268,665 SANDRINGHAM DR,Jacksonville,Florida,55401,813.1,Duval,107979.0,30.35768,-81.50592,20,63,7,6605
32244,259000.0,3,2,1120,5191 BROKEN ARROW DR N,Jacksonville,Florida,63709,1043.5,Duval,72650.0,30.2171,-81.75384,20,63,7,6680
32209,160000.0,4,2,1202,2061 BROOKLYN RD,Jacksonville,Florida,35915,1489.9,Duval,42717.0,30.36141,-81.69573,20,63,7,6187
32219,301990.0,4,2,1490,12159 GRAND HERRING WAY,Jacksonville,Florida,14169,76.5,Duval,71236.0,30.41815,-81.81367,20,63,7,6449
32219,350500.0,4,2,2020,8168 AYDON DR,Jacksonville,Florida,14169,76.5,Duval,71236.0,30.41815,-81.81367,20,63,7,6453
32207,295000.0,3,2,1674,5131 CAMELLIA CIR S,Jacksonville,Florida,36711,1238.9,Duval,91810.0,30.29,-81.64018,20,63,7,6114
32256,586990.0,2,2,1858,11060 TOWN VIEW DR,Jacksonville,Florida,48988,308.2,Duval,95821.0,30.1929,-81.50309,20,63,7,6781
32207,275000.0,2,2,1254,5261 EMORY CIR,Jacksonville,Florida,36711,1238.9,Duval,91810.0,30.29,-81.64018,20,63,7,6126
32244,380000.0,3,2,1788,8176 LEAFCREST DR,Jacksonville,Florida,63709,1043.5,Duval,72650.0,30.2171,-81.75384,20,63,7,6656
32217,398000.0,3,2,1966,4004 SIERRA MADRE DR S,Jacksonville,Florida,20303,1458.3,Duval,98190.0,30.2394,-81.62722,20,63,7,6328
32254,115000.0,2,1,896,3130 THOMAS ST,Jacksonville,Florida,13798,429.5,Duval,51308.0,30.34164,-81.73549,20,63,7,6731
32244,346152.0,3,2,1700,7178 MAHOGANY RUN DR,Jacksonville,Florida,63709,1043.5,Duval,72650.0,30.2171,-81.75384,20,63,7,6668
32258,388000.0,3,3,1995,6253 ECLIPSE CIR,Jacksonville,Florida,41004,888.5,Duval,117377.0,30.13874,-81.54941,20,63,7,6823
32225,469000.0,4,2,2169,519 LAZY MEADOW DR E,Jacksonville,Florida,55401,813.1,Duval,107979.0,30.35768,-81.50592,20,63,7,6606
32223,650000.0,5,3,2500,2737 SCOTT CIR W,Jacksonville,Florida,25824,866.8,Duval,120947.0,30.1549,-81.64821,20,63,7,6537
32208,249000.0,2,1,1314,2658 LOWES PL,Jacksonville,Florida,32244,1080.0,Duval,54640.0,30.39351,-81.68245,20,63,7,6176
32219,649900.0,4,4,2800,10111 BREAKAWAY CT,Jacksonville,Florida,14169,76.5,Duval,71236.0,30.41815,-81.81367,20,63,7,6436
32225,1899000.0,4,6,4315,13838 BELLA RIVA LN,Jacksonville,Florida,55401,813.1,Duval,107979.0,30.35768,-81.50592,20,63,7,6618
32218,389990.0,4,3,2500,4930 BIG PINE DR,Jacksonville,Florida,68534,273.8,Duval,82140.0,30.48673,-81.66959,20,63,7,6377
32210,695000.0,4,4,2692,4569 HUNTINGTON RD,Jacksonville,Florida,66824,1178.7,Duval,81628.0,30.26491,-81.74746,20,63,7,6232
32210,183500.0,2,2,950,3434 BLANDING BLVD UNIT 244,Jacksonville,Florida,66824,1178.7,Duval,81628.0,30.26491,-81.74746,20,63,7,6236
32224,215000.0,3,2,1301,3591 KERNAN BLVD S APT 609,Jacksonville,Florida,41366,765.7,Duval,121879.0,30.26815,-81.4642,20,63,7,6552
32219,205000.0,3,2,980,5403 TUBMAN DR N,Jacksonville,Florida,14169,76.5,Duval,71236.0,30.41815,-81.81367,20,63,7,6434
32217,310000.0,3,1,1611,6121 TEMPLE RD,Jacksonville,Florida,20303,1458.3,Duval,98190.0,30.2394,-81.62722,20,63,7,6333
32207,340000.0,3,2,1380,3401 SAINT NICHOLAS AVE,Jacksonville,Florida,36711,1238.9,Duval,91810.0,30.29,-81.64018,20,63,7,6094
32216,349000.0,3,2,1594,2456 IRONWOOD DR,Jacksonville,Florida,39762,1211.3,Duval,84747.0,30.27891,-81.58305,20,63,7,6306
32220,189000.0,3,2,1352,8674 ALEXA LN,Jacksonville,Florida,12020,120.3,Duval,84845.0,30.33693,-81.85335,20,63,7,6475
32207,210000.0,2,2,1052,1563 ARCADIA DR,Jacksonville,Florida,36711,1238.9,Duval,91810.0,30.29,-81.64018,20,63,7,6096
32221,320000.0,3,2,1824,1634 SPRING OAKS LN,Jacksonville,Florida,29346,238.7,Duval,91637.0,30.26043,-81.86764,20,63,7,6481
32258,419000.0,3,2,1605,15018 VENOSA CIR,Jacksonville,Florida,41004,888.5,Duval,117377.0,30.13874,-81.54941,20,63,7,6826
32218,64900.0,1,1,480,3117 FRANCES AVE,Jacksonville,Florida,68534,273.8,Duval,82140.0,30.48673,-81.66959,20,63,7,6404
32218,79900.0,2,1,660,13961 BENTON ST,Jacksonville,Florida,68534,273.8,Duval,82140.0,30.48673,-81.66959,20,63,7,6428
32224,619900.0,4,3,1986,14012 PRATER CT,Jacksonville,Florida,41366,765.7,Duval,121879.0,30.26815,-81.4642,20,63,7,6574
32218,240000.0,3,2,1300,11404 INEZ DR,Jacksonville,Florida,68534,273.8,Duval,82140.0,30.48673,-81.66959,20,63,7,6392
32210,249900.0,2,2,1609,5053 APPLETON AVE,Jacksonville,Florida,66824,1178.7,Duval,81628.0,30.26491,-81.74746,20,63,7,6223
32246,555000.0,5,4,3181,12234 WOODBEND CT,Jacksonville,Florida,56222,1136.5,Duval,91183.0,30.29422,-81.51782,20,63,7,6708
32207,1350000.0,6,2,2508,2184 SCHUMACHER AVE,Jacksonville,Florida,36711,1238.9,Duval,91810.0,30.29,-81.64018,20,63,7,6109
32217,865000.0,4,5,3127,8849 PALLAZZO TER,Jacksonville,Florida,20303,1458.3,Duval,98190.0,30.2394,-81.62722,20,63,7,6334
32222,319900.0,4,2,1835,7221 ANGELA DR,Jacksonville,Florida,14879,504.2,Duval,89939.0,30.21651,-81.8293,20,63,7,6506
32256,599000.0,4,3,2258,8649 HUNTERS CREEK DR S,Jacksonville,Florida,48988,308.2,Duval,95821.0,30.1929,-81.50309,20,63,7,6769
32206,475000.0,2,1,2204,1951 N MARKET ST APT 14,Jacksonville,Florida,16406,1016.2,Duval,49264.0,30.35069,-81.63865,20,63,7,6075
32244,335000.0,3,2,1570,7167 MAHOGANY RUN DR,Jacksonville,Florida,63709,1043.5,Duval,72650.0,30.2171,-81.75384,20,63,7,6653
32257,425000.0,4,3,2390,4347 ARCH CREEK DR,Jacksonville,Florida,41487,1307.4,Duval,106508.0,30.19515,-81.6123,20,63,7,6798
32234,259900.0,3,2,1680,1641 ANTLER TRL,Jacksonville,Florida,7780,19.7,Duval,89374.0,30.20784,-82.01096,20,63,7,6642
32216,304999.0,2,3,1596,4235 CROWNWOOD DR # NA,Jacksonville,Florida,39762,1211.3,Duval,84747.0,30.27891,-81.58305,20,63,7,6294
32219,332550.0,4,2,1635,8162 AYDON DR,Jacksonville,Florida,14169,76.5,Duval,71236.0,30.41815,-81.81367,20,63,7,6445
32221,335000.0,4,2,1705,11534 CARSON LAKE DR,Jacksonville,Florida,29346,238.7,Duval,91637.0,30.26043,-81.86764,20,63,7,6482
32244,229990.0,3,3,1601,8073 CHERYL ANN LN,Jacksonville,Florida,63709,1043.5,Duval,72650.0,30.2171,-81.75384,20,63,7,6667
32258,499000.0,4,4,2690,12217 LAVENHORN RD,Jacksonville,Florida,41004,888.5,Duval,117377.0,30.13874,-81.54941,20,63,7,6822
32246,590000.0,4,3,2237,1941 HOVINGTON CIR W,Jacksonville,Florida,56222,1136.5,Duval,91183.0,30.29422,-81.51782,20,63,7,6715
32209,289000.0,4,3,2154,4413 ROTH DR,Jacksonville,Florida,35915,1489.9,Duval,42717.0,30.36141,-81.69573,20,63,7,6200
32256,199900.0,2,2,1276,7711 LAS PALMAS WAY,Jacksonville,Florida,48988,308.2,Duval,95821.0,30.1929,-81.50309,20,63,7,6790
32209,232000.0,3,2,1197,2543 MINOSA CIR N,Jacksonville,Florida,35915,1489.9,Duval,42717.0,30.36141,-81.69573,20,63,7,6193
32258,411333.0,3,2,2091,12282 CHIMNEY TRAIL LN,Jacksonville,Florida,41004,888.5,Duval,117377.0,30.13874,-81.54941,20,63,7,6814
32246,325000.0,4,2,1761,10416 ANTIOCH RD,Jacksonville,Florida,56222,1136.5,Duval,91183.0,30.29422,-81.51782,20,63,7,6719
32207,590000.0,3,3,1831,4326 GADSDEN CT,Jacksonville,Florida,36711,1238.9,Duval,91810.0,30.29,-81.64018,20,63,7,6092
32222,297900.0,3,2,1490,9576 PALM RESERVE DR,Jacksonville,Florida,14879,504.2,Duval,89939.0,30.21651,-81.8293,20,63,7,6499
32257,290000.0,3,3,1958,11016 MILL POND CT,Jacksonville,Florida,41487,1307.4,Duval,106508.0,30.19515,-81.6123,20,63,7,6806
32225,295000.0,2,2,1376,11179 MIKRIS DR N,Jacksonville,Florida,55401,813.1,Duval,107979.0,30.35768,-81.50592,20,63,7,6598
32216,338900.0,3,3,1378,2463 TOWNSQUARE DR,Jacksonville,Florida,39762,1211.3,Duval,84747.0,30.27891,-81.58305,20,63,7,6295
32225,330000.0,3,2,1295,11051 WHISTLEWOOD CT,Jacksonville,Florida,55401,813.1,Duval,107979.0,30.35768,-81.50592,20,63,7,6619
32205,159900.0,3,2,1296,6714 CHERBOURG AVE S,Jacksonville,Florida,31398,1566.7,Duval,88245.0,30.30275,-81.72257,20,63,7,6030
32223,480000.0,3,2,1845,3873 LORETTO RD,Jacksonville,Florida,25824,866.8,Duval,120947.0,30.1549,-81.64821,20,63,7,6532
32219,495900.0,4,4,2493,7549 SYCAMORE ST,Jacksonville,Florida,14169,76.5,Duval,71236.0,30.41815,-81.81367,20,63,7,6440
32208,139900.0,2,1,884,1860 RIVERVIEW ST,Jacksonville,Florida,32244,1080.0,Duval,54640.0,30.39351,-81.68245,20,63,7,6149
32218,290990.0,3,3,1560,14442 MACADAMIA LN # 259,Jacksonville,Florida,68534,273.8,Duval,82140.0,30.48673,-81.66959,20,63,7,6423
32277,215000.0,2,2,1100,8230 DAMES POINT CROSSING BLVD N UNIT 1108,Jacksonville,Florida,33948,1831.0,Duval,68969.0,30.3728,-81.59465,20,63,7,6844
32218,336990.0,4,2,1797,12774 CACAO TREE TRL,Jacksonville,Florida,68534,273.8,Duval,82140.0,30.48673,-81.66959,20,63,7,6410
32225,759000.0,5,4,3014,12870 LA COSTA CT,Jacksonville,Florida,55401,813.1,Duval,107979.0,30.35768,-81.50592,20,63,7,6582
32226,499000.0,3,2,1337,3953 FOXFIELD LN,Jacksonville,Florida,18097,81.5,Duval,121204.0,30.46444,-81.50999,20,63,7,6632
32204,647000.0,4,2,2708,2589 PARK ST,Jacksonville,Florida,7750,1114.0,Duval,80506.0,30.31636,-81.68095,20,63,7,6011
32209,104500.0,2,1,986,1545 STEELE ST,Jacksonville,Florida,35915,1489.9,Duval,42717.0,30.36141,-81.69573,20,63,7,6199
32211,289900.0,4,2,1421,2026 SPRINKLE DR,Jacksonville,Florida,35668,1680.8,Duval,68022.0,30.33276,-81.58428,20,63,7,6271
32224,199900.0,1,1,499,13700 RICHMOND PARK DR N APT 704,Jacksonville,Florida,41366,765.7,Duval,121879.0,30.26815,-81.4642,20,63,7,6566
32277,374900.0,3,3,1816,3550 MARSH CREEK DR,Jacksonville,Florida,33948,1831.0,Duval,68969.0,30.3728,-81.59465,20,63,7,6856
32206,449900.0,4,3,2766,424 E 6TH ST,Jacksonville,Florida,16406,1016.2,Duval,49264.0,30.35069,-81.63865,20,63,7,6078
32219,235000.0,3,2,1220,7909 DEKLE AVE,Jacksonville,Florida,14169,76.5,Duval,71236.0,30.41815,-81.81367,20,63,7,6456
32206,550000.0,5,4,2632,215 E 3RD ST,Jacksonville,Florida,16406,1016.2,Duval,49264.0,30.35069,-81.63865,20,63,7,6089
32210,267000.0,3,2,1615,3841 EVAN SAMUEL DR,Jacksonville,Florida,66824,1178.7,Duval,81628.0,30.26491,-81.74746,20,63,7,6237
32244,215000.0,3,2,1173,6630 SEABOARD AVE,Jacksonville,Florida,63709,1043.5,Duval,72650.0,30.2171,-81.75384,20,63,7,6666
32205,399900.0,4,2,1759,1218 MURRAY DR,Jacksonville,Florida,31398,1566.7,Duval,88245.0,30.30275,-81.72257,20,63,7,6036
32277,295000.0,3,2,1490,6705 HOOVER LN,Jacksonville,Florida,33948,1831.0,Duval,68969.0,30.3728,-81.59465,20,63,7,6861
32254,159999.0,2,1,759,943 SARANAC ST,Jacksonville,Florida,13798,429.5,Duval,51308.0,30.34164,-81.73549,20,63,7,6738
32208,99000.0,3,2,1040,2171 4TH AVE,Jacksonville,Florida,32244,1080.0,Duval,54640.0,30.39351,-81.68245,20,63,7,6161
32210,229900.0,3,2,1268,7472 LA VENTURA DR S,Jacksonville,Florida,66824,1178.7,Duval,81628.0,30.26491,-81.74746,20,63,7,6258
32206,115000.0,4,3,3110,3310 BOULEVARD,Jacksonville,Florida,16406,1016.2,Duval,49264.0,30.35069,-81.63865,20,63,7,6073
32224,499000.0,3,3,2228,4257 RIPKEN CIR E,Jacksonville,Florida,41366,765.7,Duval,121879.0,30.26815,-81.4642,20,63,7,6551
32209,189900.0,8,4,2704,1349 W 14TH ST,Jacksonville,Florida,35915,1489.9,Duval,42717.0,30.36141,-81.69573,20,63,7,6208
32224,249000.0,2,2,1229,13700 RICHMOND PARK DR N APT 711,Jacksonville,Florida,41366,765.7,Duval,121879.0,30.26815,-81.4642,20,63,7,6546
32218,349900.0,3,2,2494,15207 ROBERT AVE,Jacksonville,Florida,68534,273.8,Duval,82140.0,30.48673,-81.66959,20,63,7,6402
32218,249900.0,3,3,1402,517 CLAUDIA DR,Jacksonville,Florida,68534,273.8,Duval,82140.0,30.48673,-81.66959,20,63,7,6413
32234,149900.0,3,2,720,410 PRINGLE RD,Jacksonville,Florida,7780,19.7,Duval,89374.0,30.20784,-82.01096,20,63,7,6641
32209,147500.0,3,1,818,5714 MAHALIA DR,Jacksonville,Florida,35915,1489.9,Duval,42717.0,30.36141,-81.69573,20,63,7,6212
32218,439990.0,4,3,2649,5182 LAKE KAYDEE CT,Jacksonville,Florida,68534,273.8,Duval,82140.0,30.48673,-81.66959,20,63,7,6424
32223,259000.0,2,3,1424,11253 LAKE MANDARIN CIR E,Jacksonville,Florida,25824,866.8,Duval,120947.0,30.1549,-81.64821,20,63,7,6515
32217,135000.0,2,1,970,3916 CORRIDA CT UNIT 7,Jacksonville,Florida,20303,1458.3,Duval,98190.0,30.2394,-81.62722,20,63,7,6331
32207,794990.0,3,4,2085,1612 PIAZZA PL,Jacksonville,Florida,36711,1238.9,Duval,91810.0,30.29,-81.64018,20,63,7,6103
32211,320000.0,3,2,1900,1807 MILL CREEK RD,Jacksonville,Florida,35668,1680.8,Duval,68022.0,30.33276,-81.58428,20,63,7,6276
32204,294900.0,4,2,1672,2563 ROSSELLE ST,Jacksonville,Florida,7750,1114.0,Duval,80506.0,30.31636,-81.68095,20,63,7,6021
32207,110000.0,2,2,2001,2507 JERNIGAN RD,Jacksonville,Florida,36711,1238.9,Duval,91810.0,30.29,-81.64018,20,63,7,6118
32218,349990.0,4,2,2086,4881 BIG PINE DR,Jacksonville,Florida,68534,273.8,Duval,82140.0,30.48673,-81.66959,20,63,7,6351
32216,389900.0,3,3,1652,3813 BOWDEN CIR E,Jacksonville,Florida,39762,1211.3,Duval,84747.0,30.27891,-81.58305,20,63,7,6317
32210,185000.0,3,2,1515,2713 HYDE PARK RD,Jacksonville,Florida,66824,1178.7,Duval,81628.0,30.26491,-81.74746,20,63,7,6261
32210,479000.0,3,2,1494,9380 ZAMBITO RD N,Jacksonville,Florida,66824,1178.7,Duval,81628.0,30.26491,-81.74746,20,63,7,6235
32206,229000.0,4,2,1124,1717 E 25TH ST,Jacksonville,Florida,16406,1016.2,Duval,49264.0,30.35069,-81.63865,20,63,7,6074
32217,1550000.0,4,4,3980,7015 GAINES CT,Jacksonville,Florida,20303,1458.3,Duval,98190.0,30.2394,-81.62722,20,63,7,6338
32209,165000.0,4,2,1297,1746 W 17TH ST,Jacksonville,Florida,35915,1489.9,Duval,42717.0,30.36141,-81.69573,20,63,7,6196
32257,275000.0,3,3,1628,10431 BIG TREE CIR W,Jacksonville,Florida,41487,1307.4,Duval,106508.0,30.19515,-81.6123,20,63,7,6805
32210,239900.0,3,1,1560,6171 CEDAR HILLS BLVD,Jacksonville,Florida,66824,1178.7,Duval,81628.0,30.26491,-81.74746,20,63,7,6255
32223,499900.0,4,2,1900,11820 LORETTO WOODS CT,Jacksonville,Florida,25824,866.8,Duval,120947.0,30.1549,-81.64821,20,63,7,6536
32205,178000.0,2,1,800,2940 GREEN ST,Jacksonville,Florida,31398,1566.7,Duval,88245.0,30.30275,-81.72257,20,63,7,6032
32208,225000.0,3,2,1247,463 W 59TH ST,Jacksonville,Florida,32244,1080.0,Duval,54640.0,30.39351,-81.68245,20,63,7,6172
32220,240990.0,2,3,1210,4016 BAY HAWK CT,Jacksonville,Florida,12020,120.3,Duval,84845.0,30.33693,-81.85335,20,63,7,6462
32210,249800.0,2,2,1016,5375 ORTEGA FARMS BLVD UNIT 715,Jacksonville,Florida,66824,1178.7,Duval,81628.0,30.26491,-81.74746,20,63,7,6252
32210,275000.0,3,2,1344,3957 BRAMBLE RD,Jacksonville,Florida,66824,1178.7,Duval,81628.0,30.26491,-81.74746,20,63,7,6219
32221,394500.0,4,2,1847,544 WHITFIELD RD,Jacksonville,Florida,29346,238.7,Duval,91637.0,30.26043,-81.86764,20,63,7,6491
32218,380000.0,5,3,2271,3649 MINDY ASHLEY LN,Jacksonville,Florida,68534,273.8,Duval,82140.0,30.48673,-81.66959,20,63,7,6365
32207,239500.0,3,1,1031,3620 MIMOSA DR,Jacksonville,Florida,36711,1238.9,Duval,91810.0,30.29,-81.64018,20,63,7,6098
32257,340000.0,3,2,1642,9925 MOSS SIDE LN,Jacksonville,Florida,41487,1307.4,Duval,106508.0,30.19515,-81.6123,20,63,7,6807
32225,433900.0,4,2,1743,12290 BRIMBANK CT,Jacksonville,Florida,55401,813.1,Duval,107979.0,30.35768,-81.50592,20,63,7,6613
32205,235000.0,3,1,982,3139 GILMORE ST,Jacksonville,Florida,31398,1566.7,Duval,88245.0,30.30275,-81.72257,20,63,7,6063
32216,197500.0,2,2,1195,8550 TOUCHTON RD APT 227,Jacksonville,Florida,39762,1211.3,Duval,84747.0,30.27891,-81.58305,20,63,7,6319
32258,635000.0,5,4,3330,6350 GREEN MYRTLE DR,Jacksonville,Florida,41004,888.5,Duval,117377.0,30.13874,-81.54941,20,63,7,6817
32207,319900.0,4,2,1456,2425 GERARD AVE,Jacksonville,Florida,36711,1238.9,Duval,91810.0,30.29,-81.64018,20,63,7,6113
32208,159900.0,3,2,1387,268 W 62ND ST,Jacksonville,Florida,32244,1080.0,Duval,54640.0,30.39351,-81.68245,20,63,7,6145
32209,189000.0,4,2,1344,1430 W 22ND ST,Jacksonville,Florida,35915,1489.9,Duval,42717.0,30.36141,-81.69573,20,63,7,6189
32256,301990.0,2,3,1210,9174 ALPINE ASTER RD,Jacksonville,Florida,48988,308.2,Duval,95821.0,30.1929,-81.50309,20,63,7,6787
32210,242000.0,3,1,1181,7505 CENTAURI RD,Jacksonville,Florida,66824,1178.7,Duval,81628.0,30.26491,-81.74746,20,63,7,6221
32224,500000.0,3,2,1706,13487 LAS BRISAS WAY,Jacksonville,Florida,41366,765.7,Duval,121879.0,30.26815,-81.4642,20,63,7,6575
32258,425000.0,4,2,2293,14639 GREENOVER LN,Jacksonville,Florida,41004,888.5,Duval,117377.0,30.13874,-81.54941,20,63,7,6820
32219,195000.0,3,2,1156,8150 PIPIT AVE,Jacksonville,Florida,14169,76.5,Duval,71236.0,30.41815,-81.81367,20,63,7,6437
32205,225000.0,2,1,1040,1063 DANCY ST,Jacksonville,Florida,31398,1566.7,Duval,88245.0,30.30275,-81.72257,20,63,7,6031
32218,349000.0,4,3,2379,564 WORCESTER CT,Jacksonville,Florida,68534,273.8,Duval,82140.0,30.48673,-81.66959,20,63,7,6384
32224,180000.0,1,1,905,3591 KERNAN BLVD S APT 125,Jacksonville,Florida,41366,765.7,Duval,121879.0,30.26815,-81.4642,20,63,7,6541
32223,399900.0,4,3,1883,2607 LYNNHAVEN TER,Jacksonville,Florida,25824,866.8,Duval,120947.0,30.1549,-81.64821,20,63,7,6512
32225,629990.0,6,4,3161,1777 GARBO CT,Jacksonville,Florida,55401,813.1,Duval,107979.0,30.35768,-81.50592,20,63,7,6587
32256,295000.0,2,3,1327,7906 ECHO SPRINGS RD,Jacksonville,Florida,48988,308.2,Duval,95821.0,30.1929,-81.50309,20,63,7,6758
32225,575000.0,4,3,2638,4536 BAY HARBOUR DR,Jacksonville,Florida,55401,813.1,Duval,107979.0,30.35768,-81.50592,20,63,7,6594
32207,425000.0,4,3,1810,1747 LANDON AVE,Jacksonville,Florida,36711,1238.9,Duval,91810.0,30.29,-81.64018,20,63,7,6127
32205,384000.0,3,2,1166,2969 DOWNING ST,Jacksonville,Florida,31398,1566.7,Duval,88245.0,30.30275,-81.72257,20,63,7,6060
32210,90000.0,3,6,1435,2108 HUGH EDWARDS DR,Jacksonville,Florida,66824,1178.7,Duval,81628.0,30.26491,-81.74746,20,63,7,6254
32205,275000.0,3,2,1270,1049 BUSAC AVE,Jacksonville,Florida,31398,1566.7,Duval,88245.0,30.30275,-81.72257,20,63,7,6061
32208,89900.0,2,1,924,569 W 49TH ST,Jacksonville,Florida,32244,1080.0,Duval,54640.0,30.39351,-81.68245,20,63,7,6164
32244,339900.0,4,2,1759,7298 WHEAT RD,Jacksonville,Florida,63709,1043.5,Duval,72650.0,30.2171,-81.75384,20,63,7,6678
32246,275000.0,3,2,1208,11694 MARINA DR,Jacksonville,Florida,56222,1136.5,Duval,91183.0,30.29422,-81.51782,20,63,7,6706
32211,315000.0,3,2,2030,8407 MATHONIA AVE,Jacksonville,Florida,35668,1680.8,Duval,68022.0,30.33276,-81.58428,20,63,7,6273
32224,1060212.0,4,4,3158,12191 STILLWOOD PINES BLVD,Jacksonville,Florida,41366,765.7,Duval,121879.0,30.26815,-81.4642,20,63,7,6543
32224,247000.0,2,2,1212,13810 SUTTON PARK DR N UNIT 732,Jacksonville,Florida,41366,765.7,Duval,121879.0,30.26815,-81.4642,20,63,7,6564
32258,419900.0,3,2,1975,12632 SAND RIDGE DR,Jacksonville,Florida,41004,888.5,Duval,117377.0,30.13874,-81.54941,20,63,7,6830
32223,309000.0,2,2,1276,3737 JAMESTOWN LN,Jacksonville,Florida,25824,866.8,Duval,120947.0,30.1549,-81.64821,20,63,7,6533
32225,375000.0,3,2,1744,12347 ARROWLEAF LN,Jacksonville,Florida,55401,813.1,Duval,107979.0,30.35768,-81.50592,20,63,7,6592
32277,328000.0,4,2,1944,4123 PINEY CREEK LN W,Jacksonville,Florida,33948,1831.0,Duval,68969.0,30.3728,-81.59465,20,63,7,6845
32218,379900.0,4,2,1903,12626 GILLESPIE AVE,Jacksonville,Florida,68534,273.8,Duval,82140.0,30.48673,-81.66959,20,63,7,6366
32224,529900.0,3,3,1597,14386 PELICAN BAY CT,Jacksonville,Florida,41366,765.7,Duval,121879.0,30.26815,-81.4642,20,63,7,6565
32209,110000.0,3,1,782,3057 BRASQUE DR,Jacksonville,Florida,35915,1489.9,Duval,42717.0,30.36141,-81.69573,20,63,7,6188
32226,365000.0,5,2,2275,12420 PECAN HICKORY CT,Jacksonville,Florida,18097,81.5,Duval,121204.0,30.46444,-81.50999,20,63,7,6633
32208,199900.0,3,2,2463,4229 HARBOR VIEW DR,Jacksonville,Florida,32244,1080.0,Duval,54640.0,30.39351,-81.68245,20,63,7,6137
32224,270000.0,2,3,1078,3462 NIGHTSCAPE CIR,Jacksonville,Florida,41366,765.7,Duval,121879.0,30.26815,-81.4642,20,63,7,6578
32222,250000.0,3,2,1512,9060 TAYLOR FIELD RD,Jacksonville,Florida,14879,504.2,Duval,89939.0,30.21651,-81.8293,20,63,7,6507
32246,409900.0,3,2,1769,2140 DEER RUN TRL,Jacksonville,Florida,56222,1136.5,Duval,91183.0,30.29422,-81.51782,20,63,7,6697
32202,349900.0,2,2,1473,400 E BAY ST STE 1105,Jacksonville,Florida,6717,1308.5,Duval,61239.0,30.32505,-81.64786,20,63,7,6006
32223,689000.0,5,4,3744,3913 REDS GAIT LN,Jacksonville,Florida,25824,866.8,Duval,120947.0,30.1549,-81.64821,20,63,7,6524
32223,749900.0,4,3,2700,12803 BAY OAKS LN E,Jacksonville,Florida,25824,866.8,Duval,120947.0,30.1549,-81.64821,20,63,7,6510
32202,69500.0,2,1,532,1201 GRANT ST,Jacksonville,Florida,6717,1308.5,Duval,61239.0,30.32505,-81.64786,20,63,7,6007
32208,275000.0,4,3,2083,7448 CLINTON ST,Jacksonville,Florida,32244,1080.0,Duval,54640.0,30.39351,-81.68245,20,63,7,6180
32244,310000.0,4,2,1760,5172 DELPHIN LN,Jacksonville,Florida,63709,1043.5,Duval,72650.0,30.2171,-81.75384,20,63,7,6665
32219,323990.0,4,2,1797,12237 GRAND HERRING WAY,Jacksonville,Florida,14169,76.5,Duval,71236.0,30.41815,-81.81367,20,63,7,6430
32205,525000.0,3,2,1725,1328 EDGEWOOD AVE S,Jacksonville,Florida,31398,1566.7,Duval,88245.0,30.30275,-81.72257,20,63,7,6045
32205,369000.0,3,2,1178,583 TALBOT AVE,Jacksonville,Florida,31398,1566.7,Duval,88245.0,30.30275,-81.72257,20,63,7,6041
32205,395000.0,4,2,1736,3126 POST ST,Jacksonville,Florida,31398,1566.7,Duval,88245.0,30.30275,-81.72257,20,63,7,6044
32218,360000.0,4,2,1937,15772 BAXTER CREEK DR,Jacksonville,Florida,68534,273.8,Duval,82140.0,30.48673,-81.66959,20,63,7,6393
32208,146700.0,3,1,1160,9263 8TH AVE,Jacksonville,Florida,32244,1080.0,Duval,54640.0,30.39351,-81.68245,20,63,7,6163
32216,215000.0,2,2,1059,8550 TOUCHTON RD APT 1224,Jacksonville,Florida,39762,1211.3,Duval,84747.0,30.27891,-81.58305,20,63,7,6315
32225,328000.0,3,2,2110,10523 BEVERLY NALLE RD,Jacksonville,Florida,55401,813.1,Duval,107979.0,30.35768,-81.50592,20,63,7,6595
32256,400000.0,4,2,1688,8892 CANOPY OAKS DR,Jacksonville,Florida,48988,308.2,Duval,95821.0,30.1929,-81.50309,20,63,7,6775
32209,135000.0,3,1,1009,1570 W 34TH ST,Jacksonville,Florida,35915,1489.9,Duval,42717.0,30.36141,-81.69573,20,63,7,6203
32205,265000.0,2,1,1155,3121 ERNEST ST,Jacksonville,Florida,31398,1566.7,Duval,88245.0,30.30275,-81.72257,20,63,7,6028
32220,127500.0,3,1,1216,8020 MARINER ST,Jacksonville,Florida,12020,120.3,Duval,84845.0,30.33693,-81.85335,20,63,7,6470
32211,259900.0,3,2,1078,6732 GAMEWELL RD,Jacksonville,Florida,35668,1680.8,Duval,68022.0,30.33276,-81.58428,20,63,7,6274
32204,499900.0,2,3,1481,1661 RIVERSIDE AVE APT 110,Jacksonville,Florida,7750,1114.0,Duval,80506.0,30.31636,-81.68095,20,63,7,6010
32210,235000.0,2,2,1091,5375 ORTEGA FARMS BLVD UNIT 308,Jacksonville,Florida,66824,1178.7,Duval,81628.0,30.26491,-81.74746,20,63,7,6264
32218,360000.0,4,3,2324,909 FORD WOOD DR,Jacksonville,Florida,68534,273.8,Duval,82140.0,30.48673,-81.66959,20,63,7,6346
32207,124900.0,3,1,1374,1760 LILLY RD E,Jacksonville,Florida,36711,1238.9,Duval,91810.0,30.29,-81.64018,20,63,7,6110
32258,419900.0,3,2,1809,4568 ARROW WIND LN,Jacksonville,Florida,41004,888.5,Duval,117377.0,30.13874,-81.54941,20,63,7,6839
32218,315000.0,3,2,1711,12066 SHORE RUSH TRL,Jacksonville,Florida,68534,273.8,Duval,82140.0,30.48673,-81.66959,20,63,7,6344
32206,349900.0,3,2,1344,2021 N MARKET ST,Jacksonville,Florida,16406,1016.2,Duval,49264.0,30.35069,-81.63865,20,63,7,6082
32208,214900.0,5,2,1854,6751 VAN GUNDY RD,Jacksonville,Florida,32244,1080.0,Duval,54640.0,30.39351,-81.68245,20,63,7,6148
32218,298990.0,3,3,1395,12741 BARRACK LN,Jacksonville,Florida,68534,273.8,Duval,82140.0,30.48673,-81.66959,20,63,7,6360
32220,331050.0,4,2,1820,7865 DRIGGERS ST,Jacksonville,Florida,12020,120.3,Duval,84845.0,30.33693,-81.85335,20,63,7,6461
32244,175000.0,2,2,1020,8451 PINEVERDE LN,Jacksonville,Florida,63709,1043.5,Duval,72650.0,30.2171,-81.75384,20,63,7,6674
32208,109900.0,2,1,936,2341 BROOM ST,Jacksonville,Florida,32244,1080.0,Duval,54640.0,30.39351,-81.68245,20,63,7,6182
32244,249000.0,3,2,1338,6348 FAULKNER DR,Jacksonville,Florida,63709,1043.5,Duval,72650.0,30.2171,-81.75384,20,63,7,6658
32256,230000.0,3,2,1346,7064 DEER LODGE CIR UNIT 101,Jacksonville,Florida,48988,308.2,Duval,95821.0,30.1929,-81.50309,20,63,7,6784
32246,625000.0,4,3,2856,2217 PIERCE ARROW DR,Jacksonville,Florida,56222,1136.5,Duval,91183.0,30.29422,-81.51782,20,63,7,6718
32224,539000.0,3,2,1762,2011 SANDHILL CRANE DR,Jacksonville,Florida,41366,765.7,Duval,121879.0,30.26815,-81.4642,20,63,7,6555
32244,229990.0,3,3,1601,5777 LE SABRE RD,Jacksonville,Florida,63709,1043.5,Duval,72650.0,30.2171,-81.75384,20,63,7,6675
32256,337990.0,3,3,1502,9311 KISKADEE CT,Jacksonville,Florida,48988,308.2,Duval,95821.0,30.1929,-81.50309,20,63,7,6770
32218,209000.0,3,2,1143,10119 HAVERFORD RD,Jacksonville,Florida,68534,273.8,Duval,82140.0,30.48673,-81.66959,20,63,7,6347
32218,463900.0,4,3,2426,12576 BIG GUM DR,Jacksonville,Florida,68534,273.8,Duval,82140.0,30.48673,-81.66959,20,63,7,6396
32256,181000.0,2,3,1540,7935 LOS ROBLES CT # 7935,Jacksonville,Florida,48988,308.2,Duval,95821.0,30.1929,-81.50309,20,63,7,6793
32206,1550000.0,12,12,4230,43 E 4TH ST,Jacksonville,Florida,16406,1016.2,Duval,49264.0,30.35069,-81.63865,20,63,7,6091
32218,310990.0,4,2,1533,14773 CASHEW AVE,Jacksonville,Florida,68534,273.8,Duval,82140.0,30.48673,-81.66959,20,63,7,6411
32246,429000.0,3,3,1938,2220 EAGLES NEST RD,Jacksonville,Florida,56222,1136.5,Duval,91183.0,30.29422,-81.51782,20,63,7,6717
32257,445000.0,3,2,1745,4111 TOBIN DR,Jacksonville,Florida,41487,1307.4,Duval,106508.0,30.19515,-81.6123,20,63,7,6809
32244,275000.0,3,2,1780,6911 GEORGE WOOD LN S,Jacksonville,Florida,63709,1043.5,Duval,72650.0,30.2171,-81.75384,20,63,7,6650
32209,87500.0,3,2,1692,2256 W 13TH ST,Jacksonville,Florida,35915,1489.9,Duval,42717.0,30.36141,-81.69573,20,63,7,6214
32244,265000.0,3,2,1520,6067 BLANK DR,Jacksonville,Florida,63709,1043.5,Duval,72650.0,30.2171,-81.75384,20,63,7,6644
32211,397000.0,3,2,1737,9252 GILMORE GROVE WAY,Jacksonville,Florida,35668,1680.8,Duval,68022.0,30.33276,-81.58428,20,63,7,6281
32256,225000.0,2,2,1192,10961 BURNT MILL RD APT 921,Jacksonville,Florida,48988,308.2,Duval,95821.0,30.1929,-81.50309,20,63,7,6764
32218,295000.0,3,2,1249,474 MOBY DICK DR S,Jacksonville,Florida,68534,273.8,Duval,82140.0,30.48673,-81.66959,20,63,7,6374
32226,332000.0,4,2,1856,11339 SHEEPSHEAD LN,Jacksonville,Florida,18097,81.5,Duval,121204.0,30.46444,-81.50999,20,63,7,6636
32216,125000.0,2,2,992,1647 EL CAMINO RD APT 6,Jacksonville,Florida,39762,1211.3,Duval,84747.0,30.27891,-81.58305,20,63,7,6293
32256,305000.0,3,3,1456,4883 PARKHURST PL,Jacksonville,Florida,48988,308.2,Duval,95821.0,30.1929,-81.50309,20,63,7,6750
32218,399900.0,4,2,2384,593 LADY LAKE RD W,Jacksonville,Florida,68534,273.8,Duval,82140.0,30.48673,-81.66959,20,63,7,6364
32202,319900.0,1,1,770,400 E BAY ST STE 1709,Jacksonville,Florida,6717,1308.5,Duval,61239.0,30.32505,-81.64786,20,63,7,6008
32244,274900.0,3,2,1208,7485 GREENWAY DR,Jacksonville,Florida,63709,1043.5,Duval,72650.0,30.2171,-81.75384,20,63,7,6685
32244,387990.0,5,3,2483,5430 BULLSEYE CIR,Jacksonville,Florida,63709,1043.5,Duval,72650.0,30.2171,-81.75384,20,63,7,6692
32205,398000.0,4,2,1668,4641 ATTLEBORO ST,Jacksonville,Florida,31398,1566.7,Duval,88245.0,30.30275,-81.72257,20,63,7,6057
32205,245900.0,3,2,1240,810 LE BRUN DR,Jacksonville,Florida,31398,1566.7,Duval,88245.0,30.30275,-81.72257,20,63,7,6042
32218,310000.0,3,2,1709,12155 VERDE GARDENS RD,Jacksonville,Florida,68534,273.8,Duval,82140.0,30.48673,-81.66959,20,63,7,6358
32208,139900.0,2,1,980,6430 SUNSET DR,Jacksonville,Florida,32244,1080.0,Duval,54640.0,30.39351,-81.68245,20,63,7,6178
32256,199900.0,2,2,927,4958 KEY LIME DR UNIT 305,Jacksonville,Florida,48988,308.2,Duval,95821.0,30.1929,-81.50309,20,63,7,6768
32244,219990.0,3,3,1601,8117 CHERYL ANN LN,Jacksonville,Florida,63709,1043.5,Duval,72650.0,30.2171,-81.75384,20,63,7,6661
32277,311000.0,3,2,1444,7121 FORT CAROLINE HILLS DR,Jacksonville,Florida,33948,1831.0,Duval,68969.0,30.3728,-81.59465,20,63,7,6848
32256,215000.0,2,2,1158,8226 GREEN PARROT RD UNIT 204,Jacksonville,Florida,48988,308.2,Duval,95821.0,30.1929,-81.50309,20,63,7,6791
32244,294900.0,3,2,1572,8345 CHESSMAN CT,Jacksonville,Florida,63709,1043.5,Duval,72650.0,30.2171,-81.75384,20,63,7,6676
32219,225500.0,4,2,1080,5822 CISCO DR W,Jacksonville,Florida,14169,76.5,Duval,71236.0,30.41815,-81.81367,20,63,7,6442
32211,220900.0,3,1,1126,6605 BRANDEMERE RD N,Jacksonville,Florida,35668,1680.8,Duval,68022.0,30.33276,-81.58428,20,63,7,6282
32226,399900.0,4,3,2346,3601 SHINER DR,Jacksonville,Florida,18097,81.5,Duval,121204.0,30.46444,-81.50999,20,63,7,6622
32207,295000.0,3,3,1574,1624 POTTSBURG POINT DR,Jacksonville,Florida,36711,1238.9,Duval,91810.0,30.29,-81.64018,20,63,7,6102
32207,299000.0,3,2,1500,5873 SAINT CECILIA RD,Jacksonville,Florida,36711,1238.9,Duval,91810.0,30.29,-81.64018,20,63,7,6112
32244,285000.0,4,2,1284,6421 TOWNSEND RD,Jacksonville,Florida,63709,1043.5,Duval,72650.0,30.2171,-81.75384,20,63,7,6693
32216,250000.0,3,2,1311,7866 AQUARIUS CIR S,Jacksonville,Florida,39762,1211.3,Duval,84747.0,30.27891,-81.58305,20,63,7,6311
32222,355000.0,4,2,1732,6351 THATCHER LN,Jacksonville,Florida,14879,504.2,Duval,89939.0,30.21651,-81.8293,20,63,7,6496
32210,159900.0,2,2,1118,5100 PLAYPEN DR UNIT 12,Jacksonville,Florida,66824,1178.7,Duval,81628.0,30.26491,-81.74746,20,63,7,6250
32218,215000.0,3,2,1264,2305 WILMONT AVE,Jacksonville,Florida,68534,273.8,Duval,82140.0,30.48673,-81.66959,20,63,7,6401
32219,165000.0,3,2,1604,7973 PLUMMER RD,Jacksonville,Florida,14169,76.5,Duval,71236.0,30.41815,-81.81367,20,63,7,6431
32218,135000.0,3,1,816,10547 BRIARCLIFF RD E,Jacksonville,Florida,68534,273.8,Duval,82140.0,30.48673,-81.66959,20,63,7,6379
32254,195000.0,3,1,1101,1093 MACKINAW ST,Jacksonville,Florida,13798,429.5,Duval,51308.0,30.34164,-81.73549,20,63,7,6737
32218,339990.0,4,2,1880,4899 BIG PINE DR,Jacksonville,Florida,68534,273.8,Duval,82140.0,30.48673,-81.66959,20,63,7,6369
32217,142300.0,2,2,1145,3915 TOREADOR CT UNIT 8,Jacksonville,Florida,20303,1458.3,Duval,98190.0,30.2394,-81.62722,20,63,7,6330
32208,139999.0,3,1,1089,4715 TROUT RIVER BLVD,Jacksonville,Florida,32244,1080.0,Duval,54640.0,30.39351,-81.68245,20,63,7,6138
32246,465000.0,3,2,1796,12781 LOCREN RD,Jacksonville,Florida,56222,1136.5,Duval,91183.0,30.29422,-81.51782,20,63,7,6712
32226,800000.0,3,3,2599,17286 RIVER ISLE CIR,Jacksonville,Florida,18097,81.5,Duval,121204.0,30.46444,-81.50999,20,63,7,6625
32256,164900.0,2,3,1050,7701 BAYMEADOWS CIR W APT 1037,Jacksonville,Florida,48988,308.2,Duval,95821.0,30.1929,-81.50309,20,63,7,6752
32258,305000.0,3,2,1603,5663 GREENLAND RD UNIT 1005,Jacksonville,Florida,41004,888.5,Duval,117377.0,30.13874,-81.54941,20,63,7,6832
32210,294900.0,3,2,2214,7210 HANSON DR N,Jacksonville,Florida,66824,1178.7,Duval,81628.0,30.26491,-81.74746,20,63,7,6228
32256,478900.0,3,2,1714,9094 HONEYBEE LN,Jacksonville,Florida,48988,308.2,Duval,95821.0,30.1929,-81.50309,20,63,7,6785
32256,384000.0,3,2,1382,13129 HOLSINGER BLVD,Jacksonville,Florida,48988,308.2,Duval,95821.0,30.1929,-81.50309,20,63,7,6780
32208,394999.0,4,2,1772,8206 CONCORD BLVD W,Jacksonville,Florida,32244,1080.0,Duval,54640.0,30.39351,-81.68245,20,63,7,6159
32224,766075.0,3,2,2308,5302 PINEY WOODS WAY,Jacksonville,Florida,41366,765.7,Duval,121879.0,30.26815,-81.4642,20,63,7,6567
32220,385500.0,4,3,3454,9246 BEARDEN RD,Jacksonville,Florida,12020,120.3,Duval,84845.0,30.33693,-81.85335,20,63,7,6469
32205,497900.0,4,3,1084,2956 ROSSELLE ST,Jacksonville,Florida,31398,1566.7,Duval,88245.0,30.30275,-81.72257,20,63,7,6037
32244,346152.0,3,2,1700,7172 MAHOGANY RUN DR,Jacksonville,Florida,63709,1043.5,Duval,72650.0,30.2171,-81.75384,20,63,7,6646
32205,260000.0,2,2,1068,3113 GILMORE ST,Jacksonville,Florida,31398,1566.7,Duval,88245.0,30.30275,-81.72257,20,63,7,6054
32256,164900.0,2,3,1050,7701 BAYMEADOWS CIR W APT 1037,Jacksonville,Florida,48988,308.2,Duval,95821.0,30.1929,-81.50309,20,63,7,6752
32208,239000.0,3,2,1160,9155 13TH AVE,Jacksonville,Florida,32244,1080.0,Duval,54640.0,30.39351,-81.68245,20,63,7,6136
32217,179900.0,3,2,1456,4915 BAYMEADOWS RD APT 13D,Jacksonville,Florida,20303,1458.3,Duval,98190.0,30.2394,-81.62722,20,63,7,6341
32221,172000.0,4,2,2280,518 FORGOTTEN WAY,Jacksonville,Florida,29346,238.7,Duval,91637.0,30.26043,-81.86764,20,63,7,6487
32254,223000.0,3,2,1384,1804 DETROIT ST,Jacksonville,Florida,13798,429.5,Duval,51308.0,30.34164,-81.73549,20,63,7,6744
32208,140000.0,3,1,1129,416 DEMPER DR,Jacksonville,Florida,32244,1080.0,Duval,54640.0,30.39351,-81.68245,20,63,7,6141
32205,199000.0,3,2,1309,7057 ROLLO RD,Jacksonville,Florida,31398,1566.7,Duval,88245.0,30.30275,-81.72257,20,63,7,6033
32256,599900.0,4,3,2386,8722 CANOPY OAKS DR,Jacksonville,Florida,48988,308.2,Duval,95821.0,30.1929,-81.50309,20,63,7,6774
32219,311990.0,4,2,1797,5465 HOLLOW BIRCH DR,Jacksonville,Florida,14169,76.5,Duval,71236.0,30.41815,-81.81367,20,63,7,6446
32211,359000.0,4,3,2156,1036 GLEN ECHO RD,Jacksonville,Florida,35668,1680.8,Duval,68022.0,30.33276,-81.58428,20,63,7,6269
32218,339990.0,4,2,1880,4888 BIG PINE DR,Jacksonville,Florida,68534,273.8,Duval,82140.0,30.48673,-81.66959,20,63,7,6371
32225,739000.0,4,4,3551,4216 STRATFORD WAY,Jacksonville,Florida,55401,813.1,Duval,107979.0,30.35768,-81.50592,20,63,7,6591
32246,725000.0,4,3,2233,2973 BRETTUNGAR DR,Jacksonville,Florida,56222,1136.5,Duval,91183.0,30.29422,-81.51782,20,63,7,6716
32246,250000.0,4,2,1238,1764 CORTEZ RD,Jacksonville,Florida,56222,1136.5,Duval,91183.0,30.29422,-81.51782,20,63,7,6709
32216,339900.0,3,2,1797,2305 BREST RD,Jacksonville,Florida,39762,1211.3,Duval,84747.0,30.27891,-81.58305,20,63,7,6304
32218,260000.0,3,3,1642,11566 HICKORY OAK DR,Jacksonville,Florida,68534,273.8,Duval,82140.0,30.48673,-81.66959,20,63,7,6412
32206,210000.0,3,2,1580,207 W 21ST ST,Jacksonville,Florida,16406,1016.2,Duval,49264.0,30.35069,-81.63865,20,63,7,6090
32225,749000.0,3,3,2694,13846 ATLANTIC BLVD APT 305,Jacksonville,Florida,55401,813.1,Duval,107979.0,30.35768,-81.50592,20,63,7,6593
32208,159000.0,3,2,1698,6518 SUNSET DR,Jacksonville,Florida,32244,1080.0,Duval,54640.0,30.39351,-81.68245,20,63,7,6165
32218,379990.0,4,3,2201,4924 BIG PINE DR,Jacksonville,Florida,68534,273.8,Duval,82140.0,30.48673,-81.66959,20,63,7,6418
32225,1230000.0,5,4,4150,1241 QUEENS HARBOR BLVD,Jacksonville,Florida,55401,813.1,Duval,107979.0,30.35768,-81.50592,20,63,7,6597
32244,275000.0,3,2,1562,5835 LE SABRE RD,Jacksonville,Florida,63709,1043.5,Duval,72650.0,30.2171,-81.75384,20,63,7,6645
32208,173500.0,3,2,1236,9443 FLECHETTE AVE,Jacksonville,Florida,32244,1080.0,Duval,54640.0,30.39351,-81.68245,20,63,7,6154
32219,350800.0,3,2,1940,8174 AYDON DR,Jacksonville,Florida,14169,76.5,Duval,71236.0,30.41815,-81.81367,20,63,7,6433
32225,949000.0,6,5,3373,769 PROVIDENCE ISLAND CT,Jacksonville,Florida,55401,813.1,Duval,107979.0,30.35768,-81.50592,20,63,7,6589
32205,299000.0,2,3,2115,5343 CLARENDON RD,Jacksonville,Florida,31398,1566.7,Duval,88245.0,30.30275,-81.72257,20,63,7,6026
32211,279900.0,3,2,1118,7137 TYNAN AVE,Jacksonville,Florida,35668,1680.8,Duval,68022.0,30.33276,-81.58428,20,63,7,6292
32222,445000.0,4,3,2257,10142 RAMSEY FALLS DR,Jacksonville,Florida,14879,504.2,Duval,89939.0,30.21651,-81.8293,20,63,7,6501
32210,183500.0,2,2,950,3434 BLANDING BLVD UNIT 244,Jacksonville,Florida,66824,1178.7,Duval,81628.0,30.26491,-81.74746,20,63,7,6236
32224,979335.0,4,5,3113,3649 VALVERDE CIR,Jacksonville,Florida,41366,765.7,Duval,121879.0,30.26815,-81.4642,20,63,7,6550
32244,289000.0,3,2,1581,8349 MISTWOOD CIR N,Jacksonville,Florida,63709,1043.5,Duval,72650.0,30.2171,-81.75384,20,63,7,6681
32277,375000.0,4,2,2251,3483 WENTWORTH CIR W,Jacksonville,Florida,33948,1831.0,Duval,68969.0,30.3728,-81.59465,20,63,7,6858
32220,241990.0,2,3,1210,9015 GIFFORD DR,Jacksonville,Florida,12020,120.3,Duval,84845.0,30.33693,-81.85335,20,63,7,6460
32204,525000.0,2,2,1600,2005 HERSCHEL ST APT 2,Jacksonville,Florida,7750,1114.0,Duval,80506.0,30.31636,-81.68095,20,63,7,6020
32225,525000.0,3,3,2514,4125 SHOAL CREEK LN E,Jacksonville,Florida,55401,813.1,Duval,107979.0,30.35768,-81.50592,20,63,7,6586
32246,479900.0,4,2,1839,2137 WILLESDON DR E,Jacksonville,Florida,56222,1136.5,Duval,91183.0,30.29422,-81.51782,20,63,7,6722
32220,251990.0,3,3,1502,9047 GIFFORD DR,Jacksonville,Florida,12020,120.3,Duval,84845.0,30.33693,-81.85335,20,63,7,6471
32222,294999.0,3,3,1627,7849 MERCHANTS WAY,Jacksonville,Florida,14879,504.2,Duval,89939.0,30.21651,-81.8293,20,63,7,6495
32223,429900.0,4,3,2192,3428 N RIDE DR,Jacksonville,Florida,25824,866.8,Duval,120947.0,30.1549,-81.64821,20,63,7,6520
32205,919000.0,3,2,2271,2970 SAINT JOHNS AVE APT 7G,Jacksonville,Florida,31398,1566.7,Duval,88245.0,30.30275,-81.72257,20,63,7,6027
32216,239900.0,2,2,1059,8550 TOUCHTON RD APT 1018,Jacksonville,Florida,39762,1211.3,Duval,84747.0,30.27891,-81.58305,20,63,7,6308
32256,309990.0,2,2,1319,7951 LINKSIDE DR,Jacksonville,Florida,48988,308.2,Duval,95821.0,30.1929,-81.50309,20,63,7,6779
32205,370000.0,3,2,1230,828 JAMES ST,Jacksonville,Florida,31398,1566.7,Duval,88245.0,30.30275,-81.72257,20,63,7,6029
32226,450000.0,3,2,1680,5719 HECKSCHER DR,Jacksonville,Florida,18097,81.5,Duval,121204.0,30.46444,-81.50999,20,63,7,6621
32208,180000.0,4,2,1114,4639 ROANOKE BLVD,Jacksonville,Florida,32244,1080.0,Duval,54640.0,30.39351,-81.68245,20,63,7,6150
32224,706763.0,3,2,2232,5258 MILKHOUSE LN,Jacksonville,Florida,41366,765.7,Duval,121879.0,30.26815,-81.4642,20,63,7,6545
32256,625000.0,4,3,2343,8733 HUNTERS CREEK DR S,Jacksonville,Florida,48988,308.2,Duval,95821.0,30.1929,-81.50309,20,63,7,6751
32219,235000.0,2,2,1184,8252 DEKLE AVE,Jacksonville,Florida,14169,76.5,Duval,71236.0,30.41815,-81.81367,20,63,7,6455
32225,564990.0,5,4,3051,12462 TIERRA CHASE WAY,Jacksonville,Florida,55401,813.1,Duval,107979.0,30.35768,-81.50592,20,63,7,6604
32218,325990.0,3,2,1655,12877 CACAO TREE TRL,Jacksonville,Florida,68534,273.8,Duval,82140.0,30.48673,-81.66959,20,63,7,6368
32209,140000.0,3,1,858,2214 W 15TH ST,Jacksonville,Florida,35915,1489.9,Duval,42717.0,30.36141,-81.69573,20,63,7,6201
32208,159000.0,2,1,1080,5220 TROUT RIVER BLVD,Jacksonville,Florida,32244,1080.0,Duval,54640.0,30.39351,-81.68245,20,63,7,6167
32216,399900.0,4,2,1760,3705 BOWDEN CIR E,Jacksonville,Florida,39762,1211.3,Duval,84747.0,30.27891,-81.58305,20,63,7,6313
