Zip Code,Price,Beds,Baths,Living Space,Address,City,State,Zip Code Population,Zip Code Density,County,Median Household Income,Latitude,Longitude,county_num,city_num,state_num,address_num
90810,390000.0,2,1,730,3365 SANTA FE AVE APT 93,Long Beach,California,37451,2211.1,Los Angeles,91053.0,33.81912,-118.22096,77,194,26,32250
90804,774900.0,2,1,880,3827 E FOUNTAIN ST,Long Beach,California,37953,6787.4,Los Angeles,80314.0,33.78223,-118.14917,77,194,26,32088
90815,1399000.0,4,3,2181,2412 PALO VERDE AVE,Long Beach,California,43092,2358.7,Los Angeles,142489.0,33.79572,-118.11592,77,194,26,32337
90815,1199000.0,5,3,2130,2410 CLARK AVE,Long Beach,California,43092,2358.7,Los Angeles,142489.0,33.79572,-118.11592,77,194,26,32361
90808,695000.0,2,1,1092,3443 TULANE AVE,Long Beach,California,39723,2233.6,Los Angeles,152511.0,33.82406,-118.11236,77,194,26,32224
90807,1095000.0,3,3,2499,3805 LINDEN AVE,Long Beach,California,32994,2881.6,Los Angeles,122666.0,33.83098,-118.18113,77,194,26,32167
90802,679000.0,2,2,1103,1250 E OCEAN BLVD APT 407,Long Beach,California,39036,2307.8,Los Angeles,90525.0,33.75035,-118.21143,77,194,26,31928
90803,3749000.0,5,5,5357,30 SAVONA WALK,Long Beach,California,32631,3099.7,Los Angeles,141826.0,33.76162,-118.12178,77,194,26,32014
90802,599000.0,2,1,820,100 ATLANTIC AVE APT 1000,Long Beach,California,39036,2307.8,Los Angeles,90525.0,33.75035,-118.21143,77,194,26,31941
90810,1000000.0,4,3,1987,2626 E CARSON ST,Long Beach,California,37451,2211.1,Los Angeles,91053.0,33.81912,-118.22096,77,194,26,32242
90814,1400000.0,4,2,2299,657 EUCLID AVE,Long Beach,California,19166,5552.5,Los Angeles,118452.0,33.7716,-118.14351,77,194,26,32301
90803,3275000.0,4,4,3622,286 ARGONNE AVE,Long Beach,California,32631,3099.7,Los Angeles,141826.0,33.76162,-118.12178,77,194,26,32039
90807,2599000.0,5,5,4744,4531 N COUNTRY CLUB LN,Long Beach,California,32994,2881.6,Los Angeles,122666.0,33.83098,-118.18113,77,194,26,32180
90802,900000.0,2,4,1750,251 ELM AVE,Long Beach,California,39036,2307.8,Los Angeles,90525.0,33.75035,-118.21143,77,194,26,31968
90802,465000.0,2,1,813,1049 E 3RD ST APT 1W,Long Beach,California,39036,2307.8,Los Angeles,90525.0,33.75035,-118.21143,77,194,26,31935
90802,735900.0,2,2,990,388 E OCEAN BLVD APT 1108,Long Beach,California,39036,2307.8,Los Angeles,90525.0,33.75035,-118.21143,77,194,26,31952
90804,765000.0,3,2,1489,1734 N STANTON PL,Long Beach,California,37953,6787.4,Los Angeles,80314.0,33.78223,-118.14917,77,194,26,32081
90813,375000.0,2,2,693,1168 E 10TH ST APT 104A,Long Beach,California,56420,7073.8,Los Angeles,62644.0,33.78237,-118.19656,77,194,26,32285
90810,220000.0,3,2,2039,3595 SANTA FE AVE SPC 33,Long Beach,California,37451,2211.1,Los Angeles,91053.0,33.81912,-118.22096,77,194,26,32246
90814,1879000.0,7,5,3577,346 MOLINO AVE,Long Beach,California,19166,5552.5,Los Angeles,118452.0,33.7716,-118.14351,77,194,26,32299
90805,650000.0,3,2,1367,101 E 69TH WAY,Long Beach,California,96840,5039.9,Los Angeles,81030.0,33.86494,-118.18051,77,194,26,32123
90805,844990.0,3,3,1535,5110 LONG BEACH BLVD,Long Beach,California,96840,5039.9,Los Angeles,81030.0,33.86494,-118.18051,77,194,26,32134
90803,3749000.0,5,5,5357,30 SAVONA WALK,Long Beach,California,32631,3099.7,Los Angeles,141826.0,33.76162,-118.12178,77,194,26,32014
90802,679000.0,2,2,1103,1250 E OCEAN BLVD APT 407,Long Beach,California,39036,2307.8,Los Angeles,90525.0,33.75035,-118.21143,77,194,26,31928
90802,495000.0,2,1,818,550 ORANGE AVE UNIT 138,Long Beach,California,39036,2307.8,Los Angeles,90525.0,33.75035,-118.21143,77,194,26,31993
90804,650000.0,2,1,1067,1356 SAINT LOUIS AVE,Long Beach,California,37953,6787.4,Los Angeles,80314.0,33.78223,-118.14917,77,194,26,32084
90806,4750000.0,30,18,14814,645 E BURNETT ST,Long Beach,California,41571,3284.6,Los Angeles,94578.0,33.80819,-118.17797,77,194,26,32161
90810,598000.0,3,1,920,2733 E VAN BUREN ST,Long Beach,California,37451,2211.1,Los Angeles,91053.0,33.81912,-118.22096,77,194,26,32266
90810,699000.0,8,5,5164,1501 W 19TH ST,Long Beach,California,37451,2211.1,Los Angeles,91053.0,33.81912,-118.22096,77,194,26,32244
90810,1000000.0,4,3,1987,2626 E CARSON ST,Long Beach,California,37451,2211.1,Los Angeles,91053.0,33.81912,-118.22096,77,194,26,32242
90802,375000.0,1,1,615,333 LINDEN AVE APT 17,Long Beach,California,39036,2307.8,Los Angeles,90525.0,33.75035,-118.21143,77,194,26,31998
90802,389900.0,1,1,656,120 ALAMITOS AVE APT 24,Long Beach,California,39036,2307.8,Los Angeles,90525.0,33.75035,-118.21143,77,194,26,31955
90802,1680000.0,3,2,1500,1500 E OCEAN BLVD UNIT 301,Long Beach,California,39036,2307.8,Los Angeles,90525.0,33.75035,-118.21143,77,194,26,31970
90805,449000.0,3,2,1069,5535 ACKERFIELD AVE UNIT 26,Long Beach,California,96840,5039.9,Los Angeles,81030.0,33.86494,-118.18051,77,194,26,32103
90803,1100000.0,3,3,2024,6301 MARINA PACIFICA DR S,Long Beach,California,32631,3099.7,Los Angeles,141826.0,33.76162,-118.12178,77,194,26,32050
90805,630000.0,3,3,1064,241 E 52ND ST,Long Beach,California,96840,5039.9,Los Angeles,81030.0,33.86494,-118.18051,77,194,26,32146
90802,359900.0,1,1,613,1035 E APPLETON ST APT 5,Long Beach,California,39036,2307.8,Los Angeles,90525.0,33.75035,-118.21143,77,194,26,31951
90807,899000.0,3,1,882,101 E 35TH ST,Long Beach,California,32994,2881.6,Los Angeles,122666.0,33.83098,-118.18113,77,194,26,32185
90802,584900.0,1,2,880,700 E OCEAN BLVD UNIT 1203,Long Beach,California,39036,2307.8,Los Angeles,90525.0,33.75035,-118.21143,77,194,26,31938
90815,2350000.0,5,4,4220,5571 E LONNA LINDA DR,Long Beach,California,43092,2358.7,Los Angeles,142489.0,33.79572,-118.11592,77,194,26,32340
90814,1795000.0,3,4,3118,432 TERRAINE AVE,Long Beach,California,19166,5552.5,Los Angeles,118452.0,33.7716,-118.14351,77,194,26,32300
90803,1499000.0,4,3,2628,126 ORIZABA AVE,Long Beach,California,32631,3099.7,Los Angeles,141826.0,33.76162,-118.12178,77,194,26,32013
90803,1620000.0,2,3,1882,224 SAINT JOSEPH AVE,Long Beach,California,32631,3099.7,Los Angeles,141826.0,33.76162,-118.12178,77,194,26,32021
90808,1025000.0,4,2,1624,3766 STEARNLEE AVE,Long Beach,California,39723,2233.6,Los Angeles,152511.0,33.82406,-118.11236,77,194,26,32231
90815,850000.0,3,2,1438,5493 E 29TH ST,Long Beach,California,43092,2358.7,Los Angeles,142489.0,33.79572,-118.11592,77,194,26,32359
90805,869990.0,3,3,1535,5114 LONG BEACH BLVD,Long Beach,California,96840,5039.9,Los Angeles,81030.0,33.86494,-118.18051,77,194,26,32102
90805,679990.0,3,3,1355,4828 LONG BEACH BLVD,Long Beach,California,96840,5039.9,Los Angeles,81030.0,33.86494,-118.18051,77,194,26,32151
90810,650000.0,3,3,1173,2544 FASHION AVE,Long Beach,California,37451,2211.1,Los Angeles,91053.0,33.81912,-118.22096,77,194,26,32247
90803,1025000.0,4,3,1811,43 WHEELHOUSE CT,Long Beach,California,32631,3099.7,Los Angeles,141826.0,33.76162,-118.12178,77,194,26,32072
90803,135000.0,2,2,1080,6242 E SEA BREEZE DR # 91,Long Beach,California,32631,3099.7,Los Angeles,141826.0,33.76162,-118.12178,77,194,26,32022
90810,699000.0,8,5,5164,1501 W 19TH ST,Long Beach,California,37451,2211.1,Los Angeles,91053.0,33.81912,-118.22096,77,194,26,32244
90815,959000.0,3,2,1450,5821 E DEBORAH ST,Long Beach,California,43092,2358.7,Los Angeles,142489.0,33.79572,-118.11592,77,194,26,32352
90810,1000000.0,4,3,1987,2626 E CARSON ST,Long Beach,California,37451,2211.1,Los Angeles,91053.0,33.81912,-118.22096,77,194,26,32242
90808,929900.0,4,3,1759,4130 HEATHER RD,Long Beach,California,39723,2233.6,Los Angeles,152511.0,33.82406,-118.11236,77,194,26,32240
90802,658000.0,2,2,1178,1057 E 3RD ST APT 10,Long Beach,California,39036,2307.8,Los Angeles,90525.0,33.75035,-118.21143,77,194,26,31949
90802,440000.0,1,1,779,1187 E 3RD ST UNIT 212,Long Beach,California,39036,2307.8,Los Angeles,90525.0,33.75035,-118.21143,77,194,26,31969
90803,1170000.0,2,2,1356,2601 E OCEAN BLVD UNIT 602,Long Beach,California,32631,3099.7,Los Angeles,141826.0,33.76162,-118.12178,77,194,26,32065
90814,449000.0,1,1,759,420 REDONDO AVE UNIT 206,Long Beach,California,19166,5552.5,Los Angeles,118452.0,33.7716,-118.14351,77,194,26,32302
90815,449000.0,1,1,868,5140 E ATHERTON ST APT 34,Long Beach,California,43092,2358.7,Los Angeles,142489.0,33.79572,-118.11592,77,194,26,32344
90803,795000.0,1,2,1056,7334 MARINA PACIFICA DR N,Long Beach,California,32631,3099.7,Los Angeles,141826.0,33.76162,-118.12178,77,194,26,32029
90803,3100000.0,3,4,3248,63 59TH PL,Long Beach,California,32631,3099.7,Los Angeles,141826.0,33.76162,-118.12178,77,194,26,32045
90815,662000.0,3,3,1865,4930 E ATHERTON ST,Long Beach,California,43092,2358.7,Los Angeles,142489.0,33.79572,-118.11592,77,194,26,32338
90815,1025000.0,4,2,1987,2409 OSTROM AVE,Long Beach,California,43092,2358.7,Los Angeles,142489.0,33.79572,-118.11592,77,194,26,32329
90802,849900.0,2,2,1447,488 E OCEAN BLVD UNIT P9,Long Beach,California,39036,2307.8,Los Angeles,90525.0,33.75035,-118.21143,77,194,26,31950
90808,749000.0,3,2,1300,3549 GONDAR AVE,Long Beach,California,39723,2233.6,Los Angeles,152511.0,33.82406,-118.11236,77,194,26,32212
90808,1150000.0,4,2,1441,3429 MCNAB AVE,Long Beach,California,39723,2233.6,Los Angeles,152511.0,33.82406,-118.11236,77,194,26,32226
90813,2450000.0,17,17,7617,744 ROSE AVE,Long Beach,California,56420,7073.8,Los Angeles,62644.0,33.78237,-118.19656,77,194,26,32294
90804,1950000.0,9,9,4746,1717 TEMPLE AVE,Long Beach,California,37953,6787.4,Los Angeles,80314.0,33.78223,-118.14917,77,194,26,32085
90810,699000.0,8,5,5164,1501 W 19TH ST,Long Beach,California,37451,2211.1,Los Angeles,91053.0,33.81912,-118.22096,77,194,26,32244
90810,820000.0,3,3,1667,2658 E HARRISON ST,Long Beach,California,37451,2211.1,Los Angeles,91053.0,33.81912,-118.22096,77,194,26,32243
90808,794999.0,2,1,1012,3511 CANEHILL AVE,Long Beach,California,39723,2233.6,Los Angeles,152511.0,33.82406,-118.11236,77,194,26,32220
90815,1049000.0,3,2,1573,2647 PETALUMA AVE,Long Beach,California,43092,2358.7,Los Angeles,142489.0,33.79572,-118.11592,77,194,26,32327
90810,1000000.0,4,3,1987,2626 E CARSON ST,Long Beach,California,37451,2211.1,Los Angeles,91053.0,33.81912,-118.22096,77,194,26,32242
90810,699000.0,8,5,5164,1501 W 19TH ST,Long Beach,California,37451,2211.1,Los Angeles,91053.0,33.81912,-118.22096,77,194,26,32244
90805,449000.0,3,2,1069,5535 ACKERFIELD AVE UNIT 26,Long Beach,California,96840,5039.9,Los Angeles,81030.0,33.86494,-118.18051,77,194,26,32103
90803,5250000.0,8,6,4529,6819 E OCEAN BLVD,Long Beach,California,32631,3099.7,Los Angeles,141826.0,33.76162,-118.12178,77,194,26,32056
90808,1119000.0,3,2,1753,3412 HEATHER RD,Long Beach,California,39723,2233.6,Los Angeles,152511.0,33.82406,-118.11236,77,194,26,32234
90803,1575000.0,3,2,1457,214 ROSWELL AVE,Long Beach,California,32631,3099.7,Los Angeles,141826.0,33.76162,-118.12178,77,194,26,32079
90813,519000.0,1,1,910,1598 LONG BEACH BLVD APT 406,Long Beach,California,56420,7073.8,Los Angeles,62644.0,33.78237,-118.19656,77,194,26,32275
90807,925000.0,3,2,1651,4217 GARDENIA AVE,Long Beach,California,32994,2881.6,Los Angeles,122666.0,33.83098,-118.18113,77,194,26,32189
90807,1095000.0,3,3,2499,3805 LINDEN AVE,Long Beach,California,32994,2881.6,Los Angeles,122666.0,33.83098,-118.18113,77,194,26,32167
90802,679000.0,2,2,1103,1250 E OCEAN BLVD APT 407,Long Beach,California,39036,2307.8,Los Angeles,90525.0,33.75035,-118.21143,77,194,26,31928
90805,649000.0,2,1,1020,156 E 57TH ST,Long Beach,California,96840,5039.9,Los Angeles,81030.0,33.86494,-118.18051,77,194,26,32145
90803,850000.0,2,2,1118,5400 E THE TOLEDO UNIT 305,Long Beach,California,32631,3099.7,Los Angeles,141826.0,33.76162,-118.12178,77,194,26,32044
90808,975000.0,4,2,1690,3569 LEES AVE,Long Beach,California,39723,2233.6,Los Angeles,152511.0,33.82406,-118.11236,77,194,26,32230
90804,1998000.0,5,5,3707,764 SANTIAGO AVE,Long Beach,California,37953,6787.4,Los Angeles,80314.0,33.78223,-118.14917,77,194,26,32092
90805,689990.0,3,3,1355,4808 LONG BEACH BLVD,Long Beach,California,96840,5039.9,Los Angeles,81030.0,33.86494,-118.18051,77,194,26,32118
90803,2288000.0,6,3,2806,5027 E VISTA ST,Long Beach,California,32631,3099.7,Los Angeles,141826.0,33.76162,-118.12178,77,194,26,32019
90803,1599000.0,4,3,1937,224 ROYCROFT AVE,Long Beach,California,32631,3099.7,Los Angeles,141826.0,33.76162,-118.12178,77,194,26,32041
90803,1795000.0,3,4,2442,6265 MAJORCA CIR,Long Beach,California,32631,3099.7,Los Angeles,141826.0,33.76162,-118.12178,77,194,26,32048
90803,1645000.0,4,4,3114,6200 MALAGA CT,Long Beach,California,32631,3099.7,Los Angeles,141826.0,33.76162,-118.12178,77,194,26,32026
90803,1950000.0,3,2,2199,209 XIMENO AVE,Long Beach,California,32631,3099.7,Los Angeles,141826.0,33.76162,-118.12178,77,194,26,32078
90803,1499000.0,4,3,2628,126 ORIZABA AVE,Long Beach,California,32631,3099.7,Los Angeles,141826.0,33.76162,-118.12178,77,194,26,32013
90805,449000.0,3,2,1069,5535 ACKERFIELD AVE UNIT 26,Long Beach,California,96840,5039.9,Los Angeles,81030.0,33.86494,-118.18051,77,194,26,32103
90810,699000.0,8,5,5164,1501 W 19TH ST,Long Beach,California,37451,2211.1,Los Angeles,91053.0,33.81912,-118.22096,77,194,26,32244
90802,1249000.0,3,3,2154,133 THE PROMENADE N UNIT 410,Long Beach,California,39036,2307.8,Los Angeles,90525.0,33.75035,-118.21143,77,194,26,31988
90804,765000.0,3,2,1489,1734 N STANTON PL,Long Beach,California,37953,6787.4,Los Angeles,80314.0,33.78223,-118.14917,77,194,26,32081
90803,7250000.0,4,4,3970,6086 LIDO LN,Long Beach,California,32631,3099.7,Los Angeles,141826.0,33.76162,-118.12178,77,194,26,32030
90804,1099000.0,5,3,1956,1027 OBISPO AVE,Long Beach,California,37953,6787.4,Los Angeles,80314.0,33.78223,-118.14917,77,194,26,32090
90807,700000.0,2,1,963,4139 BOYAR AVE,Long Beach,California,32994,2881.6,Los Angeles,122666.0,33.83098,-118.18113,77,194,26,32207
90815,849000.0,3,2,1222,2708 RUTGERS AVE,Long Beach,California,43092,2358.7,Los Angeles,142489.0,33.79572,-118.11592,77,194,26,32332
90803,739000.0,2,2,1136,2772 E 2ND ST UNIT 2A,Long Beach,California,32631,3099.7,Los Angeles,141826.0,33.76162,-118.12178,77,194,26,32068
90802,775000.0,2,2,990,488 E OCEAN BLVD UNIT 708,Long Beach,California,39036,2307.8,Los Angeles,90525.0,33.75035,-118.21143,77,194,26,32002
90802,525000.0,2,2,906,555 MAINE AVE UNIT 425,Long Beach,California,39036,2307.8,Los Angeles,90525.0,33.75035,-118.21143,77,194,26,31943
90807,2599000.0,5,4,3504,51 LA LINDA DR,Long Beach,California,32994,2881.6,Los Angeles,122666.0,33.83098,-118.18113,77,194,26,32176
90815,2375000.0,5,3,2790,5430 E LAS LOMAS ST,Long Beach,California,43092,2358.7,Los Angeles,142489.0,33.79572,-118.11592,77,194,26,32364
90813,600000.0,4,1,1125,1042 LEWIS AVE,Long Beach,California,56420,7073.8,Los Angeles,62644.0,33.78237,-118.19656,77,194,26,32286
90807,1325000.0,3,2,1844,3637 PINE AVE,Long Beach,California,32994,2881.6,Los Angeles,122666.0,33.83098,-118.18113,77,194,26,32170
90803,1600000.0,3,2,1681,297 NIETO AVE,Long Beach,California,32631,3099.7,Los Angeles,141826.0,33.76162,-118.12178,77,194,26,32046
90803,130000.0,1,2,800,6265 E CRYSTAL COVE DR # 1,Long Beach,California,32631,3099.7,Los Angeles,141826.0,33.76162,-118.12178,77,194,26,32042
90803,169000.0,2,2,1200,6217 E GOLDEN SANDS DR # 336,Long Beach,California,32631,3099.7,Los Angeles,141826.0,33.76162,-118.12178,77,194,26,32038
90810,1000000.0,4,3,1987,2626 E CARSON ST,Long Beach,California,37451,2211.1,Los Angeles,91053.0,33.81912,-118.22096,77,194,26,32242
90805,499900.0,3,3,1336,6770 N PARAMOUNT BLVD APT B,Long Beach,California,96840,5039.9,Los Angeles,81030.0,33.86494,-118.18051,77,194,26,32133
90804,765000.0,3,2,1489,1734 N STANTON PL,Long Beach,California,37953,6787.4,Los Angeles,80314.0,33.78223,-118.14917,77,194,26,32081
90810,575000.0,2,1,832,2266 COTA AVE,Long Beach,California,37451,2211.1,Los Angeles,91053.0,33.81912,-118.22096,77,194,26,32264
90802,679000.0,2,2,1103,1250 E OCEAN BLVD APT 407,Long Beach,California,39036,2307.8,Los Angeles,90525.0,33.75035,-118.21143,77,194,26,31928
90810,699000.0,8,5,5164,1501 W 19TH ST,Long Beach,California,37451,2211.1,Los Angeles,91053.0,33.81912,-118.22096,77,194,26,32244
90802,679000.0,2,2,1103,1250 E OCEAN BLVD APT 407,Long Beach,California,39036,2307.8,Los Angeles,90525.0,33.75035,-118.21143,77,194,26,31928
90810,1000000.0,4,3,1987,2626 E CARSON ST,Long Beach,California,37451,2211.1,Los Angeles,91053.0,33.81912,-118.22096,77,194,26,32242
90804,599000.0,3,2,1104,3605 E ANAHEIM ST UNIT 316,Long Beach,California,37953,6787.4,Los Angeles,80314.0,33.78223,-118.14917,77,194,26,32089
90807,1150000.0,3,2,1863,3621 GAVIOTA AVE,Long Beach,California,32994,2881.6,Los Angeles,122666.0,33.83098,-118.18113,77,194,26,32171
90802,470000.0,1,1,539,140 LINDEN AVE APT 962,Long Beach,California,39036,2307.8,Los Angeles,90525.0,33.75035,-118.21143,77,194,26,32000
90810,1000000.0,4,3,1987,2626 E CARSON ST,Long Beach,California,37451,2211.1,Los Angeles,91053.0,33.81912,-118.22096,77,194,26,32242
90804,1899000.0,3,2,2871,904 TERRAINE AVE,Long Beach,California,37953,6787.4,Los Angeles,80314.0,33.78223,-118.14917,77,194,26,32094
90810,779000.0,3,2,1348,2861 DELTA AVE,Long Beach,California,37451,2211.1,Los Angeles,91053.0,33.81912,-118.22096,77,194,26,32254
90803,1995000.0,4,3,2486,6025 E OCEAN BLVD,Long Beach,California,32631,3099.7,Los Angeles,141826.0,33.76162,-118.12178,77,194,26,32052
90806,795000.0,4,2,1733,2831 MAGNOLIA AVE,Long Beach,California,41571,3284.6,Los Angeles,94578.0,33.80819,-118.17797,77,194,26,32155
90807,2850000.0,7,6,4500,3717 LINDEN AVE,Long Beach,California,32994,2881.6,Los Angeles,122666.0,33.83098,-118.18113,77,194,26,32175
90804,520000.0,2,2,930,1207 OBISPO AVE UNIT 209,Long Beach,California,37953,6787.4,Los Angeles,80314.0,33.78223,-118.14917,77,194,26,32080
90810,177000.0,2,2,1440,3595 SANTA FE AVE SPC 283,Long Beach,California,37451,2211.1,Los Angeles,91053.0,33.81912,-118.22096,77,194,26,32258
90802,650000.0,2,2,1103,1250 E OCEAN BLVD APT 307,Long Beach,California,39036,2307.8,Los Angeles,90525.0,33.75035,-118.21143,77,194,26,31978
90803,728000.0,2,2,1084,2101 E 2ND ST UNIT 302,Long Beach,California,32631,3099.7,Los Angeles,141826.0,33.76162,-118.12178,77,194,26,32064
90807,1095000.0,3,3,2499,3805 LINDEN AVE,Long Beach,California,32994,2881.6,Los Angeles,122666.0,33.83098,-118.18113,77,194,26,32167
90805,285000.0,3,2,1040,400 E ARBOR ST SPC 1,Long Beach,California,96840,5039.9,Los Angeles,81030.0,33.86494,-118.18051,77,194,26,32150
90813,700000.0,2,1,1364,422 W 11TH ST,Long Beach,California,56420,7073.8,Los Angeles,62644.0,33.78237,-118.19656,77,194,26,32289
90805,799900.0,3,2,1350,1318 E 56TH ST,Long Beach,California,96840,5039.9,Los Angeles,81030.0,33.86494,-118.18051,77,194,26,32122
90805,760000.0,3,2,1550,82 W 49TH ST,Long Beach,California,96840,5039.9,Los Angeles,81030.0,33.86494,-118.18051,77,194,26,32141
90802,530000.0,1,1,670,1030 E OCEAN BLVD UNIT 310,Long Beach,California,39036,2307.8,Los Angeles,90525.0,33.75035,-118.21143,77,194,26,31929
90803,2795000.0,4,2,2276,111 BAY SHORE AVE,Long Beach,California,32631,3099.7,Los Angeles,141826.0,33.76162,-118.12178,77,194,26,32060
90805,729999.0,3,1,1157,1038 E 65TH ST,Long Beach,California,96840,5039.9,Los Angeles,81030.0,33.86494,-118.18051,77,194,26,32128
90802,1300000.0,2,2,1660,400 W OCEAN BLVD UNIT 1501,Long Beach,California,39036,2307.8,Los Angeles,90525.0,33.75035,-118.21143,77,194,26,31959
90805,769000.0,3,2,1657,2105 E 65TH ST,Long Beach,California,96840,5039.9,Los Angeles,81030.0,33.86494,-118.18051,77,194,26,32113
90810,139900.0,2,2,1440,3595 SANTA FE AVE SPC 35,Long Beach,California,37451,2211.1,Los Angeles,91053.0,33.81912,-118.22096,77,194,26,32253
90813,868900.0,4,2,1544,1384 ORANGE AVE,Long Beach,California,56420,7073.8,Los Angeles,62644.0,33.78237,-118.19656,77,194,26,32282
90813,309999.0,1,1,545,815 PACIFIC AVE APT 7,Long Beach,California,56420,7073.8,Los Angeles,62644.0,33.78237,-118.19656,77,194,26,32290
90805,665000.0,2,1,812,6545 CHERRY AVE,Long Beach,California,96840,5039.9,Los Angeles,81030.0,33.86494,-118.18051,77,194,26,32119
90815,1599000.0,5,3,2770,2809 JOSIE AVE,Long Beach,California,43092,2358.7,Los Angeles,142489.0,33.79572,-118.11592,77,194,26,32348
90802,539000.0,1,1,690,1030 E OCEAN BLVD UNIT 401,Long Beach,California,39036,2307.8,Los Angeles,90525.0,33.75035,-118.21143,77,194,26,31992
90803,519000.0,1,1,685,3939 E ALLIN ST UNIT 320,Long Beach,California,32631,3099.7,Los Angeles,141826.0,33.76162,-118.12178,77,194,26,32051
90807,875000.0,3,2,1493,4425 WALNUT AVE,Long Beach,California,32994,2881.6,Los Angeles,122666.0,33.83098,-118.18113,77,194,26,32183
90813,388000.0,1,2,731,1140 PACIFIC AVE UNIT 22,Long Beach,California,56420,7073.8,Los Angeles,62644.0,33.78237,-118.19656,77,194,26,32273
90813,575000.0,2,1,876,1194 N LOMA VISTA DR,Long Beach,California,56420,7073.8,Los Angeles,62644.0,33.78237,-118.19656,77,194,26,32271
90807,1095000.0,3,3,2499,3805 LINDEN AVE,Long Beach,California,32994,2881.6,Los Angeles,122666.0,33.83098,-118.18113,77,194,26,32167
90807,1095000.0,3,3,2499,3805 LINDEN AVE,Long Beach,California,32994,2881.6,Los Angeles,122666.0,33.83098,-118.18113,77,194,26,32167
90802,679000.0,2,2,1103,1250 E OCEAN BLVD APT 407,Long Beach,California,39036,2307.8,Los Angeles,90525.0,33.75035,-118.21143,77,194,26,31928
90803,1750000.0,3,3,2249,253 NOVARA DR,Long Beach,California,32631,3099.7,Los Angeles,141826.0,33.76162,-118.12178,77,194,26,32049
90802,679000.0,2,2,1103,1250 E OCEAN BLVD APT 407,Long Beach,California,39036,2307.8,Los Angeles,90525.0,33.75035,-118.21143,77,194,26,31928
90804,855000.0,3,3,1998,3623 E 15TH ST,Long Beach,California,37953,6787.4,Los Angeles,80314.0,33.78223,-118.14917,77,194,26,32091
90803,520000.0,1,1,685,3939 E ALLIN ST UNIT 217,Long Beach,California,32631,3099.7,Los Angeles,141826.0,33.76162,-118.12178,77,194,26,32033
90808,918000.0,3,2,1213,5419 E KILLDEE ST,Long Beach,California,39723,2233.6,Los Angeles,152511.0,33.82406,-118.11236,77,194,26,32211
90814,729000.0,2,2,1333,2032 E BERMUDA ST UNIT 106,Long Beach,California,19166,5552.5,Los Angeles,118452.0,33.7716,-118.14351,77,194,26,32311
90810,699000.0,8,5,5164,1501 W 19TH ST,Long Beach,California,37451,2211.1,Los Angeles,91053.0,33.81912,-118.22096,77,194,26,32244
90807,899900.0,3,2,1491,4765 LEMON AVE,Long Beach,California,32994,2881.6,Los Angeles,122666.0,33.83098,-118.18113,77,194,26,32191
90815,1199000.0,4,2,1400,5135 E EAGLE ST,Long Beach,California,43092,2358.7,Los Angeles,142489.0,33.79572,-118.11592,77,194,26,32350
90813,539000.0,2,2,920,838 PINE AVE UNIT 215,Long Beach,California,56420,7073.8,Los Angeles,62644.0,33.78237,-118.19656,77,194,26,32269
90805,245000.0,3,2,1100,6475 ATLANTIC AVE,Long Beach,California,96840,5039.9,Los Angeles,81030.0,33.86494,-118.18051,77,194,26,32104
90814,1375000.0,3,2,1709,430 SANTIAGO AVE,Long Beach,California,19166,5552.5,Los Angeles,118452.0,33.7716,-118.14351,77,194,26,32303
90803,1295000.0,3,3,2325,317 LA JOLLA ST,Long Beach,California,32631,3099.7,Los Angeles,141826.0,33.76162,-118.12178,77,194,26,32063
90802,615000.0,1,1,980,400 W OCEAN BLVD UNIT 1106,Long Beach,California,39036,2307.8,Los Angeles,90525.0,33.75035,-118.21143,77,194,26,31944
90802,925000.0,3,2,1310,1500 E OCEAN BLVD UNIT 611,Long Beach,California,39036,2307.8,Los Angeles,90525.0,33.75035,-118.21143,77,194,26,31960
90805,665000.0,3,2,1223,5589 LEWIS AVE,Long Beach,California,96840,5039.9,Los Angeles,81030.0,33.86494,-118.18051,77,194,26,32100
90814,424900.0,1,1,693,576 N BELLFLOWER BLVD UNIT 227,Long Beach,California,19166,5552.5,Los Angeles,118452.0,33.7716,-118.14351,77,194,26,32307
90802,295000.0,1,1,594,930 E 1ST ST UNIT 20,Long Beach,California,39036,2307.8,Los Angeles,90525.0,33.75035,-118.21143,77,194,26,32004
90813,949900.0,6,5,2186,1239 N LOMA VISTA DR,Long Beach,California,56420,7073.8,Los Angeles,62644.0,33.78237,-118.19656,77,194,26,32284
90805,710890.0,3,3,1378,4820 LONG BEACH BLVD,Long Beach,California,96840,5039.9,Los Angeles,81030.0,33.86494,-118.18051,77,194,26,32116
90807,1299999.0,4,4,3367,4440 GUNDRY AVE,Long Beach,California,32994,2881.6,Los Angeles,122666.0,33.83098,-118.18113,77,194,26,32173
90802,499000.0,2,1,796,1311 E 1ST ST APT 5,Long Beach,California,39036,2307.8,Los Angeles,90525.0,33.75035,-118.21143,77,194,26,31962
90802,545000.0,1,1,834,525 E SEASIDE WAY UNIT 2201,Long Beach,California,39036,2307.8,Los Angeles,90525.0,33.75035,-118.21143,77,194,26,31934
90810,699000.0,8,5,5164,1501 W 19TH ST,Long Beach,California,37451,2211.1,Los Angeles,91053.0,33.81912,-118.22096,77,194,26,32244
90802,410000.0,1,1,686,550 ORANGE AVE UNIT 146,Long Beach,California,39036,2307.8,Los Angeles,90525.0,33.75035,-118.21143,77,194,26,31953
90803,1499000.0,4,3,2628,126 ORIZABA AVE,Long Beach,California,32631,3099.7,Los Angeles,141826.0,33.76162,-118.12178,77,194,26,32013
90804,765000.0,3,2,1489,1734 N STANTON PL,Long Beach,California,37953,6787.4,Los Angeles,80314.0,33.78223,-118.14917,77,194,26,32081
90815,1248000.0,3,2,1581,2180 SNOWDEN AVE,Long Beach,California,43092,2358.7,Los Angeles,142489.0,33.79572,-118.11592,77,194,26,32362
90813,1090000.0,6,6,4167,1415 LINDEN AVE,Long Beach,California,56420,7073.8,Los Angeles,62644.0,33.78237,-118.19656,77,194,26,32270
90815,949000.0,3,2,1400,2803 JOSIE AVE,Long Beach,California,43092,2358.7,Los Angeles,142489.0,33.79572,-118.11592,77,194,26,32323
90813,550000.0,1,1,880,1598 LONG BEACH BLVD APT 305,Long Beach,California,56420,7073.8,Los Angeles,62644.0,33.78237,-118.19656,77,194,26,32287
90803,2195000.0,4,3,3315,6246 PARIMA ST,Long Beach,California,32631,3099.7,Los Angeles,141826.0,33.76162,-118.12178,77,194,26,32031
90807,649999.0,2,3,1520,375 E 36TH ST UNIT 15,Long Beach,California,32994,2881.6,Los Angeles,122666.0,33.83098,-118.18113,77,194,26,32198
90807,1189000.0,4,2,1842,3574 ORANGE AVE,Long Beach,California,32994,2881.6,Los Angeles,122666.0,33.83098,-118.18113,77,194,26,32181
90802,799000.0,2,2,1420,300 E 4TH ST UNIT 124,Long Beach,California,39036,2307.8,Los Angeles,90525.0,33.75035,-118.21143,77,194,26,31954
90807,1095000.0,3,3,2499,3805 LINDEN AVE,Long Beach,California,32994,2881.6,Los Angeles,122666.0,33.83098,-118.18113,77,194,26,32167
90807,995000.0,3,3,2178,617 W TERRYLYNN PL,Long Beach,California,32994,2881.6,Los Angeles,122666.0,33.83098,-118.18113,77,194,26,32187
90802,495000.0,1,1,622,525 E SEASIDE WAY UNIT 1402,Long Beach,California,39036,2307.8,Los Angeles,90525.0,33.75035,-118.21143,77,194,26,31961
90810,1000000.0,4,3,1987,2626 E CARSON ST,Long Beach,California,37451,2211.1,Los Angeles,91053.0,33.81912,-118.22096,77,194,26,32242
90815,3149000.0,3,4,2650,5461 E LAS LOMAS ST,Long Beach,California,43092,2358.7,Los Angeles,142489.0,33.79572,-118.11592,77,194,26,32336
90802,659900.0,2,1,940,621 LIME AVE,Long Beach,California,39036,2307.8,Los Angeles,90525.0,33.75035,-118.21143,77,194,26,31994
90803,1979000.0,3,4,2097,12 PALERMO WALK,Long Beach,California,32631,3099.7,Los Angeles,141826.0,33.76162,-118.12178,77,194,26,32018
90802,524000.0,2,2,900,1637 E 5TH ST APT 304,Long Beach,California,39036,2307.8,Los Angeles,90525.0,33.75035,-118.21143,77,194,26,31995
90808,899999.0,4,2,1427,4744 AUTRY AVE,Long Beach,California,39723,2233.6,Los Angeles,152511.0,33.82406,-118.11236,77,194,26,32236
90804,814880.0,5,2,2035,2160 E 15TH ST,Long Beach,California,37953,6787.4,Los Angeles,80314.0,33.78223,-118.14917,77,194,26,32095
90815,1310000.0,4,2,2300,4989 E FERRO ST,Long Beach,California,43092,2358.7,Los Angeles,142489.0,33.79572,-118.11592,77,194,26,32349
90804,765000.0,3,2,1489,1734 N STANTON PL,Long Beach,California,37953,6787.4,Los Angeles,80314.0,33.78223,-118.14917,77,194,26,32081
90803,1399000.0,3,3,2686,6247 MAJORCA CIR,Long Beach,California,32631,3099.7,Los Angeles,141826.0,33.76162,-118.12178,77,194,26,32025
90805,629000.0,3,2,1330,6813 HARBOR AVE,Long Beach,California,96840,5039.9,Los Angeles,81030.0,33.86494,-118.18051,77,194,26,32125
90803,1499000.0,4,3,2628,126 ORIZABA AVE,Long Beach,California,32631,3099.7,Los Angeles,141826.0,33.76162,-118.12178,77,194,26,32013
90807,1275000.0,3,3,2110,1100 E MARCELLUS ST,Long Beach,California,32994,2881.6,Los Angeles,122666.0,33.83098,-118.18113,77,194,26,32205
90813,725000.0,4,3,1338,1030 CHERRY AVE,Long Beach,California,56420,7073.8,Los Angeles,62644.0,33.78237,-118.19656,77,194,26,32280
90804,4700000.0,20,14,10158,1108 TERMINO AVE,Long Beach,California,37953,6787.4,Los Angeles,80314.0,33.78223,-118.14917,77,194,26,32099
90803,1699000.0,5,2,1866,244 ROYCROFT AVE,Long Beach,California,32631,3099.7,Los Angeles,141826.0,33.76162,-118.12178,77,194,26,32034
90802,560000.0,1,1,960,834 E 4TH ST STE H,Long Beach,California,39036,2307.8,Los Angeles,90525.0,33.75035,-118.21143,77,194,26,31930
90805,400000.0,2,2,858,5535 ACKERFIELD AVE UNIT 46,Long Beach,California,96840,5039.9,Los Angeles,81030.0,33.86494,-118.18051,77,194,26,32140
90803,1499000.0,4,3,2628,126 ORIZABA AVE,Long Beach,California,32631,3099.7,Los Angeles,141826.0,33.76162,-118.12178,77,194,26,32013
90802,679000.0,2,2,1103,1250 E OCEAN BLVD APT 407,Long Beach,California,39036,2307.8,Los Angeles,90525.0,33.75035,-118.21143,77,194,26,31928
90804,849900.0,2,2,1251,1085 ORIZABA AVE,Long Beach,California,37953,6787.4,Los Angeles,80314.0,33.78223,-118.14917,77,194,26,32093
90803,1199000.0,2,2,980,211 COVINA AVE,Long Beach,California,32631,3099.7,Los Angeles,141826.0,33.76162,-118.12178,77,194,26,32043
90807,879000.0,3,2,1488,3649 GAVIOTA AVE,Long Beach,California,32994,2881.6,Los Angeles,122666.0,33.83098,-118.18113,77,194,26,32197
90813,650000.0,3,2,1260,1734 CHERRY AVE,Long Beach,California,56420,7073.8,Los Angeles,62644.0,33.78237,-118.19656,77,194,26,32279
90805,739000.0,3,1,1033,265 E FORHAN ST,Long Beach,California,96840,5039.9,Los Angeles,81030.0,33.86494,-118.18051,77,194,26,32107
90804,1275000.0,5,3,2884,1139 JUNIPERO AVE,Long Beach,California,37953,6787.4,Los Angeles,80314.0,33.78223,-118.14917,77,194,26,32082
90808,1795000.0,4,4,3122,4345 HAZELBROOK AVE,Long Beach,California,39723,2233.6,Los Angeles,152511.0,33.82406,-118.11236,77,194,26,32219
90802,1100000.0,2,2,1593,850 E OCEAN BLVD UNIT 301,Long Beach,California,39036,2307.8,Los Angeles,90525.0,33.75035,-118.21143,77,194,26,31973
90802,665000.0,1,1,1006,100 W 5TH ST UNIT 7B,Long Beach,California,39036,2307.8,Los Angeles,90525.0,33.75035,-118.21143,77,194,26,31963
90805,449000.0,3,2,1069,5535 ACKERFIELD AVE UNIT 26,Long Beach,California,96840,5039.9,Los Angeles,81030.0,33.86494,-118.18051,77,194,26,32103
90802,497500.0,2,2,760,1515 E APPLETON ST APT 305,Long Beach,California,39036,2307.8,Los Angeles,90525.0,33.75035,-118.21143,77,194,26,31974
90802,560000.0,1,1,732,1140 E OCEAN BLVD UNIT 309,Long Beach,California,39036,2307.8,Los Angeles,90525.0,33.75035,-118.21143,77,194,26,32005
90802,1049000.0,3,3,1788,850 E OCEAN BLVD UNIT 607,Long Beach,California,39036,2307.8,Los Angeles,90525.0,33.75035,-118.21143,77,194,26,31979
90802,899500.0,2,3,1304,1 3RD PL UNIT 2,Long Beach,California,39036,2307.8,Los Angeles,90525.0,33.75035,-118.21143,77,194,26,31945
90802,895000.0,3,2,1250,1030 E OCEAN BLVD UNIT 210,Long Beach,California,39036,2307.8,Los Angeles,90525.0,33.75035,-118.21143,77,194,26,31971
90810,650000.0,3,1,900,2638 E JEFFERSON ST,Long Beach,California,37451,2211.1,Los Angeles,91053.0,33.81912,-118.22096,77,194,26,32251
90814,1275000.0,3,3,2518,5700 LUNADA LN,Long Beach,California,19166,5552.5,Los Angeles,118452.0,33.7716,-118.14351,77,194,26,32306
90803,1649000.0,3,4,2535,129 QUINCY AVE,Long Beach,California,32631,3099.7,Los Angeles,141826.0,33.76162,-118.12178,77,194,26,32032
90810,699000.0,8,5,5164,1501 W 19TH ST,Long Beach,California,37451,2211.1,Los Angeles,91053.0,33.81912,-118.22096,77,194,26,32244
90803,1900000.0,3,3,2647,250 THE TOLEDO,Long Beach,California,32631,3099.7,Los Angeles,141826.0,33.76162,-118.12178,77,194,26,32027
90803,1400000.0,4,2,2197,5285 E APPIAN WAY,Long Beach,California,32631,3099.7,Los Angeles,141826.0,33.76162,-118.12178,77,194,26,32054
90810,699000.0,8,5,5164,1501 W 19TH ST,Long Beach,California,37451,2211.1,Los Angeles,91053.0,33.81912,-118.22096,77,194,26,32244
90808,990000.0,3,2,1344,5329 E PEABODY ST,Long Beach,California,39723,2233.6,Los Angeles,152511.0,33.82406,-118.11236,77,194,26,32232
90807,1799000.0,4,3,2800,4340 OLIVE AVE,Long Beach,California,32994,2881.6,Los Angeles,122666.0,33.83098,-118.18113,77,194,26,32203
90810,699000.0,8,5,5164,1501 W 19TH ST,Long Beach,California,37451,2211.1,Los Angeles,91053.0,33.81912,-118.22096,77,194,26,32244
90807,589900.0,2,3,979,3320 PASADENA AVE # 106,Long Beach,California,32994,2881.6,Los Angeles,122666.0,33.83098,-118.18113,77,194,26,32206
90815,1295000.0,4,2,1986,6500 E DRISCOLL ST,Long Beach,California,43092,2358.7,Los Angeles,142489.0,33.79572,-118.11592,77,194,26,32353
90805,750000.0,3,2,895,114 E ELLIS ST,Long Beach,California,96840,5039.9,Los Angeles,81030.0,33.86494,-118.18051,77,194,26,32130
90813,2549000.0,12,8,5498,1025 LOCUST AVE,Long Beach,California,56420,7073.8,Los Angeles,62644.0,33.78237,-118.19656,77,194,26,32272
90802,399900.0,1,1,632,120 ALAMITOS AVE APT 39,Long Beach,California,39036,2307.8,Los Angeles,90525.0,33.75035,-118.21143,77,194,26,31982
90802,379000.0,1,1,610,1057 E 3RD ST APT 6E,Long Beach,California,39036,2307.8,Los Angeles,90525.0,33.75035,-118.21143,77,194,26,31966
90803,1567000.0,3,2,2099,245 BENNETT AVE,Long Beach,California,32631,3099.7,Los Angeles,141826.0,33.76162,-118.12178,77,194,26,32071
90803,1759900.0,3,3,1897,52 W NEAPOLITAN LN,Long Beach,California,32631,3099.7,Los Angeles,141826.0,33.76162,-118.12178,77,194,26,32059
90815,799900.0,2,1,952,2033 CHATWIN AVE,Long Beach,California,43092,2358.7,Los Angeles,142489.0,33.79572,-118.11592,77,194,26,32333
90803,1499000.0,4,3,2628,126 ORIZABA AVE,Long Beach,California,32631,3099.7,Los Angeles,141826.0,33.76162,-118.12178,77,194,26,32013
90805,449000.0,3,2,1069,5535 ACKERFIELD AVE UNIT 26,Long Beach,California,96840,5039.9,Los Angeles,81030.0,33.86494,-118.18051,77,194,26,32103
90805,449000.0,3,2,1069,5535 ACKERFIELD AVE UNIT 26,Long Beach,California,96840,5039.9,Los Angeles,81030.0,33.86494,-118.18051,77,194,26,32103
90813,415000.0,4,4,1672,1619 ATLANTIC AVE,Long Beach,California,56420,7073.8,Los Angeles,62644.0,33.78237,-118.19656,77,194,26,32293
90802,1949000.0,3,3,2140,700 E OCEAN BLVD UNIT 3007,Long Beach,California,39036,2307.8,Los Angeles,90525.0,33.75035,-118.21143,77,194,26,31936
90815,1150000.0,3,2,1498,2935 LADOGA AVE,Long Beach,California,43092,2358.7,Los Angeles,142489.0,33.79572,-118.11592,77,194,26,32354
90815,1450000.0,4,3,2042,1865 KNOXVILLE AVE,Long Beach,California,43092,2358.7,Los Angeles,142489.0,33.79572,-118.11592,77,194,26,32324
90805,449000.0,3,2,1069,5535 ACKERFIELD AVE UNIT 26,Long Beach,California,96840,5039.9,Los Angeles,81030.0,33.86494,-118.18051,77,194,26,32103
90815,1000000.0,3,2,1716,5630 E ANAHEIM RD,Long Beach,California,43092,2358.7,Los Angeles,142489.0,33.79572,-118.11592,77,194,26,32335
90807,1975000.0,6,4,4162,1166 E CLAIBORNE DR,Long Beach,California,32994,2881.6,Los Angeles,122666.0,33.83098,-118.18113,77,194,26,32199
90810,650000.0,3,2,1102,2860 CANAL AVE,Long Beach,California,37451,2211.1,Los Angeles,91053.0,33.81912,-118.22096,77,194,26,32248
90806,750000.0,3,3,1603,2424 LINDEN AVE,Long Beach,California,41571,3284.6,Los Angeles,94578.0,33.80819,-118.17797,77,194,26,32162
90802,898800.0,2,2,1112,525 E SEASIDE WAY UNIT 2204,Long Beach,California,39036,2307.8,Los Angeles,90525.0,33.75035,-118.21143,77,194,26,31983
90815,1299000.0,3,3,2042,5409 E ANAHEIM RD,Long Beach,California,43092,2358.7,Los Angeles,142489.0,33.79572,-118.11592,77,194,26,32360
90802,349000.0,2,2,1098,440 CHESTNUT AVE UNIT 2E,Long Beach,California,39036,2307.8,Los Angeles,90525.0,33.75035,-118.21143,77,194,26,31991
90808,1000000.0,3,2,1200,3328 LEES AVE,Long Beach,California,39723,2233.6,Los Angeles,152511.0,33.82406,-118.11236,77,194,26,32225
90806,540000.0,1,1,675,400 E 21ST ST APT D,Long Beach,California,41571,3284.6,Los Angeles,94578.0,33.80819,-118.17797,77,194,26,32156
90804,765000.0,3,2,1489,1734 N STANTON PL,Long Beach,California,37953,6787.4,Los Angeles,80314.0,33.78223,-118.14917,77,194,26,32081
90805,825000.0,4,3,1844,6650 CURTIS AVE,Long Beach,California,96840,5039.9,Los Angeles,81030.0,33.86494,-118.18051,77,194,26,32149
90815,1449000.0,3,2,2154,5400 E LA PASADA ST,Long Beach,California,43092,2358.7,Los Angeles,142489.0,33.79572,-118.11592,77,194,26,32319
90805,1499999.0,4,2,2328,2139 E POPPY ST,Long Beach,California,96840,5039.9,Los Angeles,81030.0,33.86494,-118.18051,77,194,26,32139
90806,939500.0,3,3,2084,3001 SAN FRANCISCO AVE,Long Beach,California,41571,3284.6,Los Angeles,94578.0,33.80819,-118.17797,77,194,26,32159
90804,765000.0,3,2,1489,1734 N STANTON PL,Long Beach,California,37953,6787.4,Los Angeles,80314.0,33.78223,-118.14917,77,194,26,32081
90802,470000.0,1,1,981,455 E OCEAN BLVD APT 601,Long Beach,California,39036,2307.8,Los Angeles,90525.0,33.75035,-118.21143,77,194,26,31981
90815,1049000.0,3,2,1344,2401 SAINT JOSEPH AVE,Long Beach,California,43092,2358.7,Los Angeles,142489.0,33.79572,-118.11592,77,194,26,32355
90810,699000.0,8,5,5164,1501 W 19TH ST,Long Beach,California,37451,2211.1,Los Angeles,91053.0,33.81912,-118.22096,77,194,26,32244
90815,499000.0,2,2,1241,5140 E ATHERTON ST APT 10,Long Beach,California,43092,2358.7,Los Angeles,142489.0,33.79572,-118.11592,77,194,26,32318
90802,579000.0,2,2,1059,375 ATLANTIC AVE APT 602,Long Beach,California,39036,2307.8,Los Angeles,90525.0,33.75035,-118.21143,77,194,26,31948
90807,299000.0,1,1,590,4700 CLAIR DEL AVE APT 633,Long Beach,California,32994,2881.6,Los Angeles,122666.0,33.83098,-118.18113,77,194,26,32178
90808,1149000.0,3,2,1528,5147 E CARITA ST,Long Beach,California,39723,2233.6,Los Angeles,152511.0,33.82406,-118.11236,77,194,26,32237
90803,929000.0,2,2,1075,16 36TH PL UNIT A,Long Beach,California,32631,3099.7,Los Angeles,141826.0,33.76162,-118.12178,77,194,26,32076
90813,349600.0,1,1,608,728 CEDAR AVE APT 18,Long Beach,California,56420,7073.8,Los Angeles,62644.0,33.78237,-118.19656,77,194,26,32281
90815,750000.0,2,2,1454,6224 RIVIERA CIR,Long Beach,California,43092,2358.7,Los Angeles,142489.0,33.79572,-118.11592,77,194,26,32345
90815,1145000.0,3,2,1723,6101 E BENMORE ST,Long Beach,California,43092,2358.7,Los Angeles,142489.0,33.79572,-118.11592,77,194,26,32358
90803,1910000.0,6,4,3561,4916 E BROADWAY,Long Beach,California,32631,3099.7,Los Angeles,141826.0,33.76162,-118.12178,77,194,26,32040
90802,1035000.0,2,2,1260,1230 E OCEAN BLVD UNIT 103,Long Beach,California,39036,2307.8,Los Angeles,90525.0,33.75035,-118.21143,77,194,26,32003
90805,1120000.0,4,4,2047,191 W HARCOURT ST,Long Beach,California,96840,5039.9,Los Angeles,81030.0,33.86494,-118.18051,77,194,26,32110
90810,720000.0,3,2,1602,2414 HAYES AVE,Long Beach,California,37451,2211.1,Los Angeles,91053.0,33.81912,-118.22096,77,194,26,32252
90810,1000000.0,4,3,1987,2626 E CARSON ST,Long Beach,California,37451,2211.1,Los Angeles,91053.0,33.81912,-118.22096,77,194,26,32242
90815,399000.0,1,1,712,1770 XIMENO AVE APT 112,Long Beach,California,43092,2358.7,Los Angeles,142489.0,33.79572,-118.11592,77,194,26,32326
90807,1095000.0,3,3,2499,3805 LINDEN AVE,Long Beach,California,32994,2881.6,Los Angeles,122666.0,33.83098,-118.18113,77,194,26,32167
90804,765000.0,3,2,1489,1734 N STANTON PL,Long Beach,California,37953,6787.4,Los Angeles,80314.0,33.78223,-118.14917,77,194,26,32081
90810,799000.0,5,2,1549,2010 W SPRING ST,Long Beach,California,37451,2211.1,Los Angeles,91053.0,33.81912,-118.22096,77,194,26,32257
90802,679000.0,2,2,1103,1250 E OCEAN BLVD APT 407,Long Beach,California,39036,2307.8,Los Angeles,90525.0,33.75035,-118.21143,77,194,26,31928
90804,765000.0,3,2,1489,1734 N STANTON PL,Long Beach,California,37953,6787.4,Los Angeles,80314.0,33.78223,-118.14917,77,194,26,32081
90807,1149980.0,3,3,2491,610 EDITH WAY,Long Beach,California,32994,2881.6,Los Angeles,122666.0,33.83098,-118.18113,77,194,26,32190
90802,1100000.0,3,2,1477,527 ALMOND AVE,Long Beach,California,39036,2307.8,Los Angeles,90525.0,33.75035,-118.21143,77,194,26,31997
90805,755890.0,3,3,1345,5108 LONG BEACH BLVD,Long Beach,California,96840,5039.9,Los Angeles,81030.0,33.86494,-118.18051,77,194,26,32136
90805,449000.0,3,2,1069,5535 ACKERFIELD AVE UNIT 26,Long Beach,California,96840,5039.9,Los Angeles,81030.0,33.86494,-118.18051,77,194,26,32103
90810,1000000.0,4,3,1987,2626 E CARSON ST,Long Beach,California,37451,2211.1,Los Angeles,91053.0,33.81912,-118.22096,77,194,26,32242
90814,1679000.0,2,3,1613,300 SAINT JOSEPH AVE,Long Beach,California,19166,5552.5,Los Angeles,118452.0,33.7716,-118.14351,77,194,26,32313
90807,925000.0,3,2,1876,159 E CAMERON PL,Long Beach,California,32994,2881.6,Los Angeles,122666.0,33.83098,-118.18113,77,194,26,32184
90808,775000.0,2,1,957,3816 SAN ANSELINE AVE,Long Beach,California,39723,2233.6,Los Angeles,152511.0,33.82406,-118.11236,77,194,26,32233
90803,6995000.0,3,6,4246,6062 LIDO LN,Long Beach,California,32631,3099.7,Los Angeles,141826.0,33.76162,-118.12178,77,194,26,32012
90805,759900.0,3,2,1474,5755 CEDAR AVE,Long Beach,California,96840,5039.9,Los Angeles,81030.0,33.86494,-118.18051,77,194,26,32127
90804,479900.0,1,1,528,2143 E SPAULDING CT,Long Beach,California,37953,6787.4,Los Angeles,80314.0,33.78223,-118.14917,77,194,26,32083
90803,1499000.0,4,3,2628,126 ORIZABA AVE,Long Beach,California,32631,3099.7,Los Angeles,141826.0,33.76162,-118.12178,77,194,26,32013
90810,699000.0,8,5,5164,1501 W 19TH ST,Long Beach,California,37451,2211.1,Los Angeles,91053.0,33.81912,-118.22096,77,194,26,32244
90810,685000.0,3,1,966,2615 WEBSTER AVE,Long Beach,California,37451,2211.1,Los Angeles,91053.0,33.81912,-118.22096,77,194,26,32256
90810,699000.0,8,5,5164,1501 W 19TH ST,Long Beach,California,37451,2211.1,Los Angeles,91053.0,33.81912,-118.22096,77,194,26,32244
90805,370000.0,2,2,943,5500 ACKERFIELD AVE UNIT 508,Long Beach,California,96840,5039.9,Los Angeles,81030.0,33.86494,-118.18051,77,194,26,32108
90815,968800.0,3,2,1018,6715 E DE LEON ST,Long Beach,California,43092,2358.7,Los Angeles,142489.0,33.79572,-118.11592,77,194,26,32316
90802,749900.0,2,2,1205,525 E SEASIDE WAY UNIT 207,Long Beach,California,39036,2307.8,Los Angeles,90525.0,33.75035,-118.21143,77,194,26,31985
90806,1100000.0,3,2,1935,710 W 33RD WAY,Long Beach,California,41571,3284.6,Los Angeles,94578.0,33.80819,-118.17797,77,194,26,32160
90805,150000.0,2,2,960,6665 LONG BEACH BLVD SPC E19,Long Beach,California,96840,5039.9,Los Angeles,81030.0,33.86494,-118.18051,77,194,26,32137
90805,449000.0,3,2,1069,5535 ACKERFIELD AVE UNIT 26,Long Beach,California,96840,5039.9,Los Angeles,81030.0,33.86494,-118.18051,77,194,26,32103
90805,855000.0,3,3,1679,6021 LEMON AVE,Long Beach,California,96840,5039.9,Los Angeles,81030.0,33.86494,-118.18051,77,194,26,32120
90802,679000.0,2,2,1103,1250 E OCEAN BLVD APT 407,Long Beach,California,39036,2307.8,Los Angeles,90525.0,33.75035,-118.21143,77,194,26,31928
90810,600000.0,3,2,1640,3595 SANTA FE AVE SPC 293,Long Beach,California,37451,2211.1,Los Angeles,91053.0,33.81912,-118.22096,77,194,26,32268
90807,365000.0,1,1,660,3565 LINDEN AVE UNIT 129,Long Beach,California,32994,2881.6,Los Angeles,122666.0,33.83098,-118.18113,77,194,26,32200
90810,458000.0,2,2,1052,2176 SANTA FE AVE # 20,Long Beach,California,37451,2211.1,Los Angeles,91053.0,33.81912,-118.22096,77,194,26,32262
90803,1024900.0,4,3,1811,63 SEACREST CT,Long Beach,California,32631,3099.7,Los Angeles,141826.0,33.76162,-118.12178,77,194,26,32077
90807,749999.0,2,1,877,3655 WALNUT AVE,Long Beach,California,32994,2881.6,Los Angeles,122666.0,33.83098,-118.18113,77,194,26,32182
90802,299900.0,1,1,557,930 E 1ST ST UNIT 2,Long Beach,California,39036,2307.8,Los Angeles,90525.0,33.75035,-118.21143,77,194,26,31987
90805,790000.0,4,3,1474,215 E ELLIS ST,Long Beach,California,96840,5039.9,Los Angeles,81030.0,33.86494,-118.18051,77,194,26,32126
90813,400000.0,1,1,591,734 LINDEN AVE APT 11,Long Beach,California,56420,7073.8,Los Angeles,62644.0,33.78237,-118.19656,77,194,26,32274
90807,3500000.0,3,6,4825,4269 COUNTRY CLUB DR,Long Beach,California,32994,2881.6,Los Angeles,122666.0,33.83098,-118.18113,77,194,26,32166
90808,1148000.0,3,3,2136,4414 TULANE AVE,Long Beach,California,39723,2233.6,Los Angeles,152511.0,33.82406,-118.11236,77,194,26,32214
90802,535000.0,1,1,1029,455 E OCEAN BLVD APT 202,Long Beach,California,39036,2307.8,Los Angeles,90525.0,33.75035,-118.21143,77,194,26,31932
90803,1724900.0,3,3,2200,38 62ND PL,Long Beach,California,32631,3099.7,Los Angeles,141826.0,33.76162,-118.12178,77,194,26,32016
90807,750000.0,3,2,1468,4300 WALNUT AVE,Long Beach,California,32994,2881.6,Los Angeles,122666.0,33.83098,-118.18113,77,194,26,32179
90810,699000.0,8,5,5164,1501 W 19TH ST,Long Beach,California,37451,2211.1,Los Angeles,91053.0,33.81912,-118.22096,77,194,26,32244
90802,389000.0,1,1,633,952 E 2ND ST UNIT 2,Long Beach,California,39036,2307.8,Los Angeles,90525.0,33.75035,-118.21143,77,194,26,32009
90805,449000.0,3,2,1069,5535 ACKERFIELD AVE UNIT 26,Long Beach,California,96840,5039.9,Los Angeles,81030.0,33.86494,-118.18051,77,194,26,32103
90803,2500000.0,5,5,4300,11 TEMPLE AVE,Long Beach,California,32631,3099.7,Los Angeles,141826.0,33.76162,-118.12178,77,194,26,32055
90802,799000.0,1,1,869,22 5TH PL,Long Beach,California,39036,2307.8,Los Angeles,90525.0,33.75035,-118.21143,77,194,26,31967
90803,1499000.0,4,3,2628,126 ORIZABA AVE,Long Beach,California,32631,3099.7,Los Angeles,141826.0,33.76162,-118.12178,77,194,26,32013
90805,449000.0,3,2,1069,5535 ACKERFIELD AVE UNIT 26,Long Beach,California,96840,5039.9,Los Angeles,81030.0,33.86494,-118.18051,77,194,26,32103
90803,649000.0,2,2,1088,191 KENNEBEC AVE UNIT 204,Long Beach,California,32631,3099.7,Los Angeles,141826.0,33.76162,-118.12178,77,194,26,32028
90807,1675000.0,3,2,2551,4480 MYRTLE AVE,Long Beach,California,32994,2881.6,Los Angeles,122666.0,33.83098,-118.18113,77,194,26,32172
90813,495000.0,1,1,880,1598 LONG BEACH BLVD APT 205,Long Beach,California,56420,7073.8,Los Angeles,62644.0,33.78237,-118.19656,77,194,26,32278
90815,875000.0,3,2,1296,1411 IROQUOIS AVE,Long Beach,California,43092,2358.7,Los Angeles,142489.0,33.79572,-118.11592,77,194,26,32328
90803,535000.0,1,1,685,3939 E ALLIN ST UNIT 118,Long Beach,California,32631,3099.7,Los Angeles,141826.0,33.76162,-118.12178,77,194,26,32053
90805,375000.0,3,2,1707,1157 E PLYMOUTH ST,Long Beach,California,96840,5039.9,Los Angeles,81030.0,33.86494,-118.18051,77,194,26,32115
90803,194000.0,2,2,1120,6267 E DRIFTWOOD DR # 310,Long Beach,California,32631,3099.7,Los Angeles,141826.0,33.76162,-118.12178,77,194,26,32057
90814,1799999.0,5,4,3130,444 ORLENA AVE,Long Beach,California,19166,5552.5,Los Angeles,118452.0,33.7716,-118.14351,77,194,26,32315
90815,1199900.0,4,3,1724,2258 ROSWELL AVE,Long Beach,California,43092,2358.7,Los Angeles,142489.0,33.79572,-118.11592,77,194,26,32330
90808,1598000.0,3,2,1700,7209 E KILLDEE ST,Long Beach,California,39723,2233.6,Los Angeles,152511.0,33.82406,-118.11236,77,194,26,32239
90807,1095000.0,3,3,2499,3805 LINDEN AVE,Long Beach,California,32994,2881.6,Los Angeles,122666.0,33.83098,-118.18113,77,194,26,32167
90803,3749000.0,5,5,5357,30 SAVONA WALK,Long Beach,California,32631,3099.7,Los Angeles,141826.0,33.76162,-118.12178,77,194,26,32014
90814,830000.0,3,2,1603,2514 E 6TH ST APT A,Long Beach,California,19166,5552.5,Los Angeles,118452.0,33.7716,-118.14351,77,194,26,32305
90802,530000.0,2,2,1010,327 CHESTNUT AVE APT 104,Long Beach,California,39036,2307.8,Los Angeles,90525.0,33.75035,-118.21143,77,194,26,31940
90803,824990.0,2,2,1386,7313 MARINA PACIFICA DR N,Long Beach,California,32631,3099.7,Los Angeles,141826.0,33.76162,-118.12178,77,194,26,32070
90803,3749000.0,5,5,5357,30 SAVONA WALK,Long Beach,California,32631,3099.7,Los Angeles,141826.0,33.76162,-118.12178,77,194,26,32014
90805,680000.0,3,2,966,5834 GARDENIA AVE,Long Beach,California,96840,5039.9,Los Angeles,81030.0,33.86494,-118.18051,77,194,26,32147
90804,549900.0,2,2,1003,1061 PARK AVE UNIT 304,Long Beach,California,37953,6787.4,Los Angeles,80314.0,33.78223,-118.14917,77,194,26,32098
90808,1400000.0,5,3,2230,3435 LAMA AVE,Long Beach,California,39723,2233.6,Los Angeles,152511.0,33.82406,-118.11236,77,194,26,32217
90802,465000.0,1,1,680,488 E OCEAN BLVD UNIT 1206,Long Beach,California,39036,2307.8,Los Angeles,90525.0,33.75035,-118.21143,77,194,26,31965
90803,149900.0,2,2,1344,6213 E GOLDEN SANDS DR # 334,Long Beach,California,32631,3099.7,Los Angeles,141826.0,33.76162,-118.12178,77,194,26,32037
90810,949999.0,3,2,1607,2490 FASHION AVE,Long Beach,California,37451,2211.1,Los Angeles,91053.0,33.81912,-118.22096,77,194,26,32260
90805,820000.0,3,3,1621,180 W DAMERON ST,Long Beach,California,96840,5039.9,Los Angeles,81030.0,33.86494,-118.18051,77,194,26,32129
90805,749000.0,3,2,1200,2831 E 69TH ST,Long Beach,California,96840,5039.9,Los Angeles,81030.0,33.86494,-118.18051,77,194,26,32153
90802,499999.0,2,2,1044,1244 E 3RD ST APT 301,Long Beach,California,39036,2307.8,Los Angeles,90525.0,33.75035,-118.21143,77,194,26,32008
90803,4000000.0,4,5,5909,2515 E OCEAN BLVD,Long Beach,California,32631,3099.7,Los Angeles,141826.0,33.76162,-118.12178,77,194,26,32036
90803,899950.0,2,2,1121,103 RAVENNA DR UNIT 1,Long Beach,California,32631,3099.7,Los Angeles,141826.0,33.76162,-118.12178,77,194,26,32058
90803,6250000.0,3,4,4261,5500 E THE TOLEDO,Long Beach,California,32631,3099.7,Los Angeles,141826.0,33.76162,-118.12178,77,194,26,32047
90804,765000.0,3,2,1489,1734 N STANTON PL,Long Beach,California,37953,6787.4,Los Angeles,80314.0,33.78223,-118.14917,77,194,26,32081
90810,639990.0,3,3,1235,1913 W ARLINGTON ST,Long Beach,California,37451,2211.1,Los Angeles,91053.0,33.81912,-118.22096,77,194,26,32249
90802,850000.0,2,2,1069,42 3RD PL,Long Beach,California,39036,2307.8,Los Angeles,90525.0,33.75035,-118.21143,77,194,26,31958
90805,165000.0,3,2,1120,6665 LONG BEACH BLVD F30,Long Beach,California,96840,5039.9,Los Angeles,81030.0,33.86494,-118.18051,77,194,26,32148
90807,700000.0,2,1,1166,1402 E LURAY ST,Long Beach,California,32994,2881.6,Los Angeles,122666.0,33.83098,-118.18113,77,194,26,32192
90803,439000.0,1,1,714,3707 E LIVINGSTON DR UNIT 304,Long Beach,California,32631,3099.7,Los Angeles,141826.0,33.76162,-118.12178,77,194,26,32074
90804,430000.0,2,2,810,1042 GLADYS AVE APT 5,Long Beach,California,37953,6787.4,Los Angeles,80314.0,33.78223,-118.14917,77,194,26,32097
90814,475000.0,1,1,693,436 N BELLFLOWER BLVD UNIT 104,Long Beach,California,19166,5552.5,Los Angeles,118452.0,33.7716,-118.14351,77,194,26,32310
90803,649000.0,1,2,1196,6305 MARINA PACIFICA DR S # KEY,Long Beach,California,32631,3099.7,Los Angeles,141826.0,33.76162,-118.12178,77,194,26,32011
90805,495000.0,3,3,1366,6780 N PARAMOUNT BLVD APT B,Long Beach,California,96840,5039.9,Los Angeles,81030.0,33.86494,-118.18051,77,194,26,32105
90813,387500.0,1,1,611,837 CHESTNUT AVE APT 12,Long Beach,California,56420,7073.8,Los Angeles,62644.0,33.78237,-118.19656,77,194,26,32291
90805,699900.0,3,1,1164,6650 CERRITOS AVE,Long Beach,California,96840,5039.9,Los Angeles,81030.0,33.86494,-118.18051,77,194,26,32106
90804,765000.0,3,2,1489,1734 N STANTON PL,Long Beach,California,37953,6787.4,Los Angeles,80314.0,33.78223,-118.14917,77,194,26,32081
90805,675000.0,2,1,905,7168 OLIVE AVE,Long Beach,California,96840,5039.9,Los Angeles,81030.0,33.86494,-118.18051,77,194,26,32154
90805,780977.0,3,3,1535,5106 LONG BEACH BLVD,Long Beach,California,96840,5039.9,Los Angeles,81030.0,33.86494,-118.18051,77,194,26,32143
90813,510000.0,2,2,940,1500 PINE AVE UNIT 20,Long Beach,California,56420,7073.8,Los Angeles,62644.0,33.78237,-118.19656,77,194,26,32296
90807,1395000.0,3,3,2738,212 E BIXBY RD,Long Beach,California,32994,2881.6,Los Angeles,122666.0,33.83098,-118.18113,77,194,26,32186
90808,1049000.0,3,2,1243,3117 PETALUMA AVE,Long Beach,California,39723,2233.6,Los Angeles,152511.0,33.82406,-118.11236,77,194,26,32229
90814,1799000.0,4,3,2214,314 ULTIMO AVE,Long Beach,California,19166,5552.5,Los Angeles,118452.0,33.7716,-118.14351,77,194,26,32312
90804,685000.0,3,3,1434,1775 OHIO AVE UNIT 403,Long Beach,California,37953,6787.4,Los Angeles,80314.0,33.78223,-118.14917,77,194,26,32086
90802,1100000.0,3,2,1592,1000 E OCEAN BLVD UNIT 514,Long Beach,California,39036,2307.8,Los Angeles,90525.0,33.75035,-118.21143,77,194,26,31956
90808,825000.0,3,2,1229,4507 FACULTY AVE,Long Beach,California,39723,2233.6,Los Angeles,152511.0,33.82406,-118.11236,77,194,26,32238
90804,765000.0,3,2,1489,1734 N STANTON PL,Long Beach,California,37953,6787.4,Los Angeles,80314.0,33.78223,-118.14917,77,194,26,32081
90803,1499000.0,4,3,2628,126 ORIZABA AVE,Long Beach,California,32631,3099.7,Los Angeles,141826.0,33.76162,-118.12178,77,194,26,32013
90803,2995000.0,3,4,2729,2303 E OCEAN BLVD,Long Beach,California,32631,3099.7,Los Angeles,141826.0,33.76162,-118.12178,77,194,26,32023
90813,535000.0,2,3,1000,1100 WALNUT AVE APT 9,Long Beach,California,56420,7073.8,Los Angeles,62644.0,33.78237,-118.19656,77,194,26,32277
90808,915000.0,3,2,1331,5755 E SCRIVENER ST,Long Beach,California,39723,2233.6,Los Angeles,152511.0,33.82406,-118.11236,77,194,26,32227
90803,2395000.0,3,3,1884,5331 E OCEAN BLVD,Long Beach,California,32631,3099.7,Los Angeles,141826.0,33.76162,-118.12178,77,194,26,32073
90803,1450000.0,4,2,2067,6325 E COLORADO ST,Long Beach,California,32631,3099.7,Los Angeles,141826.0,33.76162,-118.12178,77,194,26,32061
90807,875000.0,2,1,955,3565 ROSE AVE,Long Beach,California,32994,2881.6,Los Angeles,122666.0,33.83098,-118.18113,77,194,26,32169
90807,1600000.0,3,5,3220,4365 CERRITOS AVE,Long Beach,California,32994,2881.6,Los Angeles,122666.0,33.83098,-118.18113,77,194,26,32193
90815,799000.0,2,1,961,6436 E WILLOW ST,Long Beach,California,43092,2358.7,Los Angeles,142489.0,33.79572,-118.11592,77,194,26,32356
90802,780000.0,2,2,1100,700 E OCEAN BLVD UNIT 1608,Long Beach,California,39036,2307.8,Los Angeles,90525.0,33.75035,-118.21143,77,194,26,31984
90808,609000.0,2,1,1308,5243 E VILLAGE RD,Long Beach,California,39723,2233.6,Los Angeles,152511.0,33.82406,-118.11236,77,194,26,32218
90810,615000.0,3,2,1056,2421 DELTA AVE,Long Beach,California,37451,2211.1,Los Angeles,91053.0,33.81912,-118.22096,77,194,26,32261
90808,824999.0,3,1,1032,3108 N BELLFLOWER BLVD,Long Beach,California,39723,2233.6,Los Angeles,152511.0,33.82406,-118.11236,77,194,26,32222
90804,765000.0,3,2,1489,1734 N STANTON PL,Long Beach,California,37953,6787.4,Los Angeles,80314.0,33.78223,-118.14917,77,194,26,32081
90813,499900.0,2,1,560,1047 E BRENNER PL,Long Beach,California,56420,7073.8,Los Angeles,62644.0,33.78237,-118.19656,77,194,26,32283
90808,1128000.0,3,2,1050,3807 CHATWIN AVE,Long Beach,California,39723,2233.6,Los Angeles,152511.0,33.82406,-118.11236,77,194,26,32215
90803,3749000.0,5,5,5357,30 SAVONA WALK,Long Beach,California,32631,3099.7,Los Angeles,141826.0,33.76162,-118.12178,77,194,26,32014
90803,1695000.0,4,3,2307,170 CORONA AVE,Long Beach,California,32631,3099.7,Los Angeles,141826.0,33.76162,-118.12178,77,194,26,32075
90802,410000.0,1,2,733,350 CEDAR AVE UNIT 305,Long Beach,California,39036,2307.8,Los Angeles,90525.0,33.75035,-118.21143,77,194,26,32007
90803,1890000.0,3,3,2250,335 SANTA ANA AVE,Long Beach,California,32631,3099.7,Los Angeles,141826.0,33.76162,-118.12178,77,194,26,32024
90807,1195000.0,4,3,2032,4529 WALNUT AVE,Long Beach,California,32994,2881.6,Los Angeles,122666.0,33.83098,-118.18113,77,194,26,32194
90803,3749000.0,5,5,5357,30 SAVONA WALK,Long Beach,California,32631,3099.7,Los Angeles,141826.0,33.76162,-118.12178,77,194,26,32014
90802,559700.0,1,1,632,1750 E OCEAN BLVD UNIT 203,Long Beach,California,39036,2307.8,Los Angeles,90525.0,33.75035,-118.21143,77,194,26,31972
90815,1100000.0,4,2,1536,2241 GRAND AVE,Long Beach,California,43092,2358.7,Los Angeles,142489.0,33.79572,-118.11592,77,194,26,32341
90807,975000.0,5,3,2066,354 E CARSON ST,Long Beach,California,32994,2881.6,Los Angeles,122666.0,33.83098,-118.18113,77,194,26,32208
90810,599000.0,2,1,670,2520 COTA AVE,Long Beach,California,37451,2211.1,Los Angeles,91053.0,33.81912,-118.22096,77,194,26,32241
90808,925000.0,4,3,2043,5950 CYPRESS POINT AVE,Long Beach,California,39723,2233.6,Los Angeles,152511.0,33.82406,-118.11236,77,194,26,32223
90803,1499000.0,4,3,2628,126 ORIZABA AVE,Long Beach,California,32631,3099.7,Los Angeles,141826.0,33.76162,-118.12178,77,194,26,32013
90810,524850.0,2,1,893,3503 ADRIATIC AVE,Long Beach,California,37451,2211.1,Los Angeles,91053.0,33.81912,-118.22096,77,194,26,32245
90803,1499000.0,4,3,2628,126 ORIZABA AVE,Long Beach,California,32631,3099.7,Los Angeles,141826.0,33.76162,-118.12178,77,194,26,32013
90802,729000.0,2,1,1232,35 CHERRY AVE # 41,Long Beach,California,39036,2307.8,Los Angeles,90525.0,33.75035,-118.21143,77,194,26,32010
90803,724999.0,2,2,1132,2100 E 2ND ST UNIT 305,Long Beach,California,32631,3099.7,Los Angeles,141826.0,33.76162,-118.12178,77,194,26,32069
90805,679990.0,3,3,1371,4832 LONG BEACH BLVD,Long Beach,California,96840,5039.9,Los Angeles,81030.0,33.86494,-118.18051,77,194,26,32142
90810,700000.0,3,2,2261,3402 BALTIC AVE,Long Beach,California,37451,2211.1,Los Angeles,91053.0,33.81912,-118.22096,77,194,26,32263
