{"New York": 0, "Staten Island": 1, "Bronx": 2, "Floral Park": 3, "Long Island City": 4, "Brooklyn": 5, "Flushing": 6, "Elmhurst": 7, "Rego Park": 8, "Forest Hills": 9, "Cambria Heights": 10, "Howard Beach": 11, "South Ozone Park": 12, "Rosedale": 13, "Bellerose": 14, "Queens Village": 15, "Jamaica": 16, "Arverne": 17, "Philadelphia": 18, "Washington": 19, "Baltimore": 20, "Dundalk": 21, "Virginia Beach": 22, "Raleigh": 23, "Charlotte": 24, "Atlanta": 25, "Ponte Vedra": 26, "Jacksonville": 27, "Jacksonville Beach": 28, "Miami": 29, "Nashville": 30, "Memphis": 31, "Prospect": 32, "Louisville": 33, "Columbus": 34, "Indianapolis": 35, "Detroit": 36, "Milwaukee": 37, "Minneapolis": 38, "Chicago": 39, "Kansas City": 40, "Wichita": 41, "Elkhorn": 42, "Omaha": 43, "New Orleans": 44, "Edmond": 45, "Choctaw": 46, "Jones": 47, "Mustang": 48, "Piedmont": 49, "Oklahoma City": 50, "Tulsa": 51, "Dallas": 52, "Arlington": 53, "Aledo": 54, "Burleson": 55, "Haslet": 56, "Fort Worth": 57, "Keller": 58, "Roanoke": 59, "Houston": 60, "San Antonio": 61, "Manchaca": 62, "Austin": 63, "El Paso": 64, "Littleton": 65, "Denver": 66, "Colorado Springs": 67, "Phoenix": 68, "New River": 69, "Mesa": 70, "Scottsdale": 71, "Cave Creek": 72, "Laveen": 73, "Tucson": 74, "Albuquerque": 75, "Las Vegas": 76, "Los Angeles": 77, "Playa Del Rey": 78, "Lakewood": 79, "San Pedro": 80, "Wilmington": 81, "Long Beach": 82, "Tujunga": 83, "Winnetka": 84, "Encino": 85, "Northridge": 86, "Pacoima": 87, "Sylmar": 88, "North Hills": 89, "Sun Valley": 90, "Woodland Hills": 91, "Van Nuys": 92, "Panorama City": 93, "Sherman Oaks": 94, "North Hollywood": 95, "Studio City": 96, "Valley Village": 97, "La Jolla": 98, "San Diego": 99, "Friant": 100, "Fresno": 101, "San Francisco": 102, "San Leandro": 103, "Oakland": 104, "Emeryville": 105, "Berkeley": 106, "Campbell": 107, "Santa Clara": 108, "San Jose": 109, "Sacramento": 110, "Portland": 111, "Seattle": 112, "Astoria": 113, "Fresh Meadows": 114, "Corona": 115, "Ozone Park": 116, "Paradise Valley": 117, "Playa Vista": 118, "Venice": 119, "Canoga Park": 120, "West Hills": 121, "Granada Hills": 122, "Bayside": 123, "Little Neck": 124, "Oakland Gardens": 125, "Middle Village": 126, "Towson": 127, "Highland Park": 128, "Spencer": 129, "Yukon": 130, "Glendale": 131, "Marina Del Rey": 132, "Chatsworth": 133, "Reseda": 134, "San Fernando": 135, "Mission Hills": 136, "Tarzana": 137, "Del Mar": 138, "San Ysidro": 139, "Milpitas": 140, "East Elmhurst": 141, "Woodside": 142, "Springfield Gardens": 143, "Gwynn Oak": 144, "Garner": 145, "Durham": 146, "Atlantic Beach": 147, "Madison": 148, "Cordova": 149, "Fisherville": 150, "New Albany": 151, "Gretna": 152, "Crowley": 153, "Euless": 154, "Justin": 155, "Manor": 156, "Queen Creek": 157, "Tolleson": 158, "Harbor City": 159, "Jackson Heights": 160, "Parkville": 161, "Saint Johns": 162, "Shepherdsville": 163, "Blacklick": 164, "Dublin": 165, "Hilliard": 166, "Lewis Center": 167, "Powell": 168, "Reynoldsburg": 169, "Westerville": 170, "Canal Winchester": 171, "Galloway": 172, "Grove City": 173, "Lockbourne": 174, "Pickerington": 175, "Greenfield": 176, "Greendale": 177, "Elmwood Park": 178, "Maize": 179, "Broken Arrow": 180, "Newalla": 181, "Stafford": 182, "Webster": 183, "Converse": 184, "Schertz": 185, "Henderson": 186, "Kerman": 187, "Whitestone": 188, "Pikesville": 189, "Matthews": 190, "Calhan": 191, "Pacific Palisades": 192, "Sunland": 193, "Porter Ranch": 194, "Burbank": 195, "Glen Oaks": 196, "Kew Gardens": 197, "Far Rockaway": 198, "Essex": 199, "Fairdale": 200, "Groveport": 201, "Brownsburg": 202, "Hamtramck": 203, "Grosse Pointe": 204, "Redford": 205, "Saint Francis": 206, "Haysville": 207, "Bellevue": 208, "Huffman": 209, "Missouri City": 210, "Clint": 211, "South Richmond Hill": 212, "Hollis": 213, "Culver City": 214, "College Point": 215, "Rockaway Park": 216, "Catonsville": 217, "Chesapeake": 218, "Knightdale": 219, "Huntersville": 220, "Westfield": 221, "Grand Prairie": 222, "Atascosa": 223, "Boerne": 224, "Poteet": 225, "Englewood": 226, "Apache Junction": 227, "North Las Vegas": 228, "Curtis Bay": 229, "Harper Woods": 230, "Hanford": 231}