{"New York": 0, "Richmond": 1, "Bronx": 2, "Nassau": 3, "Queens": 4, "Kings": 5, "Philadelphia": 6, "District of Columbia": 7, "Baltimore": 8, "Virginia Beach": 9, "Wake": 10, "Mecklenburg": 11, "Fulton": 12, "DeKalb": 13, "St. Johns": 14, "Duval": 15, "Miami-Dade": 16, "Davidson": 17, "Shelby": 18, "Oldham": 19, "Jefferson": 20, "Franklin": 21, "Marion": 22, "Hamilton": 23, "Wayne": 24, "Milwaukee": 25, "Hennepin": 26, "Cook": 27, "Jackson": 28, "Clay": 29, "Platte": 30, "Sedgwick": 31, "Douglas": 32, "Sarpy": 33, "Orleans": 34, "Oklahoma": 35, "Canadian": 36, "Tulsa": 37, "Creek": 38, "Dallas": 39, "Collin": 40, "Tarrant": 41, "Parker": 42, "Johnson": 43, "Denton": 44, "Harris": 45, "Bexar": 46, "Travis": 47, "Williamson": 48, "Hays": 49, "El Paso": 50, "Denver": 51, "Adams": 52, "Maricopa": 53, "Pima": 54, "Pinal": 55, "Bernalillo": 56, "Clark": 57, "Los Angeles": 58, "San Diego": 59, "Madera": 60, "Fresno": 61, "San Francisco": 62, "Alameda": 63, "Santa Clara": 64, "Sacramento": 65, "Multnomah": 66, "Washington": 67, "King": 68, "Cobb": 69, "Osage": 70, "Durham": 71, "Cleveland": 72, "Anne Arundel": 73, "Bullitt": 74, "Delaware": 75, "Fairfield": 76, "Hancock": 77, "Hendricks": 78, "Anoka": 79, "Wyandotte": 80, "Wagoner": 81, "Fort Bend": 82, "Union": 83, "Chesapeake": 84, "Kendall": 85, "Atascosa": 86, "Arapahoe": 87}