Unnamed: 0,Zip Code,Price,Beds,Baths,Living Space,Address,City,State,Zip Code Population,Zip Code Density,County,Median Household Income,Latitude,Longitude,price_label,county_num,city_num,state_num,address_num
33685,95831,414900.0,2,2,1499,31 PARK WEST CT,Sacramento,California,43683,2411.1,Sacramento,121600.0,38.49599,-121.52948,3,65,110,26,32677
17886,95820,375000.0,3,2,1018,4931 ALCOTT DR,Sacramento,California,36224,2655.3,Sacramento,83160.0,38.53491,-121.4442,2,65,110,26,17319
33535,95817,439000.0,4,2,1310,3401 36TH ST,Sacramento,California,14109,2405.2,Sacramento,81235.0,38.55057,-121.45713,3,65,110,26,32527
33620,95824,410000.0,3,2,1553,4421 SANTA MONICA AVE,Sacramento,California,30783,2980.4,Sacramento,68556.0,38.51746,-121.44147,3,65,110,26,32612
26621,95822,210000.0,2,1,810,1507 DICKSON ST,Sacramento,California,46375,2132.2,Sacramento,93198.0,38.51273,-121.49556,1,65,110,26,25873
33571,95821,399700.0,3,1,910,2245 EDISON AVE,Sacramento,California,37473,2048.8,Sacramento,85727.0,38.62541,-121.38479,3,65,110,26,32563
33541,95818,440000.0,2,3,1061,178 LOG POND LN,Sacramento,California,22423,2243.3,Sacramento,146969.0,38.55579,-121.49669,3,65,110,26,32533
8492,95833,549900.0,3,3,2028,1904 PEBBLEWOOD DR,Sacramento,California,40853,1950.1,Sacramento,104788.0,38.61529,-121.51558,4,65,110,26,8194
33652,95828,499000.0,3,2,1226,8672 SCEPTRE CT,Sacramento,California,61730,1921.6,Sacramento,90500.0,38.48943,-121.39598,3,65,110,26,32644
33567,95821,475000.0,3,2,1165,3236 EASTWOOD RD,Sacramento,California,37473,2048.8,Sacramento,85727.0,38.62541,-121.38479,3,65,110,26,32559
33625,95824,409900.0,3,2,1182,7430 ELDER CREEK RD,Sacramento,California,30783,2980.4,Sacramento,68556.0,38.51746,-121.44147,3,65,110,26,32617
33746,95838,395000.0,3,2,1140,305 CHENNAULT CT,Sacramento,California,41438,1738.1,Sacramento,76618.0,38.64708,-121.44312,3,65,110,26,32738
27401,95816,1145000.0,4,4,2363,134 FISCHBACHER ST,Sacramento,California,18033,2551.8,Sacramento,113303.0,38.57555,-121.46543,9,65,110,26,26628
33558,95820,469000.0,2,1,1267,5805 MARK TWAIN AVE,Sacramento,California,36224,2655.3,Sacramento,83160.0,38.53491,-121.4442,3,65,110,26,32550
36331,95828,79900.0,1,1,624,7518 MAPLE LEAF LN,Sacramento,California,61730,1921.6,Sacramento,90500.0,38.48943,-121.39598,0,65,110,26,35297
33587,95822,490000.0,3,2,1770,2941 LOMA VERDE WAY,Sacramento,California,46375,2132.2,Sacramento,93198.0,38.51273,-121.49556,3,65,110,26,32579
26674,95842,237500.0,2,2,944,5620 HAMILTON ST APT 79,Sacramento,California,34578,3361.4,Sacramento,74618.0,38.687,-121.34889,1,65,110,26,25924
8500,95833,515990.0,3,3,1656,3075 CITYSCAPE WALK,Sacramento,California,40853,1950.1,Sacramento,104788.0,38.61529,-121.51558,4,65,110,26,8202
17880,95820,349000.0,4,2,1300,3138 SAN DIEGO WAY,Sacramento,California,36224,2655.3,Sacramento,83160.0,38.53491,-121.4442,2,65,110,26,17313
26634,95825,219500.0,1,1,682,2201 WOODSIDE LN UNIT 10,Sacramento,California,37522,3111.8,Sacramento,72525.0,38.5901,-121.40644,1,65,110,26,25886
17902,95823,339900.0,3,1,960,19 MONAGHAN CIR,Sacramento,California,83021,2792.5,Sacramento,74523.0,38.47473,-121.44266,2,65,110,26,17335
8400,95821,559000.0,4,2,2303,2400 LESLIE LN,Sacramento,California,37473,2048.8,Sacramento,85727.0,38.62541,-121.38479,4,65,110,26,8103
33663,95828,465000.0,4,3,1829,7520 CLEMENT CIR,Sacramento,California,61730,1921.6,Sacramento,90500.0,38.48943,-121.39598,3,65,110,26,32655
33622,95824,399000.0,3,1,1074,4400 39TH AVE,Sacramento,California,30783,2980.4,Sacramento,68556.0,38.51746,-121.44147,3,65,110,26,32614
33600,95823,440000.0,3,2,1291,7722 QUINBY WAY,Sacramento,California,83021,2792.5,Sacramento,74523.0,38.47473,-121.44266,3,65,110,26,32592
27404,95864,1260000.0,4,5,3583,2700 LATHAM DR,Sacramento,California,25367,1559.6,Sacramento,178381.0,38.58512,-121.37655,9,65,110,26,26631
8543,95838,590000.0,6,3,2914,628 SOUTH AVE,Sacramento,California,41438,1738.1,Sacramento,76618.0,38.64708,-121.44312,4,65,110,26,8245
8502,95834,520000.0,4,3,1823,4424 GIBRALTAR ST,Sacramento,California,33102,1282.7,Sacramento,111529.0,38.64207,-121.51967,4,65,110,26,8204
19438,95864,899000.0,2,3,2015,2724 BRAYNARD WAY,Sacramento,California,25367,1559.6,Sacramento,178381.0,38.58512,-121.37655,7,65,110,26,18826
26653,95833,250000.0,2,1,720,205 CLEVELAND AVE,Sacramento,California,40853,1950.1,Sacramento,104788.0,38.61529,-121.51558,1,65,110,26,25905
33538,95817,449000.0,2,1,1191,4022 2ND AVE,Sacramento,California,14109,2405.2,Sacramento,81235.0,38.55057,-121.45713,3,65,110,26,32530
33634,95825,385000.0,3,1,1059,2033 JOAN WAY,Sacramento,California,37522,3111.8,Sacramento,72525.0,38.5901,-121.40644,3,65,110,26,32626
2345,95819,689000.0,3,1,1108,5401 E ST,Sacramento,California,20146,2157.0,Sacramento,156095.0,38.56816,-121.43772,5,65,110,26,2259
33602,95823,439900.0,4,3,1922,7375 MEADOWGATE DR,Sacramento,California,83021,2792.5,Sacramento,74523.0,38.47473,-121.44266,3,65,110,26,32594
33745,95838,449900.0,4,2,1857,1421 RENE AVE,Sacramento,California,41438,1738.1,Sacramento,76618.0,38.64708,-121.44312,3,65,110,26,32737
8425,95826,559900.0,4,3,1834,9158 FIRELIGHT WAY,Sacramento,California,40847,1496.6,Sacramento,93008.0,38.54554,-121.37885,4,65,110,26,8128
17866,95817,350000.0,2,1,1086,2761 SANTA CLARA WAY,Sacramento,California,14109,2405.2,Sacramento,81235.0,38.55057,-121.45713,2,65,110,26,17299
33737,95835,465000.0,2,2,1557,2390 COTTERDALE ALY,Sacramento,California,41051,1785.0,Sacramento,132611.0,38.67088,-121.52464,3,65,110,26,32729
17885,95820,369000.0,3,2,988,3680 26TH AVE,Sacramento,California,36224,2655.3,Sacramento,83160.0,38.53491,-121.4442,2,65,110,26,17318
33596,95823,400000.0,3,2,1091,8140 GOLDEN FIELD WAY,Sacramento,California,83021,2792.5,Sacramento,74523.0,38.47473,-121.44266,3,65,110,26,32588
33671,95828,449900.0,3,2,1833,8184 COTTONMILL CIR,Sacramento,California,61730,1921.6,Sacramento,90500.0,38.48943,-121.39598,3,65,110,26,32663
33662,95828,450000.0,4,2,1427,7913 SCOTTSDALE DR,Sacramento,California,61730,1921.6,Sacramento,90500.0,38.48943,-121.39598,3,65,110,26,32654
8490,95833,555000.0,3,3,1960,2701 N COVE DR,Sacramento,California,40853,1950.1,Sacramento,104788.0,38.61529,-121.51558,4,65,110,26,8192
17922,95825,365000.0,3,1,1412,1612 CLINTON RD,Sacramento,California,37522,3111.8,Sacramento,72525.0,38.5901,-121.40644,2,65,110,26,17355
17942,95828,339888.0,4,3,1685,7504 WILLIWAW LN,Sacramento,California,61730,1921.6,Sacramento,90500.0,38.48943,-121.39598,2,65,110,26,17375
4824,95816,824900.0,4,2,1910,2705 F ST,Sacramento,California,18033,2551.8,Sacramento,113303.0,38.57555,-121.46543,6,65,110,26,4635
17948,95833,379000.0,2,3,1268,3146 SWALLOWS NEST DR,Sacramento,California,40853,1950.1,Sacramento,104788.0,38.61529,-121.51558,2,65,110,26,17381
36332,95828,69500.0,2,1,700,6438 CAPITAL DR # 65,Sacramento,California,61730,1921.6,Sacramento,90500.0,38.48943,-121.39598,0,65,110,26,35298
17911,95824,349000.0,4,2,1423,5820 43RD ST,Sacramento,California,30783,2980.4,Sacramento,68556.0,38.51746,-121.44147,2,65,110,26,17344
33615,95823,479950.0,4,2,1701,7550 SILKY CT,Sacramento,California,83021,2792.5,Sacramento,74523.0,38.47473,-121.44266,3,65,110,26,32607
17905,95823,374888.0,4,2,1456,4808 I PKWY,Sacramento,California,83021,2792.5,Sacramento,74523.0,38.47473,-121.44266,2,65,110,26,17338
26630,95823,175000.0,4,2,1440,3950 MACK RD SPC 169,Sacramento,California,83021,2792.5,Sacramento,74523.0,38.47473,-121.44266,1,65,110,26,25882
17940,95828,315000.0,4,3,2038,6625 53RD AVE,Sacramento,California,61730,1921.6,Sacramento,90500.0,38.48943,-121.39598,2,65,110,26,17373
33767,95842,419000.0,2,2,1635,4716 KINGBIRD WAY,Sacramento,California,34578,3361.4,Sacramento,74618.0,38.687,-121.34889,3,65,110,26,32759
36329,95828,109500.0,2,2,960,6305 STATE LN # 91,Sacramento,California,61730,1921.6,Sacramento,90500.0,38.48943,-121.39598,0,65,110,26,35295
8386,95819,574900.0,2,1,1020,5244 J ST,Sacramento,California,20146,2157.0,Sacramento,156095.0,38.56816,-121.43772,4,65,110,26,8089
8482,95831,524950.0,4,3,1588,14 ESTUARY CT,Sacramento,California,43683,2411.1,Sacramento,121600.0,38.49599,-121.52948,4,65,110,26,8184
33714,95833,479900.0,3,2,1411,2936 MENDEL WAY,Sacramento,California,40853,1950.1,Sacramento,104788.0,38.61529,-121.51558,3,65,110,26,32706
33584,95822,425000.0,3,2,1466,2401 EDNA ST,Sacramento,California,46375,2132.2,Sacramento,93198.0,38.51273,-121.49556,3,65,110,26,32576
26642,95826,155000.0,2,2,1248,8181 FOLSOM BLVD SPC 230,Sacramento,California,40847,1496.6,Sacramento,93008.0,38.54554,-121.37885,1,65,110,26,25894
33726,95834,425000.0,3,2,1202,1001 RIO NORTE WAY,Sacramento,California,33102,1282.7,Sacramento,111529.0,38.64207,-121.51967,3,65,110,26,32718
17863,95815,330000.0,3,2,1284,2112 YORKSHIRE RD,Sacramento,California,26211,1322.4,Sacramento,76549.0,38.60544,-121.44497,2,65,110,26,17296
33559,95820,410000.0,3,1,1086,5311 ONTARIO ST,Sacramento,California,36224,2655.3,Sacramento,83160.0,38.53491,-121.4442,3,65,110,26,32551
36342,95841,121000.0,2,2,1040,6222 CALGARY AVE,Sacramento,California,20892,2069.5,Sacramento,82502.0,38.66031,-121.34812,0,65,110,26,35308
8499,95833,549990.0,3,3,1656,3057 CITYSCAPE WALK,Sacramento,California,40853,1950.1,Sacramento,104788.0,38.61529,-121.51558,4,65,110,26,8201
33688,95831,499000.0,3,2,1350,51 STANISLAUS CIR,Sacramento,California,43683,2411.1,Sacramento,121600.0,38.49599,-121.52948,3,65,110,26,32680
8522,95835,599999.0,2,2,2040,540 MILL VALLEY CIR N,Sacramento,California,41051,1785.0,Sacramento,132611.0,38.67088,-121.52464,4,65,110,26,8224
17877,95820,350000.0,2,1,1239,3879 14TH AVE,Sacramento,California,36224,2655.3,Sacramento,83160.0,38.53491,-121.4442,2,65,110,26,17310
8396,95820,540000.0,3,2,1184,5621 19TH AVE,Sacramento,California,36224,2655.3,Sacramento,83160.0,38.53491,-121.4442,4,65,110,26,8099
36337,95834,125000.0,3,2,1680,4213 FLORAL DR # 60,Sacramento,California,33102,1282.7,Sacramento,111529.0,38.64207,-121.51967,0,65,110,26,35303
3212,95819,1125000.0,3,2,2175,809 46TH ST,Sacramento,California,20146,2157.0,Sacramento,156095.0,38.56816,-121.43772,8,65,110,26,3079
17975,95841,375000.0,3,2,1270,4723 RIVER COLLEGE DR,Sacramento,California,20892,2069.5,Sacramento,82502.0,38.66031,-121.34812,2,65,110,26,17407
26662,95838,239900.0,3,2,1353,103 VILLAGE CIR,Sacramento,California,41438,1738.1,Sacramento,76618.0,38.64708,-121.44312,1,65,110,26,25914
33692,95832,405000.0,4,2,1293,3509 REEL CIR,Sacramento,California,13446,624.7,Sacramento,83054.0,38.43979,-121.49888,3,65,110,26,32684
33658,95828,499000.0,3,3,1501,7112 BRIGGS DR,Sacramento,California,61730,1921.6,Sacramento,90500.0,38.48943,-121.39598,3,65,110,26,32650
3211,95818,1075000.0,3,3,2209,1154 SWANSTON DR,Sacramento,California,22423,2243.3,Sacramento,146969.0,38.55579,-121.49669,8,65,110,26,3078
17941,95828,355000.0,2,2,927,7224 WINTERWILLOW CT,Sacramento,California,61730,1921.6,Sacramento,90500.0,38.48943,-121.39598,2,65,110,26,17374
33758,95841,499588.0,3,2,1476,4993 CREEK VIEW WAY,Sacramento,California,20892,2069.5,Sacramento,82502.0,38.66031,-121.34812,3,65,110,26,32750
8411,95821,578850.0,4,3,1975,3406 HARGER CT,Sacramento,California,37473,2048.8,Sacramento,85727.0,38.62541,-121.38479,4,65,110,26,8114
8437,95827,544900.0,3,2,1610,3506 SPRING ROSE WAY,Sacramento,California,21241,916.8,Sacramento,93815.0,38.55151,-121.3253,4,65,110,26,8140
8416,95822,510000.0,4,2,2028,2751 WAH AVE,Sacramento,California,46375,2132.2,Sacramento,93198.0,38.51273,-121.49556,4,65,110,26,8119
33693,95832,390000.0,3,2,1086,1773 ARMINGTON AVE,Sacramento,California,13446,624.7,Sacramento,83054.0,38.43979,-121.49888,3,65,110,26,32685
2375,95829,699000.0,5,3,2918,8183 SILVERLEAF WAY,Sacramento,California,30594,581.7,Sacramento,126052.0,38.48759,-121.33326,5,65,110,26,2289
33524,95815,408000.0,4,2,1582,2628 DEL PASO BLVD,Sacramento,California,26211,1322.4,Sacramento,76549.0,38.60544,-121.44497,3,65,110,26,32516
19433,95831,980000.0,4,2,2417,6698 S LAND PARK DR,Sacramento,California,43683,2411.1,Sacramento,121600.0,38.49599,-121.52948,7,65,110,26,18821
8399,95821,539000.0,3,2,1607,2705 IONE ST,Sacramento,California,37473,2048.8,Sacramento,85727.0,38.62541,-121.38479,4,65,110,26,8102
33718,95833,498000.0,4,3,1917,2980 DAVENPORT WAY,Sacramento,California,40853,1950.1,Sacramento,104788.0,38.61529,-121.51558,3,65,110,26,32710
33770,95842,479900.0,4,2,1362,4330 STOCKBRIDGE AVE,Sacramento,California,34578,3361.4,Sacramento,74618.0,38.687,-121.34889,3,65,110,26,32762
2381,95831,689000.0,3,3,1989,6443 CHETWOOD WAY,Sacramento,California,43683,2411.1,Sacramento,121600.0,38.49599,-121.52948,5,65,110,26,2294
33784,95864,429900.0,3,1,1268,1209 GREENHILLS RD,Sacramento,California,25367,1559.6,Sacramento,178381.0,38.58512,-121.37655,3,65,110,26,32776
36316,95821,63000.0,2,1,576,3440 FULTON AVE SPC 25,Sacramento,California,37473,2048.8,Sacramento,85727.0,38.62541,-121.38479,0,65,110,26,35282
33777,95842,420000.0,3,2,1224,7501 MONOGRAM DR,Sacramento,California,34578,3361.4,Sacramento,74618.0,38.687,-121.34889,3,65,110,26,32769
4839,95864,798000.0,3,1,1535,1466 EL TEJON WAY,Sacramento,California,25367,1559.6,Sacramento,178381.0,38.58512,-121.37655,6,65,110,26,4650
33703,95833,450000.0,3,2,1403,22 PADDLE CT,Sacramento,California,40853,1950.1,Sacramento,104788.0,38.61529,-121.51558,3,65,110,26,32695
33526,95815,388000.0,3,1,1144,3305 OFARRELL DR,Sacramento,California,26211,1322.4,Sacramento,76549.0,38.60544,-121.44497,3,65,110,26,32518
2346,95819,649000.0,3,3,1562,350 MESSINA DR,Sacramento,California,20146,2157.0,Sacramento,156095.0,38.56816,-121.43772,5,65,110,26,2260
8384,95818,599000.0,3,2,1774,2908 HIGHLAND AVE,Sacramento,California,22423,2243.3,Sacramento,146969.0,38.55579,-121.49669,4,65,110,26,8087
8448,95828,546500.0,4,3,2060,8654 DURYEA DR,Sacramento,California,61730,1921.6,Sacramento,90500.0,38.48943,-121.39598,4,65,110,26,8151
33638,95826,499000.0,4,3,1877,52 GRAND RIO CIR,Sacramento,California,40847,1496.6,Sacramento,93008.0,38.54554,-121.37885,3,65,110,26,32630
8549,95864,569950.0,2,2,1214,3921 BERRENDO DR,Sacramento,California,25367,1559.6,Sacramento,178381.0,38.58512,-121.37655,4,65,110,26,8251
3209,95818,1059000.0,3,3,1611,2224 15TH ST,Sacramento,California,22423,2243.3,Sacramento,146969.0,38.55579,-121.49669,8,65,110,26,3076
2368,95829,639888.0,4,2,1750,9575 DEL SEIS DR,Sacramento,California,30594,581.7,Sacramento,126052.0,38.48759,-121.33326,5,65,110,26,2282
26629,95823,179000.0,2,1,924,41 LA FRESA CT APT 4,Sacramento,California,83021,2792.5,Sacramento,74523.0,38.47473,-121.44266,1,65,110,26,25881
17884,95820,324900.0,2,1,699,3908 SAN CARLOS WAY,Sacramento,California,36224,2655.3,Sacramento,83160.0,38.53491,-121.4442,2,65,110,26,17317
8468,95829,588995.0,4,2,1965,9465 POURNELLE WAY,Sacramento,California,30594,581.7,Sacramento,126052.0,38.48759,-121.33326,4,65,110,26,8170
2371,95829,644901.0,3,3,2555,0 JEFF HANDY DRIVE,Sacramento,California,30594,581.7,Sacramento,126052.0,38.48759,-121.33326,5,65,110,26,2285
17859,95815,339000.0,2,1,910,985 SONOMA AVE,Sacramento,California,26211,1322.4,Sacramento,76549.0,38.60544,-121.44497,2,65,110,26,17292
26648,95828,145000.0,2,2,1392,6432 CAPITAL DR,Sacramento,California,61730,1921.6,Sacramento,90500.0,38.48943,-121.39598,1,65,110,26,25900
33697,95833,399999.0,3,2,1038,1403 HELMSMAN WAY,Sacramento,California,40853,1950.1,Sacramento,104788.0,38.61529,-121.51558,3,65,110,26,32689
33590,95822,389000.0,3,2,1485,1681 59TH AVE,Sacramento,California,46375,2132.2,Sacramento,93198.0,38.51273,-121.49556,3,65,110,26,32582
36345,95842,79000.0,2,2,1440,6214 GOLD DUST DR,Sacramento,California,34578,3361.4,Sacramento,74618.0,38.687,-121.34889,0,65,110,26,35311
33542,95818,499000.0,4,1,1386,2120 24TH ST,Sacramento,California,22423,2243.3,Sacramento,146969.0,38.55579,-121.49669,3,65,110,26,32534
33666,95828,421000.0,3,2,1200,7517 GOLF CLUB CT,Sacramento,California,61730,1921.6,Sacramento,90500.0,38.48943,-121.39598,3,65,110,26,32658
33632,95825,488000.0,3,2,1955,2910 EL PRADO WAY,Sacramento,California,37522,3111.8,Sacramento,72525.0,38.5901,-121.40644,3,65,110,26,32624
33572,95821,429000.0,3,1,1280,3809 SUNNYVALE AVE,Sacramento,California,37473,2048.8,Sacramento,85727.0,38.62541,-121.38479,3,65,110,26,32564
17906,95823,375000.0,3,3,1479,63 SUN REIGN PL,Sacramento,California,83021,2792.5,Sacramento,74523.0,38.47473,-121.44266,2,65,110,26,17339
2348,95821,699000.0,4,3,1952,4509 ENGLE RD,Sacramento,California,37473,2048.8,Sacramento,85727.0,38.62541,-121.38479,5,65,110,26,2262
36321,95823,44900.0,1,1,660,7710 WHISPERING PALMS DR,Sacramento,California,83021,2792.5,Sacramento,74523.0,38.47473,-121.44266,0,65,110,26,35287
8534,95835,538800.0,3,2,1507,5442 ALVOCA WAY,Sacramento,California,41051,1785.0,Sacramento,132611.0,38.67088,-121.52464,4,65,110,26,8236
17952,95835,379950.0,2,2,1338,1900 DANBROOK DR UNIT 422,Sacramento,California,41051,1785.0,Sacramento,132611.0,38.67088,-121.52464,2,65,110,26,17385
17897,95822,300000.0,3,2,992,1428 LOMAS WAY,Sacramento,California,46375,2132.2,Sacramento,93198.0,38.51273,-121.49556,2,65,110,26,17330
2359,95822,659900.0,3,3,1586,4941 ESMA JANE LANE,Sacramento,California,46375,2132.2,Sacramento,93198.0,38.51273,-121.49556,5,65,110,26,2273
36326,95827,95000.0,2,1,971,3661 CAMELLIA MATHER DR,Sacramento,California,21241,916.8,Sacramento,93815.0,38.55151,-121.3253,0,65,110,26,35292
17910,95823,300000.0,4,2,1689,7358 CENTER PKWY,Sacramento,California,83021,2792.5,Sacramento,74523.0,38.47473,-121.44266,2,65,110,26,17343
4825,95818,775000.0,4,4,1742,1230 ALBRIGHT WALK,Sacramento,California,22423,2243.3,Sacramento,146969.0,38.55579,-121.49669,6,65,110,26,4636
17871,95820,275000.0,2,1,1098,3636 27TH AVE,Sacramento,California,36224,2655.3,Sacramento,83160.0,38.53491,-121.4442,2,65,110,26,17304
2378,95831,655000.0,3,2,2251,7040 WAVECREST WAY,Sacramento,California,43683,2411.1,Sacramento,121600.0,38.49599,-121.52948,5,65,110,26,2291
2339,95818,700000.0,2,1,1238,1118 TENEIGHTH WAY,Sacramento,California,22423,2243.3,Sacramento,146969.0,38.55579,-121.49669,5,65,110,26,2253
2385,95833,729990.0,3,3,2238,2868 EDGEVIEW DR,Sacramento,California,40853,1950.1,Sacramento,104788.0,38.61529,-121.51558,5,65,110,26,2298
17986,95842,370000.0,2,1,816,6832 SPECKLE WAY,Sacramento,California,34578,3361.4,Sacramento,74618.0,38.687,-121.34889,2,65,110,26,17417
33534,95817,460000.0,3,1,1008,3636 BRET HARTE CT,Sacramento,California,14109,2405.2,Sacramento,81235.0,38.55057,-121.45713,3,65,110,26,32526
33724,95834,490000.0,3,3,1672,4224 NATOMAS CENTRAL DR,Sacramento,California,33102,1282.7,Sacramento,111529.0,38.64207,-121.51967,3,65,110,26,32716
33659,95828,410888.0,3,2,1120,8758 GOLDEN ROSE WAY,Sacramento,California,61730,1921.6,Sacramento,90500.0,38.48943,-121.39598,3,65,110,26,32651
26678,95842,230000.0,2,1,840,4529 PALM AVE APT 2,Sacramento,California,34578,3361.4,Sacramento,74618.0,38.687,-121.34889,1,65,110,26,25928
26675,95842,148500.0,3,2,1344,5804 EUREKA LN,Sacramento,California,34578,3361.4,Sacramento,74618.0,38.687,-121.34889,1,65,110,26,25925
8507,95834,519000.0,4,3,1892,4319 ADRIATIC SEA WAY,Sacramento,California,33102,1282.7,Sacramento,111529.0,38.64207,-121.51967,4,65,110,26,8209
2370,95829,654172.0,4,3,2055,8214 COURAGE DRIVE,Sacramento,California,30594,581.7,Sacramento,126052.0,38.48759,-121.33326,5,65,110,26,2284
33642,95826,414950.0,4,2,1483,9148 IRISH GOLD WAY,Sacramento,California,40847,1496.6,Sacramento,93008.0,38.54554,-121.37885,3,65,110,26,32634
33544,95820,425000.0,3,2,1518,4970 QUONSET DR,Sacramento,California,36224,2655.3,Sacramento,83160.0,38.53491,-121.4442,3,65,110,26,32536
8461,95829,545086.0,3,3,1778,7610 HEATHERPACE DRIVE,Sacramento,California,30594,581.7,Sacramento,126052.0,38.48759,-121.33326,4,65,110,26,8164
17978,95841,298000.0,3,2,1105,5316 WINFIELD WAY APT 2,Sacramento,California,20892,2069.5,Sacramento,82502.0,38.66031,-121.34812,2,65,110,26,17410
26631,95823,170000.0,2,1,840,25 LA FRESA CT APT 2,Sacramento,California,83021,2792.5,Sacramento,74523.0,38.47473,-121.44266,1,65,110,26,25883
17873,95820,375000.0,3,2,1310,5115 20TH AVE,Sacramento,California,36224,2655.3,Sacramento,83160.0,38.53491,-121.4442,2,65,110,26,17306
19426,95818,889000.0,4,3,2110,2721 SWANSTON OAK LN,Sacramento,California,22423,2243.3,Sacramento,146969.0,38.55579,-121.49669,7,65,110,26,18814
8518,95835,610000.0,4,3,2231,260 BILL BEAN CIR,Sacramento,California,41051,1785.0,Sacramento,132611.0,38.67088,-121.52464,4,65,110,26,8220
33715,95833,439000.0,3,2,1206,2848 CARBERRY WAY,Sacramento,California,40853,1950.1,Sacramento,104788.0,38.61529,-121.51558,3,65,110,26,32707
36340,95841,29500.0,2,1,720,5280 BROOK PARK LN,Sacramento,California,20892,2069.5,Sacramento,82502.0,38.66031,-121.34812,0,65,110,26,35306
8387,95819,555000.0,2,1,957,1436 63RD ST,Sacramento,California,20146,2157.0,Sacramento,156095.0,38.56816,-121.43772,4,65,110,26,8090
33695,95832,449800.0,3,2,1190,7881 CALDONIA WAY,Sacramento,California,13446,624.7,Sacramento,83054.0,38.43979,-121.49888,3,65,110,26,32687
4822,95814,860000.0,3,4,2070,325 CARAMEL LN,Sacramento,California,12302,3401.6,Sacramento,72656.0,38.58064,-121.49488,6,65,110,26,4633
33664,95828,499000.0,4,3,1588,8058 LOMAND CT,Sacramento,California,61730,1921.6,Sacramento,90500.0,38.48943,-121.39598,3,65,110,26,32656
8393,95820,624900.0,3,2,1599,3725 E PACIFIC AVE,Sacramento,California,36224,2655.3,Sacramento,83160.0,38.53491,-121.4442,4,65,110,26,8096
26654,95834,135000.0,2,2,960,4920 GARDENDELL RD # 29,Sacramento,California,33102,1282.7,Sacramento,111529.0,38.64207,-121.51967,1,65,110,26,25906
33764,95842,485000.0,3,2,1544,5000 BEAVER CT,Sacramento,California,34578,3361.4,Sacramento,74618.0,38.687,-121.34889,3,65,110,26,32756
17895,95822,360000.0,3,1,1080,7528 LEMARSH WAY,Sacramento,California,46375,2132.2,Sacramento,93198.0,38.51273,-121.49556,2,65,110,26,17328
8407,95821,550000.0,2,2,1612,3069 SAND DOLLAR WAY,Sacramento,California,37473,2048.8,Sacramento,85727.0,38.62541,-121.38479,4,65,110,26,8110
8424,95825,509000.0,3,3,1743,273 HARTNELL PL,Sacramento,California,37522,3111.8,Sacramento,72525.0,38.5901,-121.40644,4,65,110,26,8127
33765,95842,429000.0,3,2,1054,5714 MOUNT MCKINLEY CT,Sacramento,California,34578,3361.4,Sacramento,74618.0,38.687,-121.34889,3,65,110,26,32757
17937,95826,339900.0,2,2,1140,9141 NEWHALL DR APT 59,Sacramento,California,40847,1496.6,Sacramento,93008.0,38.54554,-121.37885,2,65,110,26,17370
17934,95826,380000.0,2,2,1141,8079 LA RIVIERA DR,Sacramento,California,40847,1496.6,Sacramento,93008.0,38.54554,-121.37885,2,65,110,26,17367
36339,95841,115000.0,2,2,1120,6221 CALGARY AVE # 92,Sacramento,California,20892,2069.5,Sacramento,82502.0,38.66031,-121.34812,0,65,110,26,35305
17974,95841,295999.0,3,2,1122,5804 SHADOW CREEK DR APT 4,Sacramento,California,20892,2069.5,Sacramento,82502.0,38.66031,-121.34812,2,65,110,26,17406
17903,95823,290000.0,3,2,1323,7561 BURGOYNE LN,Sacramento,California,83021,2792.5,Sacramento,74523.0,38.47473,-121.44266,2,65,110,26,17336
33696,95832,430000.0,3,2,1015,7625 LYTLE ST,Sacramento,California,13446,624.7,Sacramento,83054.0,38.43979,-121.49888,3,65,110,26,32688
2376,95829,731776.0,5,3,2810,0 CREEK BEND WAY,Sacramento,California,30594,581.7,Sacramento,126052.0,38.48759,-121.33326,5,65,110,26,2288
33761,95841,489900.0,4,2,1804,5636 TAHAMA ST,Sacramento,California,20892,2069.5,Sacramento,82502.0,38.66031,-121.34812,3,65,110,26,32753
8477,95831,599500.0,3,2,1658,445 SAILWIND WAY,Sacramento,California,43683,2411.1,Sacramento,121600.0,38.49599,-121.52948,4,65,110,26,8179
8498,95833,617650.0,3,3,1960,2996 ENDSLEY AVE,Sacramento,California,40853,1950.1,Sacramento,104788.0,38.61529,-121.51558,4,65,110,26,8200
26637,95825,204000.0,1,1,670,2384 ALTA GARDEN LN # B,Sacramento,California,37522,3111.8,Sacramento,72525.0,38.5901,-121.40644,1,65,110,26,25889
33762,95841,450000.0,3,2,1400,5236 ATLANTA WAY,Sacramento,California,20892,2069.5,Sacramento,82502.0,38.66031,-121.34812,3,65,110,26,32754
36334,95828,99500.0,2,2,1400,76 AMAPOLA AVE,Sacramento,California,61730,1921.6,Sacramento,90500.0,38.48943,-121.39598,0,65,110,26,35300
33721,95834,479000.0,2,2,1295,4480 HOVNANIAN DR,Sacramento,California,33102,1282.7,Sacramento,111529.0,38.64207,-121.51967,3,65,110,26,32713
2351,95821,685000.0,3,2,1697,3115 LEATHA WAY,Sacramento,California,37473,2048.8,Sacramento,85727.0,38.62541,-121.38479,5,65,110,26,2265
33687,95831,399900.0,3,3,1273,827 CRESTWATER LN,Sacramento,California,43683,2411.1,Sacramento,121600.0,38.49599,-121.52948,3,65,110,26,32679
17930,95825,369900.0,2,1,899,2141 CORTEZ LN,Sacramento,California,37522,3111.8,Sacramento,72525.0,38.5901,-121.40644,2,65,110,26,17363
17883,95820,335000.0,2,1,1130,3913 23RD AVE,Sacramento,California,36224,2655.3,Sacramento,83160.0,38.53491,-121.4442,2,65,110,26,17316
8449,95828,550000.0,3,3,2070,8250 SPENGLER DR,Sacramento,California,61730,1921.6,Sacramento,90500.0,38.48943,-121.39598,4,65,110,26,8152
2383,95833,666325.0,5,3,2764,2852 EDGEVIEW DR,Sacramento,California,40853,1950.1,Sacramento,104788.0,38.61529,-121.51558,5,65,110,26,2296
17907,95823,375000.0,3,2,1210,8528 HERMITAGE WAY,Sacramento,California,83021,2792.5,Sacramento,74523.0,38.47473,-121.44266,2,65,110,26,17340
26641,95826,129950.0,2,2,1440,8181 FOLSOM BLVD SPC 133,Sacramento,California,40847,1496.6,Sacramento,93008.0,38.54554,-121.37885,1,65,110,26,25893
33603,95823,405000.0,3,2,1517,7362 PATERO CIR,Sacramento,California,83021,2792.5,Sacramento,74523.0,38.47473,-121.44266,3,65,110,26,32595
8503,95834,549000.0,3,3,1784,1618 PAGODA LN,Sacramento,California,33102,1282.7,Sacramento,111529.0,38.64207,-121.51967,4,65,110,26,8205
8542,95838,599950.0,4,2,1614,1130 CLAIRE AVE,Sacramento,California,41438,1738.1,Sacramento,76618.0,38.64708,-121.44312,4,65,110,26,8244
2335,95816,749999.0,3,2,1699,2427 N ST,Sacramento,California,18033,2551.8,Sacramento,113303.0,38.57555,-121.46543,5,65,110,26,2249
33575,95821,450000.0,3,2,1184,3404 LERWICK RD,Sacramento,California,37473,2048.8,Sacramento,85727.0,38.62541,-121.38479,3,65,110,26,32567
33540,95818,429900.0,2,1,963,2426 26TH ST,Sacramento,California,22423,2243.3,Sacramento,146969.0,38.55579,-121.49669,3,65,110,26,32532
33560,95820,425000.0,3,2,1039,5005 ARGO WAY,Sacramento,California,36224,2655.3,Sacramento,83160.0,38.53491,-121.4442,3,65,110,26,32552
8524,95835,575000.0,4,2,1927,590 REGENCY PARK CIR,Sacramento,California,41051,1785.0,Sacramento,132611.0,38.67088,-121.52464,4,65,110,26,8226
17987,95864,349900.0,4,2,1661,3417 BARRINGTON RD,Sacramento,California,25367,1559.6,Sacramento,178381.0,38.58512,-121.37655,2,65,110,26,17418
33637,95826,495000.0,4,2,1390,9427 ACHATES CIR,Sacramento,California,40847,1496.6,Sacramento,93008.0,38.54554,-121.37885,3,65,110,26,32629
8505,95834,515000.0,4,2,1702,2951 FRIGATE BIRD DR,Sacramento,California,33102,1282.7,Sacramento,111529.0,38.64207,-121.51967,4,65,110,26,8207
17945,95831,345000.0,2,1,929,6241 RIVERSIDE BLVD APT 104,Sacramento,California,43683,2411.1,Sacramento,121600.0,38.49599,-121.52948,2,65,110,26,17378
2397,95835,724900.0,4,3,3068,2933 MAYBROOK DR,Sacramento,California,41051,1785.0,Sacramento,132611.0,38.67088,-121.52464,5,65,110,26,2310
8440,95827,529900.0,4,2,1519,3928 TALMAGE CT,Sacramento,California,21241,916.8,Sacramento,93815.0,38.55151,-121.3253,4,65,110,26,8143
19425,95818,899990.0,3,2,1759,2160 MARKHAM WAY,Sacramento,California,22423,2243.3,Sacramento,146969.0,38.55579,-121.49669,7,65,110,26,18813
33606,95823,430000.0,3,2,1523,6251 DENSLOW WAY,Sacramento,California,83021,2792.5,Sacramento,74523.0,38.47473,-121.44266,3,65,110,26,32598
33532,95816,495000.0,2,1,1038,2414 G ST,Sacramento,California,18033,2551.8,Sacramento,113303.0,38.57555,-121.46543,3,65,110,26,32524
17920,95825,329000.0,2,2,1054,3130 VIA GRANDE,Sacramento,California,37522,3111.8,Sacramento,72525.0,38.5901,-121.40644,2,65,110,26,17353
33670,95828,479000.0,3,2,1482,8025 PARKGATE WAY,Sacramento,California,61730,1921.6,Sacramento,90500.0,38.48943,-121.39598,3,65,110,26,32662
17967,95838,350000.0,2,1,894,3925 NATOMA WAY,Sacramento,California,41438,1738.1,Sacramento,76618.0,38.64708,-121.44312,2,65,110,26,17399
8457,95829,593422.0,4,2,1740,8245 COURAGE DRIVE,Sacramento,California,30594,581.7,Sacramento,126052.0,38.48759,-121.33326,4,65,110,26,8160
8544,95838,534000.0,4,2,1990,5113 NALI CT,Sacramento,California,41438,1738.1,Sacramento,76618.0,38.64708,-121.44312,4,65,110,26,8246
17939,95828,359000.0,3,2,1075,6841 CUNNINGHAM WAY,Sacramento,California,61730,1921.6,Sacramento,90500.0,38.48943,-121.39598,2,65,110,26,17372
17947,95832,350000.0,4,2,1590,2258 CRAIG AVE,Sacramento,California,13446,624.7,Sacramento,83054.0,38.43979,-121.49888,2,65,110,26,17380
26661,95838,195900.0,3,2,1620,58 KIT LN,Sacramento,California,41438,1738.1,Sacramento,76618.0,38.64708,-121.44312,1,65,110,26,25913
33564,95821,420000.0,4,2,1523,2101 BLUEBIRD LN,Sacramento,California,37473,2048.8,Sacramento,85727.0,38.62541,-121.38479,3,65,110,26,32556
17969,95838,375000.0,3,2,1528,195 CATHCART AVE,Sacramento,California,41438,1738.1,Sacramento,76618.0,38.64708,-121.44312,2,65,110,26,17401
33604,95823,450000.0,3,2,1468,7434 CENTER PKWY,Sacramento,California,83021,2792.5,Sacramento,74523.0,38.47473,-121.44266,3,65,110,26,32596
8450,95828,515000.0,4,3,2047,8168 HELMSDALE DR,Sacramento,California,61730,1921.6,Sacramento,90500.0,38.48943,-121.39598,4,65,110,26,8153
26644,95826,246000.0,2,1,840,9029 CASALS ST APT 2,Sacramento,California,40847,1496.6,Sacramento,93008.0,38.54554,-121.37885,1,65,110,26,25896
17861,95815,339000.0,3,1,1376,1240 ARCADE BLVD,Sacramento,California,26211,1322.4,Sacramento,76549.0,38.60544,-121.44497,2,65,110,26,17294
17867,95817,309900.0,2,1,841,3309 35TH ST,Sacramento,California,14109,2405.2,Sacramento,81235.0,38.55057,-121.45713,2,65,110,26,17300
8484,95831,629000.0,3,2,1902,7197 REICHMUTH WAY,Sacramento,California,43683,2411.1,Sacramento,121600.0,38.49599,-121.52948,4,65,110,26,8186
33783,95864,464000.0,3,2,1260,1412 SEBASTIAN WAY,Sacramento,California,25367,1559.6,Sacramento,178381.0,38.58512,-121.37655,3,65,110,26,32775
26625,95823,149888.0,1,1,594,8200 CENTER PKWY APT 10,Sacramento,California,83021,2792.5,Sacramento,74523.0,38.47473,-121.44266,1,65,110,26,25877
26667,95838,219900.0,3,2,1440,194 VILLAGE CIR,Sacramento,California,41438,1738.1,Sacramento,76618.0,38.64708,-121.44312,1,65,110,26,25917
8441,95827,624900.0,4,3,1845,2629 STONEHAVEN DR,Sacramento,California,21241,916.8,Sacramento,93815.0,38.55151,-121.3253,4,65,110,26,8144
33776,95842,382000.0,3,1,960,6829 SPRIG DR,Sacramento,California,34578,3361.4,Sacramento,74618.0,38.687,-121.34889,3,65,110,26,32768
8483,95831,574800.0,3,2,1573,6611 TRUDY WAY,Sacramento,California,43683,2411.1,Sacramento,121600.0,38.49599,-121.52948,4,65,110,26,8185
2353,95821,650000.0,2,2,2521,2809 CALLE VISTA WAY,Sacramento,California,37473,2048.8,Sacramento,85727.0,38.62541,-121.38479,5,65,110,26,2267
33775,95842,480000.0,3,2,1866,6207 CONNESS WAY,Sacramento,California,34578,3361.4,Sacramento,74618.0,38.687,-121.34889,3,65,110,26,32767
33624,95824,425000.0,4,2,1539,7205 KARI ANN CIR,Sacramento,California,30783,2980.4,Sacramento,68556.0,38.51746,-121.44147,3,65,110,26,32616
26668,95838,234900.0,3,2,1593,176 VILLAGE CIR,Sacramento,California,41438,1738.1,Sacramento,76618.0,38.64708,-121.44312,1,65,110,26,25918
8436,95827,579000.0,3,2,1610,9555 ROSE VISTA CT,Sacramento,California,21241,916.8,Sacramento,93815.0,38.55151,-121.3253,4,65,110,26,8139
33763,95842,449000.0,3,2,1124,7329 HEATHER TREE DR,Sacramento,California,34578,3361.4,Sacramento,74618.0,38.687,-121.34889,3,65,110,26,32755
19428,95818,889000.0,3,3,2184,2709 SWANSTON OAK LN,Sacramento,California,22423,2243.3,Sacramento,146969.0,38.55579,-121.49669,7,65,110,26,18816
8412,95821,535000.0,3,3,1728,3551 VALWOOD CT,Sacramento,California,37473,2048.8,Sacramento,85727.0,38.62541,-121.38479,4,65,110,26,8115
17869,95817,354900.0,2,1,768,3509 10TH AVE,Sacramento,California,14109,2405.2,Sacramento,81235.0,38.55057,-121.45713,2,65,110,26,17302
8493,95833,579990.0,3,4,2001,3069 CITYSCAPE WALK,Sacramento,California,40853,1950.1,Sacramento,104788.0,38.61529,-121.51558,4,65,110,26,8195
8536,95835,540000.0,3,3,1603,2170 MOONSTONE AVE,Sacramento,California,41051,1785.0,Sacramento,132611.0,38.67088,-121.52464,4,65,110,26,8238
17865,95815,308000.0,3,2,1370,345 BARRETTE AVE,Sacramento,California,26211,1322.4,Sacramento,76549.0,38.60544,-121.44497,2,65,110,26,17298
33551,95820,440000.0,4,2,1427,4033 WASHINGTON AVE,Sacramento,California,36224,2655.3,Sacramento,83160.0,38.53491,-121.4442,3,65,110,26,32543
17872,95820,275000.0,2,1,666,3781 26TH AVE,Sacramento,California,36224,2655.3,Sacramento,83160.0,38.53491,-121.4442,2,65,110,26,17305
33709,95833,445000.0,3,3,1314,3031 TICE CREEK WAY,Sacramento,California,40853,1950.1,Sacramento,104788.0,38.61529,-121.51558,3,65,110,26,32701
17893,95822,375000.0,3,2,1294,1924 FLORIN RD,Sacramento,California,46375,2132.2,Sacramento,93198.0,38.51273,-121.49556,2,65,110,26,17326
4832,95829,825000.0,3,4,2637,10051 DAGWOOD WAY,Sacramento,California,30594,581.7,Sacramento,126052.0,38.48759,-121.33326,6,65,110,26,4643
33655,95828,418000.0,3,2,1025,107 PRAIRIE CIR,Sacramento,California,61730,1921.6,Sacramento,90500.0,38.48943,-121.39598,3,65,110,26,32647
2340,95818,699000.0,3,3,1620,2383 CROATIA WALK,Sacramento,California,22423,2243.3,Sacramento,146969.0,38.55579,-121.49669,5,65,110,26,2254
8366,95816,595000.0,2,2,996,2426 Q ST,Sacramento,California,18033,2551.8,Sacramento,113303.0,38.57555,-121.46543,4,65,110,26,8069
17887,95820,299888.0,3,1,1096,3813 23RD AVE,Sacramento,California,36224,2655.3,Sacramento,83160.0,38.53491,-121.4442,2,65,110,26,17320
26669,95842,230000.0,2,1,840,4716 GREENHOLME DR APT 2,Sacramento,California,34578,3361.4,Sacramento,74618.0,38.687,-121.34889,1,65,110,26,25919
33740,95838,399000.0,3,2,1280,3941 CLAY ST,Sacramento,California,41438,1738.1,Sacramento,76618.0,38.64708,-121.44312,3,65,110,26,32732
33675,95829,495000.0,3,2,1339,7881 DERSINGHAM DR,Sacramento,California,30594,581.7,Sacramento,126052.0,38.48759,-121.33326,3,65,110,26,32667
33649,95827,500000.0,4,2,1587,3305 GLENMOOR DR,Sacramento,California,21241,916.8,Sacramento,93815.0,38.55151,-121.3253,3,65,110,26,32641
19429,95818,899000.0,4,4,1998,2102 13TH ST,Sacramento,California,22423,2243.3,Sacramento,146969.0,38.55579,-121.49669,7,65,110,26,18817
2363,95825,750000.0,3,2,2058,2243 SIERRA BLVD,Sacramento,California,37522,3111.8,Sacramento,72525.0,38.5901,-121.40644,5,65,110,26,2277
8466,95829,519999.0,3,3,1438,7506 CLEAR LAKE ALY,Sacramento,California,30594,581.7,Sacramento,126052.0,38.48759,-121.33326,4,65,110,26,8168
8414,95822,599000.0,3,2,1636,5626 CAPSTAN WAY,Sacramento,California,46375,2132.2,Sacramento,93198.0,38.51273,-121.49556,4,65,110,26,8117
36890,95864,1275000.0,4,4,3359,4100 LOS COCHES WAY,Sacramento,California,25367,1559.6,Sacramento,178381.0,38.58512,-121.37655,10,65,110,26,35835
33759,95841,450000.0,4,2,1580,5300 LEADER AVE,Sacramento,California,20892,2069.5,Sacramento,82502.0,38.66031,-121.34812,3,65,110,26,32751
33732,95835,455000.0,2,2,1296,2389 COTTERDALE ALY,Sacramento,California,41051,1785.0,Sacramento,132611.0,38.67088,-121.52464,3,65,110,26,32724
8428,95826,560000.0,4,2,1631,9005 HARVEST WAY,Sacramento,California,40847,1496.6,Sacramento,93008.0,38.54554,-121.37885,4,65,110,26,8131
8420,95823,550000.0,4,2,1587,26 TEARPAK CT,Sacramento,California,83021,2792.5,Sacramento,74523.0,38.47473,-121.44266,4,65,110,26,8123
26658,95838,209900.0,3,2,1400,81 VILLAGE CIR,Sacramento,California,41438,1738.1,Sacramento,76618.0,38.64708,-121.44312,1,65,110,26,25910
8432,95826,519900.0,3,2,1448,8310 REED CT,Sacramento,California,40847,1496.6,Sacramento,93008.0,38.54554,-121.37885,4,65,110,26,8135
8528,95835,519000.0,3,2,1428,29 SOUTHBURY CT,Sacramento,California,41051,1785.0,Sacramento,132611.0,38.67088,-121.52464,4,65,110,26,8230
2337,95817,699000.0,4,3,1698,500 FAIRGROUNDS DR,Sacramento,California,14109,2405.2,Sacramento,81235.0,38.55057,-121.45713,5,65,110,26,2251
2396,95835,665000.0,3,3,2356,2608 INGLETON LN,Sacramento,California,41051,1785.0,Sacramento,132611.0,38.67088,-121.52464,5,65,110,26,2309
8446,95828,535000.0,4,3,1656,8388 YERMO WAY,Sacramento,California,61730,1921.6,Sacramento,90500.0,38.48943,-121.39598,4,65,110,26,8149
19436,95841,935000.0,4,3,2523,4125 PARK RD,Sacramento,California,20892,2069.5,Sacramento,82502.0,38.66031,-121.34812,7,65,110,26,18824
17900,95823,349999.0,2,2,996,107 CEDAR ROCK CIR,Sacramento,California,83021,2792.5,Sacramento,74523.0,38.47473,-121.44266,2,65,110,26,17333
4826,95819,849000.0,3,2,1778,4460 C ST,Sacramento,California,20146,2157.0,Sacramento,156095.0,38.56816,-121.43772,6,65,110,26,4637
8423,95825,549500.0,4,2,1444,2009 RICHMOND ST,Sacramento,California,37522,3111.8,Sacramento,72525.0,38.5901,-121.40644,4,65,110,26,8126
17973,95841,359900.0,3,2,1303,4705 XAVIER CT,Sacramento,California,20892,2069.5,Sacramento,82502.0,38.66031,-121.34812,2,65,110,26,17405
19424,95811,949000.0,1,2,1044,1818 L ST UNIT 807,Sacramento,California,7432,1238.8,Sacramento,101073.0,38.58761,-121.49077,7,65,110,26,18812
26652,95828,249000.0,3,1,888,7600 53RD AVE,Sacramento,California,61730,1921.6,Sacramento,90500.0,38.48943,-121.39598,1,65,110,26,25904
8368,95816,525000.0,2,1,1324,810 38TH ST,Sacramento,California,18033,2551.8,Sacramento,113303.0,38.57555,-121.46543,4,65,110,26,8071
33748,95838,420000.0,2,1,805,1521 GRACE AVE,Sacramento,California,41438,1738.1,Sacramento,76618.0,38.64708,-121.44312,3,65,110,26,32740
8431,95826,519500.0,4,2,1472,9114 TRUJILLO WAY,Sacramento,California,40847,1496.6,Sacramento,93008.0,38.54554,-121.37885,4,65,110,26,8134
17913,95824,340000.0,3,1,875,5713 39TH ST,Sacramento,California,30783,2980.4,Sacramento,68556.0,38.51746,-121.44147,2,65,110,26,17346
17860,95815,269000.0,2,1,742,2730 BERGER AVE,Sacramento,California,26211,1322.4,Sacramento,76549.0,38.60544,-121.44497,2,65,110,26,17293
8480,95831,575000.0,4,2,1421,1320 MUNGER WAY,Sacramento,California,43683,2411.1,Sacramento,121600.0,38.49599,-121.52948,4,65,110,26,8182
2380,95831,700000.0,4,2,2462,71 PARKLITE CIR,Sacramento,California,43683,2411.1,Sacramento,121600.0,38.49599,-121.52948,5,65,110,26,2293
33679,95829,479900.0,3,2,1339,7943 ESKDALE CT,Sacramento,California,30594,581.7,Sacramento,126052.0,38.48759,-121.33326,3,65,110,26,32671
26643,95826,223000.0,2,1,795,9004 EL CAJON WAY APT 1,Sacramento,California,40847,1496.6,Sacramento,93008.0,38.54554,-121.37885,1,65,110,26,25895
33608,95823,398000.0,3,2,1466,4170 ARCHEAN WAY,Sacramento,California,83021,2792.5,Sacramento,74523.0,38.47473,-121.44266,3,65,110,26,32600
33525,95815,450000.0,3,2,1441,256 LINDLEY DR,Sacramento,California,26211,1322.4,Sacramento,76549.0,38.60544,-121.44497,3,65,110,26,32517
8383,95818,629990.0,2,2,1131,2125 PORTOLA WAY,Sacramento,California,22423,2243.3,Sacramento,146969.0,38.55579,-121.49669,4,65,110,26,8086
26672,95842,185000.0,2,2,944,5616 HAMILTON ST APT 106,Sacramento,California,34578,3361.4,Sacramento,74618.0,38.687,-121.34889,1,65,110,26,25922
33739,95835,490000.0,2,2,1557,200 MILL VALLEY CIR N,Sacramento,California,41051,1785.0,Sacramento,132611.0,38.67088,-121.52464,3,65,110,26,32731
8421,95823,511000.0,3,2,1478,7001 CLEARBROOK WAY,Sacramento,California,83021,2792.5,Sacramento,74523.0,38.47473,-121.44266,4,65,110,26,8124
8458,95829,533444.0,3,2,1281,9493 DEL SEIS DRIVE,Sacramento,California,30594,581.7,Sacramento,126052.0,38.48759,-121.33326,4,65,110,26,8161
33539,95817,459900.0,2,1,950,3435 TRUCKEE WAY,Sacramento,California,14109,2405.2,Sacramento,81235.0,38.55057,-121.45713,3,65,110,26,32531
33766,95842,400000.0,3,2,1092,4612 JION CT,Sacramento,California,34578,3361.4,Sacramento,74618.0,38.687,-121.34889,3,65,110,26,32758
33645,95826,449000.0,3,2,1100,8542 EVERGLADE DR,Sacramento,California,40847,1496.6,Sacramento,93008.0,38.54554,-121.37885,3,65,110,26,32637
8512,95834,518500.0,3,3,1838,3679 SARDINIA ISLAND WAY,Sacramento,California,33102,1282.7,Sacramento,111529.0,38.64207,-121.51967,4,65,110,26,8214
2361,95822,659900.0,3,3,1577,4949 ESMA JANE LANE,Sacramento,California,46375,2132.2,Sacramento,93198.0,38.51273,-121.49556,5,65,110,26,2275
8539,95835,622500.0,5,3,2493,2157 PROMISE WAY,Sacramento,California,41051,1785.0,Sacramento,132611.0,38.67088,-121.52464,4,65,110,26,8241
4830,95829,790316.0,4,4,3392,0 LAKE ALMANOR CIRCLE,Sacramento,California,30594,581.7,Sacramento,126052.0,38.48759,-121.33326,6,65,110,26,4641
36324,95827,125000.0,2,2,1248,23 TEMPLE,Sacramento,California,21241,916.8,Sacramento,93815.0,38.55151,-121.3253,0,65,110,26,35290
8365,95815,624999.0,3,2,1687,192 SOUTHGATE RD,Sacramento,California,26211,1322.4,Sacramento,76549.0,38.60544,-121.44497,4,65,110,26,8068
33629,95825,475000.0,3,3,1355,554 HARTNELL PL,Sacramento,California,37522,3111.8,Sacramento,72525.0,38.5901,-121.40644,3,65,110,26,32621
8395,95820,510000.0,2,1,744,5073 9TH AVE,Sacramento,California,36224,2655.3,Sacramento,83160.0,38.53491,-121.4442,4,65,110,26,8098
33742,95838,480000.0,4,3,1714,24 POINSETTIA CT,Sacramento,California,41438,1738.1,Sacramento,76618.0,38.64708,-121.44312,3,65,110,26,32734
33657,95828,389000.0,4,2,1524,8551 NAPIER WAY,Sacramento,California,61730,1921.6,Sacramento,90500.0,38.48943,-121.39598,3,65,110,26,32649
26651,95828,169999.0,3,2,1620,6740 CAPITAL CIR,Sacramento,California,61730,1921.6,Sacramento,90500.0,38.48943,-121.39598,1,65,110,26,25903
33669,95828,495000.0,4,3,1613,7741 TEMWOODS WAY,Sacramento,California,61730,1921.6,Sacramento,90500.0,38.48943,-121.39598,3,65,110,26,32661
8364,95814,548000.0,2,2,1261,500 N ST UNIT 205,Sacramento,California,12302,3401.6,Sacramento,72656.0,38.58064,-121.49488,4,65,110,26,8067
33760,95841,399000.0,4,1,1314,4915 SUNSHINE LN,Sacramento,California,20892,2069.5,Sacramento,82502.0,38.66031,-121.34812,3,65,110,26,32752
36889,95831,1290000.0,6,5,4319,170 AUDUBON CIR,Sacramento,California,43683,2411.1,Sacramento,121600.0,38.49599,-121.52948,10,65,110,26,35834
2382,95831,679000.0,3,2,2182,6243 FORDHAM WAY,Sacramento,California,43683,2411.1,Sacramento,121600.0,38.49599,-121.52948,5,65,110,26,2295
26626,95823,165000.0,3,2,1272,3950 MACK RD SPC 173,Sacramento,California,83021,2792.5,Sacramento,74523.0,38.47473,-121.44266,1,65,110,26,25878
33723,95834,490000.0,4,4,1920,4476 CORSE WALK,Sacramento,California,33102,1282.7,Sacramento,111529.0,38.64207,-121.51967,3,65,110,26,32715
33787,95864,499900.0,3,2,1392,3031 NORTHROP AVE,Sacramento,California,25367,1559.6,Sacramento,178381.0,38.58512,-121.37655,3,65,110,26,32779
33640,95826,495000.0,3,2,1296,8213 LAKE FOREST DR,Sacramento,California,40847,1496.6,Sacramento,93008.0,38.54554,-121.37885,3,65,110,26,32632
33588,95822,459000.0,3,2,1152,1431 OAKHURST WAY,Sacramento,California,46375,2132.2,Sacramento,93198.0,38.51273,-121.49556,3,65,110,26,32580
2356,95821,659000.0,3,3,2306,3313 LYNNE WAY,Sacramento,California,37473,2048.8,Sacramento,85727.0,38.62541,-121.38479,5,65,110,26,2270
33722,95834,465000.0,3,3,1394,4359 BASTILLE WALK,Sacramento,California,33102,1282.7,Sacramento,111529.0,38.64207,-121.51967,3,65,110,26,32714
26664,95838,195900.0,3,2,1272,151 VILLAGE CIR,Sacramento,California,41438,1738.1,Sacramento,76618.0,38.64708,-121.44312,1,65,110,26,25915
33619,95823,439000.0,3,3,1568,5385 YVETTE WAY,Sacramento,California,83021,2792.5,Sacramento,74523.0,38.47473,-121.44266,3,65,110,26,32611
3213,95819,1100000.0,3,2,1727,1524 40TH ST,Sacramento,California,20146,2157.0,Sacramento,156095.0,38.56816,-121.43772,8,65,110,26,3080
33527,95815,415000.0,3,2,1227,2101 WATERFORD RD,Sacramento,California,26211,1322.4,Sacramento,76549.0,38.60544,-121.44497,3,65,110,26,32519
27402,95818,1200000.0,3,2,1878,2285 5TH AVE,Sacramento,California,22423,2243.3,Sacramento,146969.0,38.55579,-121.49669,9,65,110,26,26629
33591,95822,450000.0,3,2,1314,1984 67TH AVE,Sacramento,California,46375,2132.2,Sacramento,93198.0,38.51273,-121.49556,3,65,110,26,32583
8398,95821,550000.0,3,2,1240,4104 BOONE LN,Sacramento,California,37473,2048.8,Sacramento,85727.0,38.62541,-121.38479,4,65,110,26,8101
2341,95818,675000.0,2,1,1007,1828 CARAMAY WAY,Sacramento,California,22423,2243.3,Sacramento,146969.0,38.55579,-121.49669,5,65,110,26,2255
2369,95829,725000.0,3,2,2507,8271 COUNTRY RANCH DR,Sacramento,California,30594,581.7,Sacramento,126052.0,38.48759,-121.33326,5,65,110,26,2283
33683,95831,419000.0,3,3,1635,11 PARK PLACE CT,Sacramento,California,43683,2411.1,Sacramento,121600.0,38.49599,-121.52948,3,65,110,26,32675
4836,95831,799900.0,3,2,2062,6440 FORDHAM WAY,Sacramento,California,43683,2411.1,Sacramento,121600.0,38.49599,-121.52948,6,65,110,26,4647
8447,95828,565000.0,5,3,2343,8160 POINT LOMA WAY,Sacramento,California,61730,1921.6,Sacramento,90500.0,38.48943,-121.39598,4,65,110,26,8150
8527,95835,547000.0,3,3,1685,5448 NICKMAN WAY,Sacramento,California,41051,1785.0,Sacramento,132611.0,38.67088,-121.52464,4,65,110,26,8229
17917,95824,325000.0,2,1,889,5904 DEWEY BLVD,Sacramento,California,30783,2980.4,Sacramento,68556.0,38.51746,-121.44147,2,65,110,26,17350
17983,95842,375000.0,3,1,950,4708 PEALE DR,Sacramento,California,34578,3361.4,Sacramento,74618.0,38.687,-121.34889,2,65,110,26,17414
36330,95828,59000.0,2,1,650,7551 HAZELNUT LN,Sacramento,California,61730,1921.6,Sacramento,90500.0,38.48943,-121.39598,0,65,110,26,35296
33598,95823,459900.0,3,2,1087,5430 MUSKINGHAM WAY,Sacramento,California,83021,2792.5,Sacramento,74523.0,38.47473,-121.44266,3,65,110,26,32590
8476,95831,550000.0,3,2,1350,541 LITTLE RIVER WAY,Sacramento,California,43683,2411.1,Sacramento,121600.0,38.49599,-121.52948,4,65,110,26,8178
8486,95831,599950.0,3,2,1569,1397 PALOMAR CIR,Sacramento,California,43683,2411.1,Sacramento,121600.0,38.49599,-121.52948,4,65,110,26,8188
26650,95828,195000.0,3,2,1760,55 ROBLES ST,Sacramento,California,61730,1921.6,Sacramento,90500.0,38.48943,-121.39598,1,65,110,26,25902
8517,95835,615000.0,4,2,2066,2675 MAYBROOK DR,Sacramento,California,41051,1785.0,Sacramento,132611.0,38.67088,-121.52464,4,65,110,26,8219
8540,95835,525000.0,3,2,1358,1585 ALICIA WAY,Sacramento,California,41051,1785.0,Sacramento,132611.0,38.67088,-121.52464,4,65,110,26,8242
4828,95821,789000.0,4,3,3024,2830 MORSE AVE,Sacramento,California,37473,2048.8,Sacramento,85727.0,38.62541,-121.38479,6,65,110,26,4639
33738,95835,425000.0,2,2,1519,5350 DUNLAY DR UNIT 3411,Sacramento,California,41051,1785.0,Sacramento,132611.0,38.67088,-121.52464,3,65,110,26,32730
26624,95823,200000.0,2,1,795,10 LA PERA CT APT 1,Sacramento,California,83021,2792.5,Sacramento,74523.0,38.47473,-121.44266,1,65,110,26,25876
33647,95827,399900.0,3,2,1130,9439 FORT WORTH WAY,Sacramento,California,21241,916.8,Sacramento,93815.0,38.55151,-121.3253,3,65,110,26,32639
33729,95835,425000.0,1,2,1399,2223 RYEDALE LN,Sacramento,California,41051,1785.0,Sacramento,132611.0,38.67088,-121.52464,3,65,110,26,32721
17989,95864,365000.0,2,1,1170,1217 GREENHILLS RD,Sacramento,California,25367,1559.6,Sacramento,178381.0,38.58512,-121.37655,2,65,110,26,17420
17881,95820,365000.0,3,1,875,4213 35TH ST,Sacramento,California,36224,2655.3,Sacramento,83160.0,38.53491,-121.4442,2,65,110,26,17314
33613,95823,495000.0,3,2,1618,4440 TURNBRIDGE DR,Sacramento,California,83021,2792.5,Sacramento,74523.0,38.47473,-121.44266,3,65,110,26,32605
33772,95842,485000.0,3,2,1208,5416 SAWTOOTH CT,Sacramento,California,34578,3361.4,Sacramento,74618.0,38.687,-121.34889,3,65,110,26,32764
33577,95822,424900.0,3,2,1311,7072 REMO WAY,Sacramento,California,46375,2132.2,Sacramento,93198.0,38.51273,-121.49556,3,65,110,26,32569
8380,95818,590000.0,2,1,1032,1833 2ND AVE,Sacramento,California,22423,2243.3,Sacramento,146969.0,38.55579,-121.49669,4,65,110,26,8083
26646,95827,179999.0,4,2,1650,3102 FEDERALIST LN # 59,Sacramento,California,21241,916.8,Sacramento,93815.0,38.55151,-121.3253,1,65,110,26,25898
33597,95823,459900.0,3,2,1406,4040 MANHATTAN CIR,Sacramento,California,83021,2792.5,Sacramento,74523.0,38.47473,-121.44266,3,65,110,26,32589
17898,95822,345000.0,2,1,825,5677 JOHNS DR,Sacramento,California,46375,2132.2,Sacramento,93198.0,38.51273,-121.49556,2,65,110,26,17331
33580,95822,469000.0,3,2,1227,2132 15TH AVE,Sacramento,California,46375,2132.2,Sacramento,93198.0,38.51273,-121.49556,3,65,110,26,32572
33646,95826,435000.0,3,2,1465,9213 CONDESA DR,Sacramento,California,40847,1496.6,Sacramento,93008.0,38.54554,-121.37885,3,65,110,26,32638
33705,95833,479999.0,4,2,1487,2901 BARONET WAY,Sacramento,California,40853,1950.1,Sacramento,104788.0,38.61529,-121.51558,3,65,110,26,32697
8371,95817,534900.0,2,1,1030,3417 V ST,Sacramento,California,14109,2405.2,Sacramento,81235.0,38.55057,-121.45713,4,65,110,26,8074
17988,95864,335000.0,3,2,1065,1155 RIVARA CIR,Sacramento,California,25367,1559.6,Sacramento,178381.0,38.58512,-121.37655,2,65,110,26,17419
17970,95838,360000.0,2,1,785,3845 IVY ST,Sacramento,California,41438,1738.1,Sacramento,76618.0,38.64708,-121.44312,2,65,110,26,17402
19430,95819,989000.0,4,2,2085,5712 MCADOO AVE,Sacramento,California,20146,2157.0,Sacramento,156095.0,38.56816,-121.43772,7,65,110,26,18818
26666,95838,219900.0,3,2,1368,104 VILLAGE CIR,Sacramento,California,41438,1738.1,Sacramento,76618.0,38.64708,-121.44312,1,65,110,26,25916
33743,95838,450000.0,4,2,2033,2013 VERANO ST,Sacramento,California,41438,1738.1,Sacramento,76618.0,38.64708,-121.44312,3,65,110,26,32735
8471,95829,562149.0,3,2,1516,8222 COURAGE DRIVE,Sacramento,California,30594,581.7,Sacramento,126052.0,38.48759,-121.33326,4,65,110,26,8173
8408,95821,575000.0,3,2,1682,3241 POTTER LN,Sacramento,California,37473,2048.8,Sacramento,85727.0,38.62541,-121.38479,4,65,110,26,8111
8464,95829,558894.0,3,2,1516,8249 COURAGE DRIVE,Sacramento,California,30594,581.7,Sacramento,126052.0,38.48759,-121.33326,4,65,110,26,8167
17875,95820,339000.0,2,1,887,4410 ORINDA WAY,Sacramento,California,36224,2655.3,Sacramento,83160.0,38.53491,-121.4442,2,65,110,26,17308
8475,95831,509000.0,3,2,1519,7329 BARR WAY,Sacramento,California,43683,2411.1,Sacramento,121600.0,38.49599,-121.52948,4,65,110,26,8177
8494,95833,595000.0,3,3,1757,2512 BURNABY WAY,Sacramento,California,40853,1950.1,Sacramento,104788.0,38.61529,-121.51558,4,65,110,26,8196
17870,95817,370000.0,2,1,922,3461 36TH ST,Sacramento,California,14109,2405.2,Sacramento,81235.0,38.55057,-121.45713,2,65,110,26,17303
8552,95864,555000.0,3,2,1428,4256 BIRGIT WAY,Sacramento,California,25367,1559.6,Sacramento,178381.0,38.58512,-121.37655,4,65,110,26,8254
2392,95835,675000.0,4,3,2483,5548 DALHART WAY,Sacramento,California,41051,1785.0,Sacramento,132611.0,38.67088,-121.52464,5,65,110,26,2305
2343,95818,700000.0,3,3,1976,1427 W ST,Sacramento,California,22423,2243.3,Sacramento,146969.0,38.55579,-121.49669,5,65,110,26,2257
8479,95831,557500.0,3,2,1808,121 FORTADO CIR,Sacramento,California,43683,2411.1,Sacramento,121600.0,38.49599,-121.52948,4,65,110,26,8181
26645,95826,232000.0,2,1,795,9051 MONTOYA ST APT 1,Sacramento,California,40847,1496.6,Sacramento,93008.0,38.54554,-121.37885,1,65,110,26,25897
26659,95838,203900.0,3,2,1620,59 KIT LN,Sacramento,California,41438,1738.1,Sacramento,76618.0,38.64708,-121.44312,1,65,110,26,25911
33747,95838,399000.0,2,1,1176,4524 RALEY BLVD,Sacramento,California,41438,1738.1,Sacramento,76618.0,38.64708,-121.44312,3,65,110,26,32739
26638,95825,239888.0,1,1,642,987 FULTON AVE APT 475,Sacramento,California,37522,3111.8,Sacramento,72525.0,38.5901,-121.40644,1,65,110,26,25890
33611,95823,399900.0,3,2,1132,4421 STONEHEDGE WAY,Sacramento,California,83021,2792.5,Sacramento,74523.0,38.47473,-121.44266,3,65,110,26,32603
2334,95816,692000.0,3,3,1449,846 27TH ST,Sacramento,California,18033,2551.8,Sacramento,113303.0,38.57555,-121.46543,5,65,110,26,2248
33545,95820,389000.0,3,1,1392,5375 MENDOCINO BLVD,Sacramento,California,36224,2655.3,Sacramento,83160.0,38.53491,-121.4442,3,65,110,26,32537
2393,95835,745000.0,5,4,2938,1721 EDGEMORE AVE,Sacramento,California,41051,1785.0,Sacramento,132611.0,38.67088,-121.52464,5,65,110,26,2306
19435,95831,949900.0,3,3,2023,6708 BREAKWATER WAY,Sacramento,California,43683,2411.1,Sacramento,121600.0,38.49599,-121.52948,7,65,110,26,18823
8418,95822,619900.0,3,3,1586,4917 ESMA JANE LANE,Sacramento,California,46375,2132.2,Sacramento,93198.0,38.51273,-121.49556,4,65,110,26,8121
33553,95820,430000.0,3,1,1273,4540 12TH AVE,Sacramento,California,36224,2655.3,Sacramento,83160.0,38.53491,-121.4442,3,65,110,26,32545
2398,95864,649000.0,3,1,1422,1012 LA SALLE DR,Sacramento,California,25367,1559.6,Sacramento,178381.0,38.58512,-121.37655,5,65,110,26,2311
33727,95834,495000.0,3,3,1763,4118 NATOMAS CENTRAL DR,Sacramento,California,33102,1282.7,Sacramento,111529.0,38.64207,-121.51967,3,65,110,26,32719
17953,95835,314900.0,1,1,846,4800 WESTLAKE PKWY UNIT 308,Sacramento,California,41051,1785.0,Sacramento,132611.0,38.67088,-121.52464,2,65,110,26,17386
33628,95825,449000.0,2,3,1748,2501 EXETER SQUARE LN,Sacramento,California,37522,3111.8,Sacramento,72525.0,38.5901,-121.40644,3,65,110,26,32620
26673,95842,179900.0,4,2,1550,7449 AZIMUTH LN,Sacramento,California,34578,3361.4,Sacramento,74618.0,38.687,-121.34889,1,65,110,26,25923
8504,95834,529900.0,3,2,1441,351 GROTH CIR,Sacramento,California,33102,1282.7,Sacramento,111529.0,38.64207,-121.51967,4,65,110,26,8206
8392,95820,525000.0,3,2,1000,5535 8TH AVE,Sacramento,California,36224,2655.3,Sacramento,83160.0,38.53491,-121.4442,4,65,110,26,8095
33668,95828,449000.0,4,3,1968,6940 CHANDLER DR,Sacramento,California,61730,1921.6,Sacramento,90500.0,38.48943,-121.39598,3,65,110,26,32660
33554,95820,433000.0,3,2,1201,4501 78TH ST,Sacramento,California,36224,2655.3,Sacramento,83160.0,38.53491,-121.4442,3,65,110,26,32546
8410,95821,599000.0,3,2,1540,3069 BERTIS DR,Sacramento,California,37473,2048.8,Sacramento,85727.0,38.62541,-121.38479,4,65,110,26,8113
8541,95835,599999.0,4,3,2238,16 MERAMEC BLUFF PL,Sacramento,California,41051,1785.0,Sacramento,132611.0,38.67088,-121.52464,4,65,110,26,8243
8373,95817,598888.0,3,2,1305,6301 3RD AVE,Sacramento,California,14109,2405.2,Sacramento,81235.0,38.55057,-121.45713,4,65,110,26,8076
8426,95826,520000.0,4,2,2052,2917 OCCIDENTAL DR,Sacramento,California,40847,1496.6,Sacramento,93008.0,38.54554,-121.37885,4,65,110,26,8129
17919,95824,318000.0,2,1,1039,5631 SAMPSON BLVD,Sacramento,California,30783,2980.4,Sacramento,68556.0,38.51746,-121.44147,2,65,110,26,17352
26620,95815,199900.0,1,1,792,526 REDWOOD AVE,Sacramento,California,26211,1322.4,Sacramento,76549.0,38.60544,-121.44497,1,65,110,26,25872
8550,95864,569000.0,3,2,1282,2412 CATHAY WAY,Sacramento,California,25367,1559.6,Sacramento,178381.0,38.58512,-121.37655,4,65,110,26,8252
17980,95841,295000.0,2,1,959,5828 PEPPERMILL CT APT 1,Sacramento,California,20892,2069.5,Sacramento,82502.0,38.66031,-121.34812,2,65,110,26,17411
33694,95832,385000.0,3,2,1069,7620 DETROIT BLVD,Sacramento,California,13446,624.7,Sacramento,83054.0,38.43979,-121.49888,3,65,110,26,32686
33648,95827,395000.0,2,1,936,9912 METEOR DR,Sacramento,California,21241,916.8,Sacramento,93815.0,38.55151,-121.3253,3,65,110,26,32640
26636,95825,220000.0,1,1,668,879 WOODSIDE LN E UNIT 5,Sacramento,California,37522,3111.8,Sacramento,72525.0,38.5901,-121.40644,1,65,110,26,25888
33752,95838,475000.0,4,2,1517,2231 HARRIS AVE,Sacramento,California,41438,1738.1,Sacramento,76618.0,38.64708,-121.44312,3,65,110,26,32744
17949,95834,307614.0,3,3,1490,2520 JOHN GLENN WAY,Sacramento,California,33102,1282.7,Sacramento,111529.0,38.64207,-121.51967,2,65,110,26,17382
8390,95820,549900.0,9,5,4222,4625 PARKER AVE,Sacramento,California,36224,2655.3,Sacramento,83160.0,38.53491,-121.4442,4,65,110,26,8093
33701,95833,399999.0,2,3,1469,2580 W EL CAMINO AVE UNIT 5105,Sacramento,California,40853,1950.1,Sacramento,104788.0,38.61529,-121.51558,3,65,110,26,32693
8377,95817,600000.0,2,2,1303,5200 V ST,Sacramento,California,14109,2405.2,Sacramento,81235.0,38.55057,-121.45713,4,65,110,26,8080
17962,95838,329000.0,2,1,2189,2009 VERANO ST,Sacramento,California,41438,1738.1,Sacramento,76618.0,38.64708,-121.44312,2,65,110,26,17395
33537,95817,459000.0,4,2,1008,4101 4TH AVE,Sacramento,California,14109,2405.2,Sacramento,81235.0,38.55057,-121.45713,3,65,110,26,32529
8546,95841,525000.0,3,2,1200,6112 SHENANDOAH DR,Sacramento,California,20892,2069.5,Sacramento,82502.0,38.66031,-121.34812,4,65,110,26,8248
4829,95822,830000.0,5,3,2265,1620 SUTTERVILLE RD,Sacramento,California,46375,2132.2,Sacramento,93198.0,38.51273,-121.49556,6,65,110,26,4640
33725,95834,384900.0,2,2,1156,4000 INNOVATOR DR UNIT 18104,Sacramento,California,33102,1282.7,Sacramento,111529.0,38.64207,-121.51967,3,65,110,26,32717
33753,95841,469000.0,3,2,1106,5001 DATE AVE,Sacramento,California,20892,2069.5,Sacramento,82502.0,38.66031,-121.34812,3,65,110,26,32745
33633,95825,439900.0,3,3,1355,2117 CORTEZ LN,Sacramento,California,37522,3111.8,Sacramento,72525.0,38.5901,-121.40644,3,65,110,26,32625
17951,95834,327500.0,2,2,958,4200 E COMMERCE WAY UNIT 922,Sacramento,California,33102,1282.7,Sacramento,111529.0,38.64207,-121.51967,2,65,110,26,17384
33689,95832,445000.0,4,3,1630,7796 LARAMORE WAY,Sacramento,California,13446,624.7,Sacramento,83054.0,38.43979,-121.49888,3,65,110,26,32681
33713,95833,495000.0,3,2,1627,15 EL CONDE CT,Sacramento,California,40853,1950.1,Sacramento,104788.0,38.61529,-121.51558,3,65,110,26,32705
26635,95825,239000.0,1,1,733,546 WOODSIDE OAKS APT 6,Sacramento,California,37522,3111.8,Sacramento,72525.0,38.5901,-121.40644,1,65,110,26,25887
33569,95821,425000.0,4,2,1452,2129 MARCONI AVE,Sacramento,California,37473,2048.8,Sacramento,85727.0,38.62541,-121.38479,3,65,110,26,32561
33565,95821,425000.0,6,3,2486,3842 ANNADALE LN,Sacramento,California,37473,2048.8,Sacramento,85727.0,38.62541,-121.38479,3,65,110,26,32557
2360,95822,675000.0,4,3,2177,1490 43RD AVE,Sacramento,California,46375,2132.2,Sacramento,93198.0,38.51273,-121.49556,5,65,110,26,2274
33630,95825,465000.0,3,2,1537,2508 LAREDO RD,Sacramento,California,37522,3111.8,Sacramento,72525.0,38.5901,-121.40644,3,65,110,26,32622
33716,95833,475000.0,3,3,1567,2611 KLAYKO ST,Sacramento,California,40853,1950.1,Sacramento,104788.0,38.61529,-121.51558,3,65,110,26,32708
33717,95833,449000.0,3,2,1256,1802 BRIDGECREEK DR,Sacramento,California,40853,1950.1,Sacramento,104788.0,38.61529,-121.51558,3,65,110,26,32709
8459,95829,574990.0,4,3,2125,7681 BAREBOW WAY,Sacramento,California,30594,581.7,Sacramento,126052.0,38.48759,-121.33326,4,65,110,26,8162
33771,95842,399900.0,3,2,1092,4761 OAKHOLLOW DR,Sacramento,California,34578,3361.4,Sacramento,74618.0,38.687,-121.34889,3,65,110,26,32763
33576,95821,385000.0,3,1,1368,2121 MARCONI AVE,Sacramento,California,37473,2048.8,Sacramento,85727.0,38.62541,-121.38479,3,65,110,26,32568
8394,95820,626500.0,4,3,2721,4804 YOSEMITE AVE,Sacramento,California,36224,2655.3,Sacramento,83160.0,38.53491,-121.4442,4,65,110,26,8097
2365,95827,699900.0,5,3,2484,3541 MADDIEWOOD CIR,Sacramento,California,21241,916.8,Sacramento,93815.0,38.55151,-121.3253,5,65,110,26,2279
33780,95842,439950.0,4,2,1200,4400 BISHOP WAY,Sacramento,California,34578,3361.4,Sacramento,74618.0,38.687,-121.34889,3,65,110,26,32772
2386,95834,669000.0,4,3,2265,3778 LAKE KATIE WAY,Sacramento,California,33102,1282.7,Sacramento,111529.0,38.64207,-121.51967,5,65,110,26,2299
8442,95828,510000.0,3,3,1741,29 LAKE HOUSE CT,Sacramento,California,61730,1921.6,Sacramento,90500.0,38.48943,-121.39598,4,65,110,26,8145
17956,95835,329000.0,1,1,803,2001 CLUB CENTER DR APT 8115,Sacramento,California,41051,1785.0,Sacramento,132611.0,38.67088,-121.52464,2,65,110,26,17389
19431,95819,999000.0,3,2,1876,5625 M ST,Sacramento,California,20146,2157.0,Sacramento,156095.0,38.56816,-121.43772,7,65,110,26,18819
33530,95815,435000.0,3,2,1518,1917 KEITH WAY,Sacramento,California,26211,1322.4,Sacramento,76549.0,38.60544,-121.44497,3,65,110,26,32522
36322,95823,59000.0,2,1,430,7770 WHISPERING PALMS DR,Sacramento,California,83021,2792.5,Sacramento,74523.0,38.47473,-121.44266,0,65,110,26,35288
17957,95838,349000.0,3,1,970,313 ANDERSON CT,Sacramento,California,41438,1738.1,Sacramento,76618.0,38.64708,-121.44312,2,65,110,26,17390
33593,95822,418000.0,3,1,1024,5648 EL GRANERO WAY,Sacramento,California,46375,2132.2,Sacramento,93198.0,38.51273,-121.49556,3,65,110,26,32585
8515,95835,619800.0,5,3,2494,2962 QUINTER WAY,Sacramento,California,41051,1785.0,Sacramento,132611.0,38.67088,-121.52464,4,65,110,26,8217
8402,95821,536000.0,3,2,1481,3404 TOLEDO WAY,Sacramento,California,37473,2048.8,Sacramento,85727.0,38.62541,-121.38479,4,65,110,26,8105
8538,95835,539500.0,3,2,1765,291 ODELL CIR,Sacramento,California,41051,1785.0,Sacramento,132611.0,38.67088,-121.52464,4,65,110,26,8240
8511,95834,585000.0,2,2,1743,4037 DON RIVER LN,Sacramento,California,33102,1282.7,Sacramento,111529.0,38.64207,-121.51967,4,65,110,26,8213
4834,95831,799000.0,5,3,2854,7747 DUTRA BEND DR,Sacramento,California,43683,2411.1,Sacramento,121600.0,38.49599,-121.52948,6,65,110,26,4645
33644,95826,479000.0,3,3,1506,7969 LA RIVIERA DR,Sacramento,California,40847,1496.6,Sacramento,93008.0,38.54554,-121.37885,3,65,110,26,32636
8489,95833,514900.0,3,2,1757,3036 TINTORERA WAY,Sacramento,California,40853,1950.1,Sacramento,104788.0,38.61529,-121.51558,4,65,110,26,8191
8514,95834,519000.0,4,3,1823,320 PENHOW CIR,Sacramento,California,33102,1282.7,Sacramento,111529.0,38.64207,-121.51967,4,65,110,26,8216
33702,95833,455000.0,3,2,1627,2013 LAS COCHES WAY,Sacramento,California,40853,1950.1,Sacramento,104788.0,38.61529,-121.51558,3,65,110,26,32694
17918,95824,330000.0,3,2,1059,6716 ELDER CREEK RD,Sacramento,California,30783,2980.4,Sacramento,68556.0,38.51746,-121.44147,2,65,110,26,17351
33720,95834,460000.0,3,3,1424,780 BEECHWOOD WAY,Sacramento,California,33102,1282.7,Sacramento,111529.0,38.64207,-121.51967,3,65,110,26,32712
17929,95825,280000.0,2,2,1117,1537 HOOD RD UNIT E,Sacramento,California,37522,3111.8,Sacramento,72525.0,38.5901,-121.40644,2,65,110,26,17362
33710,95833,499000.0,4,2,1487,2909 CANDIDO DR,Sacramento,California,40853,1950.1,Sacramento,104788.0,38.61529,-121.51558,3,65,110,26,32702
2395,95835,649000.0,5,3,2353,1536 DREAMY WAY,Sacramento,California,41051,1785.0,Sacramento,132611.0,38.67088,-121.52464,5,65,110,26,2308
33533,95816,499000.0,2,1,936,307 ALHAMBRA BLVD,Sacramento,California,18033,2551.8,Sacramento,113303.0,38.57555,-121.46543,3,65,110,26,32525
33735,95835,455000.0,3,3,1502,3011 MESMERIZING WALK,Sacramento,California,41051,1785.0,Sacramento,132611.0,38.67088,-121.52464,3,65,110,26,32727
8487,95832,585888.0,4,3,2734,1714 ROSEHALL WAY,Sacramento,California,13446,624.7,Sacramento,83054.0,38.43979,-121.49888,4,65,110,26,8189
33617,95823,469000.0,3,2,1210,6051 DAYBURST WAY,Sacramento,California,83021,2792.5,Sacramento,74523.0,38.47473,-121.44266,3,65,110,26,32609
8474,95831,535900.0,3,2,1339,6874 BUENA TERRA WAY,Sacramento,California,43683,2411.1,Sacramento,121600.0,38.49599,-121.52948,4,65,110,26,8176
2358,95822,699000.0,4,3,2251,1 HIDDEN PARK CT,Sacramento,California,46375,2132.2,Sacramento,93198.0,38.51273,-121.49556,5,65,110,26,2272
17963,95838,325000.0,3,1,1025,237 COOKINGHAM WAY,Sacramento,California,41438,1738.1,Sacramento,76618.0,38.64708,-121.44312,2,65,110,26,17396
33769,95842,399999.0,3,2,1188,5720 BRYCE CANYON PL,Sacramento,California,34578,3361.4,Sacramento,74618.0,38.687,-121.34889,3,65,110,26,32761
8378,95818,599900.0,2,2,1400,2200 PORTOLA WAY,Sacramento,California,22423,2243.3,Sacramento,146969.0,38.55579,-121.49669,4,65,110,26,8081
33547,95820,385000.0,3,1,1078,3801 LA SOLIDAD WAY,Sacramento,California,36224,2655.3,Sacramento,83160.0,38.53491,-121.4442,3,65,110,26,32539
17868,95817,320000.0,3,1,974,3920 12TH AVE,Sacramento,California,14109,2405.2,Sacramento,81235.0,38.55057,-121.45713,2,65,110,26,17301
26655,95834,150000.0,3,2,1582,4923 BROOKDALE DR # 150,Sacramento,California,33102,1282.7,Sacramento,111529.0,38.64207,-121.51967,1,65,110,26,25907
8406,95821,559900.0,4,3,2154,4253 DE COSTA AVE,Sacramento,California,37473,2048.8,Sacramento,85727.0,38.62541,-121.38479,4,65,110,26,8109
2354,95821,659000.0,4,2,1718,3920 NORRIS AVE,Sacramento,California,37473,2048.8,Sacramento,85727.0,38.62541,-121.38479,5,65,110,26,2268
2366,95828,729000.0,4,3,2750,8728 NAKOTA WAY,Sacramento,California,61730,1921.6,Sacramento,90500.0,38.48943,-121.39598,5,65,110,26,2280
33610,95823,459999.0,3,2,1456,6649 50TH ST,Sacramento,California,83021,2792.5,Sacramento,74523.0,38.47473,-121.44266,3,65,110,26,32602
33736,95835,419888.0,3,3,1306,5301 E COMMERCE WAY UNIT 61102,Sacramento,California,41051,1785.0,Sacramento,132611.0,38.67088,-121.52464,3,65,110,26,32728
17985,95842,339000.0,2,2,1056,4801 DOVER LN UNIT 506,Sacramento,California,34578,3361.4,Sacramento,74618.0,38.687,-121.34889,2,65,110,26,17416
33700,95833,499000.0,4,3,1931,2620 MYSIN WAY,Sacramento,California,40853,1950.1,Sacramento,104788.0,38.61529,-121.51558,3,65,110,26,32692
8370,95817,599000.0,3,3,1471,3226 LA SOLIDAD WAY,Sacramento,California,14109,2405.2,Sacramento,81235.0,38.55057,-121.45713,4,65,110,26,8073
33623,95824,489000.0,5,3,2176,6126 LUCERO DR,Sacramento,California,30783,2980.4,Sacramento,68556.0,38.51746,-121.44147,3,65,110,26,32615
26640,95825,225000.0,1,1,755,606 WOODSIDE SIERRA UNIT 5,Sacramento,California,37522,3111.8,Sacramento,72525.0,38.5901,-121.40644,1,65,110,26,25892
33706,95833,483000.0,3,2,1411,1100 RUDGER WAY,Sacramento,California,40853,1950.1,Sacramento,104788.0,38.61529,-121.51558,3,65,110,26,32698
33751,95838,449900.0,3,1,888,3913 NATOMA WAY,Sacramento,California,41438,1738.1,Sacramento,76618.0,38.64708,-121.44312,3,65,110,26,32743
8375,95817,600000.0,3,2,1577,2951 57TH ST,Sacramento,California,14109,2405.2,Sacramento,81235.0,38.55057,-121.45713,4,65,110,26,8078
2391,95835,659000.0,4,3,2699,5600 ERSKIN FISH WAY,Sacramento,California,41051,1785.0,Sacramento,132611.0,38.67088,-121.52464,5,65,110,26,2304
17915,95824,349000.0,2,2,901,7530 ROCK CREEK WAY,Sacramento,California,30783,2980.4,Sacramento,68556.0,38.51746,-121.44147,2,65,110,26,17348
17976,95841,295000.0,3,2,1180,5332 GARFIELD AVE APT 3,Sacramento,California,20892,2069.5,Sacramento,82502.0,38.66031,-121.34812,2,65,110,26,17408
8374,95817,529950.0,2,1,862,2616 56TH ST,Sacramento,California,14109,2405.2,Sacramento,81235.0,38.55057,-121.45713,4,65,110,26,8077
8409,95821,630000.0,4,2,2320,3670 WEST WAY,Sacramento,California,37473,2048.8,Sacramento,85727.0,38.62541,-121.38479,4,65,110,26,8112
33653,95828,425000.0,2,1,1320,8448 FLORIN RD,Sacramento,California,61730,1921.6,Sacramento,90500.0,38.48943,-121.39598,3,65,110,26,32645
17912,95824,360000.0,2,1,812,4401 IOWA AVE,Sacramento,California,30783,2980.4,Sacramento,68556.0,38.51746,-121.44147,2,65,110,26,17345
17979,95841,359900.0,3,2,1303,4705 XAVIER CT,Sacramento,California,20892,2069.5,Sacramento,82502.0,38.66031,-121.34812,2,65,110,26,17405
33626,95824,409900.0,4,2,1348,7225 KARI ANN CIR,Sacramento,California,30783,2980.4,Sacramento,68556.0,38.51746,-121.44147,3,65,110,26,32618
8405,95821,519000.0,4,2,1950,3430 HARMONY LN,Sacramento,California,37473,2048.8,Sacramento,85727.0,38.62541,-121.38479,4,65,110,26,8108
8495,95833,604815.0,3,3,1811,2988 ENDSLEY AVE,Sacramento,California,40853,1950.1,Sacramento,104788.0,38.61529,-121.51558,4,65,110,26,8197
2372,95829,759888.0,5,4,3141,9319 CORAL BELL WAY,Sacramento,California,30594,581.7,Sacramento,126052.0,38.48759,-121.33326,5,65,110,26,2286
17864,95815,380000.0,3,1,1100,2711 NORWOOD AVE,Sacramento,California,26211,1322.4,Sacramento,76549.0,38.60544,-121.44497,2,65,110,26,17297
8516,95835,628000.0,4,2,2166,545 ALLAIRE CIR,Sacramento,California,41051,1785.0,Sacramento,132611.0,38.67088,-121.52464,4,65,110,26,8218
33607,95823,445000.0,3,2,1133,8517 DERLIN WAY,Sacramento,California,83021,2792.5,Sacramento,74523.0,38.47473,-121.44266,3,65,110,26,32599
17874,95820,325000.0,3,2,1264,5021 ORTEGA ST,Sacramento,California,36224,2655.3,Sacramento,83160.0,38.53491,-121.4442,2,65,110,26,17307
8438,95827,535000.0,3,2,1610,9550 ROSE VISTA CT,Sacramento,California,21241,916.8,Sacramento,93815.0,38.55151,-121.3253,4,65,110,26,8141
33690,95832,399000.0,4,2,1360,7884 BURLINGTON WAY,Sacramento,California,13446,624.7,Sacramento,83054.0,38.43979,-121.49888,3,65,110,26,32682
4821,95814,780000.0,3,2,1683,500 N ST UNIT 1501,Sacramento,California,12302,3401.6,Sacramento,72656.0,38.58064,-121.49488,6,65,110,26,4632
4823,95816,780000.0,3,2,1164,639 39TH ST,Sacramento,California,18033,2551.8,Sacramento,113303.0,38.57555,-121.46543,6,65,110,26,4634
33585,95822,410000.0,3,1,1162,5632 24TH ST,Sacramento,California,46375,2132.2,Sacramento,93198.0,38.51273,-121.49556,3,65,110,26,32577
2399,95864,695000.0,3,2,1803,4632 OXBOW DR,Sacramento,California,25367,1559.6,Sacramento,178381.0,38.58512,-121.37655,5,65,110,26,2312
33782,95864,389000.0,2,1,930,3433 WEMBERLEY DR,Sacramento,California,25367,1559.6,Sacramento,178381.0,38.58512,-121.37655,3,65,110,26,32774
33661,95828,429000.0,3,2,1363,7624 MIMOSA WAY,Sacramento,California,61730,1921.6,Sacramento,90500.0,38.48943,-121.39598,3,65,110,26,32653
17931,95825,350000.0,2,3,1458,3219 CASITAS BONITO,Sacramento,California,37522,3111.8,Sacramento,72525.0,38.5901,-121.40644,2,65,110,26,17364
33754,95841,440000.0,3,3,1561,5429 COLLEGE OAK DR,Sacramento,California,20892,2069.5,Sacramento,82502.0,38.66031,-121.34812,3,65,110,26,32746
33651,95827,440000.0,3,2,1230,3778 ROCK ISLAND DR,Sacramento,California,21241,916.8,Sacramento,93815.0,38.55151,-121.3253,3,65,110,26,32643
2390,95834,659950.0,4,3,2365,4579 MAPLE CREST ST,Sacramento,California,33102,1282.7,Sacramento,111529.0,38.64207,-121.51967,5,65,110,26,2303
8510,95834,543000.0,3,3,1762,4344 SHINGLE OAK LN,Sacramento,California,33102,1282.7,Sacramento,111529.0,38.64207,-121.51967,4,65,110,26,8212
36323,95824,88000.0,2,1,800,6025 DIAS AVE SPC 161,Sacramento,California,30783,2980.4,Sacramento,68556.0,38.51746,-121.44147,0,65,110,26,35289
33601,95823,499900.0,4,2,1450,4042 DEER CROSS WAY,Sacramento,California,83021,2792.5,Sacramento,74523.0,38.47473,-121.44266,3,65,110,26,32593
33660,95828,470000.0,3,2,1441,8253 UNION CREEK WAY,Sacramento,California,61730,1921.6,Sacramento,90500.0,38.48943,-121.39598,3,65,110,26,32652
17950,95834,305000.0,2,2,958,4200 E COMMERCE WAY UNIT 924,Sacramento,California,33102,1282.7,Sacramento,111529.0,38.64207,-121.51967,2,65,110,26,17383
17938,95826,348888.0,2,2,695,8004 BUTTE AVE,Sacramento,California,40847,1496.6,Sacramento,93008.0,38.54554,-121.37885,2,65,110,26,17371
8462,95829,629999.0,4,2,2004,9554 OSSMAN CT,Sacramento,California,30594,581.7,Sacramento,126052.0,38.48759,-121.33326,4,65,110,26,8165
17924,95825,365000.0,3,1,1000,1725 WRIGHT ST,Sacramento,California,37522,3111.8,Sacramento,72525.0,38.5901,-121.40644,2,65,110,26,17357
17908,95823,264000.0,4,2,1328,4785 VALLEY HI DR,Sacramento,California,83021,2792.5,Sacramento,74523.0,38.47473,-121.44266,2,65,110,26,17341
4837,95833,799990.0,3,3,2674,2884 EDGEVIEW DR,Sacramento,California,40853,1950.1,Sacramento,104788.0,38.61529,-121.51558,6,65,110,26,4648
8403,95821,614000.0,3,2,1587,2616 WRENDALE WAY,Sacramento,California,37473,2048.8,Sacramento,85727.0,38.62541,-121.38479,4,65,110,26,8106
2388,95834,646000.0,4,2,1974,308 OLIVADI WAY,Sacramento,California,33102,1282.7,Sacramento,111529.0,38.64207,-121.51967,5,65,110,26,2301
17876,95820,305000.0,2,1,1156,4813 BAKER AVE,Sacramento,California,36224,2655.3,Sacramento,83160.0,38.53491,-121.4442,2,65,110,26,17309
8444,95828,540000.0,3,2,1704,8869 HOLLOWSTONE WAY,Sacramento,California,61730,1921.6,Sacramento,90500.0,38.48943,-121.39598,4,65,110,26,8147
33682,95831,500000.0,2,1,1465,7487 ALMA VISTA WAY,Sacramento,California,43683,2411.1,Sacramento,121600.0,38.49599,-121.52948,3,65,110,26,32674
17932,95825,275000.0,2,1,781,2286 WOODSIDE LN UNIT 1,Sacramento,California,37522,3111.8,Sacramento,72525.0,38.5901,-121.40644,2,65,110,26,17365
33756,95841,490000.0,4,2,1551,5840 ESRIG WAY,Sacramento,California,20892,2069.5,Sacramento,82502.0,38.66031,-121.34812,3,65,110,26,32748
17894,95822,366961.93,4,2,1248,7233 TAMOSHANTER WAY,Sacramento,California,46375,2132.2,Sacramento,93198.0,38.51273,-121.49556,2,65,110,26,17327
33631,95825,399999.0,4,2,1160,2031 ETHAN WAY,Sacramento,California,37522,3111.8,Sacramento,72525.0,38.5901,-121.40644,3,65,110,26,32623
8455,95829,609068.0,4,2,1740,8238 COURAGE DRIVE,Sacramento,California,30594,581.7,Sacramento,126052.0,38.48759,-121.33326,4,65,110,26,8158
36325,95827,70000.0,2,2,1700,2950 ROUTIER RD SPC 41,Sacramento,California,21241,916.8,Sacramento,93815.0,38.55151,-121.3253,0,65,110,26,35291
17933,95825,315000.0,2,2,1254,504 WOODSIDE OAKS APT 3,Sacramento,California,37522,3111.8,Sacramento,72525.0,38.5901,-121.40644,2,65,110,26,17366
33672,95828,425900.0,3,2,1134,7674 PAR PKWY,Sacramento,California,61730,1921.6,Sacramento,90500.0,38.48943,-121.39598,3,65,110,26,32664
36333,95828,115000.0,2,2,1440,8665 FLORIN RD UNIT 134,Sacramento,California,61730,1921.6,Sacramento,90500.0,38.48943,-121.39598,0,65,110,26,35299
2347,95820,649900.0,3,2,1511,4424 62ND ST,Sacramento,California,36224,2655.3,Sacramento,83160.0,38.53491,-121.4442,5,65,110,26,2261
8508,95834,589000.0,4,3,2325,2488 AMELIA EARHART AVE,Sacramento,California,33102,1282.7,Sacramento,111529.0,38.64207,-121.51967,4,65,110,26,8210
26656,95834,140000.0,2,2,1104,4905 BROOKDALE DR # 141,Sacramento,California,33102,1282.7,Sacramento,111529.0,38.64207,-121.51967,1,65,110,26,25908
17960,95838,349900.0,2,1,930,3627 KERN ST,Sacramento,California,41438,1738.1,Sacramento,76618.0,38.64708,-121.44312,2,65,110,26,17393
33707,95833,490000.0,3,3,1837,3500 TICE CREEK WAY,Sacramento,California,40853,1950.1,Sacramento,104788.0,38.61529,-121.51558,3,65,110,26,32699
36320,95823,57500.0,1,1,576,6966 PLEASURE LN,Sacramento,California,83021,2792.5,Sacramento,74523.0,38.47473,-121.44266,0,65,110,26,35286
8485,95831,589000.0,3,2,1700,48 SOUTHLITE CIR,Sacramento,California,43683,2411.1,Sacramento,121600.0,38.49599,-121.52948,4,65,110,26,8187
33781,95842,410000.0,3,2,1100,4804 PEALE DR,Sacramento,California,34578,3361.4,Sacramento,74618.0,38.687,-121.34889,3,65,110,26,32773
33773,95842,460000.0,3,2,1236,7100 REGARD WAY,Sacramento,California,34578,3361.4,Sacramento,74618.0,38.687,-121.34889,3,65,110,26,32765
17909,95823,375000.0,3,2,1032,6533 VERNACE WAY,Sacramento,California,83021,2792.5,Sacramento,74523.0,38.47473,-121.44266,2,65,110,26,17342
8401,95821,599000.0,3,2,1981,2533 ANDRADE WAY,Sacramento,California,37473,2048.8,Sacramento,85727.0,38.62541,-121.38479,4,65,110,26,8104
8509,95834,599999.0,4,3,2100,160 JULIA ISLAND CIR,Sacramento,California,33102,1282.7,Sacramento,111529.0,38.64207,-121.51967,4,65,110,26,8211
8397,95820,549000.0,5,2,1707,3100 55TH ST,Sacramento,California,36224,2655.3,Sacramento,83160.0,38.53491,-121.4442,4,65,110,26,8100
26622,95823,223900.0,2,1,906,8220 CENTER PKWY APT 35,Sacramento,California,83021,2792.5,Sacramento,74523.0,38.47473,-121.44266,1,65,110,26,25874
3215,95864,1049000.0,3,2,2178,4510 AMERICAN RIVER DR,Sacramento,California,25367,1559.6,Sacramento,178381.0,38.58512,-121.37655,8,65,110,26,3082
17927,95825,319000.0,2,2,1228,2290 WOODSIDE LN UNIT 5,Sacramento,California,37522,3111.8,Sacramento,72525.0,38.5901,-121.40644,2,65,110,26,17360
2373,95829,696000.0,6,3,2781,8908 BOULDER GLEN WAY,Sacramento,California,30594,581.7,Sacramento,126052.0,38.48759,-121.33326,5,65,110,26,2287
8472,95831,580000.0,3,3,2069,7771 S OAK WAY,Sacramento,California,43683,2411.1,Sacramento,121600.0,38.49599,-121.52948,4,65,110,26,8174
2336,95817,699900.0,6,3,2491,3953 3RD AVE,Sacramento,California,14109,2405.2,Sacramento,81235.0,38.55057,-121.45713,5,65,110,26,2250
36887,95816,1299900.0,3,3,2949,2531 H ST,Sacramento,California,18033,2551.8,Sacramento,113303.0,38.57555,-121.46543,10,65,110,26,35832
33618,95823,389000.0,3,3,1479,43 SUN REIGN PL,Sacramento,California,83021,2792.5,Sacramento,74523.0,38.47473,-121.44266,3,65,110,26,32610
8481,95831,570000.0,3,2,1795,7720 ROBERTS RIVER WAY,Sacramento,California,43683,2411.1,Sacramento,121600.0,38.49599,-121.52948,4,65,110,26,8183
17879,95820,349000.0,3,1,1039,5119 58TH ST,Sacramento,California,36224,2655.3,Sacramento,83160.0,38.53491,-121.4442,2,65,110,26,17312
8430,95826,550000.0,4,3,1678,9357 SNOWBIRD WAY,Sacramento,California,40847,1496.6,Sacramento,93008.0,38.54554,-121.37885,4,65,110,26,8133
33768,95842,410000.0,4,2,1425,4891 VOGELSANG DR,Sacramento,California,34578,3361.4,Sacramento,74618.0,38.687,-121.34889,3,65,110,26,32760
2355,95821,725000.0,4,2,2410,4600 RAVENWOOD AVE,Sacramento,California,37473,2048.8,Sacramento,85727.0,38.62541,-121.38479,5,65,110,26,2269
8435,95826,599500.0,3,2,2054,8314 LA RIVIERA DR,Sacramento,California,40847,1496.6,Sacramento,93008.0,38.54554,-121.37885,4,65,110,26,8138
8434,95826,549900.0,4,2,1521,7 WATERGLEN CIR,Sacramento,California,40847,1496.6,Sacramento,93008.0,38.54554,-121.37885,4,65,110,26,8137
26663,95838,209900.0,3,2,1272,81 VILLAGE CIR,Sacramento,California,41438,1738.1,Sacramento,76618.0,38.64708,-121.44312,1,65,110,26,25910
33528,95815,495000.0,3,2,1092,117 ARDEN WAY,Sacramento,California,26211,1322.4,Sacramento,76549.0,38.60544,-121.44497,3,65,110,26,32520
33552,95820,450000.0,3,2,1253,4220 36TH ST,Sacramento,California,36224,2655.3,Sacramento,83160.0,38.53491,-121.4442,3,65,110,26,32544
33686,95831,409500.0,2,3,1418,25 QUAY CT,Sacramento,California,43683,2411.1,Sacramento,121600.0,38.49599,-121.52948,3,65,110,26,32678
33665,95828,460000.0,3,2,1225,8022 BUGATTI CT,Sacramento,California,61730,1921.6,Sacramento,90500.0,38.48943,-121.39598,3,65,110,26,32657
8488,95832,514000.0,3,2,1536,5 NORTHWICH CT,Sacramento,California,13446,624.7,Sacramento,83054.0,38.43979,-121.49888,4,65,110,26,8190
33573,95821,475000.0,4,2,1777,2133 MARCONI AVE,Sacramento,California,37473,2048.8,Sacramento,85727.0,38.62541,-121.38479,3,65,110,26,32565
8429,95826,579000.0,4,3,1886,9272 PREMIER WAY,Sacramento,California,40847,1496.6,Sacramento,93008.0,38.54554,-121.37885,4,65,110,26,8132
36317,95823,83000.0,3,2,1536,7336 KENMORE LN # 36,Sacramento,California,83021,2792.5,Sacramento,74523.0,38.47473,-121.44266,0,65,110,26,35283
17968,95838,369000.0,3,2,1120,3929 WINTERS ST,Sacramento,California,41438,1738.1,Sacramento,76618.0,38.64708,-121.44312,2,65,110,26,17400
8427,95826,567000.0,4,3,1794,2737 ADRIATIC WAY,Sacramento,California,40847,1496.6,Sacramento,93008.0,38.54554,-121.37885,4,65,110,26,8130
26677,95842,220000.0,2,1,924,5930 WALERGA RD APT 4,Sacramento,California,34578,3361.4,Sacramento,74618.0,38.687,-121.34889,1,65,110,26,25927
2344,95819,680000.0,2,1,1040,4327 T ST,Sacramento,California,20146,2157.0,Sacramento,156095.0,38.56816,-121.43772,5,65,110,26,2258
17892,95822,350000.0,2,2,1094,5885 GLORIA DR APT 4,Sacramento,California,46375,2132.2,Sacramento,93198.0,38.51273,-121.49556,2,65,110,26,17325
8532,95835,550000.0,5,3,2204,3201 HAYGROUND WAY,Sacramento,California,41051,1785.0,Sacramento,132611.0,38.67088,-121.52464,4,65,110,26,8234
8533,95835,539900.0,3,2,1582,2107 PAUL COURTER WAY,Sacramento,California,41051,1785.0,Sacramento,132611.0,38.67088,-121.52464,4,65,110,26,8235
17982,95842,370000.0,2,2,1022,5921 CREIGHTON WAY,Sacramento,California,34578,3361.4,Sacramento,74618.0,38.687,-121.34889,2,65,110,26,17413
27403,95821,1200000.0,7,4,2894,2385 RALSTON RD,Sacramento,California,37473,2048.8,Sacramento,85727.0,38.62541,-121.38479,9,65,110,26,26630
17944,95828,260000.0,2,2,1368,7405 CARONDELET LN,Sacramento,California,61730,1921.6,Sacramento,90500.0,38.48943,-121.39598,2,65,110,26,17377
17971,95838,379000.0,3,2,1144,1802 LOS ROBLES BLVD,Sacramento,California,41438,1738.1,Sacramento,76618.0,38.64708,-121.44312,2,65,110,26,17403
36335,95828,89950.0,2,1,720,6737 CAPITAL CIR # 220,Sacramento,California,61730,1921.6,Sacramento,90500.0,38.48943,-121.39598,0,65,110,26,35301
33728,95834,469000.0,2,2,1470,4141 BOMBILI ST,Sacramento,California,33102,1282.7,Sacramento,111529.0,38.64207,-121.51967,3,65,110,26,32720
26623,95823,175000.0,1,1,636,6400 66TH AVE APT 13,Sacramento,California,83021,2792.5,Sacramento,74523.0,38.47473,-121.44266,1,65,110,26,25875
33549,95820,389000.0,3,1,1397,4129 38TH ST,Sacramento,California,36224,2655.3,Sacramento,83160.0,38.53491,-121.4442,3,65,110,26,32541
17972,95841,260000.0,2,1,840,5145 CONNECTICUT DR APT 2,Sacramento,California,20892,2069.5,Sacramento,82502.0,38.66031,-121.34812,2,65,110,26,17404
3207,95814,1099734.0,2,2,1359,1127 15TH ST PH 1306,Sacramento,California,12302,3401.6,Sacramento,72656.0,38.58064,-121.49488,8,65,110,26,3074
36338,95838,119000.0,2,2,1344,62 KIT LN,Sacramento,California,41438,1738.1,Sacramento,76618.0,38.64708,-121.44312,0,65,110,26,35304
17964,95838,357000.0,3,1,864,1530 SOUTH AVE,Sacramento,California,41438,1738.1,Sacramento,76618.0,38.64708,-121.44312,2,65,110,26,17397
33568,95821,450000.0,3,2,1524,3948 ROSEMARY CIR,Sacramento,California,37473,2048.8,Sacramento,85727.0,38.62541,-121.38479,3,65,110,26,32560
36336,95828,112700.0,3,2,1344,153 HIBISCUS AVE,Sacramento,California,61730,1921.6,Sacramento,90500.0,38.48943,-121.39598,0,65,110,26,35302
3208,95818,1079000.0,4,3,2129,2283 DONNER WAY,Sacramento,California,22423,2243.3,Sacramento,146969.0,38.55579,-121.49669,8,65,110,26,3075
4820,95811,837000.0,1,2,1044,1818 L ST UNIT 808,Sacramento,California,7432,1238.8,Sacramento,101073.0,38.58761,-121.49077,6,65,110,26,4631
17965,95838,335000.0,4,2,1363,925 LOS ROBLES BLVD,Sacramento,California,41438,1738.1,Sacramento,76618.0,38.64708,-121.44312,2,65,110,26,17398
19427,95818,889000.0,3,3,2223,2717 SWANSTON OAK LN,Sacramento,California,22423,2243.3,Sacramento,146969.0,38.55579,-121.49669,7,65,110,26,18815
36343,95842,50000.0,2,1,832,6240 GOLD DUST DR,Sacramento,California,34578,3361.4,Sacramento,74618.0,38.687,-121.34889,0,65,110,26,35309
17959,95838,359000.0,3,2,864,3828 CYPRESS ST,Sacramento,California,41438,1738.1,Sacramento,76618.0,38.64708,-121.44312,2,65,110,26,17392
3214,95829,1018000.0,4,5,3407,8369 SAMWOOD CT,Sacramento,California,30594,581.7,Sacramento,126052.0,38.48759,-121.33326,8,65,110,26,3081
2394,95835,710000.0,2,3,2356,2727 ROCKAWAY LN,Sacramento,California,41051,1785.0,Sacramento,132611.0,38.67088,-121.52464,5,65,110,26,2307
33676,95829,499999.0,3,2,1255,9070 LA MAISON CIR,Sacramento,California,30594,581.7,Sacramento,126052.0,38.48759,-121.33326,3,65,110,26,32668
17923,95825,344000.0,2,2,1091,544 WOODSIDE OAKS APT 1,Sacramento,California,37522,3111.8,Sacramento,72525.0,38.5901,-121.40644,2,65,110,26,17356
33627,95825,460000.0,3,2,1371,2349 FIELLEN CT,Sacramento,California,37522,3111.8,Sacramento,72525.0,38.5901,-121.40644,3,65,110,26,32619
2379,95831,749000.0,4,3,2316,7572 POCKET RD,Sacramento,California,43683,2411.1,Sacramento,121600.0,38.49599,-121.52948,5,65,110,26,2292
17891,95821,359000.0,2,1,718,2125 MARCONI AVE,Sacramento,California,37473,2048.8,Sacramento,85727.0,38.62541,-121.38479,2,65,110,26,17324
8547,95842,565000.0,3,2,1812,5032 ANDREA BLVD,Sacramento,California,34578,3361.4,Sacramento,74618.0,38.687,-121.34889,4,65,110,26,8249
36318,95823,29999.0,1,1,480,7739 WHISPERING PALMS DR,Sacramento,California,83021,2792.5,Sacramento,74523.0,38.47473,-121.44266,0,65,110,26,35284
17946,95831,319998.0,3,2,1174,502 ROUNDTREE CT,Sacramento,California,43683,2411.1,Sacramento,121600.0,38.49599,-121.52948,2,65,110,26,17379
17914,95824,300000.0,3,1,862,5704 MENDOCINO BLVD,Sacramento,California,30783,2980.4,Sacramento,68556.0,38.51746,-121.44147,2,65,110,26,17347
17890,95821,369000.0,2,1,1098,2117 MARCONI AVE,Sacramento,California,37473,2048.8,Sacramento,85727.0,38.62541,-121.38479,2,65,110,26,17323
17925,95825,290000.0,2,2,1016,535 WOODSIDE OAKS APT 2,Sacramento,California,37522,3111.8,Sacramento,72525.0,38.5901,-121.40644,2,65,110,26,17358
33639,95826,499900.0,4,2,1579,9356 MIRANDY DR,Sacramento,California,40847,1496.6,Sacramento,93008.0,38.54554,-121.37885,3,65,110,26,32631
33699,95833,499900.0,4,3,1722,2032 LAS COCHES WAY,Sacramento,California,40853,1950.1,Sacramento,104788.0,38.61529,-121.51558,3,65,110,26,32691
17958,95838,365000.0,3,1,872,1841 VERANO ST,Sacramento,California,41438,1738.1,Sacramento,76618.0,38.64708,-121.44312,2,65,110,26,17391
4835,95831,769000.0,3,2,1857,6541 DRIFTWOOD ST,Sacramento,California,43683,2411.1,Sacramento,121600.0,38.49599,-121.52948,6,65,110,26,4646
8529,95835,510000.0,3,3,1652,300 CARAVAGGIO CIR,Sacramento,California,41051,1785.0,Sacramento,132611.0,38.67088,-121.52464,4,65,110,26,8231
8501,95834,550000.0,4,3,2211,3448 JABBOUR WAY,Sacramento,California,33102,1282.7,Sacramento,111529.0,38.64207,-121.51967,4,65,110,26,8203
8548,95842,535000.0,3,2,1835,6813 SILVERTHORNE CIR,Sacramento,California,34578,3361.4,Sacramento,74618.0,38.687,-121.34889,4,65,110,26,8250
4827,95819,799000.0,2,2,1497,630 51ST ST,Sacramento,California,20146,2157.0,Sacramento,156095.0,38.56816,-121.43772,6,65,110,26,4638
33708,95833,460000.0,3,2,1438,2197 ATRISCO CIR,Sacramento,California,40853,1950.1,Sacramento,104788.0,38.61529,-121.51558,3,65,110,26,32700
8551,95864,598000.0,3,3,1634,4500 ARGONAUT WAY,Sacramento,California,25367,1559.6,Sacramento,178381.0,38.58512,-121.37655,4,65,110,26,8253
33650,95827,390000.0,2,2,1208,3231 SEAL CT,Sacramento,California,21241,916.8,Sacramento,93815.0,38.55151,-121.3253,3,65,110,26,32642
17955,95835,319900.0,1,2,1125,4800 WESTLAKE PKWY UNIT 2604,Sacramento,California,41051,1785.0,Sacramento,132611.0,38.67088,-121.52464,2,65,110,26,17388
4819,95811,799000.0,1,2,1219,1818 L ST UNIT 513,Sacramento,California,7432,1238.8,Sacramento,101073.0,38.58761,-121.49077,6,65,110,26,4630
33711,95833,479000.0,3,2,1490,1057 FAIRWEATHER DR,Sacramento,California,40853,1950.1,Sacramento,104788.0,38.61529,-121.51558,3,65,110,26,32703
33609,95823,400000.0,3,2,1275,4718 GOYA PKWY,Sacramento,California,83021,2792.5,Sacramento,74523.0,38.47473,-121.44266,3,65,110,26,32601
36315,95815,59900.0,2,1,1000,902 DEL PASO BLVD SPC 125,Sacramento,California,26211,1322.4,Sacramento,76549.0,38.60544,-121.44497,0,65,110,26,35281
33555,95820,419000.0,2,1,812,4200 57TH ST,Sacramento,California,36224,2655.3,Sacramento,83160.0,38.53491,-121.4442,3,65,110,26,32547
8451,95829,595888.0,3,3,1907,9613 RESPECT DR,Sacramento,California,30594,581.7,Sacramento,126052.0,38.48759,-121.33326,4,65,110,26,8154
17888,95820,360000.0,2,1,1234,5390 PRISCILLA LN,Sacramento,California,36224,2655.3,Sacramento,83160.0,38.53491,-121.4442,2,65,110,26,17321
2333,95816,675000.0,2,2,1671,1509 34TH ST,Sacramento,California,18033,2551.8,Sacramento,113303.0,38.57555,-121.46543,5,65,110,26,2247
17857,95815,334900.0,3,2,1310,565 ARCADE BLVD,Sacramento,California,26211,1322.4,Sacramento,76549.0,38.60544,-121.44497,2,65,110,26,17290
33680,95829,490000.0,3,2,1432,8916 BRIDALSMITH DR,Sacramento,California,30594,581.7,Sacramento,126052.0,38.48759,-121.33326,3,65,110,26,32672
17943,95828,364900.0,2,2,1121,6659 SPOERRIWOOD CT,Sacramento,California,61730,1921.6,Sacramento,90500.0,38.48943,-121.39598,2,65,110,26,17376
33529,95815,384900.0,3,2,1256,3061 BRANCH ST,Sacramento,California,26211,1322.4,Sacramento,76549.0,38.60544,-121.44497,3,65,110,26,32521
33586,95822,435000.0,3,2,1386,7559 THORPE WAY,Sacramento,California,46375,2132.2,Sacramento,93198.0,38.51273,-121.49556,3,65,110,26,32578
33744,95838,389000.0,4,2,1926,1113 LOS ROBLES BLVD,Sacramento,California,41438,1738.1,Sacramento,76618.0,38.64708,-121.44312,3,65,110,26,32736
8465,95829,622901.0,3,3,2262,0 JEFF HANDY DRIVE,Sacramento,California,30594,581.7,Sacramento,126052.0,38.48759,-121.33326,4,65,110,26,2285
8389,95820,514950.0,3,2,1363,6432 11TH AVE,Sacramento,California,36224,2655.3,Sacramento,83160.0,38.53491,-121.4442,4,65,110,26,8092
17862,95815,299999.0,2,1,852,317 LAMPASAS AVE,Sacramento,California,26211,1322.4,Sacramento,76549.0,38.60544,-121.44497,2,65,110,26,17295
36341,95841,49990.0,2,1,600,5000 AUBURN BLVD SPC 21,Sacramento,California,20892,2069.5,Sacramento,82502.0,38.66031,-121.34812,0,65,110,26,35307
8470,95829,540000.0,3,2,1428,9509 GARDELLA WAY,Sacramento,California,30594,581.7,Sacramento,126052.0,38.48759,-121.33326,4,65,110,26,8172
26676,95842,190000.0,2,2,933,5682 HILLSDALE BLVD,Sacramento,California,34578,3361.4,Sacramento,74618.0,38.687,-121.34889,1,65,110,26,25926
33731,95835,434999.0,3,3,1315,5301 E COMMERCE WAY UNIT 61103,Sacramento,California,41051,1785.0,Sacramento,132611.0,38.67088,-121.52464,3,65,110,26,32723
8525,95835,519000.0,3,3,1697,4931 LIETO WAY,Sacramento,California,41051,1785.0,Sacramento,132611.0,38.67088,-121.52464,4,65,110,26,8227
