Unnamed: 0,Zip Code,Price,Beds,Baths,Living Space,Address,City,State,Zip Code Population,Zip Code Density,County,Median Household Income,Latitude,Longitude,price_label,county_num,city_num,state_num,address_num
16042,80906,350000.0,2,3,1229,3207 APOGEE VW,Colorado Springs,Colorado,38046,322.3,El Paso,132989.0,38.76744,-104.87023,2,50,67,22,15574
18839,80920,925000.0,5,4,4372,2471 WILLOW GLEN DR,Colorado Springs,Colorado,38988,1212.4,El Paso,128902.0,38.95579,-104.77191,7,50,67,22,18243
16157,80917,259000.0,2,2,992,3124 VAIL PASS DR,Colorado Springs,Colorado,31614,2174.4,El Paso,83184.0,38.88684,-104.74049,2,50,67,22,15669
31703,80917,439900.0,5,3,2004,4770 PICTURESQUE CIR,Colorado Springs,Colorado,31614,2174.4,El Paso,83184.0,38.88684,-104.74049,3,50,67,22,30787
31815,80924,400000.0,3,3,1488,8817 WHITE PRAIRIE VW,Colorado Springs,Colorado,13607,897.9,El Paso,158446.0,38.96727,-104.72199,3,50,67,22,30878
1412,80904,749500.0,4,3,2049,2223 W BIJOU ST,Colorado Springs,Colorado,21162,731.7,El Paso,95588.0,38.86321,-104.87197,5,50,67,22,1376
4140,80906,874900.0,5,3,3156,439 MOUNTAIN PASS VW,Colorado Springs,Colorado,38046,322.3,El Paso,132989.0,38.76744,-104.87023,6,50,67,22,3984
16044,80906,325000.0,2,3,1416,3231 APOGEE VW,Colorado Springs,Colorado,38046,322.3,El Paso,132989.0,38.76744,-104.87023,2,50,67,22,15576
1446,80921,750000.0,5,5,4671,848 SPECTRUM LOOP,Colorado Springs,Colorado,22725,179.0,El Paso,163704.0,39.02648,-104.88156,5,50,67,22,1403
31720,80918,425000.0,3,2,1382,3465 BEECHWOOD CT,Colorado Springs,Colorado,48404,1559.6,El Paso,102288.0,38.91156,-104.78032,3,50,67,22,30790
16128,80915,375000.0,4,3,1739,1545 TAHLEQUAH DR,Colorado Springs,Colorado,22382,1099.9,El Paso,81611.0,38.85271,-104.71652,2,50,67,22,15644
27068,80921,1266656.0,4,5,4591,11590 SILVER CHARM WAY,Colorado Springs,Colorado,22725,179.0,El Paso,163704.0,39.02648,-104.88156,9,50,67,22,26296
16079,80910,369900.0,3,2,2028,2007 CAPULIN DR,Colorado Springs,Colorado,31827,2011.2,El Paso,69434.0,38.81178,-104.7743,2,50,67,22,15604
31673,80916,490000.0,4,3,3367,3247 OSUNA DR,Colorado Springs,Colorado,41087,862.7,El Paso,68391.0,38.80327,-104.71208,3,50,67,22,30760
7263,80925,559000.0,5,4,3405,7436 BIGTOOTH MAPLE DR,Colorado Springs,Colorado,14084,189.4,El Paso,119440.0,38.76156,-104.64441,4,50,67,22,6993
16139,80916,370000.0,4,2,1620,4645 SPACEWALK WAY,Colorado Springs,Colorado,41087,862.7,El Paso,68391.0,38.80327,-104.71208,2,50,67,22,15654
31564,80903,435000.0,2,1,1336,620 N HANCOCK AVE,Colorado Springs,Colorado,16844,1209.5,El Paso,73686.0,38.83249,-104.81342,3,50,67,22,30666
31657,80915,420000.0,4,3,2111,2235 LISA DR,Colorado Springs,Colorado,22382,1099.9,El Paso,81611.0,38.85271,-104.71652,3,50,67,22,30747
36131,80906,125000.0,3,2,1440,2840 S CIRCLE DR,Colorado Springs,Colorado,38046,322.3,El Paso,132989.0,38.76744,-104.87023,0,50,67,22,35107
31860,80925,425000.0,3,2,1291,6145 ALPINE RIDGE DRIVE,Colorado Springs,Colorado,14084,189.4,El Paso,119440.0,38.76156,-104.64441,3,50,67,22,30919
7162,80904,565000.0,2,3,2249,1019 RACE ST,Colorado Springs,Colorado,21162,731.7,El Paso,95588.0,38.86321,-104.87197,4,50,67,22,6911
1472,80927,685000.0,5,4,4536,7215 FAUNA GLEN DR,Colorado Springs,Colorado,5231,449.4,El Paso,153811.0,38.92833,-104.65878,5,50,67,22,1424
36589,80918,1299900.0,4,5,5010,4608 STONEHILL RD,Colorado Springs,Colorado,48404,1559.6,El Paso,102288.0,38.91156,-104.78032,10,50,67,22,35535
16147,80916,359936.0,2,3,1436,4095 SAMARITAN LOOP,Colorado Springs,Colorado,41087,862.7,El Paso,68391.0,38.80327,-104.71208,2,50,67,22,15661
31772,80922,449000.0,3,3,2673,4123 HEATHMOOR DR,Colorado Springs,Colorado,29623,1962.6,El Paso,111074.0,38.88996,-104.70084,3,50,67,22,30845
4164,80921,860000.0,6,4,4589,1392 OAKMONT DR,Colorado Springs,Colorado,22725,179.0,El Paso,163704.0,39.02648,-104.88156,6,50,67,22,4002
31834,80925,413000.0,3,4,1979,10536 KALAMA DR,Colorado Springs,Colorado,14084,189.4,El Paso,119440.0,38.76156,-104.64441,3,50,67,22,30896
16058,80906,335000.0,2,2,1336,620 SAN GABRIEL PL,Colorado Springs,Colorado,38046,322.3,El Paso,132989.0,38.76744,-104.87023,2,50,67,22,15588
31559,80903,385000.0,3,2,1730,948 E FOUNTAIN BLVD,Colorado Springs,Colorado,16844,1209.5,El Paso,73686.0,38.83249,-104.81342,3,50,67,22,30661
16078,80910,295000.0,5,3,1778,3666 TEMPLE ST,Colorado Springs,Colorado,31827,2011.2,El Paso,69434.0,38.81178,-104.7743,2,50,67,22,15603
25992,80905,179900.0,1,1,728,900 SATURN DR APT 202,Colorado Springs,Colorado,16717,1261.9,El Paso,92985.0,38.81855,-104.83649,1,50,67,22,25279
4170,80924,838456.0,5,3,3272,5296 GANSE VOORT DR,Colorado Springs,Colorado,13607,897.9,El Paso,158446.0,38.96727,-104.72199,6,50,67,22,4006
7202,80919,634500.0,4,3,3569,6120 PONCHA CT,Colorado Springs,Colorado,27788,392.0,El Paso,135460.0,38.92797,-104.88025,4,50,67,22,6944
7218,80921,530000.0,4,4,2559,1604 RUSTLERS ROOST DR,Colorado Springs,Colorado,22725,179.0,El Paso,163704.0,39.02648,-104.88156,4,50,67,22,6958
31857,80925,505000.0,4,3,2365,7269 BIGTOOTH MAPLE DR,Colorado Springs,Colorado,14084,189.4,El Paso,119440.0,38.76156,-104.64441,3,50,67,22,30916
31875,80951,435000.0,3,4,2225,1804 DEWHIRST DR,Colorado Springs,Colorado,5357,706.9,El Paso,98962.0,38.88396,-104.6558,3,50,67,22,30932
16010,80903,349000.0,3,1,1430,808 E MONUMENT ST,Colorado Springs,Colorado,16844,1209.5,El Paso,73686.0,38.83249,-104.81342,2,50,67,22,15550
31627,80911,415000.0,4,4,2164,1035 CRANDALL DR,Colorado Springs,Colorado,36496,1268.3,El Paso,90906.0,38.75325,-104.71955,3,50,67,22,30721
31781,80922,495000.0,3,3,2162,4513 CROW CREEK DR,Colorado Springs,Colorado,29623,1962.6,El Paso,111074.0,38.88996,-104.70084,3,50,67,22,30852
16184,80922,285000.0,2,2,979,6924 ASH CREEK HTS APT 102,Colorado Springs,Colorado,29623,1962.6,El Paso,111074.0,38.88996,-104.70084,2,50,67,22,15691
31691,80917,469990.0,4,2,2100,4936 RAINDROP PL,Colorado Springs,Colorado,31614,2174.4,El Paso,83184.0,38.88684,-104.74049,3,50,67,22,30777
7176,80908,565000.0,5,3,3101,7851 WAGONWOOD PL,Colorado Springs,Colorado,20622,84.1,El Paso,160845.0,39.0463,-104.69094,4,50,67,22,6923
16116,80911,299000.0,3,1,1072,140 EVERETT DR,Colorado Springs,Colorado,36496,1268.3,El Paso,90906.0,38.75325,-104.71955,2,50,67,22,15635
31644,80911,390000.0,4,2,1448,615 SYRACUSE ST,Colorado Springs,Colorado,36496,1268.3,El Paso,90906.0,38.75325,-104.71955,3,50,67,22,30737
36135,80926,59000.0,2,1,728,8160 PIUTE RD,Colorado Springs,Colorado,2029,10.0,El Paso,123143.0,38.64318,-104.92439,0,50,67,22,35111
31768,80922,445000.0,3,3,1838,3659 REINDEER CIR,Colorado Springs,Colorado,29623,1962.6,El Paso,111074.0,38.88996,-104.70084,3,50,67,22,30841
7220,80921,630000.0,6,4,3085,1280 ALMAGRE PEAK DR,Colorado Springs,Colorado,22725,179.0,El Paso,163704.0,39.02648,-104.88156,4,50,67,22,6955
31742,80920,400000.0,3,3,1469,7824 FRENCH RD,Colorado Springs,Colorado,38988,1212.4,El Paso,128902.0,38.95579,-104.77191,3,50,67,22,30818
16107,80911,379900.0,4,2,1734,2537 IVANHOE DR,Colorado Springs,Colorado,36496,1268.3,El Paso,90906.0,38.75325,-104.71955,2,50,67,22,15626
31669,80916,420000.0,4,4,1657,1078 NOLTE DR W,Colorado Springs,Colorado,41087,862.7,El Paso,68391.0,38.80327,-104.71208,3,50,67,22,30758
18834,80919,985000.0,6,5,4788,755 CARVED TER,Colorado Springs,Colorado,27788,392.0,El Paso,135460.0,38.92797,-104.88025,7,50,67,22,18240
16110,80911,380000.0,4,2,1728,7515 VINELAND TRL,Colorado Springs,Colorado,36496,1268.3,El Paso,90906.0,38.75325,-104.71955,2,50,67,22,15629
1466,80924,659900.0,5,4,3435,6908 BLACK SADDLE DR,Colorado Springs,Colorado,13607,897.9,El Paso,158446.0,38.96727,-104.72199,5,50,67,22,1420
7159,80904,550000.0,2,2,1883,3670 CAMELS RIDGE LN,Colorado Springs,Colorado,21162,731.7,El Paso,95588.0,38.86321,-104.87197,4,50,67,22,6908
7157,80903,600000.0,2,2,1059,926 N WAHSATCH AVE,Colorado Springs,Colorado,16844,1209.5,El Paso,73686.0,38.83249,-104.81342,4,50,67,22,6906
4175,80924,794875.0,4,3,3013,6045 WILLIAMS RUN DR,Colorado Springs,Colorado,13607,897.9,El Paso,158446.0,38.96727,-104.72199,6,50,67,22,4011
7278,80927,535000.0,4,3,3818,7151 LAUREL CHERRY CT,Colorado Springs,Colorado,5231,449.4,El Paso,153811.0,38.92833,-104.65878,4,50,67,22,7004
16062,80907,340000.0,3,1,1358,3306 N INSTITUTE ST,Colorado Springs,Colorado,28549,1119.8,El Paso,89203.0,38.87912,-104.82137,2,50,67,22,15591
31573,80905,389900.0,4,2,1457,114 1/2 N 7TH ST,Colorado Springs,Colorado,16717,1261.9,El Paso,92985.0,38.81855,-104.83649,3,50,67,22,30675
31635,80911,389900.0,4,2,1679,62 WATSON BLVD,Colorado Springs,Colorado,36496,1268.3,El Paso,90906.0,38.75325,-104.71955,3,50,67,22,30729
2933,80908,1075000.0,6,5,4281,18015 BAKERS FARM RD,Colorado Springs,Colorado,20622,84.1,El Paso,160845.0,39.0463,-104.69094,8,50,67,22,2815
16048,80906,370000.0,4,2,1642,624 CATALINA DR,Colorado Springs,Colorado,38046,322.3,El Paso,132989.0,38.76744,-104.87023,2,50,67,22,15580
31864,80927,429900.0,2,2,1246,6028 TORRISDALE VW,Colorado Springs,Colorado,5231,449.4,El Paso,153811.0,38.92833,-104.65878,3,50,67,22,30923
16043,80906,300000.0,2,2,1138,3875 STRAWBERRY FIELD GRV APT F,Colorado Springs,Colorado,38046,322.3,El Paso,132989.0,38.76744,-104.87023,2,50,67,22,15575
16063,80909,331000.0,2,1,975,2525 E BOULDER ST,Colorado Springs,Colorado,37821,1841.6,El Paso,72120.0,38.85255,-104.77434,2,50,67,22,15592
7201,80919,635000.0,5,4,3552,6175 MOORFIELD AVE,Colorado Springs,Colorado,27788,392.0,El Paso,135460.0,38.92797,-104.88025,4,50,67,22,6943
31858,80925,452485.0,3,3,1804,11482 WHISTLING DUCK WAY,Colorado Springs,Colorado,14084,189.4,El Paso,119440.0,38.76156,-104.64441,3,50,67,22,30917
31653,80915,425000.0,6,2,2028,6655 PAWNEE CIR,Colorado Springs,Colorado,22382,1099.9,El Paso,81611.0,38.85271,-104.71652,3,50,67,22,30744
16148,80916,329900.0,3,3,1501,3978 WARTHOG HTS,Colorado Springs,Colorado,41087,862.7,El Paso,68391.0,38.80327,-104.71208,2,50,67,22,15662
1435,80920,699900.0,5,4,3431,9195 CHETWOOD DR,Colorado Springs,Colorado,38988,1212.4,El Paso,128902.0,38.95579,-104.77191,5,50,67,22,1396
31854,80925,453425.0,3,3,1898,6149 BIG BIRD DR,Colorado Springs,Colorado,14084,189.4,El Paso,119440.0,38.76156,-104.64441,3,50,67,22,30913
31615,80909,495000.0,5,2,1728,1306 E COLUMBIA ST,Colorado Springs,Colorado,37821,1841.6,El Paso,72120.0,38.85255,-104.77434,3,50,67,22,30709
25988,80904,199000.0,2,1,717,1422 W VERMIJO AVE,Colorado Springs,Colorado,21162,731.7,El Paso,95588.0,38.86321,-104.87197,1,50,67,22,25278
31590,80907,400000.0,3,2,1107,2115 WESTMORELAND RD,Colorado Springs,Colorado,28549,1119.8,El Paso,89203.0,38.87912,-104.82137,3,50,67,22,30688
1440,80921,650000.0,3,3,2760,14602 BLUE WINGS WAY,Colorado Springs,Colorado,22725,179.0,El Paso,163704.0,39.02648,-104.88156,5,50,67,22,1398
31861,80925,449900.0,3,3,1804,6165 BIG BIRD DR,Colorado Springs,Colorado,14084,189.4,El Paso,119440.0,38.76156,-104.64441,3,50,67,22,30920
31592,80907,450000.0,2,2,1275,2305 N LOGAN AVE,Colorado Springs,Colorado,28549,1119.8,El Paso,89203.0,38.87912,-104.82137,3,50,67,22,30690
31719,80918,410000.0,4,2,1600,5345 DEL PAZ DR,Colorado Springs,Colorado,48404,1559.6,El Paso,102288.0,38.91156,-104.78032,3,50,67,22,30800
31652,80915,399000.0,3,3,2063,6720 KRISTY LN,Colorado Springs,Colorado,22382,1099.9,El Paso,81611.0,38.85271,-104.71652,3,50,67,22,30743
16130,80915,300000.0,2,2,1144,1018 LUTHERAN WAY,Colorado Springs,Colorado,22382,1099.9,El Paso,81611.0,38.85271,-104.71652,2,50,67,22,15642
26000,80910,199900.0,1,1,625,971 TAMPICO CT,Colorado Springs,Colorado,31827,2011.2,El Paso,69434.0,38.81178,-104.7743,1,50,67,22,25287
7262,80925,519995.0,3,3,2531,5233 ROUNDHOUSE DR,Colorado Springs,Colorado,14084,189.4,El Paso,119440.0,38.76156,-104.64441,4,50,67,22,6992
31714,80918,449900.0,4,3,2136,6635 GLADE PARK DR,Colorado Springs,Colorado,48404,1559.6,El Paso,102288.0,38.91156,-104.78032,3,50,67,22,30797
7163,80905,575000.0,5,3,2240,1402 W PARKWAY DR,Colorado Springs,Colorado,16717,1261.9,El Paso,92985.0,38.81855,-104.83649,4,50,67,22,6912
16027,80904,305000.0,2,2,1045,1914 OCASO GRV,Colorado Springs,Colorado,21162,731.7,El Paso,95588.0,38.86321,-104.87197,2,50,67,22,15562
31693,80917,414900.0,3,2,1429,5429 TENNESSEE PASS DR,Colorado Springs,Colorado,31614,2174.4,El Paso,83184.0,38.88684,-104.74049,3,50,67,22,30779
4159,80919,865000.0,5,4,4730,6203 WINTER HAVEN DR,Colorado Springs,Colorado,27788,392.0,El Paso,135460.0,38.92797,-104.88025,6,50,67,22,3998
31672,80916,395000.0,4,2,1785,4015 WYLIE LN,Colorado Springs,Colorado,41087,862.7,El Paso,68391.0,38.80327,-104.71208,3,50,67,22,30751
16085,80910,275000.0,2,2,1196,3483 ATLANTIC DR,Colorado Springs,Colorado,31827,2011.2,El Paso,69434.0,38.81178,-104.7743,2,50,67,22,15608
31746,80920,449900.0,3,3,1318,2145 NORWICH DR,Colorado Springs,Colorado,38988,1212.4,El Paso,128902.0,38.95579,-104.77191,3,50,67,22,30822
7183,80909,569000.0,5,3,3080,2502 FAIRVIEW CIR,Colorado Springs,Colorado,37821,1841.6,El Paso,72120.0,38.85255,-104.77434,4,50,67,22,6928
31760,80922,449000.0,4,3,2155,5181 HORSE CARRIAGE RD,Colorado Springs,Colorado,29623,1962.6,El Paso,111074.0,38.88996,-104.70084,3,50,67,22,30833
4158,80919,795000.0,6,3,3717,460 WINTERY CIR N,Colorado Springs,Colorado,27788,392.0,El Paso,135460.0,38.92797,-104.88025,6,50,67,22,3997
31767,80922,394900.0,4,3,1624,8069 KETTLE DRUM ST,Colorado Springs,Colorado,29623,1962.6,El Paso,111074.0,38.88996,-104.70084,3,50,67,22,30840
16142,80916,345900.0,3,2,1274,247 TANNA CT,Colorado Springs,Colorado,41087,862.7,El Paso,68391.0,38.80327,-104.71208,2,50,67,22,15657
16114,80911,335000.0,3,1,1164,96 ESTHER DR,Colorado Springs,Colorado,36496,1268.3,El Paso,90906.0,38.75325,-104.71955,2,50,67,22,15633
31683,80917,420000.0,4,2,1886,3220 WHIMSICAL PL,Colorado Springs,Colorado,31614,2174.4,El Paso,83184.0,38.88684,-104.74049,3,50,67,22,30769
31787,80922,400000.0,3,2,1394,3120 HAYSTACK DR,Colorado Springs,Colorado,29623,1962.6,El Paso,111074.0,38.88996,-104.70084,3,50,67,22,30856
16193,80923,359999.0,3,3,1361,6279 LIBERTY HILL PT,Colorado Springs,Colorado,32050,1771.6,El Paso,109942.0,38.92673,-104.71433,2,50,67,22,15699
16032,80905,297000.0,3,1,894,2003 S CORONA AVE,Colorado Springs,Colorado,16717,1261.9,El Paso,92985.0,38.81855,-104.83649,2,50,67,22,15566
31674,80916,395000.0,3,3,1577,2886 MONICA DR W,Colorado Springs,Colorado,41087,862.7,El Paso,68391.0,38.80327,-104.71208,3,50,67,22,30761
16188,80922,295000.0,4,2,834,2770 FREDRICKSBURG DR,Colorado Springs,Colorado,29623,1962.6,El Paso,111074.0,38.88996,-104.70084,2,50,67,22,15695
31876,80951,460000.0,4,4,1973,8042 PARSONAGE LN,Colorado Springs,Colorado,5357,706.9,El Paso,98962.0,38.88396,-104.6558,3,50,67,22,30933
31731,80918,390000.0,4,2,1343,5410 ESCONDIDO DR,Colorado Springs,Colorado,48404,1559.6,El Paso,102288.0,38.91156,-104.78032,3,50,67,22,30810
31610,80908,399900.0,3,3,2068,7455 FOREST MEADOWS AVE,Colorado Springs,Colorado,20622,84.1,El Paso,160845.0,39.0463,-104.69094,3,50,67,22,30704
1456,80924,750000.0,4,4,3838,6903 ENCLAVE VISTA LOOP,Colorado Springs,Colorado,13607,897.9,El Paso,158446.0,38.96727,-104.72199,5,50,67,22,1411
31798,80923,489500.0,3,3,1768,6713 LUCKY STAR LN,Colorado Springs,Colorado,32050,1771.6,El Paso,109942.0,38.92673,-104.71433,3,50,67,22,30866
16057,80906,329000.0,3,3,1720,905 SAMUEL PT,Colorado Springs,Colorado,38046,322.3,El Paso,132989.0,38.76744,-104.87023,2,50,67,22,15587
16123,80915,350000.0,4,3,1888,1503 CONWAY DR,Colorado Springs,Colorado,22382,1099.9,El Paso,81611.0,38.85271,-104.71652,2,50,67,22,15641
31581,80906,479000.0,3,3,3300,639 LOOMIS AVE,Colorado Springs,Colorado,38046,322.3,El Paso,132989.0,38.76744,-104.87023,3,50,67,22,30683
31594,80907,389900.0,3,1,936,1722 N CHESTNUT ST,Colorado Springs,Colorado,28549,1119.8,El Paso,89203.0,38.87912,-104.82137,3,50,67,22,30692
16165,80918,370000.0,2,3,1277,2216 PALM DR,Colorado Springs,Colorado,48404,1559.6,El Paso,102288.0,38.91156,-104.78032,2,50,67,22,15676
31873,80938,475000.0,3,3,2316,8052 PUMICE PT,Colorado Springs,Colorado,565,41.0,El Paso,106290.0,38.90157,-104.65926,3,50,67,22,30929
31862,80927,490000.0,3,3,2300,6702 THICKET PASS LN,Colorado Springs,Colorado,5231,449.4,El Paso,153811.0,38.92833,-104.65878,3,50,67,22,30921
16096,80910,350000.0,3,2,1162,3106 GOMER AVE,Colorado Springs,Colorado,31827,2011.2,El Paso,69434.0,38.81178,-104.7743,2,50,67,22,15605
31843,80925,465000.0,3,3,2800,6730 MANDAN DR,Colorado Springs,Colorado,14084,189.4,El Paso,119440.0,38.76156,-104.64441,3,50,67,22,30881
31633,80911,405000.0,4,3,2127,6780 DEFOE AVE,Colorado Springs,Colorado,36496,1268.3,El Paso,90906.0,38.75325,-104.71955,3,50,67,22,30727
31777,80922,465000.0,4,4,2156,5228 ARROYO ST,Colorado Springs,Colorado,29623,1962.6,El Paso,111074.0,38.88996,-104.70084,3,50,67,22,30849
31712,80918,420000.0,4,3,2072,6240 MACH 1 DR,Colorado Springs,Colorado,48404,1559.6,El Paso,102288.0,38.91156,-104.78032,3,50,67,22,30795
1415,80905,665000.0,4,4,3205,1230 HERMOSA WAY,Colorado Springs,Colorado,16717,1261.9,El Paso,92985.0,38.81855,-104.83649,5,50,67,22,1378
7254,80923,540000.0,4,4,2546,6640 WHEREABOUT CT,Colorado Springs,Colorado,32050,1771.6,El Paso,109942.0,38.92673,-104.71433,4,50,67,22,6979
1428,80908,660000.0,4,3,3266,3321 AMBER GRAIN WAY,Colorado Springs,Colorado,20622,84.1,El Paso,160845.0,39.0463,-104.69094,5,50,67,22,1390
1476,80938,687950.0,5,4,3666,5703 ZOUNDS WAY,Colorado Springs,Colorado,565,41.0,El Paso,106290.0,38.90157,-104.65926,5,50,67,22,1428
31830,80925,460000.0,3,3,1505,10262 LUNETH DR,Colorado Springs,Colorado,14084,189.4,El Paso,119440.0,38.76156,-104.64441,3,50,67,22,30893
7274,80927,529250.0,4,3,2794,7938 SILVER BIRCH DR,Colorado Springs,Colorado,5231,449.4,El Paso,153811.0,38.92833,-104.65878,4,50,67,22,7003
7158,80904,525000.0,2,3,1761,3850 CAMELS RIDGE LN,Colorado Springs,Colorado,21162,731.7,El Paso,95588.0,38.86321,-104.87197,4,50,67,22,6907
16187,80922,315000.0,2,2,1123,7104 ASH CREEK HTS APT 103,Colorado Springs,Colorado,29623,1962.6,El Paso,111074.0,38.88996,-104.70084,2,50,67,22,15694
1429,80915,694900.0,4,3,3513,1560 KENLAND CT,Colorado Springs,Colorado,22382,1099.9,El Paso,81611.0,38.85271,-104.71652,5,50,67,22,1391
1464,80924,650000.0,4,3,3932,8803 RORY CREEK ST,Colorado Springs,Colorado,13607,897.9,El Paso,158446.0,38.96727,-104.72199,5,50,67,22,1418
25994,80910,195000.0,2,2,1191,2902 AIRPORT RD APT 211,Colorado Springs,Colorado,31827,2011.2,El Paso,69434.0,38.81178,-104.7743,1,50,67,22,25282
16170,80919,330000.0,2,3,1440,1428 TERRITORY TRL,Colorado Springs,Colorado,27788,392.0,El Paso,135460.0,38.92797,-104.88025,2,50,67,22,15680
7268,80925,529000.0,4,4,3251,5198 ROUNDHOUSE DR,Colorado Springs,Colorado,14084,189.4,El Paso,119440.0,38.76156,-104.64441,4,50,67,22,6998
16014,80903,300000.0,2,2,980,417 E KIOWA ST UNIT 403,Colorado Springs,Colorado,16844,1209.5,El Paso,73686.0,38.83249,-104.81342,2,50,67,22,15553
7208,80919,565000.0,4,3,2256,1315 BISON RIDGE DR,Colorado Springs,Colorado,27788,392.0,El Paso,135460.0,38.92797,-104.88025,4,50,67,22,6939
36592,80926,1275000.0,4,6,5712,4545 TIERRA ROJO DR,Colorado Springs,Colorado,2029,10.0,El Paso,123143.0,38.64318,-104.92439,10,50,67,22,35537
31690,80917,389900.0,3,2,1780,4620 ADIEU CIR,Colorado Springs,Colorado,31614,2174.4,El Paso,83184.0,38.88684,-104.74049,3,50,67,22,30776
31711,80918,445000.0,3,4,2221,2723 AVALANCHE HTS,Colorado Springs,Colorado,48404,1559.6,El Paso,102288.0,38.91156,-104.78032,3,50,67,22,30794
31751,80920,459900.0,3,3,2476,2020 FLINTLOCK TER E,Colorado Springs,Colorado,38988,1212.4,El Paso,128902.0,38.95579,-104.77191,3,50,67,22,30826
36591,80920,1345000.0,4,4,6684,2525 SHRIDER RD,Colorado Springs,Colorado,38988,1212.4,El Paso,128902.0,38.95579,-104.77191,10,50,67,22,35536
31775,80922,429900.0,3,3,2232,5432 STATUTE DR,Colorado Springs,Colorado,29623,1962.6,El Paso,111074.0,38.88996,-104.70084,3,50,67,22,30847
16033,80905,297000.0,3,1,894,2003 S CORONA AVE,Colorado Springs,Colorado,16717,1261.9,El Paso,92985.0,38.81855,-104.83649,2,50,67,22,15566
31779,80922,465000.0,3,3,1701,3726 VINEYARD CIR,Colorado Springs,Colorado,29623,1962.6,El Paso,111074.0,38.88996,-104.70084,3,50,67,22,30851
7248,80923,579000.0,3,3,3785,6715 GOLD DROP DR,Colorado Springs,Colorado,32050,1771.6,El Paso,109942.0,38.92673,-104.71433,4,50,67,22,6983
7155,80903,600000.0,3,2,832,518 E BIJOU ST,Colorado Springs,Colorado,16844,1209.5,El Paso,73686.0,38.83249,-104.81342,4,50,67,22,6904
31696,80917,449900.0,4,3,2302,3291 TEARDROP CIR,Colorado Springs,Colorado,31614,2174.4,El Paso,83184.0,38.88684,-104.74049,3,50,67,22,30781
26004,80915,155000.0,1,1,704,1708 SAWYER WAY APT 184,Colorado Springs,Colorado,22382,1099.9,El Paso,81611.0,38.85271,-104.71652,1,50,67,22,25290
31853,80925,481000.0,5,3,2848,9707 CHALKSTONE LN,Colorado Springs,Colorado,14084,189.4,El Paso,119440.0,38.76156,-104.64441,3,50,67,22,30912
31799,80923,395000.0,3,2,2134,5702 VERMILLION BLUFFS DR,Colorado Springs,Colorado,32050,1771.6,El Paso,109942.0,38.92673,-104.71433,3,50,67,22,30867
7284,80938,623950.0,4,3,2740,9304 MAYFLOWER GULCH WAY,Colorado Springs,Colorado,565,41.0,El Paso,106290.0,38.90157,-104.65926,4,50,67,22,7011
31626,80911,430000.0,3,4,1985,5632 MARABOU WAY,Colorado Springs,Colorado,36496,1268.3,El Paso,90906.0,38.75325,-104.71955,3,50,67,22,30720
2941,80921,1125000.0,4,3,2890,14415 SILVERTON RD,Colorado Springs,Colorado,22725,179.0,El Paso,163704.0,39.02648,-104.88156,8,50,67,22,2820
16122,80915,350000.0,3,2,1028,6560 LONSDALE DR,Colorado Springs,Colorado,22382,1099.9,El Paso,81611.0,38.85271,-104.71652,2,50,67,22,15640
26005,80915,229000.0,2,2,960,1308 SOARING EAGLE DR,Colorado Springs,Colorado,22382,1099.9,El Paso,81611.0,38.85271,-104.71652,1,50,67,22,25291
31646,80911,450000.0,5,4,2788,6267 PASSING SKY DR,Colorado Springs,Colorado,36496,1268.3,El Paso,90906.0,38.75325,-104.71955,3,50,67,22,30738
1448,80921,750000.0,5,5,4586,848 SPECTRUM LOOP,Colorado Springs,Colorado,22725,179.0,El Paso,163704.0,39.02648,-104.88156,5,50,67,22,1403
16151,80917,270000.0,2,2,1131,3523 QUEEN ANNE WAY,Colorado Springs,Colorado,31614,2174.4,El Paso,83184.0,38.88684,-104.74049,2,50,67,22,15664
31578,80906,449999.0,3,3,3012,2004 GLENHILL RD,Colorado Springs,Colorado,38046,322.3,El Paso,132989.0,38.76744,-104.87023,3,50,67,22,30680
4169,80921,875000.0,6,4,4612,12932 BROOKHILL DR,Colorado Springs,Colorado,22725,179.0,El Paso,163704.0,39.02648,-104.88156,6,50,67,22,4005
31863,80927,459900.0,4,4,1932,6129 ASHMORE LN,Colorado Springs,Colorado,5231,449.4,El Paso,153811.0,38.92833,-104.65878,3,50,67,22,30922
16025,80904,330000.0,2,2,1186,1431 MADISON RIDGE HTS APT D,Colorado Springs,Colorado,21162,731.7,El Paso,95588.0,38.86321,-104.87197,2,50,67,22,15561
31872,80938,485000.0,3,3,2154,4443 HESSITE LOOP,Colorado Springs,Colorado,565,41.0,El Paso,106290.0,38.90157,-104.65926,3,50,67,22,30930
16194,80923,378000.0,2,3,1625,6206 ESCALADE PT,Colorado Springs,Colorado,32050,1771.6,El Paso,109942.0,38.92673,-104.71433,2,50,67,22,15700
1422,80908,669900.0,3,2,3024,7815 MAVERICK RD,Colorado Springs,Colorado,20622,84.1,El Paso,160845.0,39.0463,-104.69094,5,50,67,22,1385
7182,80909,515000.0,4,2,2680,1925 CREST HAVEN CIR,Colorado Springs,Colorado,37821,1841.6,El Paso,72120.0,38.85255,-104.77434,4,50,67,22,6929
16084,80910,329000.0,3,2,1532,219 LONGFELLOW DR,Colorado Springs,Colorado,31827,2011.2,El Paso,69434.0,38.81178,-104.7743,2,50,67,22,15601
16167,80919,345000.0,2,3,1632,6158 COLONY CIR,Colorado Springs,Colorado,27788,392.0,El Paso,135460.0,38.92797,-104.88025,2,50,67,22,15677
16136,80916,350000.0,3,2,1262,4517 FENTON RD,Colorado Springs,Colorado,41087,862.7,El Paso,68391.0,38.80327,-104.71208,2,50,67,22,15651
31755,80920,449900.0,3,3,1959,2145 NORWICH DR,Colorado Springs,Colorado,38988,1212.4,El Paso,128902.0,38.95579,-104.77191,3,50,67,22,30822
16086,80910,325000.0,4,2,1862,133 S CHELTON RD,Colorado Springs,Colorado,31827,2011.2,El Paso,69434.0,38.81178,-104.7743,2,50,67,22,15609
7172,80908,561860.0,3,3,2999,8162 GOLDENRAY PL,Colorado Springs,Colorado,20622,84.1,El Paso,160845.0,39.0463,-104.69094,4,50,67,22,6919
7233,80922,562156.0,4,3,2986,4035 RYEDALE WAY,Colorado Springs,Colorado,29623,1962.6,El Paso,111074.0,38.88996,-104.70084,4,50,67,22,6970
16156,80917,259000.0,2,2,992,3124 VAIL PASS DR,Colorado Springs,Colorado,31614,2174.4,El Paso,83184.0,38.88684,-104.74049,2,50,67,22,15669
16149,80916,350000.0,3,2,1262,4517 FENTON RD,Colorado Springs,Colorado,41087,862.7,El Paso,68391.0,38.80327,-104.71208,2,50,67,22,15651
31713,80918,415000.0,4,2,1966,5915 N UNION BLVD,Colorado Springs,Colorado,48404,1559.6,El Paso,102288.0,38.91156,-104.78032,3,50,67,22,30796
7165,80906,611500.0,3,2,1880,1523 WINFIELD AVE,Colorado Springs,Colorado,38046,322.3,El Paso,132989.0,38.76744,-104.87023,4,50,67,22,6914
16105,80911,317000.0,3,1,936,2110 FRONTIER DR,Colorado Springs,Colorado,36496,1268.3,El Paso,90906.0,38.75325,-104.71955,2,50,67,22,15624
31675,80916,420000.0,4,3,1861,4318 MOONBEAM DR,Colorado Springs,Colorado,41087,862.7,El Paso,68391.0,38.80327,-104.71208,3,50,67,22,30762
31647,80911,435000.0,4,3,2229,5020 MANZANA DR,Colorado Springs,Colorado,36496,1268.3,El Paso,90906.0,38.75325,-104.71955,3,50,67,22,30739
16132,80915,349000.0,3,2,1717,6750 GALLEY RD,Colorado Springs,Colorado,22382,1099.9,El Paso,81611.0,38.85271,-104.71652,2,50,67,22,15647
26012,80918,169500.0,1,1,561,5038 EL CAMINO DR APT 52,Colorado Springs,Colorado,48404,1559.6,El Paso,102288.0,38.91156,-104.78032,1,50,67,22,25297
31764,80922,474900.0,3,3,2164,6855 DONNELAITH PL,Colorado Springs,Colorado,29623,1962.6,El Paso,111074.0,38.88996,-104.70084,3,50,67,22,30837
31723,80918,458000.0,3,3,2448,5985 ELDORA LN,Colorado Springs,Colorado,48404,1559.6,El Paso,102288.0,38.91156,-104.78032,3,50,67,22,30803
4168,80921,769999.0,4,3,3647,11739 SPECTACULAR BID CIR,Colorado Springs,Colorado,22725,179.0,El Paso,163704.0,39.02648,-104.88156,6,50,67,22,4004
4141,80906,875000.0,4,5,4397,405 ROXBURY CIR,Colorado Springs,Colorado,38046,322.3,El Paso,132989.0,38.76744,-104.87023,6,50,67,22,3985
31732,80918,410000.0,4,2,1600,5345 DEL PAZ DR,Colorado Springs,Colorado,48404,1559.6,El Paso,102288.0,38.91156,-104.78032,3,50,67,22,30800
31845,80925,430000.0,4,3,2226,6680 KEARSARGE DR,Colorado Springs,Colorado,14084,189.4,El Paso,119440.0,38.76156,-104.64441,3,50,67,22,30904
31684,80917,455000.0,4,3,2347,5080 COPERNICUS WAY,Colorado Springs,Colorado,31614,2174.4,El Paso,83184.0,38.88684,-104.74049,3,50,67,22,30770
16162,80918,260000.0,2,2,924,4858 SONATA DR APT C,Colorado Springs,Colorado,48404,1559.6,El Paso,102288.0,38.91156,-104.78032,2,50,67,22,15673
4137,80906,775000.0,5,4,3300,6055 FARTHING DR,Colorado Springs,Colorado,38046,322.3,El Paso,132989.0,38.76744,-104.87023,6,50,67,22,3981
26014,80918,249900.0,2,2,924,4875 EL CAMINO DR APT C,Colorado Springs,Colorado,48404,1559.6,El Paso,102288.0,38.91156,-104.78032,1,50,67,22,25299
31848,80925,462810.0,3,3,1916,11419 SANDERLING ST,Colorado Springs,Colorado,14084,189.4,El Paso,119440.0,38.76156,-104.64441,3,50,67,22,30907
16191,80922,315000.0,2,2,1123,7104 ASH CREEK HTS APT 103,Colorado Springs,Colorado,29623,1962.6,El Paso,111074.0,38.88996,-104.70084,2,50,67,22,15694
31811,80924,456417.0,3,4,2305,6130 VENADO GRV,Colorado Springs,Colorado,13607,897.9,El Paso,158446.0,38.96727,-104.72199,3,50,67,22,30875
7275,80927,535000.0,4,3,3285,7151 LAUREL CHERRY CT,Colorado Springs,Colorado,5231,449.4,El Paso,153811.0,38.92833,-104.65878,4,50,67,22,7004
7282,80928,528000.0,4,2,2086,6583 HALEX GRV,Colorado Springs,Colorado,831,1.1,El Paso,97745.0,38.64517,-104.44268,4,50,67,22,7009
31814,80924,433444.0,3,4,2230,7780 TUTTLE VW,Colorado Springs,Colorado,13607,897.9,El Paso,158446.0,38.96727,-104.72199,3,50,67,22,30877
7277,80927,509900.0,3,3,2294,6571 JOHN MUIR TRL,Colorado Springs,Colorado,5231,449.4,El Paso,153811.0,38.92833,-104.65878,4,50,67,22,7006
16046,80906,310000.0,3,1,944,1960 SWEARINGER DR,Colorado Springs,Colorado,38046,322.3,El Paso,132989.0,38.76744,-104.87023,2,50,67,22,15578
16121,80915,335000.0,3,1,1064,1995 PAWHUSKA PL,Colorado Springs,Colorado,22382,1099.9,El Paso,81611.0,38.85271,-104.71652,2,50,67,22,15639
36133,80915,118000.0,2,2,1056,1095 WESTERN DR,Colorado Springs,Colorado,22382,1099.9,El Paso,81611.0,38.85271,-104.71652,0,50,67,22,35109
7196,80919,600000.0,3,3,3305,5530 FLAG WAY,Colorado Springs,Colorado,27788,392.0,El Paso,135460.0,38.92797,-104.88025,4,50,67,22,6938
1461,80924,675000.0,5,3,3448,10021 THRIVE LN,Colorado Springs,Colorado,13607,897.9,El Paso,158446.0,38.96727,-104.72199,5,50,67,22,1415
31695,80917,414900.0,3,2,1429,5429 TENNESSEE PASS DR,Colorado Springs,Colorado,31614,2174.4,El Paso,83184.0,38.88684,-104.74049,3,50,67,22,30779
16099,80911,359900.0,4,2,1312,7220 RED CLOUD ST,Colorado Springs,Colorado,36496,1268.3,El Paso,90906.0,38.75325,-104.71955,2,50,67,22,15619
16095,80910,279900.0,3,2,1340,1818 WHITMAN RD,Colorado Springs,Colorado,31827,2011.2,El Paso,69434.0,38.81178,-104.7743,2,50,67,22,15617
16069,80909,355000.0,3,1,1689,107 ARLEN ST,Colorado Springs,Colorado,37821,1841.6,El Paso,72120.0,38.85255,-104.77434,2,50,67,22,15597
16177,80919,360000.0,3,3,1506,6178 COLONY CIR,Colorado Springs,Colorado,27788,392.0,El Paso,135460.0,38.92797,-104.88025,2,50,67,22,15686
31609,80908,450000.0,2,2,1200,13210 SIERRA MADRE RD,Colorado Springs,Colorado,20622,84.1,El Paso,160845.0,39.0463,-104.69094,3,50,67,22,30702
31803,80923,435000.0,3,4,1856,6320 BALANCE CIR,Colorado Springs,Colorado,32050,1771.6,El Paso,109942.0,38.92673,-104.71433,3,50,67,22,30870
16029,80904,345000.0,3,2,1595,2575 WHEATON DR,Colorado Springs,Colorado,21162,731.7,El Paso,95588.0,38.86321,-104.87197,2,50,67,22,15560
4138,80906,825000.0,5,4,2759,3004 SPRINGLAKE CIR E,Colorado Springs,Colorado,38046,322.3,El Paso,132989.0,38.76744,-104.87023,6,50,67,22,3982
31792,80923,497000.0,4,2,2146,7302 FLATHEAD LAKE DR,Colorado Springs,Colorado,32050,1771.6,El Paso,109942.0,38.92673,-104.71433,3,50,67,22,30860
31810,80924,425000.0,2,3,1484,10057 VERVAIN VW,Colorado Springs,Colorado,13607,897.9,El Paso,158446.0,38.96727,-104.72199,3,50,67,22,30874
1469,80925,657575.0,5,3,3448,9165 BUFFALO BUR TRL,Colorado Springs,Colorado,14084,189.4,El Paso,119440.0,38.76156,-104.64441,5,50,67,22,1422
31850,80925,424900.0,4,3,1867,9404 HAZY MORNING DR,Colorado Springs,Colorado,14084,189.4,El Paso,119440.0,38.76156,-104.64441,3,50,67,22,30909
31716,80918,420000.0,4,3,2072,6240 MACH 1 DR,Colorado Springs,Colorado,48404,1559.6,El Paso,102288.0,38.91156,-104.78032,3,50,67,22,30795
31813,80924,451717.0,3,4,2230,6138 VENADO GRV,Colorado Springs,Colorado,13607,897.9,El Paso,158446.0,38.96727,-104.72199,3,50,67,22,30876
18838,80920,925000.0,5,4,3884,2471 WILLOW GLEN DR,Colorado Springs,Colorado,38988,1212.4,El Paso,128902.0,38.95579,-104.77191,7,50,67,22,18243
31722,80918,499900.0,4,3,2229,4506 RANCH CIR,Colorado Springs,Colorado,48404,1559.6,El Paso,102288.0,38.91156,-104.78032,3,50,67,22,30802
7251,80923,550000.0,3,3,2759,7237 CAT TAIL CREEK DR,Colorado Springs,Colorado,32050,1771.6,El Paso,109942.0,38.92673,-104.71433,4,50,67,22,6984
31600,80908,500000.0,4,4,2964,6913 SIERRA MEADOWS DR,Colorado Springs,Colorado,20622,84.1,El Paso,160845.0,39.0463,-104.69094,3,50,67,22,30696
31840,80925,461430.0,3,3,1898,11425 WHISTLING DUCK WAY,Colorado Springs,Colorado,14084,189.4,El Paso,119440.0,38.76156,-104.64441,3,50,67,22,30901
31844,80925,485000.0,5,3,2909,8123 SEDGEWICK DR,Colorado Springs,Colorado,14084,189.4,El Paso,119440.0,38.76156,-104.64441,3,50,67,22,30903
25989,80905,179900.0,1,1,728,900 SATURN DR APT 202,Colorado Springs,Colorado,16717,1261.9,El Paso,92985.0,38.81855,-104.83649,1,50,67,22,25279
4148,80908,800000.0,3,2,4235,14940 QUAIL RUN RD,Colorado Springs,Colorado,20622,84.1,El Paso,160845.0,39.0463,-104.69094,6,50,67,22,3990
31785,80922,435000.0,3,2,2196,3140 FLYING HORSE RD,Colorado Springs,Colorado,29623,1962.6,El Paso,111074.0,38.88996,-104.70084,3,50,67,22,30854
31634,80911,390000.0,3,3,1836,6770 BROOK FOREST DR,Colorado Springs,Colorado,36496,1268.3,El Paso,90906.0,38.75325,-104.71955,3,50,67,22,30728
16065,80909,330000.0,3,2,1027,1723 HOLMES DR,Colorado Springs,Colorado,37821,1841.6,El Paso,72120.0,38.85255,-104.77434,2,50,67,22,15594
31801,80923,384999.0,2,3,1625,7238 RED SAND GRV,Colorado Springs,Colorado,32050,1771.6,El Paso,109942.0,38.92673,-104.71433,3,50,67,22,30869
16176,80919,360000.0,3,3,1536,6178 COLONY CIR,Colorado Springs,Colorado,27788,392.0,El Paso,135460.0,38.92797,-104.88025,2,50,67,22,15686
16036,80905,349900.0,2,1,1170,1601 NAVAJO CIR,Colorado Springs,Colorado,16717,1261.9,El Paso,92985.0,38.81855,-104.83649,2,50,67,22,15569
31809,80924,408407.0,3,3,1566,6122 VENADO GRV,Colorado Springs,Colorado,13607,897.9,El Paso,158446.0,38.96727,-104.72199,3,50,67,22,30873
7223,80921,559900.0,4,3,2281,1663 LOOKOUT SPRINGS DR,Colorado Springs,Colorado,22725,179.0,El Paso,163704.0,39.02648,-104.88156,4,50,67,22,6959
31586,80906,459000.0,3,3,1946,3719 BLUE MERION CT,Colorado Springs,Colorado,38046,322.3,El Paso,132989.0,38.76744,-104.87023,3,50,67,22,30679
31728,80918,399900.0,4,3,1675,3430 VALEJO CT,Colorado Springs,Colorado,48404,1559.6,El Paso,102288.0,38.91156,-104.78032,3,50,67,22,30807
16049,80906,310000.0,3,1,944,1960 SWEARINGER DR,Colorado Springs,Colorado,38046,322.3,El Paso,132989.0,38.76744,-104.87023,2,50,67,22,15578
1443,80921,699999.0,4,3,4134,260 PAUMA VALLEY DR,Colorado Springs,Colorado,22725,179.0,El Paso,163704.0,39.02648,-104.88156,5,50,67,22,1401
31617,80909,395000.0,4,2,1989,1775 SUMMERNIGHT TER,Colorado Springs,Colorado,37821,1841.6,El Paso,72120.0,38.85255,-104.77434,3,50,67,22,30711
7239,80922,604873.0,4,5,3489,4113 WYEDALE WAY,Colorado Springs,Colorado,29623,1962.6,El Paso,111074.0,38.88996,-104.70084,4,50,67,22,6976
31710,80918,415000.0,3,3,2374,6135 VADLE LN,Colorado Springs,Colorado,48404,1559.6,El Paso,102288.0,38.91156,-104.78032,3,50,67,22,30793
31846,80925,453310.0,3,3,1804,11434 WHISTLING DUCK WAY,Colorado Springs,Colorado,14084,189.4,El Paso,119440.0,38.76156,-104.64441,3,50,67,22,30905
1442,80921,698000.0,5,4,4136,14687 BLUE WINGS WAY,Colorado Springs,Colorado,22725,179.0,El Paso,163704.0,39.02648,-104.88156,5,50,67,22,1400
16117,80911,315000.0,4,2,1448,7045 SUGAR CREEK CIR,Colorado Springs,Colorado,36496,1268.3,El Paso,90906.0,38.75325,-104.71955,2,50,67,22,15636
1424,80908,733088.0,5,4,3935,7977 POLSON DR,Colorado Springs,Colorado,20622,84.1,El Paso,160845.0,39.0463,-104.69094,5,50,67,22,1387
31773,80922,499900.0,7,3,3507,6660 TURKEY TRACKS RD,Colorado Springs,Colorado,29623,1962.6,El Paso,111074.0,38.88996,-104.70084,3,50,67,22,30846
7224,80922,515000.0,4,4,2678,4912 DUNECREST DR,Colorado Springs,Colorado,29623,1962.6,El Paso,111074.0,38.88996,-104.70084,4,50,67,22,6961
27066,80908,1220000.0,5,5,5196,19670 STILL GLEN DR,Colorado Springs,Colorado,20622,84.1,El Paso,160845.0,39.0463,-104.69094,9,50,67,22,26294
36585,80908,1385000.0,2,3,2069,9775 WALKER RD,Colorado Springs,Colorado,20622,84.1,El Paso,160845.0,39.0463,-104.69094,10,50,67,22,35533
16035,80905,374900.0,3,2,1792,1218 ASPEN AVE,Colorado Springs,Colorado,16717,1261.9,El Paso,92985.0,38.81855,-104.83649,2,50,67,22,15568
31745,80920,459719.0,3,3,1848,8510 FREEMANTLE DR,Colorado Springs,Colorado,38988,1212.4,El Paso,128902.0,38.95579,-104.77191,3,50,67,22,30821
31608,80908,503951.0,3,2,1607,8675 BYNUM DR,Colorado Springs,Colorado,20622,84.1,El Paso,160845.0,39.0463,-104.69094,3,50,67,22,30703
16166,80918,275000.0,2,1,780,4857 SONATA DR APT A,Colorado Springs,Colorado,48404,1559.6,El Paso,102288.0,38.91156,-104.78032,2,50,67,22,15671
31825,80925,434780.0,3,3,2507,5191 ROUNDHOUSE DR,Colorado Springs,Colorado,14084,189.4,El Paso,119440.0,38.76156,-104.64441,3,50,67,22,30888
31640,80911,499000.0,4,4,2793,4948 WOLF MOON DR,Colorado Springs,Colorado,36496,1268.3,El Paso,90906.0,38.75325,-104.71955,3,50,67,22,30733
7171,80908,586700.0,4,4,2395,8125 YELLOWLEAF PL,Colorado Springs,Colorado,20622,84.1,El Paso,160845.0,39.0463,-104.69094,4,50,67,22,6918
31761,80922,394900.0,3,3,1531,4290 ALDER SPRINGS VW,Colorado Springs,Colorado,29623,1962.6,El Paso,111074.0,38.88996,-104.70084,3,50,67,22,30834
1430,80917,640000.0,5,4,4214,5036 SUNSET RIDGE DR,Colorado Springs,Colorado,31614,2174.4,El Paso,83184.0,38.88684,-104.74049,5,50,67,22,1392
1421,80908,650000.0,5,3,3396,18145 WOODHAVEN DR,Colorado Springs,Colorado,20622,84.1,El Paso,160845.0,39.0463,-104.69094,5,50,67,22,1384
31599,80907,389900.0,3,1,1060,4506 MALLOW RD,Colorado Springs,Colorado,28549,1119.8,El Paso,89203.0,38.87912,-104.82137,3,50,67,22,30695
16134,80916,352500.0,3,3,1414,2520 SIERRA SPRINGS DR,Colorado Springs,Colorado,41087,862.7,El Paso,68391.0,38.80327,-104.71208,2,50,67,22,15649
7199,80919,533900.0,3,3,1773,5778 VILLA LORENZO DR,Colorado Springs,Colorado,27788,392.0,El Paso,135460.0,38.92797,-104.88025,4,50,67,22,6941
7257,80924,635000.0,4,3,1321,8529 JACKS FORK DR,Colorado Springs,Colorado,13607,897.9,El Paso,158446.0,38.96727,-104.72199,4,50,67,22,6988
7170,80907,549000.0,2,1,1201,1931 N TEJON ST,Colorado Springs,Colorado,28549,1119.8,El Paso,89203.0,38.87912,-104.82137,4,50,67,22,6917
7225,80922,630000.0,5,4,3751,2794 GRAND PRIX CT,Colorado Springs,Colorado,29623,1962.6,El Paso,111074.0,38.88996,-104.70084,4,50,67,22,6962
7237,80922,592914.0,4,3,3197,4095 RYEDALE WAY,Colorado Springs,Colorado,29623,1962.6,El Paso,111074.0,38.88996,-104.70084,4,50,67,22,6974
31750,80920,425950.0,3,3,1475,5037 AGGREGATE PT,Colorado Springs,Colorado,38988,1212.4,El Paso,128902.0,38.95579,-104.77191,3,50,67,22,30825
7221,80921,530000.0,4,4,2499,1604 RUSTLERS ROOST DR,Colorado Springs,Colorado,22725,179.0,El Paso,163704.0,39.02648,-104.88156,4,50,67,22,6958
31661,80915,425000.0,3,2,1497,1914 WOOTEN RD,Colorado Springs,Colorado,22382,1099.9,El Paso,81611.0,38.85271,-104.71652,3,50,67,22,30742
4165,80921,859000.0,5,4,4111,1198 CRYSTAL BASIN DR,Colorado Springs,Colorado,22725,179.0,El Paso,163704.0,39.02648,-104.88156,6,50,67,22,4003
16083,80910,275000.0,2,2,1196,3483 ATLANTIC DR,Colorado Springs,Colorado,31827,2011.2,El Paso,69434.0,38.81178,-104.7743,2,50,67,22,15608
31707,80918,449800.0,3,2,1606,5445 DEL REY DR,Colorado Springs,Colorado,48404,1559.6,El Paso,102288.0,38.91156,-104.78032,3,50,67,22,30791
2942,80924,1075000.0,6,4,4606,9124 DOME ROCK PL,Colorado Springs,Colorado,13607,897.9,El Paso,158446.0,38.96727,-104.72199,8,50,67,22,2821
1425,80908,749900.0,3,3,3438,10520 S FOREST DR,Colorado Springs,Colorado,20622,84.1,El Paso,160845.0,39.0463,-104.69094,5,50,67,22,1388
16154,80917,280000.0,2,1,992,3102 VAIL PASS DR,Colorado Springs,Colorado,31614,2174.4,El Paso,83184.0,38.88684,-104.74049,2,50,67,22,15667
36588,80918,1299900.0,4,5,4710,4608 STONEHILL RD,Colorado Springs,Colorado,48404,1559.6,El Paso,102288.0,38.91156,-104.78032,10,50,67,22,35535
1423,80908,730000.0,4,3,2790,7175 BAKER RD,Colorado Springs,Colorado,20622,84.1,El Paso,160845.0,39.0463,-104.69094,5,50,67,22,1386
2929,80906,1075000.0,4,3,3357,230 SIERRA VISTA DR,Colorado Springs,Colorado,38046,322.3,El Paso,132989.0,38.76744,-104.87023,8,50,67,22,2812
7210,80920,539900.0,5,3,3184,8058 SCARBOROUGH DR,Colorado Springs,Colorado,38988,1212.4,El Paso,128902.0,38.95579,-104.77191,4,50,67,22,6950
1438,80921,739000.0,4,3,2686,14205 GLENEAGLE DR,Colorado Springs,Colorado,22725,179.0,El Paso,163704.0,39.02648,-104.88156,5,50,67,22,1397
7169,80907,549000.0,2,1,1621,1931 N TEJON ST,Colorado Springs,Colorado,28549,1119.8,El Paso,89203.0,38.87912,-104.82137,4,50,67,22,6917
16091,80910,329000.0,3,1,864,935 HAYDEN DR,Colorado Springs,Colorado,31827,2011.2,El Paso,69434.0,38.81178,-104.7743,2,50,67,22,15614
31796,80923,399900.0,3,3,1584,6227 RIVERDALE DR,Colorado Springs,Colorado,32050,1771.6,El Paso,109942.0,38.92673,-104.71433,3,50,67,22,30864
1453,80924,654000.0,5,4,3636,8883 STONY CREEK DR,Colorado Springs,Colorado,13607,897.9,El Paso,158446.0,38.96727,-104.72199,5,50,67,22,1409
16178,80919,325000.0,3,2,1208,1605 MAITLAND CT,Colorado Springs,Colorado,27788,392.0,El Paso,135460.0,38.92797,-104.88025,2,50,67,22,15687
31816,80925,474950.0,3,3,1831,8261 BUFFALO HORN DR,Colorado Springs,Colorado,14084,189.4,El Paso,119440.0,38.76156,-104.64441,3,50,67,22,30879
4139,80906,865000.0,4,4,3346,1285 LOG HOLLOW PT,Colorado Springs,Colorado,38046,322.3,El Paso,132989.0,38.76744,-104.87023,6,50,67,22,3983
7207,80919,579999.0,4,3,2390,315 SUNBIRD CLIFFS LN,Colorado Springs,Colorado,27788,392.0,El Paso,135460.0,38.92797,-104.88025,4,50,67,22,6946
31842,80925,447235.0,3,3,2109,5203 ROUNDHOUSE DR,Colorado Springs,Colorado,14084,189.4,El Paso,119440.0,38.76156,-104.64441,3,50,67,22,30902
16182,80922,305000.0,3,2,1276,3847 RIVIERA GRV APT 203,Colorado Springs,Colorado,29623,1962.6,El Paso,111074.0,38.88996,-104.70084,2,50,67,22,15689
7264,80925,555000.0,4,4,3341,7529 BONTERRA LN,Colorado Springs,Colorado,14084,189.4,El Paso,119440.0,38.76156,-104.64441,4,50,67,22,6994
16183,80922,305000.0,2,2,979,6964 ASH CREEK HTS APT 202,Colorado Springs,Colorado,29623,1962.6,El Paso,111074.0,38.88996,-104.70084,2,50,67,22,15690
18843,80924,925067.0,5,4,3748,6377 CHAGALL TRL,Colorado Springs,Colorado,13607,897.9,El Paso,158446.0,38.96727,-104.72199,7,50,67,22,18247
31838,80925,480000.0,5,3,2698,10106 INTREPID WAY,Colorado Springs,Colorado,14084,189.4,El Paso,119440.0,38.76156,-104.64441,3,50,67,22,30899
31602,80908,500000.0,4,4,2749,6913 SIERRA MEADOWS DR,Colorado Springs,Colorado,20622,84.1,El Paso,160845.0,39.0463,-104.69094,3,50,67,22,30696
1459,80924,685000.0,4,3,3594,5930 TRADITIONS DR,Colorado Springs,Colorado,13607,897.9,El Paso,158446.0,38.96727,-104.72199,5,50,67,22,1414
31614,80909,385000.0,3,2,1377,1610 N CHELTON RD,Colorado Springs,Colorado,37821,1841.6,El Paso,72120.0,38.85255,-104.77434,3,50,67,22,30708
4161,80919,795000.0,4,4,3016,2560 ROSSMERE ST,Colorado Springs,Colorado,27788,392.0,El Paso,135460.0,38.92797,-104.88025,6,50,67,22,3999
31699,80917,479900.0,4,3,2156,5255 BLUESTEM DR,Colorado Springs,Colorado,31614,2174.4,El Paso,83184.0,38.88684,-104.74049,3,50,67,22,30784
31757,80921,479000.0,3,4,3424,20 LUXURY LN,Colorado Springs,Colorado,22725,179.0,El Paso,163704.0,39.02648,-104.88156,3,50,67,22,30830
16077,80910,294900.0,2,2,1196,3517 ATLANTIC DR,Colorado Springs,Colorado,31827,2011.2,El Paso,69434.0,38.81178,-104.7743,2,50,67,22,15602
16038,80905,312000.0,2,4,1568,1951 GILTSHIRE DR,Colorado Springs,Colorado,16717,1261.9,El Paso,92985.0,38.81855,-104.83649,2,50,67,22,15570
16023,80904,300000.0,2,2,1195,2931 MESA RD APT A,Colorado Springs,Colorado,21162,731.7,El Paso,95588.0,38.86321,-104.87197,2,50,67,22,15556
16150,80917,299900.0,2,1,906,4781 DAYBREAK CIR,Colorado Springs,Colorado,31614,2174.4,El Paso,83184.0,38.88684,-104.74049,2,50,67,22,15663
31820,80925,400000.0,3,3,1300,4341 BRAMBLE LN,Colorado Springs,Colorado,14084,189.4,El Paso,119440.0,38.76156,-104.64441,3,50,67,22,30883
31828,80925,425000.0,3,3,2354,3872 CHIA DR,Colorado Springs,Colorado,14084,189.4,El Paso,119440.0,38.76156,-104.64441,3,50,67,22,30891
4177,80924,799450.0,6,5,4049,4919 OLYMPUS DR,Colorado Springs,Colorado,13607,897.9,El Paso,158446.0,38.96727,-104.72199,6,50,67,22,4007
16155,80917,305000.0,3,2,1682,3306 QUEEN ANNE WAY,Colorado Springs,Colorado,31614,2174.4,El Paso,83184.0,38.88684,-104.74049,2,50,67,22,15668
7180,80909,635000.0,3,2,1918,714 N SHERIDAN AVE,Colorado Springs,Colorado,37821,1841.6,El Paso,72120.0,38.85255,-104.77434,4,50,67,22,6927
16072,80909,359000.0,2,2,1430,2024 E WILLAMETTE AVE,Colorado Springs,Colorado,37821,1841.6,El Paso,72120.0,38.85255,-104.77434,2,50,67,22,15599
16163,80918,310000.0,2,2,1650,5556 DUNBAR CT,Colorado Springs,Colorado,48404,1559.6,El Paso,102288.0,38.91156,-104.78032,2,50,67,22,15674
31679,80917,475000.0,6,4,4533,4329 WINDING CIR,Colorado Springs,Colorado,31614,2174.4,El Paso,83184.0,38.88684,-104.74049,3,50,67,22,30765
16174,80919,375000.0,3,3,1802,456 W ROCKRIMMON BLVD APT E,Colorado Springs,Colorado,27788,392.0,El Paso,135460.0,38.92797,-104.88025,2,50,67,22,15684
16022,80904,345000.0,3,2,1595,2575 WHEATON DR,Colorado Springs,Colorado,21162,731.7,El Paso,95588.0,38.86321,-104.87197,2,50,67,22,15560
16093,80910,324900.0,3,3,1772,426 LAKEWOOD CIR,Colorado Springs,Colorado,31827,2011.2,El Paso,69434.0,38.81178,-104.7743,2,50,67,22,15607
7243,80923,540000.0,4,4,2591,6640 WHEREABOUT CT,Colorado Springs,Colorado,32050,1771.6,El Paso,109942.0,38.92673,-104.71433,4,50,67,22,6979
36590,80920,1345000.0,4,4,3303,2525 SHRIDER RD,Colorado Springs,Colorado,38988,1212.4,El Paso,128902.0,38.95579,-104.77191,10,50,67,22,35536
36134,80916,110000.0,3,2,1280,5150 AIRPORT RD,Colorado Springs,Colorado,41087,862.7,El Paso,68391.0,38.80327,-104.71208,0,50,67,22,35110
18826,80904,945900.0,4,3,4943,3055 VALLEYBROOK LN,Colorado Springs,Colorado,21162,731.7,El Paso,95588.0,38.86321,-104.87197,7,50,67,22,18234
26002,80910,195000.0,2,2,1191,2902 AIRPORT RD APT 211,Colorado Springs,Colorado,31827,2011.2,El Paso,69434.0,38.81178,-104.7743,1,50,67,22,25282
1432,80919,650000.0,4,3,2520,5345 AUTUMN HILLS CT,Colorado Springs,Colorado,27788,392.0,El Paso,135460.0,38.92797,-104.88025,5,50,67,22,1394
36586,80908,1350000.0,5,5,4495,17378 ABERT RANCH DR,Colorado Springs,Colorado,20622,84.1,El Paso,160845.0,39.0463,-104.69094,10,50,67,22,35534
1454,80924,715000.0,4,3,3662,4494 CAPTAIN JACK LN,Colorado Springs,Colorado,13607,897.9,El Paso,158446.0,38.96727,-104.72199,5,50,67,22,1410
7211,80920,525000.0,4,4,3316,8120 LYTHRUM DR,Colorado Springs,Colorado,38988,1212.4,El Paso,128902.0,38.95579,-104.77191,4,50,67,22,6951
31568,80904,500000.0,3,2,1635,927 PANORAMA DR,Colorado Springs,Colorado,21162,731.7,El Paso,95588.0,38.86321,-104.87197,3,50,67,22,30670
4156,80919,789000.0,3,4,3408,415 W WOODMEN RD,Colorado Springs,Colorado,27788,392.0,El Paso,135460.0,38.92797,-104.88025,6,50,67,22,3995
16067,80909,349999.0,4,2,1382,3424 E LA SALLE ST,Colorado Springs,Colorado,37821,1841.6,El Paso,72120.0,38.85255,-104.77434,2,50,67,22,15595
7229,80922,539900.0,3,3,1578,2767 HAYSTACK DR,Colorado Springs,Colorado,29623,1962.6,El Paso,111074.0,38.88996,-104.70084,4,50,67,22,6966
31676,80916,419612.0,3,3,1727,5267 AEROGLIDE LOOP,Colorado Springs,Colorado,41087,862.7,El Paso,68391.0,38.80327,-104.71208,3,50,67,22,30763
16129,80915,289900.0,3,3,1849,1184 CREE DR,Colorado Springs,Colorado,22382,1099.9,El Paso,81611.0,38.85271,-104.71652,2,50,67,22,15645
31725,80918,450000.0,4,4,2775,6015 BREEZE CT,Colorado Springs,Colorado,48404,1559.6,El Paso,102288.0,38.91156,-104.78032,3,50,67,22,30805
2938,80920,1100000.0,5,4,4872,2050 MULLIGAN DR,Colorado Springs,Colorado,38988,1212.4,El Paso,128902.0,38.95579,-104.77191,8,50,67,22,2818
31821,80925,455095.0,3,3,1898,6133 BIG BIRD DR,Colorado Springs,Colorado,14084,189.4,El Paso,119440.0,38.76156,-104.64441,3,50,67,22,30884
31835,80925,445000.0,4,3,1994,6178 KETTLE FIRE TRL,Colorado Springs,Colorado,14084,189.4,El Paso,119440.0,38.76156,-104.64441,3,50,67,22,30897
31802,80923,500000.0,3,3,2914,4942 SPOTTED HORSE DR,Colorado Springs,Colorado,32050,1771.6,El Paso,109942.0,38.92673,-104.71433,3,50,67,22,30863
16056,80906,350000.0,2,2,1629,4050 AUTUMN HEIGHTS DR UNIT D,Colorado Springs,Colorado,38046,322.3,El Paso,132989.0,38.76744,-104.87023,2,50,67,22,15582
1437,80920,699900.0,5,4,3959,9195 CHETWOOD DR,Colorado Springs,Colorado,38988,1212.4,El Paso,128902.0,38.95579,-104.77191,5,50,67,22,1396
31763,80922,455000.0,3,3,1915,4699 LARAMIE SKY DR,Colorado Springs,Colorado,29623,1962.6,El Paso,111074.0,38.88996,-104.70084,3,50,67,22,30836
18837,80919,985000.0,6,5,4716,755 CARVED TER,Colorado Springs,Colorado,27788,392.0,El Paso,135460.0,38.92797,-104.88025,7,50,67,22,18240
16189,80922,314900.0,3,2,1498,5354 PALOMINO RANCH PT UNIT 205,Colorado Springs,Colorado,29623,1962.6,El Paso,111074.0,38.88996,-104.70084,2,50,67,22,15696
31826,80925,460000.0,5,4,2768,10650 OUTFIT DR,Colorado Springs,Colorado,14084,189.4,El Paso,119440.0,38.76156,-104.64441,3,50,67,22,30889
2931,80908,1100000.0,4,3,3292,11325 FAWN LN,Colorado Springs,Colorado,20622,84.1,El Paso,160845.0,39.0463,-104.69094,8,50,67,22,2814
4134,80904,850000.0,4,3,3148,3075 VALLEYBROOK LN,Colorado Springs,Colorado,21162,731.7,El Paso,95588.0,38.86321,-104.87197,6,50,67,22,3978
31776,80922,399900.0,3,3,1596,7460 FOREST FALCON VW,Colorado Springs,Colorado,29623,1962.6,El Paso,111074.0,38.88996,-104.70084,3,50,67,22,30848
7214,80920,620000.0,5,4,3408,8785 QUAIL GLEN DR,Colorado Springs,Colorado,38988,1212.4,El Paso,128902.0,38.95579,-104.77191,4,50,67,22,6954
7283,80929,525000.0,3,2,1988,2685 LONE FEATHER DR,Colorado Springs,Colorado,39,0.6,El Paso,68594.0,38.82453,-104.60833,4,50,67,22,7010
31870,80928,480000.0,3,2,1919,7140 HENDERSON LN,Colorado Springs,Colorado,831,1.1,El Paso,97745.0,38.64517,-104.44268,3,50,67,22,30928
7188,80915,569900.0,5,4,3429,2035 REED GRASS WAY,Colorado Springs,Colorado,22382,1099.9,El Paso,81611.0,38.85271,-104.71652,4,50,67,22,6933
1414,80904,749500.0,4,3,2049,2223 W BIJOU ST,Colorado Springs,Colorado,21162,731.7,El Paso,95588.0,38.86321,-104.87197,5,50,67,22,1376
31678,80916,420000.0,4,4,1329,1078 NOLTE DR W,Colorado Springs,Colorado,41087,862.7,El Paso,68391.0,38.80327,-104.71208,3,50,67,22,30758
4172,80924,825000.0,4,4,3982,9226 GLITTER WAY,Colorado Springs,Colorado,13607,897.9,El Paso,158446.0,38.96727,-104.72199,6,50,67,22,4008
31639,80911,419000.0,5,3,2527,7530 SILVERDALE ST,Colorado Springs,Colorado,36496,1268.3,El Paso,90906.0,38.75325,-104.71955,3,50,67,22,30719
16012,80903,349000.0,3,1,1124,808 E MONUMENT ST,Colorado Springs,Colorado,16844,1209.5,El Paso,73686.0,38.83249,-104.81342,2,50,67,22,15550
31628,80911,430000.0,5,3,2123,7250 SULLIVAN CIR,Colorado Springs,Colorado,36496,1268.3,El Paso,90906.0,38.75325,-104.71955,3,50,67,22,30722
7186,80910,535000.0,5,4,3680,1090 ANTRIM LOOP,Colorado Springs,Colorado,31827,2011.2,El Paso,69434.0,38.81178,-104.7743,4,50,67,22,6932
31664,80916,408857.0,3,3,1956,4079 SAMARITAN LOOP,Colorado Springs,Colorado,41087,862.7,El Paso,68391.0,38.80327,-104.71208,3,50,67,22,30753
31563,80903,490000.0,2,2,1399,89 W BOULDER ST,Colorado Springs,Colorado,16844,1209.5,El Paso,73686.0,38.83249,-104.81342,3,50,67,22,30665
16181,80920,275000.0,2,2,992,2645 BANNISTER CT,Colorado Springs,Colorado,38988,1212.4,El Paso,128902.0,38.95579,-104.77191,2,50,67,22,15688
7222,80921,525000.0,3,3,1780,1579 PROMONTORY BLUFF VW,Colorado Springs,Colorado,22725,179.0,El Paso,163704.0,39.02648,-104.88156,4,50,67,22,6960
31790,80922,429900.0,3,3,1499,5432 STATUTE DR,Colorado Springs,Colorado,29623,1962.6,El Paso,111074.0,38.88996,-104.70084,3,50,67,22,30847
1463,80924,759000.0,6,5,3952,5644 OLD RIVER DR,Colorado Springs,Colorado,13607,897.9,El Paso,158446.0,38.96727,-104.72199,5,50,67,22,1417
7200,80919,629900.0,5,4,2517,6363 VAIL CIR,Colorado Springs,Colorado,27788,392.0,El Paso,135460.0,38.92797,-104.88025,4,50,67,22,6942
2934,80908,1130000.0,5,6,5315,19520 STILL GLEN DR,Colorado Springs,Colorado,20622,84.1,El Paso,160845.0,39.0463,-104.69094,8,50,67,22,2816
31783,80922,399900.0,3,3,1534,7460 FOREST FALCON VW,Colorado Springs,Colorado,29623,1962.6,El Paso,111074.0,38.88996,-104.70084,3,50,67,22,30848
31557,80903,439000.0,3,2,952,616 E MONUMENT ST,Colorado Springs,Colorado,16844,1209.5,El Paso,73686.0,38.83249,-104.81342,3,50,67,22,30659
31869,80928,475000.0,3,2,1658,15225 CACTUS HILLS LN,Colorado Springs,Colorado,831,1.1,El Paso,97745.0,38.64517,-104.44268,3,50,67,22,30927
31689,80917,425000.0,4,2,2121,4416 N DELIGHTED CIR,Colorado Springs,Colorado,31614,2174.4,El Paso,83184.0,38.88684,-104.74049,3,50,67,22,30775
31686,80917,409000.0,4,3,1676,4901 TURQUOISE CIR,Colorado Springs,Colorado,31614,2174.4,El Paso,83184.0,38.88684,-104.74049,3,50,67,22,30772
31681,80917,479900.0,5,3,2640,5820 E OLD FARM CIR,Colorado Springs,Colorado,31614,2174.4,El Paso,83184.0,38.88684,-104.74049,3,50,67,22,30767
1441,80921,752000.0,5,5,3956,12610 BROAD OAKS DR,Colorado Springs,Colorado,22725,179.0,El Paso,163704.0,39.02648,-104.88156,5,50,67,22,1399
1436,80920,690000.0,4,4,3958,2480 LINENHALL CT,Colorado Springs,Colorado,38988,1212.4,El Paso,128902.0,38.95579,-104.77191,5,50,67,22,1395
31574,80905,433900.0,2,3,1484,1450 GOLD HILL MESA DR,Colorado Springs,Colorado,16717,1261.9,El Paso,92985.0,38.81855,-104.83649,3,50,67,22,30676
16106,80911,379900.0,4,2,1824,7550 SUNNY VIEW LN,Colorado Springs,Colorado,36496,1268.3,El Paso,90906.0,38.75325,-104.71955,2,50,67,22,15625
4147,80908,827541.0,5,4,3272,8870 ELK ANTLER LN,Colorado Springs,Colorado,20622,84.1,El Paso,160845.0,39.0463,-104.69094,6,50,67,22,3989
4133,80903,875000.0,4,2,2608,743 E COSTILLA ST,Colorado Springs,Colorado,16844,1209.5,El Paso,73686.0,38.83249,-104.81342,6,50,67,22,3977
16101,80911,305000.0,2,2,1178,6608 BOBTAIL DR,Colorado Springs,Colorado,36496,1268.3,El Paso,90906.0,38.75325,-104.71955,2,50,67,22,15620
31670,80916,430000.0,2,3,1603,628 PRAIRIE STAR CIR,Colorado Springs,Colorado,41087,862.7,El Paso,68391.0,38.80327,-104.71208,3,50,67,22,30756
31733,80918,399900.0,4,3,1673,3430 VALEJO CT,Colorado Springs,Colorado,48404,1559.6,El Paso,102288.0,38.91156,-104.78032,3,50,67,22,30807
36583,80904,1350000.0,3,6,4717,3835 CAMELROCK VW,Colorado Springs,Colorado,21162,731.7,El Paso,95588.0,38.86321,-104.87197,10,50,67,22,35532
31566,80904,449900.0,3,2,1416,212 N 23RD ST,Colorado Springs,Colorado,21162,731.7,El Paso,95588.0,38.86321,-104.87197,3,50,67,22,30668
7205,80919,624900.0,7,4,3168,704 POINT OF THE PINES DR,Colorado Springs,Colorado,27788,392.0,El Paso,135460.0,38.92797,-104.88025,4,50,67,22,6947
25996,80910,249900.0,2,2,992,1860 ZEBULON DR,Colorado Springs,Colorado,31827,2011.2,El Paso,69434.0,38.81178,-104.7743,1,50,67,22,25284
26011,80917,185000.0,3,2,1072,3425 REBECCA LN APT A,Colorado Springs,Colorado,31614,2174.4,El Paso,83184.0,38.88684,-104.74049,1,50,67,22,25295
16111,80911,369900.0,4,2,1768,121 CORNELL ST,Colorado Springs,Colorado,36496,1268.3,El Paso,90906.0,38.75325,-104.71955,2,50,67,22,15630
31747,80920,400000.0,3,3,1882,7824 FRENCH RD,Colorado Springs,Colorado,38988,1212.4,El Paso,128902.0,38.95579,-104.77191,3,50,67,22,30818
16041,80905,275000.0,3,1,894,618 WARREN AVE,Colorado Springs,Colorado,16717,1261.9,El Paso,92985.0,38.81855,-104.83649,2,50,67,22,15573
7259,80925,530000.0,5,3,3004,6851 MANDAN DR,Colorado Springs,Colorado,14084,189.4,El Paso,119440.0,38.76156,-104.64441,4,50,67,22,6989
16144,80916,265000.0,2,3,1546,2468 LEXINGTON VILLAGE LN,Colorado Springs,Colorado,41087,862.7,El Paso,68391.0,38.80327,-104.71208,2,50,67,22,15653
16192,80922,265000.0,2,2,1273,7807 GRIZZLY BEAR PT,Colorado Springs,Colorado,29623,1962.6,El Paso,111074.0,38.88996,-104.70084,2,50,67,22,15698
31786,80922,441763.0,3,3,1508,3635 LEVY PARK DRIVE,Colorado Springs,Colorado,29623,1962.6,El Paso,111074.0,38.88996,-104.70084,3,50,67,22,30855
1439,80921,650000.0,3,3,4055,14602 BLUE WINGS WAY,Colorado Springs,Colorado,22725,179.0,El Paso,163704.0,39.02648,-104.88156,5,50,67,22,1398
31721,80918,450000.0,3,2,1858,5355 DEL PAZ DR,Colorado Springs,Colorado,48404,1559.6,El Paso,102288.0,38.91156,-104.78032,3,50,67,22,30801
4132,80903,795000.0,3,4,2488,114 E SAN MIGUEL ST,Colorado Springs,Colorado,16844,1209.5,El Paso,73686.0,38.83249,-104.81342,6,50,67,22,3976
16180,80919,375000.0,3,2,1767,440 W ROCKRIMMON BLVD APT H,Colorado Springs,Colorado,27788,392.0,El Paso,135460.0,38.92797,-104.88025,2,50,67,22,15685
16185,80922,274900.0,3,2,1559,7647 WHIPTAIL PT,Colorado Springs,Colorado,29623,1962.6,El Paso,111074.0,38.88996,-104.70084,2,50,67,22,15692
16053,80906,275000.0,2,2,908,916 TENDERFOOT HILL RD APT 1,Colorado Springs,Colorado,38046,322.3,El Paso,132989.0,38.76744,-104.87023,2,50,67,22,15584
31697,80917,459900.0,5,3,2388,4837 ESCAPARDO WAY,Colorado Springs,Colorado,31614,2174.4,El Paso,83184.0,38.88684,-104.74049,3,50,67,22,30782
1410,80903,750000.0,5,3,2845,924 E DALE ST,Colorado Springs,Colorado,16844,1209.5,El Paso,73686.0,38.83249,-104.81342,5,50,67,22,1374
31572,80905,475000.0,4,2,1625,1685 DORCHESTER DR,Colorado Springs,Colorado,16717,1261.9,El Paso,92985.0,38.81855,-104.83649,3,50,67,22,30674
16164,80918,369000.0,2,3,1256,3964 DIAMOND RIDGE VW,Colorado Springs,Colorado,48404,1559.6,El Paso,102288.0,38.91156,-104.78032,2,50,67,22,15675
31859,80925,449900.0,4,3,1994,9925 CASTOR DR,Colorado Springs,Colorado,14084,189.4,El Paso,119440.0,38.76156,-104.64441,3,50,67,22,30918
31704,80917,415000.0,4,2,1800,4251 DATE ST,Colorado Springs,Colorado,31614,2174.4,El Paso,83184.0,38.88684,-104.74049,3,50,67,22,30788
1450,80921,650000.0,4,4,3462,1474 LILY LAKE DR,Colorado Springs,Colorado,22725,179.0,El Paso,163704.0,39.02648,-104.88156,5,50,67,22,1406
7167,80906,611500.0,3,2,2240,1523 WINFIELD AVE,Colorado Springs,Colorado,38046,322.3,El Paso,132989.0,38.76744,-104.87023,4,50,67,22,6914
31794,80923,485000.0,3,2,1521,6573 CHEYENNE AUTUMN WAY,Colorado Springs,Colorado,32050,1771.6,El Paso,109942.0,38.92673,-104.71433,3,50,67,22,30862
31823,80925,440000.0,3,3,2038,10837 ROWLEY DR,Colorado Springs,Colorado,14084,189.4,El Paso,119440.0,38.76156,-104.64441,3,50,67,22,30886
16090,80910,350000.0,3,1,931,3510 BRIDGEWOOD LN,Colorado Springs,Colorado,31827,2011.2,El Paso,69434.0,38.81178,-104.7743,2,50,67,22,15613
36584,80908,1385000.0,2,3,2069,9775 WALKER RD,Colorado Springs,Colorado,20622,84.1,El Paso,160845.0,39.0463,-104.69094,10,50,67,22,35533
7269,80925,519000.0,5,4,3064,6522 TILLAMOOK DR,Colorado Springs,Colorado,14084,189.4,El Paso,119440.0,38.76156,-104.64441,4,50,67,22,6996
16073,80909,359000.0,2,2,1170,2024 E WILLAMETTE AVE,Colorado Springs,Colorado,37821,1841.6,El Paso,72120.0,38.85255,-104.77434,2,50,67,22,15599
31625,80911,419000.0,5,3,1855,7530 SILVERDALE ST,Colorado Springs,Colorado,36496,1268.3,El Paso,90906.0,38.75325,-104.71955,3,50,67,22,30719
31774,80922,445000.0,3,3,1838,3659 REINDEER CIR,Colorado Springs,Colorado,29623,1962.6,El Paso,111074.0,38.88996,-104.70084,3,50,67,22,30841
31596,80907,449990.0,3,3,1233,849 BECKTON HTS,Colorado Springs,Colorado,28549,1119.8,El Paso,89203.0,38.87912,-104.82137,3,50,67,22,30693
2930,80906,1095000.0,5,5,4676,1776 MESA AVE,Colorado Springs,Colorado,38046,322.3,El Paso,132989.0,38.76744,-104.87023,8,50,67,22,2813
7164,80905,555000.0,3,3,1586,1004 SKYWAY BLVD,Colorado Springs,Colorado,16717,1261.9,El Paso,92985.0,38.81855,-104.83649,4,50,67,22,6913
7184,80909,520000.0,3,2,1806,19 N FOOTE AVE,Colorado Springs,Colorado,37821,1841.6,El Paso,72120.0,38.85255,-104.77434,4,50,67,22,6930
31655,80915,419990.0,4,3,2161,1006 N MURRAY BLVD,Colorado Springs,Colorado,22382,1099.9,El Paso,81611.0,38.85271,-104.71652,3,50,67,22,30745
1449,80921,759000.0,5,3,4362,583 COYOTE WILLOW DR,Colorado Springs,Colorado,22725,179.0,El Paso,163704.0,39.02648,-104.88156,5,50,67,22,1405
7178,80908,559900.0,4,2,2323,7125 MCFERRAN RD,Colorado Springs,Colorado,20622,84.1,El Paso,160845.0,39.0463,-104.69094,4,50,67,22,6925
31769,80922,450000.0,4,3,2155,7059 CLIMBING ROSE CT,Colorado Springs,Colorado,29623,1962.6,El Paso,111074.0,38.88996,-104.70084,3,50,67,22,30842
7252,80923,575000.0,4,3,2784,7283 ISSAQUAH DR,Colorado Springs,Colorado,32050,1771.6,El Paso,109942.0,38.92673,-104.71433,4,50,67,22,6986
16190,80922,289500.0,3,2,1479,7679 GRIZZLY BEAR PT,Colorado Springs,Colorado,29623,1962.6,El Paso,111074.0,38.88996,-104.70084,2,50,67,22,15697
26003,80910,200000.0,1,1,864,411 LAKEWOOD CIR APT A906,Colorado Springs,Colorado,31827,2011.2,El Paso,69434.0,38.81178,-104.7743,1,50,67,22,25289
31812,80924,425000.0,2,3,1484,10057 VERVAIN VW,Colorado Springs,Colorado,13607,897.9,El Paso,158446.0,38.96727,-104.72199,3,50,67,22,30874
31867,80927,490000.0,3,3,3003,8273 LONGLEAF LN,Colorado Springs,Colorado,5231,449.4,El Paso,153811.0,38.92833,-104.65878,3,50,67,22,30926
31753,80920,499900.0,3,3,3161,5473 PLUMSTEAD DR,Colorado Springs,Colorado,38988,1212.4,El Paso,128902.0,38.95579,-104.77191,3,50,67,22,30823
16018,80904,300000.0,2,2,1195,2931 MESA RD APT A,Colorado Springs,Colorado,21162,731.7,El Paso,95588.0,38.86321,-104.87197,2,50,67,22,15556
7216,80921,550000.0,4,3,2499,824 YELLOW JASPER PT,Colorado Springs,Colorado,22725,179.0,El Paso,163704.0,39.02648,-104.88156,4,50,67,22,6956
25993,80905,169500.0,1,1,670,777 SATURN DR UNIT 506,Colorado Springs,Colorado,16717,1261.9,El Paso,92985.0,38.81855,-104.83649,1,50,67,22,25281
18829,80906,989000.0,5,4,4949,375 OAKHURST LN,Colorado Springs,Colorado,38046,322.3,El Paso,132989.0,38.76744,-104.87023,7,50,67,22,18237
31660,80915,399999.0,3,2,2236,2330 HEATHERDALE DR,Colorado Springs,Colorado,22382,1099.9,El Paso,81611.0,38.85271,-104.71652,3,50,67,22,30750
25995,80910,230000.0,1,1,1560,720 S FOOTE AVE,Colorado Springs,Colorado,31827,2011.2,El Paso,69434.0,38.81178,-104.7743,1,50,67,22,25283
25990,80905,199900.0,2,2,977,900 SATURN DR APT 701,Colorado Springs,Colorado,16717,1261.9,El Paso,92985.0,38.81855,-104.83649,1,50,67,22,25280
16016,80903,292000.0,2,1,733,12 W MILL ST,Colorado Springs,Colorado,16844,1209.5,El Paso,73686.0,38.83249,-104.81342,2,50,67,22,15552
31730,80918,475000.0,5,3,2278,4010 DOLPHIN CIR,Colorado Springs,Colorado,48404,1559.6,El Paso,102288.0,38.91156,-104.78032,3,50,67,22,30809
7280,80927,575000.0,3,3,3003,6439 FOREST THORN CT,Colorado Springs,Colorado,5231,449.4,El Paso,153811.0,38.92833,-104.65878,4,50,67,22,7001
18827,80906,949900.0,6,5,5122,6090 HARDWICK DR,Colorado Springs,Colorado,38046,322.3,El Paso,132989.0,38.76744,-104.87023,7,50,67,22,18235
31871,80938,475000.0,3,3,2154,8052 PUMICE PT,Colorado Springs,Colorado,565,41.0,El Paso,106290.0,38.90157,-104.65926,3,50,67,22,30929
18828,80906,895000.0,3,3,2600,1644 GOLD CAMP RD,Colorado Springs,Colorado,38046,322.3,El Paso,132989.0,38.76744,-104.87023,7,50,67,22,18236
2937,80919,1100000.0,4,4,3357,5155 LANAGAN ST,Colorado Springs,Colorado,27788,392.0,El Paso,135460.0,38.92797,-104.88025,8,50,67,22,2817
31616,80909,460000.0,3,2,2878,2732 E DALE ST,Colorado Springs,Colorado,37821,1841.6,El Paso,72120.0,38.85255,-104.77434,3,50,67,22,30710
31605,80908,475000.0,4,3,1994,7627 FOREST VALLEY LOOP,Colorado Springs,Colorado,20622,84.1,El Paso,160845.0,39.0463,-104.69094,3,50,67,22,30700
7255,80923,569000.0,4,3,3024,6955 COTTON DR,Colorado Springs,Colorado,32050,1771.6,El Paso,109942.0,38.92673,-104.71433,4,50,67,22,6980
7228,80922,559793.0,4,3,2842,4023 RYEDALE WAY,Colorado Springs,Colorado,29623,1962.6,El Paso,111074.0,38.88996,-104.70084,4,50,67,22,6965
16040,80905,339000.0,1,1,1269,111 S 8TH ST,Colorado Springs,Colorado,16717,1261.9,El Paso,92985.0,38.81855,-104.83649,2,50,67,22,15572
31806,80923,487000.0,4,4,2285,5854 BRENNAN AVE,Colorado Springs,Colorado,32050,1771.6,El Paso,109942.0,38.92673,-104.71433,3,50,67,22,30871
7219,80921,559900.0,4,3,3373,1663 LOOKOUT SPRINGS DR,Colorado Springs,Colorado,22725,179.0,El Paso,163704.0,39.02648,-104.88156,4,50,67,22,6959
31738,80919,459900.0,3,3,1533,5818 WISTERIA DR,Colorado Springs,Colorado,27788,392.0,El Paso,135460.0,38.92797,-104.88025,3,50,67,22,30813
7160,80904,550000.0,3,2,2549,829 PLEASANT ST,Colorado Springs,Colorado,21162,731.7,El Paso,95588.0,38.86321,-104.87197,4,50,67,22,6909
1452,80924,695000.0,6,4,3064,5617 MAKALU DR,Colorado Springs,Colorado,13607,897.9,El Paso,158446.0,38.96727,-104.72199,5,50,67,22,1408
16037,80905,265000.0,3,1,894,1010 FLORENCE AVE,Colorado Springs,Colorado,16717,1261.9,El Paso,92985.0,38.81855,-104.83649,2,50,67,22,15567
7213,80920,519900.0,5,4,2540,5122 HERNDON CIR,Colorado Springs,Colorado,38988,1212.4,El Paso,128902.0,38.95579,-104.77191,4,50,67,22,6953
18830,80906,895000.0,3,3,2600,1644 GOLD CAMP RD,Colorado Springs,Colorado,38046,322.3,El Paso,132989.0,38.76744,-104.87023,7,50,67,22,18236
31700,80917,459900.0,5,3,2388,4837 ESCAPARDO WAY,Colorado Springs,Colorado,31614,2174.4,El Paso,83184.0,38.88684,-104.74049,3,50,67,22,30782
31754,80920,415000.0,3,3,1490,8325 SNAPDRAGON DR,Colorado Springs,Colorado,38988,1212.4,El Paso,128902.0,38.95579,-104.77191,3,50,67,22,30828
7249,80923,550000.0,3,3,2759,7237 CAT TAIL CREEK DR,Colorado Springs,Colorado,32050,1771.6,El Paso,109942.0,38.92673,-104.71433,4,50,67,22,6984
7189,80915,569900.0,5,4,3429,2035 REED GRASS WAY,Colorado Springs,Colorado,22382,1099.9,El Paso,81611.0,38.85271,-104.71652,4,50,67,22,6933
1468,80925,649900.0,5,4,3647,8081 BUFFALO HORN DR,Colorado Springs,Colorado,14084,189.4,El Paso,119440.0,38.76156,-104.64441,5,50,67,22,1421
31587,80906,460000.0,4,4,2262,1216 GUMWOOD DR,Colorado Springs,Colorado,38046,322.3,El Paso,132989.0,38.76744,-104.87023,3,50,67,22,30678
31612,80909,465000.0,4,2,2466,2311 MARLBOROUGH RD,Colorado Springs,Colorado,37821,1841.6,El Paso,72120.0,38.85255,-104.77434,3,50,67,22,30706
31624,80910,470000.0,4,3,3091,1546 GRAND OVERLOOK ST,Colorado Springs,Colorado,31827,2011.2,El Paso,69434.0,38.81178,-104.7743,3,50,67,22,30718
2940,80921,1050000.0,5,5,4549,12643 TIMBERGLEN TER,Colorado Springs,Colorado,22725,179.0,El Paso,163704.0,39.02648,-104.88156,8,50,67,22,2819
31688,80917,440000.0,3,2,1590,5070 CHICKWEED DR,Colorado Springs,Colorado,31614,2174.4,El Paso,83184.0,38.88684,-104.74049,3,50,67,22,30774
31829,80925,434000.0,3,3,2253,10408 HORTON DR,Colorado Springs,Colorado,14084,189.4,El Paso,119440.0,38.76156,-104.64441,3,50,67,22,30892
31645,80911,419000.0,5,3,2198,7250 SULLIVAN CIR,Colorado Springs,Colorado,36496,1268.3,El Paso,90906.0,38.75325,-104.71955,3,50,67,22,30722
7166,80906,620000.0,3,3,2228,726 ORCHESTRA DR,Colorado Springs,Colorado,38046,322.3,El Paso,132989.0,38.76744,-104.87023,4,50,67,22,6915
36587,80908,1350000.0,5,5,4450,17378 ABERT RANCH DR,Colorado Springs,Colorado,20622,84.1,El Paso,160845.0,39.0463,-104.69094,10,50,67,22,35534
36136,80926,85000.0,3,1,924,8160 PIUTE RD,Colorado Springs,Colorado,2029,10.0,El Paso,123143.0,38.64318,-104.92439,0,50,67,22,35111
31558,80903,390000.0,3,1,2195,801 E CACHE LA POUDRE ST,Colorado Springs,Colorado,16844,1209.5,El Paso,73686.0,38.83249,-104.81342,3,50,67,22,30660
4145,80908,825000.0,5,3,2693,7425 TOBIN RD,Colorado Springs,Colorado,20622,84.1,El Paso,160845.0,39.0463,-104.69094,6,50,67,22,3988
31597,80907,424999.0,4,2,1984,3707 PEMBROKE ST,Colorado Springs,Colorado,28549,1119.8,El Paso,89203.0,38.87912,-104.82137,3,50,67,22,30694
1457,80924,665000.0,4,3,3544,10103 EDGEMONT RANCH LN,Colorado Springs,Colorado,13607,897.9,El Paso,158446.0,38.96727,-104.72199,5,50,67,22,1412
16028,80904,335000.0,2,2,1159,1590 LITTLE BEAR CREEK PT UNIT 201,Colorado Springs,Colorado,21162,731.7,El Paso,95588.0,38.86321,-104.87197,2,50,67,22,15563
31837,80925,425000.0,3,2,1500,6873 TOMOKA DR,Colorado Springs,Colorado,14084,189.4,El Paso,119440.0,38.76156,-104.64441,3,50,67,22,30898
16112,80911,322000.0,4,2,1902,123 BRADLEY ST,Colorado Springs,Colorado,36496,1268.3,El Paso,90906.0,38.75325,-104.71955,2,50,67,22,15631
31771,80922,425000.0,3,3,1553,7762 MOUNTAIN LAUREL DR,Colorado Springs,Colorado,29623,1962.6,El Paso,111074.0,38.88996,-104.70084,3,50,67,22,30844
16137,80916,279900.0,3,3,1528,4765 LIVE OAK DR,Colorado Springs,Colorado,41087,862.7,El Paso,68391.0,38.80327,-104.71208,2,50,67,22,15652
31576,80906,460000.0,4,4,2262,1216 GUMWOOD DR,Colorado Springs,Colorado,38046,322.3,El Paso,132989.0,38.76744,-104.87023,3,50,67,22,30678
31765,80922,419999.0,3,3,1844,3310 RICHMOND DR,Colorado Springs,Colorado,29623,1962.6,El Paso,111074.0,38.88996,-104.70084,3,50,67,22,30838
16133,80916,379946.0,3,3,1671,4087 SAMARITAN LOOP,Colorado Springs,Colorado,41087,862.7,El Paso,68391.0,38.80327,-104.71208,2,50,67,22,15648
31650,80915,425000.0,3,2,1241,1914 WOOTEN RD,Colorado Springs,Colorado,22382,1099.9,El Paso,81611.0,38.85271,-104.71652,3,50,67,22,30742
31839,80925,399000.0,3,3,2240,6276 ROUNDUP BUTTE ST,Colorado Springs,Colorado,14084,189.4,El Paso,119440.0,38.76156,-104.64441,3,50,67,22,30900
31584,80906,450000.0,3,3,3025,2076 GLENHILL RD,Colorado Springs,Colorado,38046,322.3,El Paso,132989.0,38.76744,-104.87023,3,50,67,22,30685
1458,80924,748068.0,4,4,4325,8442 NOREEN FALLS DR,Colorado Springs,Colorado,13607,897.9,El Paso,158446.0,38.96727,-104.72199,5,50,67,22,1413
7215,80921,630000.0,6,4,3358,1280 ALMAGRE PEAK DR,Colorado Springs,Colorado,22725,179.0,El Paso,163704.0,39.02648,-104.88156,4,50,67,22,6955
7197,80919,565000.0,4,3,3576,1315 BISON RIDGE DR,Colorado Springs,Colorado,27788,392.0,El Paso,135460.0,38.92797,-104.88025,4,50,67,22,6939
31874,80939,460000.0,3,3,1444,3124 LOOT DR,Colorado Springs,Colorado,0,0.0,El Paso,,38.87772,-104.67742,3,50,67,22,30931
31865,80927,445000.0,3,2,1780,5752 TRAMORE CT,Colorado Springs,Colorado,5231,449.4,El Paso,153811.0,38.92833,-104.65878,3,50,67,22,30924
7276,80927,575000.0,4,4,3148,8596 BRIAR BRUSH LN,Colorado Springs,Colorado,5231,449.4,El Paso,153811.0,38.92833,-104.65878,4,50,67,22,7005
7272,80927,590000.0,3,3,3003,6439 FOREST THORN CT,Colorado Springs,Colorado,5231,449.4,El Paso,153811.0,38.92833,-104.65878,4,50,67,22,7001
16054,80906,325000.0,3,1,931,2005 CHAMBERLIN S,Colorado Springs,Colorado,38046,322.3,El Paso,132989.0,38.76744,-104.87023,2,50,67,22,15585
31701,80917,440000.0,4,2,1976,4950 WOOD BROOK CT,Colorado Springs,Colorado,31614,2174.4,El Paso,83184.0,38.88684,-104.74049,3,50,67,22,30785
16141,80916,322500.0,2,3,1216,3451 EAGLES BAY PT,Colorado Springs,Colorado,41087,862.7,El Paso,68391.0,38.80327,-104.71208,2,50,67,22,15656
18835,80919,980000.0,4,3,3836,7528 SOLITUDE LN,Colorado Springs,Colorado,27788,392.0,El Paso,135460.0,38.92797,-104.88025,7,50,67,22,18241
7246,80923,550000.0,5,4,3269,6340 VICKIE LN,Colorado Springs,Colorado,32050,1771.6,El Paso,109942.0,38.92673,-104.71433,4,50,67,22,6981
16087,80910,325000.0,4,3,2748,528 LAKEWOOD CIR,Colorado Springs,Colorado,31827,2011.2,El Paso,69434.0,38.81178,-104.7743,2,50,67,22,15610
16161,80918,380000.0,4,2,1560,4659 RIDGEGLEN RD,Colorado Springs,Colorado,48404,1559.6,El Paso,102288.0,38.91156,-104.78032,2,50,67,22,15672
7258,80924,635000.0,4,3,2630,8529 JACKS FORK DR,Colorado Springs,Colorado,13607,897.9,El Paso,158446.0,38.96727,-104.72199,4,50,67,22,6988
31817,80925,440000.0,5,3,3572,9988 PEACEFUL VALLEY RD,Colorado Springs,Colorado,14084,189.4,El Paso,119440.0,38.76156,-104.64441,3,50,67,22,30880
16050,80906,320000.0,3,1,929,4210 COLLEGE VIEW DR,Colorado Springs,Colorado,38046,322.3,El Paso,132989.0,38.76744,-104.87023,2,50,67,22,15581
16089,80910,380000.0,3,2,1998,3007 HAYMAN TER,Colorado Springs,Colorado,31827,2011.2,El Paso,69434.0,38.81178,-104.7743,2,50,67,22,15612
31658,80915,450000.0,3,3,1910,7196 PREBLE DR,Colorado Springs,Colorado,22382,1099.9,El Paso,81611.0,38.85271,-104.71652,3,50,67,22,30748
31643,80911,418000.0,3,3,2266,4083 CREEK LEGEND VW,Colorado Springs,Colorado,36496,1268.3,El Paso,90906.0,38.75325,-104.71955,3,50,67,22,30736
1427,80908,650000.0,3,2,2168,8075 CYPRUS RD,Colorado Springs,Colorado,20622,84.1,El Paso,160845.0,39.0463,-104.69094,5,50,67,22,1389
31841,80925,445000.0,3,3,1702,6145 WHITE WOLF PT,Colorado Springs,Colorado,14084,189.4,El Paso,119440.0,38.76156,-104.64441,3,50,67,22,30890
31878,80951,435000.0,3,4,2210,1804 DEWHIRST DR,Colorado Springs,Colorado,5357,706.9,El Paso,98962.0,38.88396,-104.6558,3,50,67,22,30932
31832,80925,499000.0,5,3,3128,10427 DESERT BLOOM WAY,Colorado Springs,Colorado,14084,189.4,El Paso,119440.0,38.76156,-104.64441,3,50,67,22,30894
16075,80910,350000.0,3,1,931,3623 TACKWOOD DR,Colorado Springs,Colorado,31827,2011.2,El Paso,69434.0,38.81178,-104.7743,2,50,67,22,15600
16080,80910,350000.0,3,2,1162,3106 GOMER AVE,Colorado Springs,Colorado,31827,2011.2,El Paso,69434.0,38.81178,-104.7743,2,50,67,22,15605
7190,80917,545000.0,4,3,2363,2629 E SERENDIPITY CIR,Colorado Springs,Colorado,31614,2174.4,El Paso,83184.0,38.88684,-104.74049,4,50,67,22,6934
31724,80918,450000.0,4,3,2329,4515 BUENA PARK CIR,Colorado Springs,Colorado,48404,1559.6,El Paso,102288.0,38.91156,-104.78032,3,50,67,22,30804
27065,80906,1175000.0,7,5,4759,2735 PEGASUS DR,Colorado Springs,Colorado,38046,322.3,El Paso,132989.0,38.76744,-104.87023,9,50,67,22,26293
31784,80922,389000.0,4,3,1624,7787 ORANGE SUNSET DR,Colorado Springs,Colorado,29623,1962.6,El Paso,111074.0,38.88996,-104.70084,3,50,67,22,30831
4157,80919,775000.0,4,3,3011,525 POPES VALLEY DR,Colorado Springs,Colorado,27788,392.0,El Paso,135460.0,38.92797,-104.88025,6,50,67,22,3996
1417,80907,650000.0,3,1,1882,102 E JEFFERSON ST,Colorado Springs,Colorado,28549,1119.8,El Paso,89203.0,38.87912,-104.82137,5,50,67,22,1380
1434,80920,690000.0,4,4,3958,2480 LINENHALL CT,Colorado Springs,Colorado,38988,1212.4,El Paso,128902.0,38.95579,-104.77191,5,50,67,22,1395
31789,80922,508000.0,5,3,3878,5846 INSTONE CIR,Colorado Springs,Colorado,29623,1962.6,El Paso,111074.0,38.88996,-104.70084,3,50,67,22,30858
31793,80923,495000.0,3,3,1828,6685 LUCKY STAR LN,Colorado Springs,Colorado,32050,1771.6,El Paso,109942.0,38.92673,-104.71433,3,50,67,22,30861
31736,80919,459900.0,3,3,1533,5818 WISTERIA DR,Colorado Springs,Colorado,27788,392.0,El Paso,135460.0,38.92797,-104.88025,3,50,67,22,30813
4144,80908,860000.0,4,4,3462,17794 SAWMILL RD,Colorado Springs,Colorado,20622,84.1,El Paso,160845.0,39.0463,-104.69094,6,50,67,22,3987
7247,80923,550000.0,5,4,3466,7027 SILVERWIND CIR,Colorado Springs,Colorado,32050,1771.6,El Paso,109942.0,38.92673,-104.71433,4,50,67,22,6982
25998,80910,235000.0,2,2,1072,434 VALLEY HI CIR APT A23,Colorado Springs,Colorado,31827,2011.2,El Paso,69434.0,38.81178,-104.7743,1,50,67,22,25286
4171,80924,799450.0,6,4,4402,4919 OLYMPUS DR,Colorado Springs,Colorado,13607,897.9,El Paso,158446.0,38.96727,-104.72199,6,50,67,22,4007
31603,80908,463952.0,3,2,1542,8157 YELLOWLEAF PL,Colorado Springs,Colorado,20622,84.1,El Paso,160845.0,39.0463,-104.69094,3,50,67,22,30698
36132,80907,120000.0,3,2,1792,3405 SINTON RD,Colorado Springs,Colorado,28549,1119.8,El Paso,89203.0,38.87912,-104.82137,0,50,67,22,35108
26010,80917,179000.0,2,1,862,3440 PARKMOOR VILLAGE DR APT L,Colorado Springs,Colorado,31614,2174.4,El Paso,83184.0,38.88684,-104.74049,1,50,67,22,25296
31780,80922,495000.0,3,3,3280,4513 CROW CREEK DR,Colorado Springs,Colorado,29623,1962.6,El Paso,111074.0,38.88996,-104.70084,3,50,67,22,30852
16126,80915,328000.0,4,3,2171,1296 CREE DR,Colorado Springs,Colorado,22382,1099.9,El Paso,81611.0,38.85271,-104.71652,2,50,67,22,15643
7232,80922,563834.0,3,3,1783,3118 MONTELUNA GROVE,Colorado Springs,Colorado,29623,1962.6,El Paso,111074.0,38.88996,-104.70084,4,50,67,22,6969
31638,80911,395000.0,6,3,2760,7865 PENINSULA DR,Colorado Springs,Colorado,36496,1268.3,El Paso,90906.0,38.75325,-104.71955,3,50,67,22,30732
31822,80925,425000.0,3,3,1351,7530 SILVER BOW DR,Colorado Springs,Colorado,14084,189.4,El Paso,119440.0,38.76156,-104.64441,3,50,67,22,30885
4154,80918,850000.0,4,4,4419,4855 TOPAZ DR,Colorado Springs,Colorado,48404,1559.6,El Paso,102288.0,38.91156,-104.78032,6,50,67,22,3994
7209,80920,599000.0,5,4,3134,2015 BRAMBLWOOD LN,Colorado Springs,Colorado,38988,1212.4,El Paso,128902.0,38.95579,-104.77191,4,50,67,22,6949
16104,80911,285900.0,4,2,1146,4920 GOULET WAY,Colorado Springs,Colorado,36496,1268.3,El Paso,90906.0,38.75325,-104.71955,2,50,67,22,15623
26007,80916,199997.0,2,3,1546,2455 LEXINGTON VILLAGE LN # 3,Colorado Springs,Colorado,41087,862.7,El Paso,68391.0,38.80327,-104.71208,1,50,67,22,25293
31851,80925,504900.0,5,4,4127,4436 HORIZONPOINT DR,Colorado Springs,Colorado,14084,189.4,El Paso,119440.0,38.76156,-104.64441,3,50,67,22,30910
7256,80923,519000.0,4,4,2757,6663 THISTLEWOOD ST,Colorado Springs,Colorado,32050,1771.6,El Paso,109942.0,38.92673,-104.71433,4,50,67,22,6978
31579,80906,425000.0,3,2,1316,3470 WHIMBREL LN,Colorado Springs,Colorado,38046,322.3,El Paso,132989.0,38.76744,-104.87023,3,50,67,22,30681
16140,80916,319719.0,2,1,1048,4518 HARWOOD RD,Colorado Springs,Colorado,41087,862.7,El Paso,68391.0,38.80327,-104.71208,2,50,67,22,15655
31651,80915,420000.0,3,2,1928,1645 TAHLEQUAH DR,Colorado Springs,Colorado,22382,1099.9,El Paso,81611.0,38.85271,-104.71652,3,50,67,22,30740
7238,80922,572919.0,4,4,3489,3914 RYEDALE WAY,Colorado Springs,Colorado,29623,1962.6,El Paso,111074.0,38.88996,-104.70084,4,50,67,22,6975
7240,80923,559000.0,4,3,2848,6898 TULLAMORE DR,Colorado Springs,Colorado,32050,1771.6,El Paso,109942.0,38.92673,-104.71433,4,50,67,22,6977
31737,80919,390000.0,3,1,1200,7208 WHITE BUFFALO RD,Colorado Springs,Colorado,27788,392.0,El Paso,135460.0,38.92797,-104.88025,3,50,67,22,30814
31788,80922,460000.0,4,3,2580,7517 WATERMAN WAY,Colorado Springs,Colorado,29623,1962.6,El Paso,111074.0,38.88996,-104.70084,3,50,67,22,30857
16030,80905,320000.0,3,1,894,2045 S CORONA AVE,Colorado Springs,Colorado,16717,1261.9,El Paso,92985.0,38.81855,-104.83649,2,50,67,22,15564
31666,80916,398107.0,3,3,1949,5215 AEROGLIDE LOOP,Colorado Springs,Colorado,41087,862.7,El Paso,68391.0,38.80327,-104.71208,3,50,67,22,30755
16097,80910,265000.0,2,1,666,705 S UNION BLVD,Colorado Springs,Colorado,31827,2011.2,El Paso,69434.0,38.81178,-104.7743,2,50,67,22,15618
31595,80907,449990.0,3,3,1233,849 BECKTON HTS,Colorado Springs,Colorado,28549,1119.8,El Paso,89203.0,38.87912,-104.82137,3,50,67,22,30693
31648,80915,420000.0,4,2,1928,1645 TAHLEQUAH DR,Colorado Springs,Colorado,22382,1099.9,El Paso,81611.0,38.85271,-104.71652,3,50,67,22,30740
7236,80922,607062.0,4,3,2986,4037 PATTERDALE PT,Colorado Springs,Colorado,29623,1962.6,El Paso,111074.0,38.88996,-104.70084,4,50,67,22,6973
31729,80918,439000.0,3,3,2706,3230 CHESTNUT GLEN LN,Colorado Springs,Colorado,48404,1559.6,El Paso,102288.0,38.91156,-104.78032,3,50,67,22,30808
31880,80951,409900.0,3,4,1750,7917 PARSONAGE LN,Colorado Springs,Colorado,5357,706.9,El Paso,98962.0,38.88396,-104.6558,3,50,67,22,30935
7226,80922,510000.0,4,3,2480,7890 KETTLE DRUM ST,Colorado Springs,Colorado,29623,1962.6,El Paso,111074.0,38.88996,-104.70084,4,50,67,22,6963
16082,80910,324900.0,3,3,1772,426 LAKEWOOD CIR,Colorado Springs,Colorado,31827,2011.2,El Paso,69434.0,38.81178,-104.7743,2,50,67,22,15607
7203,80919,635000.0,4,4,3291,2580 STONERIDGE DR,Colorado Springs,Colorado,27788,392.0,El Paso,135460.0,38.92797,-104.88025,4,50,67,22,6945
27067,80918,1250000.0,4,4,4424,1760 COLGATE DR,Colorado Springs,Colorado,48404,1559.6,El Paso,102288.0,38.91156,-104.78032,9,50,67,22,26295
1418,80908,657000.0,3,3,1968,8115 MUSTANG RD,Colorado Springs,Colorado,20622,84.1,El Paso,160845.0,39.0463,-104.69094,5,50,67,22,1381
31766,80922,460000.0,4,4,2994,2945 LEOTI DR,Colorado Springs,Colorado,29623,1962.6,El Paso,111074.0,38.88996,-104.70084,3,50,67,22,30839
7244,80923,569000.0,4,3,3114,6955 COTTON DR,Colorado Springs,Colorado,32050,1771.6,El Paso,109942.0,38.92673,-104.71433,4,50,67,22,6980
16175,80919,375000.0,3,3,1802,440 W ROCKRIMMON BLVD APT H,Colorado Springs,Colorado,27788,392.0,El Paso,135460.0,38.92797,-104.88025,2,50,67,22,15685
31804,80923,399900.0,3,3,1584,6227 RIVERDALE DR,Colorado Springs,Colorado,32050,1771.6,El Paso,109942.0,38.92673,-104.71433,3,50,67,22,30864
1455,80924,695000.0,6,4,3022,5617 MAKALU DR,Colorado Springs,Colorado,13607,897.9,El Paso,158446.0,38.96727,-104.72199,5,50,67,22,1408
7156,80903,600000.0,3,2,1279,518 E BIJOU ST # A,Colorado Springs,Colorado,16844,1209.5,El Paso,73686.0,38.83249,-104.81342,4,50,67,22,6905
31708,80918,449800.0,3,2,1606,5445 DEL REY DR,Colorado Springs,Colorado,48404,1559.6,El Paso,102288.0,38.91156,-104.78032,3,50,67,22,30791
31805,80923,487000.0,4,4,1585,5854 BRENNAN AVE,Colorado Springs,Colorado,32050,1771.6,El Paso,109942.0,38.92673,-104.71433,3,50,67,22,30871
7260,80925,525000.0,4,3,3168,6820 WEEPING WILLOW DR,Colorado Springs,Colorado,14084,189.4,El Paso,119440.0,38.76156,-104.64441,4,50,67,22,6990
31636,80911,390000.0,4,2,1758,4040 CANTRELL DR,Colorado Springs,Colorado,36496,1268.3,El Paso,90906.0,38.75325,-104.71955,3,50,67,22,30730
31877,80951,460000.0,4,4,2148,8042 PARSONAGE LN,Colorado Springs,Colorado,5357,706.9,El Paso,98962.0,38.88396,-104.6558,3,50,67,22,30933
31567,80904,450000.0,5,2,1662,730 N 25TH ST,Colorado Springs,Colorado,21162,731.7,El Paso,95588.0,38.86321,-104.87197,3,50,67,22,30669
16059,80906,329000.0,3,3,1720,905 SAMUEL PT,Colorado Springs,Colorado,38046,322.3,El Paso,132989.0,38.76744,-104.87023,2,50,67,22,15587
31741,80920,495700.0,3,3,1922,8475 CONTRAILS DR,Colorado Springs,Colorado,38988,1212.4,El Paso,128902.0,38.95579,-104.77191,3,50,67,22,30817
4173,80924,799000.0,5,4,3107,5283 IMOGENE PASS PL,Colorado Springs,Colorado,13607,897.9,El Paso,158446.0,38.96727,-104.72199,6,50,67,22,4009
1420,80908,650000.0,3,3,1792,10720 EGERTON RD,Colorado Springs,Colorado,20622,84.1,El Paso,160845.0,39.0463,-104.69094,5,50,67,22,1383
4149,80908,768593.0,5,5,3459,7965 POLSON DR,Colorado Springs,Colorado,20622,84.1,El Paso,160845.0,39.0463,-104.69094,6,50,67,22,3991
31706,80918,425000.0,3,2,1382,3465 BEECHWOOD CT,Colorado Springs,Colorado,48404,1559.6,El Paso,102288.0,38.91156,-104.78032,3,50,67,22,30790
31622,80910,400000.0,4,2,1886,1603 SARATOGA DR,Colorado Springs,Colorado,31827,2011.2,El Paso,69434.0,38.81178,-104.7743,3,50,67,22,30716
31831,80925,400000.0,3,3,1684,4341 BRAMBLE LN,Colorado Springs,Colorado,14084,189.4,El Paso,119440.0,38.76156,-104.64441,3,50,67,22,30883
31575,80905,389900.0,2,1,1956,1605 S CASCADE AVE,Colorado Springs,Colorado,16717,1261.9,El Paso,92985.0,38.81855,-104.83649,3,50,67,22,30677
31583,80906,410000.0,4,2,1536,3905 RED CEDAR DR,Colorado Springs,Colorado,38046,322.3,El Paso,132989.0,38.76744,-104.87023,3,50,67,22,30684
26013,80918,179900.0,1,1,561,5042 EL CAMINO DR APT 90,Colorado Springs,Colorado,48404,1559.6,El Paso,102288.0,38.91156,-104.78032,1,50,67,22,25298
7168,80907,530000.0,4,3,2286,3348 TEMPLETON GAP RD,Colorado Springs,Colorado,28549,1119.8,El Paso,89203.0,38.87912,-104.82137,4,50,67,22,6916
31849,80925,452000.0,4,3,2194,6960 YAZOO DR,Colorado Springs,Colorado,14084,189.4,El Paso,119440.0,38.76156,-104.64441,3,50,67,22,30908
16017,80904,289000.0,2,2,936,2264 STEPPING STONES WAY,Colorado Springs,Colorado,21162,731.7,El Paso,95588.0,38.86321,-104.87197,2,50,67,22,15555
31577,80906,459000.0,3,3,1946,3719 BLUE MERION CT,Colorado Springs,Colorado,38046,322.3,El Paso,132989.0,38.76744,-104.87023,3,50,67,22,30679
1433,80919,650000.0,4,3,3660,4540 GRANBY CIR,Colorado Springs,Colorado,27788,392.0,El Paso,135460.0,38.92797,-104.88025,5,50,67,22,1393
4150,80908,860000.0,4,4,3562,17794 SAWMILL RD,Colorado Springs,Colorado,20622,84.1,El Paso,160845.0,39.0463,-104.69094,6,50,67,22,3987
16076,80910,329000.0,3,2,1696,219 LONGFELLOW DR,Colorado Springs,Colorado,31827,2011.2,El Paso,69434.0,38.81178,-104.7743,2,50,67,22,15601
16020,80904,284900.0,1,1,783,107 N 30TH ST,Colorado Springs,Colorado,21162,731.7,El Paso,95588.0,38.86321,-104.87197,2,50,67,22,15558
16127,80915,335000.0,3,1,1064,1995 PAWHUSKA PL,Colorado Springs,Colorado,22382,1099.9,El Paso,81611.0,38.85271,-104.71652,2,50,67,22,15639
16118,80911,379900.0,4,2,1826,2537 IVANHOE DR,Colorado Springs,Colorado,36496,1268.3,El Paso,90906.0,38.75325,-104.71955,2,50,67,22,15626
7161,80904,539900.0,4,3,2496,1164 CENOTAPH WAY,Colorado Springs,Colorado,21162,731.7,El Paso,95588.0,38.86321,-104.87197,4,50,67,22,6910
1475,80938,683950.0,5,4,3665,5709 ZOUNDS WAY,Colorado Springs,Colorado,565,41.0,El Paso,106290.0,38.90157,-104.65926,5,50,67,22,1427
31593,80907,405000.0,3,3,1714,3649 CRAGWOOD DR,Colorado Springs,Colorado,28549,1119.8,El Paso,89203.0,38.87912,-104.82137,3,50,67,22,30691
4142,80906,775000.0,5,4,3323,6055 FARTHING DR,Colorado Springs,Colorado,38046,322.3,El Paso,132989.0,38.76744,-104.87023,6,50,67,22,3981
31709,80918,419000.0,4,2,1982,6402 GALWAY DR,Colorado Springs,Colorado,48404,1559.6,El Paso,102288.0,38.91156,-104.78032,3,50,67,22,30792
31705,80917,505000.0,5,4,2838,5205 WHIP TRL,Colorado Springs,Colorado,31614,2174.4,El Paso,83184.0,38.88684,-104.74049,3,50,67,22,30789
16100,80911,310000.0,2,2,1178,6608 BOBTAIL DR,Colorado Springs,Colorado,36496,1268.3,El Paso,90906.0,38.75325,-104.71955,2,50,67,22,15620
31856,80925,452745.0,3,3,1804,6265 GODWIT LN,Colorado Springs,Colorado,14084,189.4,El Paso,119440.0,38.76156,-104.64441,3,50,67,22,30915
16102,80911,330000.0,3,1,925,113 KIVA RD,Colorado Springs,Colorado,36496,1268.3,El Paso,90906.0,38.75325,-104.71955,2,50,67,22,15621
7227,80922,530830.0,2,2,2842,3902 RYEDALE WAY,Colorado Springs,Colorado,29623,1962.6,El Paso,111074.0,38.88996,-104.70084,4,50,67,22,6964
16052,80906,350000.0,2,2,1184,4145 AUTUMN HEIGHTS DR UNIT E,Colorado Springs,Colorado,38046,322.3,El Paso,132989.0,38.76744,-104.87023,2,50,67,22,15583
16153,80917,375000.0,4,3,2914,5335 WHIMSICAL DR,Colorado Springs,Colorado,31614,2174.4,El Paso,83184.0,38.88684,-104.74049,2,50,67,22,15666
16024,80904,330000.0,2,2,1186,1431 MADISON RIDGE HTS APT D,Colorado Springs,Colorado,21162,731.7,El Paso,95588.0,38.86321,-104.87197,2,50,67,22,15561
25997,80910,184900.0,2,2,1072,434 VALLEY HI CIR APT B24,Colorado Springs,Colorado,31827,2011.2,El Paso,69434.0,38.81178,-104.7743,1,50,67,22,25285
16039,80905,315000.0,3,1,894,1918 S INSTITUTE AVE,Colorado Springs,Colorado,16717,1261.9,El Paso,92985.0,38.81855,-104.83649,2,50,67,22,15571
16034,80905,265000.0,3,1,894,1010 FLORENCE AVE,Colorado Springs,Colorado,16717,1261.9,El Paso,92985.0,38.81855,-104.83649,2,50,67,22,15567
7261,80925,529975.0,5,4,3486,10330 DECLARATION DR,Colorado Springs,Colorado,14084,189.4,El Paso,119440.0,38.76156,-104.64441,4,50,67,22,6991
1473,80927,669999.0,4,3,2980,6299 LOCHSIDE VW,Colorado Springs,Colorado,5231,449.4,El Paso,153811.0,38.92833,-104.65878,5,50,67,22,1425
31662,80916,395000.0,4,2,1785,4015 WYLIE LN,Colorado Springs,Colorado,41087,862.7,El Paso,68391.0,38.80327,-104.71208,3,50,67,22,30751
31687,80917,460000.0,4,3,2925,2974 ORO BLANCO DR,Colorado Springs,Colorado,31614,2174.4,El Paso,83184.0,38.88684,-104.74049,3,50,67,22,30773
31879,80951,405000.0,3,3,1439,2372 SAGE GROUSE LN,Colorado Springs,Colorado,5357,706.9,El Paso,98962.0,38.88396,-104.6558,3,50,67,22,30934
4178,80926,825000.0,5,4,4850,15828 CALA ROJO DR,Colorado Springs,Colorado,2029,10.0,El Paso,123143.0,38.64318,-104.92439,6,50,67,22,4013
31818,80925,465000.0,3,3,1940,6730 MANDAN DR,Colorado Springs,Colorado,14084,189.4,El Paso,119440.0,38.76156,-104.64441,3,50,67,22,30881
31698,80917,434990.0,3,3,2336,4915 HARVEST RD,Colorado Springs,Colorado,31614,2174.4,El Paso,83184.0,38.88684,-104.74049,3,50,67,22,30783
16135,80916,350000.0,3,4,2000,1225 FLYCATCHER LN,Colorado Springs,Colorado,41087,862.7,El Paso,68391.0,38.80327,-104.71208,2,50,67,22,15650
31807,80923,409900.0,3,2,1648,6645 BEAR TOOTH DR,Colorado Springs,Colorado,32050,1771.6,El Paso,109942.0,38.92673,-104.71433,3,50,67,22,30868
31611,80909,475000.0,5,4,2329,622 PRAIRIE RD,Colorado Springs,Colorado,37821,1841.6,El Paso,72120.0,38.85255,-104.77434,3,50,67,22,30705
31588,80906,449000.0,5,3,2486,1252 LIVINGSTON AVE,Colorado Springs,Colorado,38046,322.3,El Paso,132989.0,38.76744,-104.87023,3,50,67,22,30686
31734,80918,450000.0,3,2,1810,6250 NORTHWIND DR,Colorado Springs,Colorado,48404,1559.6,El Paso,102288.0,38.91156,-104.78032,3,50,67,22,30811
7235,80922,605000.0,6,4,3821,4440 GOLF CLUB DR,Colorado Springs,Colorado,29623,1962.6,El Paso,111074.0,38.88996,-104.70084,4,50,67,22,6972
31582,80906,460000.0,4,4,2304,1216 GUMWOOD DR,Colorado Springs,Colorado,38046,322.3,El Paso,132989.0,38.76744,-104.87023,3,50,67,22,30678
31852,80925,445000.0,4,3,2365,10907 ZEALAND DR,Colorado Springs,Colorado,14084,189.4,El Paso,119440.0,38.76156,-104.64441,3,50,67,22,30911
7194,80917,545000.0,4,3,2300,2629 E SERENDIPITY CIR,Colorado Springs,Colorado,31614,2174.4,El Paso,83184.0,38.88684,-104.74049,4,50,67,22,6934
4176,80924,807888.0,4,3,3784,6379 MONDRIAN WAY,Colorado Springs,Colorado,13607,897.9,El Paso,158446.0,38.96727,-104.72199,6,50,67,22,4012
31656,80915,435000.0,4,3,2281,4602 MOFFAT LN,Colorado Springs,Colorado,22382,1099.9,El Paso,81611.0,38.85271,-104.71652,3,50,67,22,30746
27064,80904,1250000.0,5,5,3885,4035 CEDAR HEIGHTS DR,Colorado Springs,Colorado,21162,731.7,El Paso,95588.0,38.86321,-104.87197,9,50,67,22,26292
16152,80917,364900.0,3,3,1316,4387 SUSIE VW,Colorado Springs,Colorado,31614,2174.4,El Paso,83184.0,38.88684,-104.74049,2,50,67,22,15665
16159,80918,275000.0,2,1,780,4857 SONATA DR APT A,Colorado Springs,Colorado,48404,1559.6,El Paso,102288.0,38.91156,-104.78032,2,50,67,22,15671
4146,80908,825000.0,5,3,4170,7425 TOBIN RD,Colorado Springs,Colorado,20622,84.1,El Paso,160845.0,39.0463,-104.69094,6,50,67,22,3988
31836,80925,460000.0,5,4,2678,10650 OUTFIT DR,Colorado Springs,Colorado,14084,189.4,El Paso,119440.0,38.76156,-104.64441,3,50,67,22,30889
16061,80907,300000.0,4,2,1636,3319 VIRGINIA AVE,Colorado Springs,Colorado,28549,1119.8,El Paso,89203.0,38.87912,-104.82137,2,50,67,22,15590
31668,80916,399999.0,4,3,1563,3370 AMBERWICK CT,Colorado Springs,Colorado,41087,862.7,El Paso,68391.0,38.80327,-104.71208,3,50,67,22,30757
31621,80909,425000.0,4,2,2220,2009 SNYDER AVE,Colorado Springs,Colorado,37821,1841.6,El Paso,72120.0,38.85255,-104.77434,3,50,67,22,30715
31601,80908,504410.0,3,3,1724,8133 YELLOWLEAF PL,Colorado Springs,Colorado,20622,84.1,El Paso,160845.0,39.0463,-104.69094,3,50,67,22,30697
31680,80917,435000.0,2,2,1600,5624 E OLD FARM CIR,Colorado Springs,Colorado,31614,2174.4,El Paso,83184.0,38.88684,-104.74049,3,50,67,22,30766
7286,80951,575000.0,4,4,3583,2171 CAPITAL DR,Colorado Springs,Colorado,5357,706.9,El Paso,98962.0,38.88396,-104.6558,4,50,67,22,7013
16070,80909,315000.0,3,2,1497,1449 SWOPE AVE,Colorado Springs,Colorado,37821,1841.6,El Paso,72120.0,38.85255,-104.77434,2,50,67,22,15598
16172,80919,305000.0,2,2,1305,6755 DELMONICO DR APT 101,Colorado Springs,Colorado,27788,392.0,El Paso,135460.0,38.92797,-104.88025,2,50,67,22,15682
31718,80918,420000.0,4,3,1968,6240 MACH 1 DR,Colorado Springs,Colorado,48404,1559.6,El Paso,102288.0,38.91156,-104.78032,3,50,67,22,30795
31749,80920,441950.0,3,3,1438,5023 AGGREGATE PT,Colorado Springs,Colorado,38988,1212.4,El Paso,128902.0,38.95579,-104.77191,3,50,67,22,30824
1465,80924,699900.0,4,3,2968,5247 MOUNT CUTLER CT,Colorado Springs,Colorado,13607,897.9,El Paso,158446.0,38.96727,-104.72199,5,50,67,22,1419
16160,80918,380000.0,4,2,1560,4659 RIDGEGLEN RD,Colorado Springs,Colorado,48404,1559.6,El Paso,102288.0,38.91156,-104.78032,2,50,67,22,15672
31677,80916,415000.0,4,3,1725,4556 TETMAN LN,Colorado Springs,Colorado,41087,862.7,El Paso,68391.0,38.80327,-104.71208,3,50,67,22,30764
16195,80923,350000.0,3,3,1480,7126 SAND CREST VW,Colorado Springs,Colorado,32050,1771.6,El Paso,109942.0,38.92673,-104.71433,2,50,67,22,15701
31702,80917,430000.0,3,3,1618,4885 W OLD FARM CIR,Colorado Springs,Colorado,31614,2174.4,El Paso,83184.0,38.88684,-104.74049,3,50,67,22,30786
31800,80923,409900.0,3,2,1607,6645 BEAR TOOTH DR,Colorado Springs,Colorado,32050,1771.6,El Paso,109942.0,38.92673,-104.71433,3,50,67,22,30868
31756,80921,465000.0,3,3,2594,278 LUXURY LN,Colorado Springs,Colorado,22725,179.0,El Paso,163704.0,39.02648,-104.88156,3,50,67,22,30829
4152,80918,785000.0,5,4,3931,5830 CLIFFSIDE TER,Colorado Springs,Colorado,48404,1559.6,El Paso,102288.0,38.91156,-104.78032,6,50,67,22,3993
31591,80907,400000.0,5,2,2050,3502 CORBETT LN,Colorado Springs,Colorado,28549,1119.8,El Paso,89203.0,38.87912,-104.82137,3,50,67,22,30689
7250,80923,569900.0,4,4,2978,6237 TENDERFOOT DR,Colorado Springs,Colorado,32050,1771.6,El Paso,109942.0,38.92673,-104.71433,4,50,67,22,6985
18836,80919,964900.0,4,5,4291,480 BUCKEYE DR,Colorado Springs,Colorado,27788,392.0,El Paso,135460.0,38.92797,-104.88025,7,50,67,22,18242
7265,80925,614000.0,5,5,4022,7895 DUTCH LOOP,Colorado Springs,Colorado,14084,189.4,El Paso,119440.0,38.76156,-104.64441,4,50,67,22,6995
18842,80924,929935.0,5,5,4546,5286 GANSE VOORT DR,Colorado Springs,Colorado,13607,897.9,El Paso,158446.0,38.96727,-104.72199,7,50,67,22,18246
31770,80922,399000.0,2,3,1255,3623 LEVY PARK DRIVE,Colorado Springs,Colorado,29623,1962.6,El Paso,111074.0,38.88996,-104.70084,3,50,67,22,30843
4136,80905,825000.0,3,2,1918,4 CHEYENNE BLVD,Colorado Springs,Colorado,16717,1261.9,El Paso,92985.0,38.81855,-104.83649,6,50,67,22,3980
