Unnamed: 0,Zip Code,Price,Beds,Baths,Living Space,Address,City,State,Zip Code Population,Zip Code Density,County,Median Household Income,Latitude,Longitude,price_label,county_num,city_num,state_num,address_num
10797,37210,330000.0,2,2,1205,2131 SADLER AVE,Nashville,Tennessee,16593,690.4,Davidson,68462.0,36.1442,-86.73374,2,17,30,8,10405
654,37211,649900.0,5,3,2823,334A DADE DR,Nashville,Tennessee,75073,1334.2,Davidson,84503.0,36.06704,-86.72345,5,17,30,8,627
5841,37208,635000.0,4,4,2276,922 14TH AVE N,Nashville,Tennessee,19546,1567.1,Davidson,86858.0,36.17691,-86.80901,4,17,30,8,5612
5882,37214,550000.0,4,3,2001,2221 MAPLECREST DR,Nashville,Tennessee,31341,551.3,Davidson,87408.0,36.16789,-86.66296,4,17,30,8,5653
28998,37207,470420.0,4,3,1934,4432 SKYRIDGE DR,Nashville,Tennessee,40697,812.3,Davidson,72606.0,36.23278,-86.77765,3,17,30,8,28143
18524,37215,945000.0,2,3,3274,202 LA VISTA DR,Nashville,Tennessee,22829,575.1,Davidson,217318.0,36.08197,-86.83492,7,17,30,8,17938
10874,37221,319800.0,2,2,1086,6952 HIGHWAY 70 S APT 128,Nashville,Tennessee,42232,330.5,Davidson,122269.0,36.05991,-86.97189,2,17,30,8,10482
5893,37216,550000.0,5,2,1910,1245 KENMORE PL,Nashville,Tennessee,19227,1103.2,Davidson,99706.0,36.21589,-86.72676,4,17,30,8,5663
20783,37211,239900.0,2,2,986,500 PARAGON MILLS RD APT F3,Nashville,Tennessee,75073,1334.2,Davidson,84503.0,36.06704,-86.72345,1,17,30,8,20116
29053,37211,427900.0,3,3,1595,6701 SUNNYWOOD DR,Nashville,Tennessee,75073,1334.2,Davidson,84503.0,36.06704,-86.72345,3,17,30,8,28198
10759,37205,360000.0,1,1,939,4215 HARDING PIKE APT 308,Nashville,Tennessee,25437,688.5,Davidson,222323.0,36.11075,-86.87274,2,17,30,8,10367
18504,37207,925000.0,4,4,2050,1106 HARMONY WAY # 1106,Nashville,Tennessee,40697,812.3,Davidson,72606.0,36.23278,-86.77765,7,17,30,8,17918
2808,37204,1099900.0,4,5,3236,918A WALDKIRCH AVE,Nashville,Tennessee,17047,902.4,Davidson,178418.0,36.10669,-86.77463,8,17,30,8,2694
10836,37215,289900.0,1,1,716,425 SUMMIT RIDGE PL,Nashville,Tennessee,22829,575.1,Davidson,217318.0,36.08197,-86.83492,2,17,30,8,10444
5912,37218,519500.0,4,3,1798,3503 STEVENS LN,Nashville,Tennessee,15056,148.9,Davidson,77147.0,36.20814,-86.89158,4,17,30,8,5682
28979,37207,438000.0,3,3,1600,454 MONTICELLO ST,Nashville,Tennessee,40697,812.3,Davidson,72606.0,36.23278,-86.77765,3,17,30,8,28124
29075,37214,499900.0,3,4,1802,112 FITZGERALD DR,Nashville,Tennessee,31341,551.3,Davidson,87408.0,36.16789,-86.66296,3,17,30,8,28220
10791,37209,349900.0,1,1,705,1677 54TH AVE N APT 212,Nashville,Tennessee,37363,428.7,Davidson,98701.0,36.15591,-86.91638,2,17,30,8,10399
28966,37206,400000.0,2,2,1144,825 SMILEY ST,Nashville,Tennessee,28694,1429.4,Davidson,114377.0,36.18085,-86.73117,3,17,30,8,28111
28965,37206,424900.0,1,1,852,2115 YEAMAN PL APT 430,Nashville,Tennessee,28694,1429.4,Davidson,114377.0,36.18085,-86.73117,3,17,30,8,28110
5807,37205,599990.0,3,2,1536,891 BELTON DR,Nashville,Tennessee,25437,688.5,Davidson,222323.0,36.11075,-86.87274,4,17,30,8,5579
3702,37221,849900.0,4,3,4315,7369 RIVERFRONT DR,Nashville,Tennessee,42232,330.5,Davidson,122269.0,36.05991,-86.97189,6,17,30,8,3552
10802,37211,280000.0,2,1,988,7221 ALTHORP WAY APT M12,Nashville,Tennessee,75073,1334.2,Davidson,84503.0,36.06704,-86.72345,2,17,30,8,10410
10803,37211,299900.0,3,2,960,213 CLIPPER CT,Nashville,Tennessee,75073,1334.2,Davidson,84503.0,36.06704,-86.72345,2,17,30,8,10411
28973,37207,445920.0,4,3,1934,4440 SKYRIDGE DR,Nashville,Tennessee,40697,812.3,Davidson,72606.0,36.23278,-86.77765,3,17,30,8,28118
5810,37206,599000.0,3,1,1298,111 LINDSLEY PARK DR,Nashville,Tennessee,28694,1429.4,Davidson,114377.0,36.18085,-86.73117,4,17,30,8,5582
28986,37207,479970.0,3,4,1811,2031 MAPLE VIEW LN,Nashville,Tennessee,40697,812.3,Davidson,72606.0,36.23278,-86.77765,3,17,30,8,28131
26915,37215,1250000.0,4,4,4198,201 SHEFFIELD PL,Nashville,Tennessee,22829,575.1,Davidson,217318.0,36.08197,-86.83492,9,17,30,8,26146
29005,37208,459000.0,1,1,640,1202 6TH AVE N,Nashville,Tennessee,19546,1567.1,Davidson,86858.0,36.17691,-86.80901,3,17,30,8,28150
26917,37216,1195000.0,3,3,3710,3901 BRUSH HILL RD,Nashville,Tennessee,19227,1103.2,Davidson,99706.0,36.21589,-86.72676,9,17,30,8,26148
686,37221,649900.0,3,3,2557,8004 STILL SPRING RIDGE DR,Nashville,Tennessee,42232,330.5,Davidson,122269.0,36.05991,-86.97189,5,17,30,8,659
5802,37203,610000.0,1,1,866,1212 DEMONBREUN ST # AX,Nashville,Tennessee,18100,1666.1,Davidson,94336.0,36.14937,-86.78986,4,17,30,8,5574
28946,37203,480000.0,2,2,1229,760 WEDGEWOOD PARK APT 203,Nashville,Tennessee,18100,1666.1,Davidson,94336.0,36.14937,-86.78986,3,17,30,8,28091
10792,37209,350000.0,2,1,815,508 SNYDER AVE,Nashville,Tennessee,37363,428.7,Davidson,98701.0,36.15591,-86.91638,2,17,30,8,10400
2809,37204,1050000.0,4,4,2370,839A DEWEES AVE,Nashville,Tennessee,17047,902.4,Davidson,178418.0,36.10669,-86.77463,8,17,30,8,2695
5892,37215,510000.0,3,3,1562,504 BELAIR WAY,Nashville,Tennessee,22829,575.1,Davidson,217318.0,36.08197,-86.83492,4,17,30,8,5662
20793,37217,216000.0,2,2,1008,2472 SCOTT VALLEY DR,Nashville,Tennessee,31096,676.0,Davidson,72426.0,36.10836,-86.66178,1,17,30,8,20126
29082,37215,429900.0,3,2,1586,3000 HILLSBORO PIKE APT 85,Nashville,Tennessee,22829,575.1,Davidson,217318.0,36.08197,-86.83492,3,17,30,8,28227
603,37206,734900.0,4,4,1906,121 NEILL AVE UNIT E,Nashville,Tennessee,28694,1429.4,Davidson,114377.0,36.18085,-86.73117,5,17,30,8,576
29055,37211,399900.0,3,2,1530,449 CEDARVALLEY DR,Nashville,Tennessee,75073,1334.2,Davidson,84503.0,36.06704,-86.72345,3,17,30,8,28200
637,37209,699900.0,4,3,2434,6204A LARAMIE AVE,Nashville,Tennessee,37363,428.7,Davidson,98701.0,36.15591,-86.91638,5,17,30,8,610
10820,37214,299900.0,3,2,948,3104 PENN MEADE WAY,Nashville,Tennessee,31341,551.3,Davidson,87408.0,36.16789,-86.66296,2,17,30,8,10428
2815,37209,1100000.0,3,5,3260,6524 MERCOMATIC CT,Nashville,Tennessee,37363,428.7,Davidson,98701.0,36.15591,-86.91638,8,17,30,8,2701
18531,37221,949900.0,4,4,3508,113 ZURIC CT,Nashville,Tennessee,42232,330.5,Davidson,122269.0,36.05991,-86.97189,7,17,30,8,17945
5860,37209,585000.0,3,4,2016,700 JAMES AVE APT 25,Nashville,Tennessee,37363,428.7,Davidson,98701.0,36.15591,-86.91638,4,17,30,8,5631
663,37215,639900.0,3,3,1946,4400 BELMONT PARK TER APT 176,Nashville,Tennessee,22829,575.1,Davidson,217318.0,36.08197,-86.83492,5,17,30,8,636
29095,37217,400000.0,3,1,1295,909 KIRBY DR,Nashville,Tennessee,31096,676.0,Davidson,72426.0,36.10836,-86.66178,3,17,30,8,28240
3687,37209,779000.0,5,5,2503,670 ANNEX AVE # B,Nashville,Tennessee,37363,428.7,Davidson,98701.0,36.15591,-86.91638,6,17,30,8,3537
2807,37203,1077000.0,3,5,3421,3114 BELWOOD ST,Nashville,Tennessee,18100,1666.1,Davidson,94336.0,36.14937,-86.78986,8,17,30,8,2693
3653,37203,795000.0,3,3,2250,516A MOORE AVE,Nashville,Tennessee,18100,1666.1,Davidson,94336.0,36.14937,-86.78986,6,17,30,8,3503
29072,37214,504900.0,3,4,1813,110 FITZGERALD DR,Nashville,Tennessee,31341,551.3,Davidson,87408.0,36.16789,-86.66296,3,17,30,8,28217
3697,37216,875000.0,4,3,2202,4914 LOG CABIN RD,Nashville,Tennessee,19227,1103.2,Davidson,99706.0,36.21589,-86.72676,6,17,30,8,3547
589,37203,704500.0,1,1,860,1212 DEMONBREUN ST # A12A,Nashville,Tennessee,18100,1666.1,Davidson,94336.0,36.14937,-86.78986,5,17,30,8,562
657,37212,725000.0,3,5,2859,2119 32ND AVE S,Nashville,Tennessee,20917,2936.8,Davidson,178515.0,36.13376,-86.80167,5,17,30,8,630
18529,37220,900000.0,4,3,2392,532 BARRYWOOD DR,Nashville,Tennessee,6481,324.5,Davidson,230199.0,36.06759,-86.78127,7,17,30,8,17943
28952,37203,498000.0,1,1,883,601 HAMILTON AVE APT 302,Nashville,Tennessee,18100,1666.1,Davidson,94336.0,36.14937,-86.78986,3,17,30,8,28097
5796,37203,539000.0,2,2,1225,3100 W END CIR APT 105,Nashville,Tennessee,18100,1666.1,Davidson,94336.0,36.14937,-86.78986,4,17,30,8,5568
2819,37216,1100000.0,5,4,2810,3818 KINGSWOOD AVE,Nashville,Tennessee,19227,1103.2,Davidson,99706.0,36.21589,-86.72676,8,17,30,8,2705
10873,37221,378900.0,2,2,1200,7483 HIGHWAY 70 S APT 301,Nashville,Tennessee,42232,330.5,Davidson,122269.0,36.05991,-86.97189,2,17,30,8,10481
5877,37211,629900.0,3,3,3021,3500 SAINDON ST,Nashville,Tennessee,75073,1334.2,Davidson,84503.0,36.06704,-86.72345,4,17,30,8,5648
3659,37205,799900.0,3,2,3445,514 NEILWOOD DR,Nashville,Tennessee,25437,688.5,Davidson,222323.0,36.11075,-86.87274,6,17,30,8,3509
5905,37216,619900.0,3,3,2261,820 DELMAS AVE,Nashville,Tennessee,19227,1103.2,Davidson,99706.0,36.21589,-86.72676,4,17,30,8,5675
10762,37207,339000.0,3,2,1078,2137 W RICHMOND HILL DR,Nashville,Tennessee,40697,812.3,Davidson,72606.0,36.23278,-86.77765,2,17,30,8,10370
26904,37205,1199900.0,4,3,2759,6420 CURRYWOOD DR,Nashville,Tennessee,25437,688.5,Davidson,222323.0,36.11075,-86.87274,9,17,30,8,26135
5833,37207,575000.0,3,4,3191,2200 OLD MATTHEWS RD,Nashville,Tennessee,40697,812.3,Davidson,72606.0,36.23278,-86.77765,4,17,30,8,5604
3684,37209,769000.0,4,3,2274,5298 GEORGIA AVE,Nashville,Tennessee,37363,428.7,Davidson,98701.0,36.15591,-86.91638,6,17,30,8,3534
29033,37210,400000.0,2,1,1158,305 LUTIE ST,Nashville,Tennessee,16593,690.4,Davidson,68462.0,36.1442,-86.73374,3,17,30,8,28178
3674,37209,799800.0,4,4,2510,565B STEVENSON ST,Nashville,Tennessee,37363,428.7,Davidson,98701.0,36.15591,-86.91638,6,17,30,8,3524
18512,37209,899900.0,4,6,2924,512 NEWTON AVE,Nashville,Tennessee,37363,428.7,Davidson,98701.0,36.15591,-86.91638,7,17,30,8,17926
29123,37221,454900.0,3,3,1775,6006 MILL TREE CT # 33,Nashville,Tennessee,42232,330.5,Davidson,122269.0,36.05991,-86.97189,3,17,30,8,28268
662,37215,699000.0,2,1,1030,1614 STOKES LN,Nashville,Tennessee,22829,575.1,Davidson,217318.0,36.08197,-86.83492,5,17,30,8,635
10771,37207,349000.0,3,1,1164,520 NORTON AVE,Nashville,Tennessee,40697,812.3,Davidson,72606.0,36.23278,-86.77765,2,17,30,8,10379
10833,37214,300000.0,2,1,975,2943 SINBAD DR,Nashville,Tennessee,31341,551.3,Davidson,87408.0,36.16789,-86.66296,2,17,30,8,10441
36472,37206,1289000.0,5,4,3790,520 S 11TH ST,Nashville,Tennessee,28694,1429.4,Davidson,114377.0,36.18085,-86.73117,10,17,30,8,35427
29008,37208,424900.0,3,2,1363,1509 24TH AVE N,Nashville,Tennessee,19546,1567.1,Davidson,86858.0,36.17691,-86.80901,3,17,30,8,28153
3703,37221,799000.0,3,3,3060,7825 STEEPLECHASE LN,Nashville,Tennessee,42232,330.5,Davidson,122269.0,36.05991,-86.97189,6,17,30,8,3553
10855,37217,299000.0,3,2,1350,2100 MULLEN CIR,Nashville,Tennessee,31096,676.0,Davidson,72426.0,36.10836,-86.66178,2,17,30,8,10463
601,37206,675000.0,2,1,1668,402 LOCKLAND DR,Nashville,Tennessee,28694,1429.4,Davidson,114377.0,36.18085,-86.73117,5,17,30,8,574
2812,37207,1050000.0,4,4,1999,2216 GAINS ST,Nashville,Tennessee,40697,812.3,Davidson,72606.0,36.23278,-86.77765,8,17,30,8,2698
29062,37214,449900.0,3,4,1813,639 MARKHAM ST,Nashville,Tennessee,31341,551.3,Davidson,87408.0,36.16789,-86.66296,3,17,30,8,28207
18498,37206,1000000.0,5,3,2930,1019 SHARPE AVE,Nashville,Tennessee,28694,1429.4,Davidson,114377.0,36.18085,-86.73117,7,17,30,8,17912
28988,37207,395000.0,3,2,1364,1302 BRICK CHURCH PIKE,Nashville,Tennessee,40697,812.3,Davidson,72606.0,36.23278,-86.77765,3,17,30,8,28133
10870,37221,340000.0,3,2,1442,131 WILLIAMSBURG WEST CT,Nashville,Tennessee,42232,330.5,Davidson,122269.0,36.05991,-86.97189,2,17,30,8,10478
26906,37205,1195000.0,3,3,3028,701 HILLWOOD BLVD,Nashville,Tennessee,25437,688.5,Davidson,222323.0,36.11075,-86.87274,9,17,30,8,26137
645,37209,699000.0,3,4,2182,6206B LARAMIE AVE,Nashville,Tennessee,37363,428.7,Davidson,98701.0,36.15591,-86.91638,5,17,30,8,618
649,37210,699000.0,3,4,1822,1044A 2ND AVE S,Nashville,Tennessee,16593,690.4,Davidson,68462.0,36.1442,-86.73374,5,17,30,8,622
29119,37221,459900.0,3,3,1775,6004 MILL TREE CT # 32,Nashville,Tennessee,42232,330.5,Davidson,122269.0,36.05991,-86.97189,3,17,30,8,28264
5832,37207,599897.0,3,2,1880,1194 CHERBRON DR,Nashville,Tennessee,40697,812.3,Davidson,72606.0,36.23278,-86.77765,4,17,30,8,5603
3658,37205,865000.0,3,2,1800,6809 FLEETWOOD DR,Nashville,Tennessee,25437,688.5,Davidson,222323.0,36.11075,-86.87274,6,17,30,8,3508
3682,37209,789900.0,4,5,2465,4010B CLIFTON AVE,Nashville,Tennessee,37363,428.7,Davidson,98701.0,36.15591,-86.91638,6,17,30,8,3532
29010,37209,420000.0,2,1,904,530 SNYDER AVE,Nashville,Tennessee,37363,428.7,Davidson,98701.0,36.15591,-86.91638,3,17,30,8,28155
638,37209,750000.0,3,3,2234,203 OCEOLA AVE UNIT 2,Nashville,Tennessee,37363,428.7,Davidson,98701.0,36.15591,-86.91638,5,17,30,8,611
29079,37214,475000.0,2,2,2938,604 GAILWOOD LN,Nashville,Tennessee,31341,551.3,Davidson,87408.0,36.16789,-86.66296,3,17,30,8,28224
3699,37216,765000.0,4,3,2132,4302 GLYNDA DR,Nashville,Tennessee,19227,1103.2,Davidson,99706.0,36.21589,-86.72676,6,17,30,8,3549
626,37209,749000.0,4,3,2564,6539 MARAUDER DR,Nashville,Tennessee,37363,428.7,Davidson,98701.0,36.15591,-86.91638,5,17,30,8,599
5879,37211,550000.0,3,2,1620,517 CAMDEN DR,Nashville,Tennessee,75073,1334.2,Davidson,84503.0,36.06704,-86.72345,4,17,30,8,5650
10814,37211,310000.0,2,2,1176,420 ENGLISH IVY DR,Nashville,Tennessee,75073,1334.2,Davidson,84503.0,36.06704,-86.72345,2,17,30,8,10422
26922,37221,1249900.0,4,4,3051,1217 LUCKETT RD,Nashville,Tennessee,42232,330.5,Davidson,122269.0,36.05991,-86.97189,9,17,30,8,26153
670,37216,669000.0,3,2,2142,828 LEMONT DR,Nashville,Tennessee,19227,1103.2,Davidson,99706.0,36.21589,-86.72676,5,17,30,8,643
29110,37221,417000.0,3,3,1824,9151 SAWYER BROWN RD,Nashville,Tennessee,42232,330.5,Davidson,122269.0,36.05991,-86.97189,3,17,30,8,28255
5801,37203,525000.0,1,1,700,610 21ST AVE N APT 304,Nashville,Tennessee,18100,1666.1,Davidson,94336.0,36.14937,-86.78986,4,17,30,8,5573
10785,37208,320000.0,3,2,1175,1621 21ST AVE N,Nashville,Tennessee,19546,1567.1,Davidson,86858.0,36.17691,-86.80901,2,17,30,8,10393
602,37206,639900.0,3,2,1600,700 HART AVE,Nashville,Tennessee,28694,1429.4,Davidson,114377.0,36.18085,-86.73117,5,17,30,8,575
26907,37206,1200000.0,4,4,3376,2414 BARCLAY DR,Nashville,Tennessee,28694,1429.4,Davidson,114377.0,36.18085,-86.73117,9,17,30,8,26138
20794,37218,250000.0,3,1,957,3226 HINKLE DR,Nashville,Tennessee,15056,148.9,Davidson,77147.0,36.20814,-86.89158,1,17,30,8,20127
5856,37209,630000.0,3,3,2046,6218B MORROW RD,Nashville,Tennessee,37363,428.7,Davidson,98701.0,36.15591,-86.91638,4,17,30,8,5627
597,37205,735000.0,3,2,1950,1124 SPARTA RD,Nashville,Tennessee,25437,688.5,Davidson,222323.0,36.11075,-86.87274,5,17,30,8,570
5898,37216,525000.0,3,3,1520,2822B BRONTE AVE,Nashville,Tennessee,19227,1103.2,Davidson,99706.0,36.21589,-86.72676,4,17,30,8,5668
3690,37210,775000.0,3,4,2256,1242 2ND AVE S UNIT 3,Nashville,Tennessee,16593,690.4,Davidson,68462.0,36.1442,-86.73374,6,17,30,8,3540
5901,37216,619900.0,3,3,2082,1702 BRANCH ST # B,Nashville,Tennessee,19227,1103.2,Davidson,99706.0,36.21589,-86.72676,4,17,30,8,5671
3701,37221,819900.0,4,4,3374,8049 STILL SPRING RIDGE DR,Nashville,Tennessee,42232,330.5,Davidson,122269.0,36.05991,-86.97189,6,17,30,8,3551
29067,37214,389500.0,3,2,1186,3288 TRAILS END LN,Nashville,Tennessee,31341,551.3,Davidson,87408.0,36.16789,-86.66296,3,17,30,8,28212
639,37209,699000.0,3,4,2182,6206A LARAMIE AVE,Nashville,Tennessee,37363,428.7,Davidson,98701.0,36.15591,-86.91638,5,17,30,8,612
3656,37205,879000.0,4,3,3056,6747 PENNYWELL DR,Nashville,Tennessee,25437,688.5,Davidson,222323.0,36.11075,-86.87274,6,17,30,8,3506
688,37221,749900.0,3,2,1298,8901 GRIFFITH RD,Nashville,Tennessee,42232,330.5,Davidson,122269.0,36.05991,-86.97189,5,17,30,8,661
18499,37206,999000.0,3,3,3516,805 BOSCOBEL ST,Nashville,Tennessee,28694,1429.4,Davidson,114377.0,36.18085,-86.73117,7,17,30,8,17913
28993,37207,435000.0,2,3,1448,727 COTTAGE PARK DR,Nashville,Tennessee,40697,812.3,Davidson,72606.0,36.23278,-86.77765,3,17,30,8,28138
669,37216,699555.0,3,3,1581,837 VIBE PL,Nashville,Tennessee,19227,1103.2,Davidson,99706.0,36.21589,-86.72676,5,17,30,8,642
586,37203,665000.0,2,2,868,303 31ST AVE N APT 307,Nashville,Tennessee,18100,1666.1,Davidson,94336.0,36.14937,-86.78986,5,17,30,8,559
5903,37216,555000.0,3,3,1955,1015A ELVIRA AVE,Nashville,Tennessee,19227,1103.2,Davidson,99706.0,36.21589,-86.72676,4,17,30,8,5673
599,37206,735000.0,5,3,2662,1020 W EASTLAND AVE,Nashville,Tennessee,28694,1429.4,Davidson,114377.0,36.18085,-86.73117,5,17,30,8,572
5880,37211,550000.0,3,1,1176,4813 MERRILL LN,Nashville,Tennessee,75073,1334.2,Davidson,84503.0,36.06704,-86.72345,4,17,30,8,5651
28944,37201,439000.0,1,1,584,301 DEMONBREUN ST UNIT 505,Nashville,Tennessee,1477,1776.2,Davidson,137564.0,36.16662,-86.77799,3,17,30,8,28089
659,37214,699900.0,4,4,2949,2976 JENRY DR,Nashville,Tennessee,31341,551.3,Davidson,87408.0,36.16789,-86.66296,5,17,30,8,632
3709,37221,779000.0,4,3,2980,8033 STILL SPRING RIDGE DR,Nashville,Tennessee,42232,330.5,Davidson,122269.0,36.05991,-86.97189,6,17,30,8,3559
29064,37214,399997.0,3,4,1802,637 MARKHAM ST,Nashville,Tennessee,31341,551.3,Davidson,87408.0,36.16789,-86.66296,3,17,30,8,28209
5849,37209,535000.0,3,2,1450,1005 TREATY OAKS DR,Nashville,Tennessee,37363,428.7,Davidson,98701.0,36.15591,-86.91638,4,17,30,8,5620
677,37220,710000.0,3,2,1727,608 HOGAN RD,Nashville,Tennessee,6481,324.5,Davidson,230199.0,36.06759,-86.78127,5,17,30,8,650
29035,37211,399950.0,4,3,2167,676 CANDLESTICK DR,Nashville,Tennessee,75073,1334.2,Davidson,84503.0,36.06704,-86.72345,3,17,30,8,28180
28982,37207,419000.0,3,2,1854,720 ROMAN DR,Nashville,Tennessee,40697,812.3,Davidson,72606.0,36.23278,-86.77765,3,17,30,8,28127
632,37209,699900.0,4,6,2479,5709B MAUDINA AVE,Nashville,Tennessee,37363,428.7,Davidson,98701.0,36.15591,-86.91638,5,17,30,8,605
5876,37211,599000.0,4,3,2614,3504 BROOKVIEW FOREST CT,Nashville,Tennessee,75073,1334.2,Davidson,84503.0,36.06704,-86.72345,4,17,30,8,5647
28995,37207,489900.0,2,2,1179,128 DELLWAY DR,Nashville,Tennessee,40697,812.3,Davidson,72606.0,36.23278,-86.77765,3,17,30,8,28140
10863,37218,349000.0,3,2,1224,136 HODGE CT,Nashville,Tennessee,15056,148.9,Davidson,77147.0,36.20814,-86.89158,2,17,30,8,10471
28980,37207,441420.0,4,3,1934,4425 SKYRIDGE DR,Nashville,Tennessee,40697,812.3,Davidson,72606.0,36.23278,-86.77765,3,17,30,8,28125
658,37214,699900.0,4,3,2992,3231 KNOBVIEW DR,Nashville,Tennessee,31341,551.3,Davidson,87408.0,36.16789,-86.66296,5,17,30,8,631
29057,37212,499900.0,1,1,808,900 20TH AVE S APT 1404,Nashville,Tennessee,20917,2936.8,Davidson,178515.0,36.13376,-86.80167,3,17,30,8,28202
593,37204,725000.0,2,1,1410,849 CRESTRIDGE DR,Nashville,Tennessee,17047,902.4,Davidson,178418.0,36.10669,-86.77463,5,17,30,8,566
3662,37206,775000.0,4,3,2465,1704 TAMMANY DR,Nashville,Tennessee,28694,1429.4,Davidson,114377.0,36.18085,-86.73117,6,17,30,8,3512
28943,37201,499500.0,1,1,720,301 DEMONBREUN ST UNIT 1207,Nashville,Tennessee,1477,1776.2,Davidson,137564.0,36.16662,-86.77799,3,17,30,8,28088
28981,37207,479947.0,3,4,1811,2007 MAPLE VIEW LN,Nashville,Tennessee,40697,812.3,Davidson,72606.0,36.23278,-86.77765,3,17,30,8,28126
28950,37203,499500.0,2,2,889,1900 12TH AVE S APT 511,Nashville,Tennessee,18100,1666.1,Davidson,94336.0,36.14937,-86.78986,3,17,30,8,28095
29045,37211,469900.0,3,3,1500,197 PARAGON MILLS RD,Nashville,Tennessee,75073,1334.2,Davidson,84503.0,36.06704,-86.72345,3,17,30,8,28190
10776,37207,375000.0,3,3,1776,2854 CREEKBEND DR,Nashville,Tennessee,40697,812.3,Davidson,72606.0,36.23278,-86.77765,2,17,30,8,10384
29069,37214,504900.0,3,4,1813,118 FITZGERALD DR,Nashville,Tennessee,31341,551.3,Davidson,87408.0,36.16789,-86.66296,3,17,30,8,28214
29061,37214,474000.0,3,3,1747,1009A PATIO DR,Nashville,Tennessee,31341,551.3,Davidson,87408.0,36.16789,-86.66296,3,17,30,8,28206
10827,37214,324000.0,2,1,792,2234 MAPLECREST DR,Nashville,Tennessee,31341,551.3,Davidson,87408.0,36.16789,-86.66296,2,17,30,8,10435
5793,37203,535000.0,1,1,611,1717 HAYES ST # 13A,Nashville,Tennessee,18100,1666.1,Davidson,94336.0,36.14937,-86.78986,4,17,30,8,5565
5809,37206,615000.0,3,2,1585,1424 ROSEBANK AVE,Nashville,Tennessee,28694,1429.4,Davidson,114377.0,36.18085,-86.73117,4,17,30,8,5581
2814,37209,1125000.0,4,4,2864,5005 INDIANA AVE,Nashville,Tennessee,37363,428.7,Davidson,98701.0,36.15591,-86.91638,8,17,30,8,2700
28970,37207,399900.0,4,2,1364,614 N 5TH ST,Nashville,Tennessee,40697,812.3,Davidson,72606.0,36.23278,-86.77765,3,17,30,8,28115
3706,37221,878000.0,3,3,2894,520 HARPETH TRACE DR,Nashville,Tennessee,42232,330.5,Davidson,122269.0,36.05991,-86.97189,6,17,30,8,3556
5844,37208,614000.0,3,3,1785,1523B 14TH AVE N,Nashville,Tennessee,19546,1567.1,Davidson,86858.0,36.17691,-86.80901,4,17,30,8,5615
26909,37206,1200000.0,4,4,3393,2416 BARCLAY DR,Nashville,Tennessee,28694,1429.4,Davidson,114377.0,36.18085,-86.73117,9,17,30,8,26140
29007,37208,500000.0,2,2,1512,1801 ROSA L PARKS BLVD,Nashville,Tennessee,19546,1567.1,Davidson,86858.0,36.17691,-86.80901,3,17,30,8,28152
5828,37207,575000.0,2,3,1656,201 PRINCE AVE # A,Nashville,Tennessee,40697,812.3,Davidson,72606.0,36.23278,-86.77765,4,17,30,8,5599
10851,37217,289900.0,3,2,1899,1245 VULTEE BLVD,Nashville,Tennessee,31096,676.0,Davidson,72426.0,36.10836,-86.66178,2,17,30,8,10459
666,37216,689900.0,4,4,2544,914A ELVIRA AVE,Nashville,Tennessee,19227,1103.2,Davidson,99706.0,36.21589,-86.72676,5,17,30,8,639
672,37218,649900.0,3,3,2019,1012B ALICE ST,Nashville,Tennessee,15056,148.9,Davidson,77147.0,36.20814,-86.89158,5,17,30,8,645
29081,37215,475000.0,2,3,2102,115 JEFFERSON SQ,Nashville,Tennessee,22829,575.1,Davidson,217318.0,36.08197,-86.83492,3,17,30,8,28226
5823,37207,537711.0,4,3,2480,2100 CREEKLAND VIEW BLVD,Nashville,Tennessee,40697,812.3,Davidson,72606.0,36.23278,-86.77765,4,17,30,8,5595
29040,37211,400000.0,3,2,1315,304 SUNRISE AVE,Nashville,Tennessee,75073,1334.2,Davidson,84503.0,36.06704,-86.72345,3,17,30,8,28185
20796,37221,240000.0,2,2,1058,810 BELLEVUE RD APT 230,Nashville,Tennessee,42232,330.5,Davidson,122269.0,36.05991,-86.97189,1,17,30,8,20129
28992,37207,439000.0,3,2,2400,2112 OAKWOOD AVE,Nashville,Tennessee,40697,812.3,Davidson,72606.0,36.23278,-86.77765,3,17,30,8,28137
10872,37221,375000.0,3,2,1333,843 TODD PREIS DR,Nashville,Tennessee,42232,330.5,Davidson,122269.0,36.05991,-86.97189,2,17,30,8,10480
18503,37207,925000.0,3,4,1802,849 CHEROKEE AVE APT 9,Nashville,Tennessee,40697,812.3,Davidson,72606.0,36.23278,-86.77765,7,17,30,8,17917
29113,37221,459900.0,2,2,1701,103 WINDSOR TERRACE DR,Nashville,Tennessee,42232,330.5,Davidson,122269.0,36.05991,-86.97189,3,17,30,8,28258
29118,37221,439900.0,3,3,1775,6000 MILL TREE CT # 31,Nashville,Tennessee,42232,330.5,Davidson,122269.0,36.05991,-86.97189,3,17,30,8,28263
29115,37221,389900.0,2,2,1429,119 NEWSOM GRN,Nashville,Tennessee,42232,330.5,Davidson,122269.0,36.05991,-86.97189,3,17,30,8,28260
3669,37208,849900.0,3,4,1940,1006 SCOVEL ST,Nashville,Tennessee,19546,1567.1,Davidson,86858.0,36.17691,-86.80901,6,17,30,8,3519
36470,37205,1395000.0,3,3,2496,310 LYNNWOOD BLVD,Nashville,Tennessee,25437,688.5,Davidson,222323.0,36.11075,-86.87274,10,17,30,8,35425
29014,37209,499950.0,2,2,1208,514 BASSWOOD AVE,Nashville,Tennessee,37363,428.7,Davidson,98701.0,36.15591,-86.91638,3,17,30,8,28159
28951,37203,399900.0,2,1,961,3110 W END CIR APT 16,Nashville,Tennessee,18100,1666.1,Davidson,94336.0,36.14937,-86.78986,3,17,30,8,28096
5803,37203,582000.0,1,1,819,1212 DEMONBREUN ST # A11A,Nashville,Tennessee,18100,1666.1,Davidson,94336.0,36.14937,-86.78986,4,17,30,8,5575
674,37219,732000.0,2,2,1475,239 REP JOHN LEWIS WAY N APT 305,Nashville,Tennessee,1411,2527.4,Davidson,99317.0,36.1663,-86.78299,5,17,30,8,647
28996,37207,419900.0,3,2,1280,1113 TUCKAHOE DR,Nashville,Tennessee,40697,812.3,Davidson,72606.0,36.23278,-86.77765,3,17,30,8,28141
26911,37209,1175000.0,4,3,2730,139 37TH AVE N,Nashville,Tennessee,37363,428.7,Davidson,98701.0,36.15591,-86.91638,9,17,30,8,26142
664,37215,720000.0,3,3,2250,4400 BELMONT PARK TER APT 240,Nashville,Tennessee,22829,575.1,Davidson,217318.0,36.08197,-86.83492,5,17,30,8,637
29018,37209,475000.0,2,2,1062,1620 54TH AVE N,Nashville,Tennessee,37363,428.7,Davidson,98701.0,36.15591,-86.91638,3,17,30,8,28163
5910,37218,555000.0,3,3,1926,326 SOPHIA RAIN DR,Nashville,Tennessee,15056,148.9,Davidson,77147.0,36.20814,-86.89158,4,17,30,8,5680
5868,37211,575000.0,4,3,2230,4817 ENOCH DR,Nashville,Tennessee,75073,1334.2,Davidson,84503.0,36.06704,-86.72345,4,17,30,8,5639
617,37208,645900.0,4,3,2284,1705B MCKINNEY AVE,Nashville,Tennessee,19546,1567.1,Davidson,86858.0,36.17691,-86.80901,5,17,30,8,590
5891,37215,549500.0,2,3,2035,106 FOREST PLACE CIR,Nashville,Tennessee,22829,575.1,Davidson,217318.0,36.08197,-86.83492,4,17,30,8,5661
29003,37208,384900.0,3,2,1222,2407 SCOVEL ST,Nashville,Tennessee,19546,1567.1,Davidson,86858.0,36.17691,-86.80901,3,17,30,8,28148
10770,37207,345000.0,3,1,950,3117 HILLSIDE RD,Nashville,Tennessee,40697,812.3,Davidson,72606.0,36.23278,-86.77765,2,17,30,8,10378
10852,37217,294900.0,2,3,1216,562 FLINTLOCK CT,Nashville,Tennessee,31096,676.0,Davidson,72426.0,36.10836,-86.66178,2,17,30,8,10460
665,37216,689900.0,4,4,2544,914B ELVIRA AVE,Nashville,Tennessee,19227,1103.2,Davidson,99706.0,36.21589,-86.72676,5,17,30,8,638
5874,37211,595000.0,4,4,2448,4310 BARNES COVE DR,Nashville,Tennessee,75073,1334.2,Davidson,84503.0,36.06704,-86.72345,4,17,30,8,5645
29101,37218,429900.0,5,3,2156,3012 SUNNYVIEW DR,Nashville,Tennessee,15056,148.9,Davidson,77147.0,36.20814,-86.89158,3,17,30,8,28246
28964,37206,484900.0,3,2,1389,936 CAHAL AVE,Nashville,Tennessee,28694,1429.4,Davidson,114377.0,36.18085,-86.73117,3,17,30,8,28109
5824,37207,599900.0,4,3,2109,3520 WHITES CREEK PIKE,Nashville,Tennessee,40697,812.3,Davidson,72606.0,36.23278,-86.77765,4,17,30,8,5596
28997,37207,429000.0,2,3,1448,775 COTTAGE PARK DR,Nashville,Tennessee,40697,812.3,Davidson,72606.0,36.23278,-86.77765,3,17,30,8,28142
10831,37214,379000.0,2,1,1190,623 TEMPLEWOOD DR,Nashville,Tennessee,31341,551.3,Davidson,87408.0,36.16789,-86.66296,2,17,30,8,10439
2817,37212,1125000.0,4,5,2040,1652 19TH AVE S,Nashville,Tennessee,20917,2936.8,Davidson,178515.0,36.13376,-86.80167,8,17,30,8,2703
10829,37214,349900.0,3,1,1000,2522 HIBBITTS RD,Nashville,Tennessee,31341,551.3,Davidson,87408.0,36.16789,-86.66296,2,17,30,8,10437
652,37211,695000.0,3,2,1601,324 GARRETT DR,Nashville,Tennessee,75073,1334.2,Davidson,84503.0,36.06704,-86.72345,5,17,30,8,625
5866,37211,625000.0,3,2,1834,4908 MONTCLAIR DR,Nashville,Tennessee,75073,1334.2,Davidson,84503.0,36.06704,-86.72345,4,17,30,8,5637
5921,37221,529999.0,3,3,2000,7417 RIVERLAND DR,Nashville,Tennessee,42232,330.5,Davidson,122269.0,36.05991,-86.97189,4,17,30,8,5691
29097,37217,394900.0,4,2,2034,2792 WATERS VIEW DR,Nashville,Tennessee,31096,676.0,Davidson,72426.0,36.10836,-86.66178,3,17,30,8,28242
10818,37212,279000.0,1,1,600,2601 HILLSBORO PIKE APT H4,Nashville,Tennessee,20917,2936.8,Davidson,178515.0,36.13376,-86.80167,2,17,30,8,10426
18505,37207,979000.0,4,3,3068,306 HANCOCK ST,Nashville,Tennessee,40697,812.3,Davidson,72606.0,36.23278,-86.77765,7,17,30,8,17919
5815,37206,537900.0,3,1,1350,206 PERLEN DR,Nashville,Tennessee,28694,1429.4,Davidson,114377.0,36.18085,-86.73117,4,17,30,8,5587
28984,37207,445000.0,2,3,1494,752 COTTAGE PARK DR,Nashville,Tennessee,40697,812.3,Davidson,72606.0,36.23278,-86.77765,3,17,30,8,28129
584,37203,659900.0,1,1,765,1212 LAUREL ST APT 1611,Nashville,Tennessee,18100,1666.1,Davidson,94336.0,36.14937,-86.78986,5,17,30,8,557
650,37211,655000.0,3,2,2202,3124 CHARLES PARK DR,Nashville,Tennessee,75073,1334.2,Davidson,84503.0,36.06704,-86.72345,5,17,30,8,623
20777,37208,170000.0,3,1,1092,1816 10TH AVE N,Nashville,Tennessee,19546,1567.1,Davidson,86858.0,36.17691,-86.80901,1,17,30,8,20110
10765,37207,369000.0,3,3,1600,4524 SKYWOOD LN,Nashville,Tennessee,40697,812.3,Davidson,72606.0,36.23278,-86.77765,2,17,30,8,10373
5853,37209,539900.0,3,2,1450,1010 TREATY OAKS DR,Nashville,Tennessee,37363,428.7,Davidson,98701.0,36.15591,-86.91638,4,17,30,8,5624
10858,37218,299900.0,3,2,984,5118 DRAKES BRANCH RD,Nashville,Tennessee,15056,148.9,Davidson,77147.0,36.20814,-86.89158,2,17,30,8,10466
18506,37208,899900.0,3,3,2144,1824B 6TH AVE N,Nashville,Tennessee,19546,1567.1,Davidson,86858.0,36.17691,-86.80901,7,17,30,8,17920
605,37207,755000.0,4,3,2305,532 NORTON AVE,Nashville,Tennessee,40697,812.3,Davidson,72606.0,36.23278,-86.77765,5,17,30,8,578
5875,37211,615000.0,4,4,2587,2125 SHERBROOKE LN,Nashville,Tennessee,75073,1334.2,Davidson,84503.0,36.06704,-86.72345,4,17,30,8,5646
612,37207,690000.0,3,1,1425,520 EWING DR,Nashville,Tennessee,40697,812.3,Davidson,72606.0,36.23278,-86.77765,5,17,30,8,585
10808,37211,349947.0,3,2,1026,329 ALICE AVE,Nashville,Tennessee,75073,1334.2,Davidson,84503.0,36.06704,-86.72345,2,17,30,8,10416
10868,37221,325000.0,2,2,1365,827 TODD PREIS DR,Nashville,Tennessee,42232,330.5,Davidson,122269.0,36.05991,-86.97189,2,17,30,8,10476
26901,37203,1190000.0,2,2,1654,700 12TH AVE S UNIT 801,Nashville,Tennessee,18100,1666.1,Davidson,94336.0,36.14937,-86.78986,9,17,30,8,26132
29098,37217,399500.0,2,3,1444,1363 NASHBORO BLVD,Nashville,Tennessee,31096,676.0,Davidson,72426.0,36.10836,-86.66178,3,17,30,8,28243
5811,37206,635000.0,3,3,1883,1404 CHESTER AVE # A,Nashville,Tennessee,28694,1429.4,Davidson,114377.0,36.18085,-86.73117,4,17,30,8,5583
3666,37207,875000.0,4,5,3091,335 GATEWOOD AVE,Nashville,Tennessee,40697,812.3,Davidson,72606.0,36.23278,-86.77765,6,17,30,8,3516
10766,37207,352000.0,4,2,1268,3294 RAINWOOD DR,Nashville,Tennessee,40697,812.3,Davidson,72606.0,36.23278,-86.77765,2,17,30,8,10374
10761,37206,339000.0,2,1,704,1113 DAVIDSON ST,Nashville,Tennessee,28694,1429.4,Davidson,114377.0,36.18085,-86.73117,2,17,30,8,10369
5920,37221,599000.0,4,5,3109,204 SWEETGUM CT,Nashville,Tennessee,42232,330.5,Davidson,122269.0,36.05991,-86.97189,4,17,30,8,5690
36468,37205,1350000.0,4,4,3461,3612 BELLWOOD AVE,Nashville,Tennessee,25437,688.5,Davidson,222323.0,36.11075,-86.87274,10,17,30,8,35423
598,37206,724900.0,4,4,1906,121 NEILL AVE UNIT D,Nashville,Tennessee,28694,1429.4,Davidson,114377.0,36.18085,-86.73117,5,17,30,8,571
28974,37207,495000.0,4,2,1300,731 JOSEPH AVE,Nashville,Tennessee,40697,812.3,Davidson,72606.0,36.23278,-86.77765,3,17,30,8,28119
5929,37221,570000.0,3,2,2032,7984 BOONE TRCE,Nashville,Tennessee,42232,330.5,Davidson,122269.0,36.05991,-86.97189,4,17,30,8,5699
28954,37203,485000.0,1,1,562,1212 DEMONBREUN ST # S1,Nashville,Tennessee,18100,1666.1,Davidson,94336.0,36.14937,-86.78986,3,17,30,8,28099
28978,37207,435000.0,3,2,1495,3912 SUSSEX DR,Nashville,Tennessee,40697,812.3,Davidson,72606.0,36.23278,-86.77765,3,17,30,8,28123
3665,37207,879999.0,4,3,2582,703 WARD ST,Nashville,Tennessee,40697,812.3,Davidson,72606.0,36.23278,-86.77765,6,17,30,8,3515
29088,37216,420000.0,3,1,2000,928 DELMAS AVE,Nashville,Tennessee,19227,1103.2,Davidson,99706.0,36.21589,-86.72676,3,17,30,8,28233
28983,37207,482990.0,4,3,2547,2547 CREEKLAND VIEW BLVD,Nashville,Tennessee,40697,812.3,Davidson,72606.0,36.23278,-86.77765,3,17,30,8,28128
29106,37221,405000.0,2,3,1510,2225 BELLE CREEK WAY,Nashville,Tennessee,42232,330.5,Davidson,122269.0,36.05991,-86.97189,3,17,30,8,28251
5916,37221,614900.0,3,3,1624,2222 WINTHROP WAY,Nashville,Tennessee,42232,330.5,Davidson,122269.0,36.05991,-86.97189,4,17,30,8,5686
634,37209,746900.0,4,3,2316,908 31ST AVE N,Nashville,Tennessee,37363,428.7,Davidson,98701.0,36.15591,-86.91638,5,17,30,8,607
18509,37209,999500.0,4,5,2826,6362 COLUMBIA AVE # A,Nashville,Tennessee,37363,428.7,Davidson,98701.0,36.15591,-86.91638,7,17,30,8,17923
5925,37221,574900.0,3,3,2111,7212 RIVER JUNCTION DR,Nashville,Tennessee,42232,330.5,Davidson,122269.0,36.05991,-86.97189,4,17,30,8,5695
20798,37221,250000.0,2,2,1067,7241 HIGHWAY 70 S APT 108,Nashville,Tennessee,42232,330.5,Davidson,122269.0,36.05991,-86.97189,1,17,30,8,20131
3686,37209,799998.0,4,4,2657,536 RIVER ROUGE DR # B,Nashville,Tennessee,37363,428.7,Davidson,98701.0,36.15591,-86.91638,6,17,30,8,3536
20769,37203,242500.0,2,2,1100,3415 W END AVE # D-603,Nashville,Tennessee,18100,1666.1,Davidson,94336.0,36.14937,-86.78986,1,17,30,8,20102
5922,37221,610000.0,5,3,2904,7233 EXPLORER TRL,Nashville,Tennessee,42232,330.5,Davidson,122269.0,36.05991,-86.97189,4,17,30,8,5692
5908,37218,634900.0,4,3,2255,2107A COURTNEY AVE,Nashville,Tennessee,15056,148.9,Davidson,77147.0,36.20814,-86.89158,4,17,30,8,5678
585,37203,675000.0,2,1,888,1212 LAUREL ST APT 608,Nashville,Tennessee,18100,1666.1,Davidson,94336.0,36.14937,-86.78986,5,17,30,8,558
616,37208,719900.0,3,4,2404,1217B JACKSON ST,Nashville,Tennessee,19546,1567.1,Davidson,86858.0,36.17691,-86.80901,5,17,30,8,589
29029,37209,445000.0,2,2,1136,1677 54TH AVE N APT 240,Nashville,Tennessee,37363,428.7,Davidson,98701.0,36.15591,-86.91638,3,17,30,8,28174
5855,37209,575000.0,2,3,1470,416 PATINA CIR,Nashville,Tennessee,37363,428.7,Davidson,98701.0,36.15591,-86.91638,4,17,30,8,5626
10844,37217,318500.0,2,3,1216,646 FLINTLOCK CT,Nashville,Tennessee,31096,676.0,Davidson,72426.0,36.10836,-86.66178,2,17,30,8,10452
687,37221,749999.0,4,3,3140,8028 PINE FOREST DR,Nashville,Tennessee,42232,330.5,Davidson,122269.0,36.05991,-86.97189,5,17,30,8,660
10821,37214,265000.0,2,2,1214,1313 PRIEST WOODS CT,Nashville,Tennessee,31341,551.3,Davidson,87408.0,36.16789,-86.66296,2,17,30,8,10429
10789,37209,369900.0,3,1,942,627 NASHUA LN,Nashville,Tennessee,37363,428.7,Davidson,98701.0,36.15591,-86.91638,2,17,30,8,10397
5864,37209,565000.0,3,3,1538,5802 MAXON AVE,Nashville,Tennessee,37363,428.7,Davidson,98701.0,36.15591,-86.91638,4,17,30,8,5635
36466,37203,1299900.0,2,2,1395,1212 LAUREL ST APT 1704,Nashville,Tennessee,18100,1666.1,Davidson,94336.0,36.14937,-86.78986,10,17,30,8,35421
18516,37211,929999.0,4,4,2711,622 WATSONWOOD DR,Nashville,Tennessee,75073,1334.2,Davidson,84503.0,36.06704,-86.72345,7,17,30,8,17930
679,37221,655000.0,5,4,4103,8171 HIGHWAY 70 S,Nashville,Tennessee,42232,330.5,Davidson,122269.0,36.05991,-86.97189,5,17,30,8,652
20791,37217,249900.0,2,2,1187,746 LAKE TERRACE DR,Nashville,Tennessee,31096,676.0,Davidson,72426.0,36.10836,-86.66178,1,17,30,8,20124
2805,37203,1099900.0,5,5,4097,618A HAMILTON AVE,Nashville,Tennessee,18100,1666.1,Davidson,94336.0,36.14937,-86.78986,8,17,30,8,2691
28994,37207,414900.0,3,2,1675,3901 AUGUSTA DR,Nashville,Tennessee,40697,812.3,Davidson,72606.0,36.23278,-86.77765,3,17,30,8,28139
36469,37205,1325000.0,4,3,3148,6352 BRESSLYN RD,Nashville,Tennessee,25437,688.5,Davidson,222323.0,36.11075,-86.87274,10,17,30,8,35424
10857,37217,325000.0,3,2,1755,3608 STONEWOOD CT,Nashville,Tennessee,31096,676.0,Davidson,72426.0,36.10836,-86.66178,2,17,30,8,10465
10861,37218,275000.0,3,1,1430,3028 KINGS LN,Nashville,Tennessee,15056,148.9,Davidson,77147.0,36.20814,-86.89158,2,17,30,8,10469
18523,37215,960000.0,3,3,2473,3493 RULAND PL,Nashville,Tennessee,22829,575.1,Davidson,217318.0,36.08197,-86.83492,7,17,30,8,17937
29020,37209,419000.0,3,2,1388,913 MORROW RD,Nashville,Tennessee,37363,428.7,Davidson,98701.0,36.15591,-86.91638,3,17,30,8,28165
631,37209,746900.0,4,3,2316,910 31ST AVE N,Nashville,Tennessee,37363,428.7,Davidson,98701.0,36.15591,-86.91638,5,17,30,8,604
10760,37206,349800.0,2,1,830,800 W GREENWOOD AVE,Nashville,Tennessee,28694,1429.4,Davidson,114377.0,36.18085,-86.73117,2,17,30,8,10368
10856,37217,359000.0,3,2,1350,2101 MULLEN CIR,Nashville,Tennessee,31096,676.0,Davidson,72426.0,36.10836,-86.66178,2,17,30,8,10464
10832,37214,320000.0,3,2,980,2363 BENAY RD,Nashville,Tennessee,31341,551.3,Davidson,87408.0,36.16789,-86.66296,2,17,30,8,10440
5878,37211,540000.0,2,2,2070,4334 BARNES COVE DR,Nashville,Tennessee,75073,1334.2,Davidson,84503.0,36.06704,-86.72345,4,17,30,8,5649
29083,37215,474800.0,2,2,1578,3027 WOODLAWN DR,Nashville,Tennessee,22829,575.1,Davidson,217318.0,36.08197,-86.83492,3,17,30,8,28228
3676,37209,799000.0,4,3,2462,516B WESTBORO DR,Nashville,Tennessee,37363,428.7,Davidson,98701.0,36.15591,-86.91638,6,17,30,8,3526
622,37208,700000.0,4,4,1857,1014 28TH AVE N,Nashville,Tennessee,19546,1567.1,Davidson,86858.0,36.17691,-86.80901,5,17,30,8,595
29017,37209,424999.0,2,2,895,953 44TH AVE N APT 202,Nashville,Tennessee,37363,428.7,Davidson,98701.0,36.15591,-86.91638,3,17,30,8,28162
29058,37212,409900.0,1,2,1104,1010 16TH AVE S UNIT 404,Nashville,Tennessee,20917,2936.8,Davidson,178515.0,36.13376,-86.80167,3,17,30,8,28203
676,37220,649900.0,3,2,1572,5145 REGENT DR,Nashville,Tennessee,6481,324.5,Davidson,230199.0,36.06759,-86.78127,5,17,30,8,649
20784,37211,213800.0,2,2,1043,2929 SELENA DR APT A16,Nashville,Tennessee,75073,1334.2,Davidson,84503.0,36.06704,-86.72345,1,17,30,8,20117
26900,37203,1190000.0,2,2,1201,1717 HAYES ST # 20A,Nashville,Tennessee,18100,1666.1,Davidson,94336.0,36.14937,-86.78986,9,17,30,8,26131
3696,37216,834000.0,4,4,3003,1809A TAMMANY DR,Nashville,Tennessee,19227,1103.2,Davidson,99706.0,36.21589,-86.72676,6,17,30,8,3546
610,37207,709900.0,3,4,3191,2206 OLD MATTHEWS RD,Nashville,Tennessee,40697,812.3,Davidson,72606.0,36.23278,-86.77765,5,17,30,8,583
5817,37206,635000.0,3,3,1883,1404 CHESTER AVE # B,Nashville,Tennessee,28694,1429.4,Davidson,114377.0,36.18085,-86.73117,4,17,30,8,5589
5838,37208,619900.0,1,1,993,601 MADISON ST APT 106,Nashville,Tennessee,19546,1567.1,Davidson,86858.0,36.17691,-86.80901,4,17,30,8,5609
10840,37216,377000.0,3,2,1317,1017 DOZIER PL,Nashville,Tennessee,19227,1103.2,Davidson,99706.0,36.21589,-86.72676,2,17,30,8,10448
5911,37218,589500.0,3,4,2218,1808 ASHTON AVE,Nashville,Tennessee,15056,148.9,Davidson,77147.0,36.20814,-86.89158,4,17,30,8,5681
3651,37203,796000.0,3,3,2118,1316B PILLOW ST,Nashville,Tennessee,18100,1666.1,Davidson,94336.0,36.14937,-86.78986,6,17,30,8,3501
10788,37209,374990.0,2,3,1209,615 OLD HICKORY BLVD # TBD,Nashville,Tennessee,37363,428.7,Davidson,98701.0,36.15591,-86.91638,2,17,30,8,10396
18514,37209,899900.0,3,2,2343,5728 KNOB RD,Nashville,Tennessee,37363,428.7,Davidson,98701.0,36.15591,-86.91638,7,17,30,8,17928
10825,37214,339900.0,3,2,1546,111 DONELSONWOOD DR,Nashville,Tennessee,31341,551.3,Davidson,87408.0,36.16789,-86.66296,2,17,30,8,10433
29052,37211,429900.0,3,2,1632,234 WILLOW LN,Nashville,Tennessee,75073,1334.2,Davidson,84503.0,36.06704,-86.72345,3,17,30,8,28197
29063,37214,499900.0,3,4,1802,116 FITZGERALD DR,Nashville,Tennessee,31341,551.3,Davidson,87408.0,36.16789,-86.66296,3,17,30,8,28208
29001,37208,475000.0,2,2,1128,1223 PHILLIPS ST,Nashville,Tennessee,19546,1567.1,Davidson,86858.0,36.17691,-86.80901,3,17,30,8,28146
10774,37207,300000.0,3,1,971,205 MAPLEWOOD TRCE,Nashville,Tennessee,40697,812.3,Davidson,72606.0,36.23278,-86.77765,2,17,30,8,10382
10790,37209,364900.0,3,1,768,936 32ND AVE N,Nashville,Tennessee,37363,428.7,Davidson,98701.0,36.15591,-86.91638,2,17,30,8,10398
36475,37215,1290000.0,4,5,4411,400 HYDE PARK,Nashville,Tennessee,22829,575.1,Davidson,217318.0,36.08197,-86.83492,10,17,30,8,35430
29070,37214,399997.0,3,4,1802,611 MARKHAM ST,Nashville,Tennessee,31341,551.3,Davidson,87408.0,36.16789,-86.66296,3,17,30,8,28215
3708,37221,798800.0,5,3,3126,4804 TRACEWAY DR,Nashville,Tennessee,42232,330.5,Davidson,122269.0,36.05991,-86.97189,6,17,30,8,3558
10817,37212,279000.0,1,1,600,2601 HILLSBORO PIKE APT L1,Nashville,Tennessee,20917,2936.8,Davidson,178515.0,36.13376,-86.80167,2,17,30,8,10425
20792,37217,251000.0,3,3,1388,833 LONGHUNTER CT,Nashville,Tennessee,31096,676.0,Davidson,72426.0,36.10836,-86.66178,1,17,30,8,20125
5839,37208,559900.0,3,3,1860,2107 11TH AVE N # B,Nashville,Tennessee,19546,1567.1,Davidson,86858.0,36.17691,-86.80901,4,17,30,8,5610
10799,37211,369900.0,2,3,1224,9022 RIGDEN MILL DR,Nashville,Tennessee,75073,1334.2,Davidson,84503.0,36.06704,-86.72345,2,17,30,8,10407
10822,37214,265000.0,3,1,1185,607 COTTONWOOD DR,Nashville,Tennessee,31341,551.3,Davidson,87408.0,36.16789,-86.66296,2,17,30,8,10430
29046,37211,450000.0,3,2,1700,485 WESTCREST DR,Nashville,Tennessee,75073,1334.2,Davidson,84503.0,36.06704,-86.72345,3,17,30,8,28191
10860,37218,299900.0,3,2,2155,4212 ASHLAND CITY HWY,Nashville,Tennessee,15056,148.9,Davidson,77147.0,36.20814,-86.89158,2,17,30,8,10468
29041,37211,399950.0,3,2,1332,5305 HUNTERS RDG,Nashville,Tennessee,75073,1334.2,Davidson,84503.0,36.06704,-86.72345,3,17,30,8,28186
3671,37208,850000.0,3,3,1620,914 JACKSON ST,Nashville,Tennessee,19546,1567.1,Davidson,86858.0,36.17691,-86.80901,6,17,30,8,3521
10841,37216,315900.0,2,1,756,3319 WALTON LN,Nashville,Tennessee,19227,1103.2,Davidson,99706.0,36.21589,-86.72676,2,17,30,8,10449
647,37209,749900.0,3,3,2440,6338 ALAMO PL # A,Nashville,Tennessee,37363,428.7,Davidson,98701.0,36.15591,-86.91638,5,17,30,8,620
20797,37221,249900.0,2,2,1055,810 BELLEVUE RD APT 244,Nashville,Tennessee,42232,330.5,Davidson,122269.0,36.05991,-86.97189,1,17,30,8,20130
29048,37211,479000.0,3,1,1692,320 GARRETT DR,Nashville,Tennessee,75073,1334.2,Davidson,84503.0,36.06704,-86.72345,3,17,30,8,28193
29021,37209,419900.0,3,1,1400,6504 THUNDERBIRD DR,Nashville,Tennessee,37363,428.7,Davidson,98701.0,36.15591,-86.91638,3,17,30,8,28166
29112,37221,449900.0,2,3,1438,202 WINDSOR TERRACE DR,Nashville,Tennessee,42232,330.5,Davidson,122269.0,36.05991,-86.97189,3,17,30,8,28257
28955,37204,385000.0,1,1,418,803 HILLVIEW HTS APT 206,Nashville,Tennessee,17047,902.4,Davidson,178418.0,36.10669,-86.77463,3,17,30,8,28100
10850,37217,279990.0,3,3,1776,3868 PRIEST LAKE DR,Nashville,Tennessee,31096,676.0,Davidson,72426.0,36.10836,-86.66178,2,17,30,8,10458
18491,37203,899900.0,4,3,2199,1023 WEDGEWOOD AVE,Nashville,Tennessee,18100,1666.1,Davidson,94336.0,36.14937,-86.78986,7,17,30,8,17905
609,37207,725000.0,4,5,2121,243 FOSTER ST UNIT 2,Nashville,Tennessee,40697,812.3,Davidson,72606.0,36.23278,-86.77765,5,17,30,8,582
3707,37221,799900.0,4,4,3276,8045 STILL SPRING RIDGE DR,Nashville,Tennessee,42232,330.5,Davidson,122269.0,36.05991,-86.97189,6,17,30,8,3557
3691,37212,875000.0,3,3,2318,301B FAIRFAX AVE,Nashville,Tennessee,20917,2936.8,Davidson,178515.0,36.13376,-86.80167,6,17,30,8,3541
29065,37214,419900.0,3,2,1375,2424 MELBOURNE DR,Nashville,Tennessee,31341,551.3,Davidson,87408.0,36.16789,-86.66296,3,17,30,8,28210
3677,37209,869000.0,4,3,2488,4910 MICHIGAN AVE,Nashville,Tennessee,37363,428.7,Davidson,98701.0,36.15591,-86.91638,6,17,30,8,3527
5924,37221,609900.0,3,3,2138,412 RAMBLE WOOD CIR,Nashville,Tennessee,42232,330.5,Davidson,122269.0,36.05991,-86.97189,4,17,30,8,5694
29039,37211,387500.0,3,2,1200,5034 SUTER DR,Nashville,Tennessee,75073,1334.2,Davidson,84503.0,36.06704,-86.72345,3,17,30,8,28184
28991,37207,500000.0,3,3,1713,192 DUKE ST,Nashville,Tennessee,40697,812.3,Davidson,72606.0,36.23278,-86.77765,3,17,30,8,28136
29051,37211,425000.0,4,2,2334,3404 LALLEMAND DR,Nashville,Tennessee,75073,1334.2,Davidson,84503.0,36.06704,-86.72345,3,17,30,8,28196
5927,37221,578000.0,4,3,2456,6740 COLD STREAM DR,Nashville,Tennessee,42232,330.5,Davidson,122269.0,36.05991,-86.97189,4,17,30,8,5697
10842,37217,289900.0,2,3,1216,438 FLINTLOCK CT,Nashville,Tennessee,31096,676.0,Davidson,72426.0,36.10836,-86.66178,2,17,30,8,10450
5804,37203,525000.0,1,2,1000,119 MASON AVE UNIT 203,Nashville,Tennessee,18100,1666.1,Davidson,94336.0,36.14937,-86.78986,4,17,30,8,5576
608,37207,675000.0,4,5,3167,2204 OLD MATTHEWS RD,Nashville,Tennessee,40697,812.3,Davidson,72606.0,36.23278,-86.77765,5,17,30,8,581
29044,37211,435000.0,4,2,2100,129 ANTIOCH PIKE,Nashville,Tennessee,75073,1334.2,Davidson,84503.0,36.06704,-86.72345,3,17,30,8,28189
10794,37209,269750.0,2,2,1200,510 BASSWOOD AVE APT 8,Nashville,Tennessee,37363,428.7,Davidson,98701.0,36.15591,-86.91638,2,17,30,8,10402
675,37219,749000.0,1,1,860,515 CHURCH ST UNIT 3109,Nashville,Tennessee,1411,2527.4,Davidson,99317.0,36.1663,-86.78299,5,17,30,8,648
5848,37209,619900.0,3,3,2074,619A JAMES AVE,Nashville,Tennessee,37363,428.7,Davidson,98701.0,36.15591,-86.91638,4,17,30,8,5619
5825,37207,525000.0,3,2,1200,1210 STOCKELL ST,Nashville,Tennessee,40697,812.3,Davidson,72606.0,36.23278,-86.77765,4,17,30,8,5597
624,37208,719000.0,3,3,2299,1605 11TH AVE N,Nashville,Tennessee,19546,1567.1,Davidson,86858.0,36.17691,-86.80901,5,17,30,8,597
18526,37216,900000.0,4,3,2467,1205 MCALPINE AVE,Nashville,Tennessee,19227,1103.2,Davidson,99706.0,36.21589,-86.72676,7,17,30,8,17940
29092,37217,410000.0,3,3,1685,2409 BAYVIEW DR,Nashville,Tennessee,31096,676.0,Davidson,72426.0,36.10836,-86.66178,3,17,30,8,28237
3673,37209,799800.0,4,4,2510,565A STEVENSON ST,Nashville,Tennessee,37363,428.7,Davidson,98701.0,36.15591,-86.91638,6,17,30,8,3523
10835,37215,349500.0,1,1,966,2051 STOKES LN,Nashville,Tennessee,22829,575.1,Davidson,217318.0,36.08197,-86.83492,2,17,30,8,10443
28961,37206,409900.0,2,1,904,2704 TRAUGHBER DR,Nashville,Tennessee,28694,1429.4,Davidson,114377.0,36.18085,-86.73117,3,17,30,8,28106
5906,37218,619900.0,3,2,2202,3919 DRAKES BRANCH RD,Nashville,Tennessee,15056,148.9,Davidson,77147.0,36.20814,-86.89158,4,17,30,8,5676
5805,37204,529000.0,1,1,1503,2206 GRANTLAND AVE,Nashville,Tennessee,17047,902.4,Davidson,178418.0,36.10669,-86.77463,4,17,30,8,5577
29105,37221,484900.0,3,3,1775,6010 MILL TREE CT # 35,Nashville,Tennessee,42232,330.5,Davidson,122269.0,36.05991,-86.97189,3,17,30,8,28250
18520,37212,896000.0,3,3,2347,3429 33RD AVE S # A,Nashville,Tennessee,20917,2936.8,Davidson,178515.0,36.13376,-86.80167,7,17,30,8,17934
5884,37214,549900.0,3,3,1956,712 MILL CREEK MEADOW DR,Nashville,Tennessee,31341,551.3,Davidson,87408.0,36.16789,-86.66296,4,17,30,8,5655
5847,37209,619999.0,3,4,1775,1217 NATIONS DR,Nashville,Tennessee,37363,428.7,Davidson,98701.0,36.15591,-86.91638,4,17,30,8,5618
628,37209,649000.0,3,4,2196,1011 44TH AVE N UNIT 12,Nashville,Tennessee,37363,428.7,Davidson,98701.0,36.15591,-86.91638,5,17,30,8,601
18488,37203,979500.0,3,3,2388,759B ALLOWAY ST,Nashville,Tennessee,18100,1666.1,Davidson,94336.0,36.14937,-86.78986,7,17,30,8,17902
26902,37204,1250000.0,4,3,3079,1008B CALDWELL LN,Nashville,Tennessee,17047,902.4,Davidson,178418.0,36.10669,-86.77463,9,17,30,8,26133
28957,37205,439000.0,2,2,1402,243 WESTCHASE DR,Nashville,Tennessee,25437,688.5,Davidson,222323.0,36.11075,-86.87274,3,17,30,8,28102
29028,37209,499999.0,2,3,1296,702 JAMES AVE,Nashville,Tennessee,37363,428.7,Davidson,98701.0,36.15591,-86.91638,3,17,30,8,28173
629,37209,729900.0,3,3,2016,5700A BURGESS AVE,Nashville,Tennessee,37363,428.7,Davidson,98701.0,36.15591,-86.91638,5,17,30,8,602
28947,37203,485000.0,1,1,636,600 12TH AVE S APT 2012,Nashville,Tennessee,18100,1666.1,Davidson,94336.0,36.14937,-86.78986,3,17,30,8,28092
3668,37208,799000.0,2,2,1878,1410 ROSA L PARKS BLVD APT 60,Nashville,Tennessee,19546,1567.1,Davidson,86858.0,36.17691,-86.80901,6,17,30,8,3518
29049,37211,485000.0,3,2,1233,182 ANTIOCH PIKE,Nashville,Tennessee,75073,1334.2,Davidson,84503.0,36.06704,-86.72345,3,17,30,8,28194
2813,37207,1069997.0,5,3,3300,1005 N 6TH ST,Nashville,Tennessee,40697,812.3,Davidson,72606.0,36.23278,-86.77765,8,17,30,8,2699
604,37206,729900.0,3,3,2363,2011 SCOTT AVE # A,Nashville,Tennessee,28694,1429.4,Davidson,114377.0,36.18085,-86.73117,5,17,30,8,577
29000,37208,400000.0,3,2,1168,2617 HERMAN ST,Nashville,Tennessee,19546,1567.1,Davidson,86858.0,36.17691,-86.80901,3,17,30,8,28145
680,37221,749900.0,3,3,3010,7921 MEADOW VIEW DR,Nashville,Tennessee,42232,330.5,Davidson,122269.0,36.05991,-86.97189,5,17,30,8,653
5923,37221,563000.0,3,3,2285,6865 COLLINSWOOD DR,Nashville,Tennessee,42232,330.5,Davidson,122269.0,36.05991,-86.97189,4,17,30,8,5693
18513,37209,1000000.0,4,5,2095,2910 FELICIA ST UNIT 17,Nashville,Tennessee,37363,428.7,Davidson,98701.0,36.15591,-86.91638,7,17,30,8,17927
20780,37211,239900.0,2,1,666,412 MCIVER ST,Nashville,Tennessee,75073,1334.2,Davidson,84503.0,36.06704,-86.72345,1,17,30,8,20113
29066,37214,449900.0,3,4,1813,609 MARKHAM ST,Nashville,Tennessee,31341,551.3,Davidson,87408.0,36.16789,-86.66296,3,17,30,8,28211
5846,37208,625000.0,4,4,2320,1313 JACKSON ST,Nashville,Tennessee,19546,1567.1,Davidson,86858.0,36.17691,-86.80901,4,17,30,8,5617
29027,37209,470000.0,2,2,850,957 44TH AVE N,Nashville,Tennessee,37363,428.7,Davidson,98701.0,36.15591,-86.91638,3,17,30,8,28172
5845,37208,545000.0,3,3,1548,1716 24TH AVE N,Nashville,Tennessee,19546,1567.1,Davidson,86858.0,36.17691,-86.80901,4,17,30,8,5616
668,37216,699900.0,4,3,1763,1003 FAIRWIN AVE,Nashville,Tennessee,19227,1103.2,Davidson,99706.0,36.21589,-86.72676,5,17,30,8,641
595,37205,750000.0,4,2,2248,843 NEARTOP DR,Nashville,Tennessee,25437,688.5,Davidson,222323.0,36.11075,-86.87274,5,17,30,8,568
29090,37217,419900.0,3,2,1537,304 PINEWAY DR,Nashville,Tennessee,31096,676.0,Davidson,72426.0,36.10836,-86.66178,3,17,30,8,28235
10828,37214,339000.0,3,2,1123,3039 PENN MEADE WAY,Nashville,Tennessee,31341,551.3,Davidson,87408.0,36.16789,-86.66296,2,17,30,8,10436
5869,37211,549900.0,3,3,1781,336A DADE DR,Nashville,Tennessee,75073,1334.2,Davidson,84503.0,36.06704,-86.72345,4,17,30,8,5640
685,37221,650000.0,3,2,2938,7516 WOODSTREAM DR,Nashville,Tennessee,42232,330.5,Davidson,122269.0,36.05991,-86.97189,5,17,30,8,658
29034,37211,424900.0,3,3,1640,908 LOXLEY DR,Nashville,Tennessee,75073,1334.2,Davidson,84503.0,36.06704,-86.72345,3,17,30,8,28179
18497,37205,999999.0,3,4,3756,172D WOODMONT BLVD,Nashville,Tennessee,25437,688.5,Davidson,222323.0,36.11075,-86.87274,7,17,30,8,17911
5837,37208,565000.0,3,3,2139,2403 UNDERWOOD ST,Nashville,Tennessee,19546,1567.1,Davidson,86858.0,36.17691,-86.80901,4,17,30,8,5608
5928,37221,535000.0,4,3,2760,3545 HARPETH SPRINGS DR,Nashville,Tennessee,42232,330.5,Davidson,122269.0,36.05991,-86.97189,4,17,30,8,5698
10838,37216,295000.0,1,1,714,1122 LITTON AVE APT 208,Nashville,Tennessee,19227,1103.2,Davidson,99706.0,36.21589,-86.72676,2,17,30,8,10446
29124,37221,464900.0,3,3,2166,320 OLD HICKORY BLVD APT 2817,Nashville,Tennessee,42232,330.5,Davidson,122269.0,36.05991,-86.97189,3,17,30,8,28269
10823,37214,379900.0,2,3,1456,545 MARKHAM ST,Nashville,Tennessee,31341,551.3,Davidson,87408.0,36.16789,-86.66296,2,17,30,8,10431
5820,37207,539900.0,4,3,1720,812 ROY ST,Nashville,Tennessee,40697,812.3,Davidson,72606.0,36.23278,-86.77765,4,17,30,8,5592
20787,37214,209900.0,2,3,1188,305 TIMBERWAY CIR,Nashville,Tennessee,31341,551.3,Davidson,87408.0,36.16789,-86.66296,1,17,30,8,20120
5907,37218,575000.0,3,3,2180,3715 FAIRVIEW DR,Nashville,Tennessee,15056,148.9,Davidson,77147.0,36.20814,-86.89158,4,17,30,8,5677
3693,37215,865000.0,3,3,2442,1250 BATTLEFIELD DR,Nashville,Tennessee,22829,575.1,Davidson,217318.0,36.08197,-86.83492,6,17,30,8,3543
10847,37217,375000.0,4,3,2240,578 RURAL HILL RD,Nashville,Tennessee,31096,676.0,Davidson,72426.0,36.10836,-86.66178,2,17,30,8,10455
18518,37211,965000.0,3,3,2421,407 BARRYWOOD DR,Nashville,Tennessee,75073,1334.2,Davidson,84503.0,36.06704,-86.72345,7,17,30,8,17932
29122,37221,455000.0,3,3,1944,1112 GENERAL GEORGE PATTON RD,Nashville,Tennessee,42232,330.5,Davidson,122269.0,36.05991,-86.97189,3,17,30,8,28267
648,37210,649000.0,4,3,2634,1953 OMOHUNDRO DR,Nashville,Tennessee,16593,690.4,Davidson,68462.0,36.1442,-86.73374,5,17,30,8,621
29104,37218,465000.0,4,3,2375,208 MCDOWELL DR,Nashville,Tennessee,15056,148.9,Davidson,77147.0,36.20814,-86.89158,3,17,30,8,28249
5842,37208,599998.0,4,3,2142,1712A SIMPKINS ST,Nashville,Tennessee,19546,1567.1,Davidson,86858.0,36.17691,-86.80901,4,17,30,8,5613
10819,37214,328900.0,2,1,906,2235 WEONA DR,Nashville,Tennessee,31341,551.3,Davidson,87408.0,36.16789,-86.66296,2,17,30,8,10427
5887,37214,559000.0,3,3,2320,2601 HABERSHAM AVE,Nashville,Tennessee,31341,551.3,Davidson,87408.0,36.16789,-86.66296,4,17,30,8,5658
26912,37211,1189900.0,5,4,5090,598 WATSONWOOD DR,Nashville,Tennessee,75073,1334.2,Davidson,84503.0,36.06704,-86.72345,9,17,30,8,26143
3660,37206,799900.0,4,4,2034,121 NEILL AVE UNIT H,Nashville,Tennessee,28694,1429.4,Davidson,114377.0,36.18085,-86.73117,6,17,30,8,3510
29073,37214,393000.0,2,1,1319,2317 CLOVERDALE RD,Nashville,Tennessee,31341,551.3,Davidson,87408.0,36.16789,-86.66296,3,17,30,8,28218
18495,37205,1012000.0,3,4,2184,6009 CARGILE RD,Nashville,Tennessee,25437,688.5,Davidson,222323.0,36.11075,-86.87274,7,17,30,8,17909
3683,37209,769000.0,5,5,2342,670 ANNEX AVE # A,Nashville,Tennessee,37363,428.7,Davidson,98701.0,36.15591,-86.91638,6,17,30,8,3533
655,37211,643000.0,4,3,2396,3087 BROOKVIEW FOREST DR,Nashville,Tennessee,75073,1334.2,Davidson,84503.0,36.06704,-86.72345,5,17,30,8,628
28967,37206,395000.0,2,1,750,913 W EASTLAND AVE,Nashville,Tennessee,28694,1429.4,Davidson,114377.0,36.18085,-86.73117,3,17,30,8,28112
29015,37209,499900.0,3,4,2200,6719 CHARLOTTE PIKE APT 2,Nashville,Tennessee,37363,428.7,Davidson,98701.0,36.15591,-86.91638,3,17,30,8,28160
615,37208,719900.0,3,4,2404,1217D JACKSON ST,Nashville,Tennessee,19546,1567.1,Davidson,86858.0,36.17691,-86.80901,5,17,30,8,588
3670,37208,879000.0,3,3,1708,1623 5TH AVE N,Nashville,Tennessee,19546,1567.1,Davidson,86858.0,36.17691,-86.80901,6,17,30,8,3520
20776,37207,175000.0,2,1,912,1314 BELLSHIRE TERRACE DR,Nashville,Tennessee,40697,812.3,Davidson,72606.0,36.23278,-86.77765,1,17,30,8,20109
26905,37205,1249000.0,3,3,3156,114 HEADY DR,Nashville,Tennessee,25437,688.5,Davidson,222323.0,36.11075,-86.87274,9,17,30,8,26136
591,37203,697900.0,1,1,746,1212 DEMONBREUN ST # A4,Nashville,Tennessee,18100,1666.1,Davidson,94336.0,36.14937,-86.78986,5,17,30,8,564
678,37220,689900.0,3,2,1911,5037 DOVECOTE DR,Nashville,Tennessee,6481,324.5,Davidson,230199.0,36.06759,-86.78127,5,17,30,8,651
644,37209,639000.0,3,4,1840,200 OCEOLA AVE # A,Nashville,Tennessee,37363,428.7,Davidson,98701.0,36.15591,-86.91638,5,17,30,8,617
10875,37221,374500.0,2,2,1268,110 NEWSOM GRN,Nashville,Tennessee,42232,330.5,Davidson,122269.0,36.05991,-86.97189,2,17,30,8,10483
5857,37209,585000.0,3,3,1804,5928B CARL PL,Nashville,Tennessee,37363,428.7,Davidson,98701.0,36.15591,-86.91638,4,17,30,8,5628
29050,37211,427000.0,3,2,1370,670 HUNTINGTON PKWY,Nashville,Tennessee,75073,1334.2,Davidson,84503.0,36.06704,-86.72345,3,17,30,8,28195
5797,37203,538000.0,1,1,719,1212 DEMONBREUN ST # A3,Nashville,Tennessee,18100,1666.1,Davidson,94336.0,36.14937,-86.78986,4,17,30,8,5569
18521,37215,1000000.0,4,2,2062,4629 SHYS HILL RD,Nashville,Tennessee,22829,575.1,Davidson,217318.0,36.08197,-86.83492,7,17,30,8,17935
606,37207,649900.0,4,2,2220,2704 BRUNSWICK DR,Nashville,Tennessee,40697,812.3,Davidson,72606.0,36.23278,-86.77765,5,17,30,8,579
5871,37211,539900.0,3,3,2606,2504 CALL HILL RD,Nashville,Tennessee,75073,1334.2,Davidson,84503.0,36.06704,-86.72345,4,17,30,8,5642
660,37215,694900.0,3,3,1936,4400 BELMONT PARK TER APT 201,Nashville,Tennessee,22829,575.1,Davidson,217318.0,36.08197,-86.83492,5,17,30,8,633
5799,37203,550000.0,1,1,867,600 12TH AVE S APT 1204,Nashville,Tennessee,18100,1666.1,Davidson,94336.0,36.14937,-86.78986,4,17,30,8,5571
5800,37203,534000.0,2,2,1242,1803 BROADWAY APT 402,Nashville,Tennessee,18100,1666.1,Davidson,94336.0,36.14937,-86.78986,4,17,30,8,5572
5831,37207,525000.0,3,4,1985,719 DOUGLAS AVE STE 8,Nashville,Tennessee,40697,812.3,Davidson,72606.0,36.23278,-86.77765,4,17,30,8,5602
20795,37218,235000.0,3,2,1032,516 PHIPPS DR,Nashville,Tennessee,15056,148.9,Davidson,77147.0,36.20814,-86.89158,1,17,30,8,20128
29078,37214,399994.0,3,4,1802,641 MARKHAM ST,Nashville,Tennessee,31341,551.3,Davidson,87408.0,36.16789,-86.66296,3,17,30,8,28223
29016,37209,450000.0,3,1,1289,529 ANNEX AVE,Nashville,Tennessee,37363,428.7,Davidson,98701.0,36.15591,-86.91638,3,17,30,8,28161
2820,37221,1050000.0,4,3,3000,7676 SAWYER BROWN RD,Nashville,Tennessee,42232,330.5,Davidson,122269.0,36.05991,-86.97189,8,17,30,8,2706
3650,37203,795000.0,2,2,1322,700 12TH AVE S UNIT 1012,Nashville,Tennessee,18100,1666.1,Davidson,94336.0,36.14937,-86.78986,6,17,30,8,3500
18522,37215,995000.0,3,2,2920,1917 KINGSBURY DR,Nashville,Tennessee,22829,575.1,Davidson,217318.0,36.08197,-86.83492,7,17,30,8,17936
5795,37203,533000.0,1,1,669,1212 DEMONBREUN ST # A2A,Nashville,Tennessee,18100,1666.1,Davidson,94336.0,36.14937,-86.78986,4,17,30,8,5567
5806,37204,570000.0,2,3,1438,302 ARTISAN LN,Nashville,Tennessee,17047,902.4,Davidson,178418.0,36.10669,-86.77463,4,17,30,8,5578
684,37221,699500.0,3,3,2024,2105 GILDRIDGE DR,Nashville,Tennessee,42232,330.5,Davidson,122269.0,36.05991,-86.97189,5,17,30,8,657
20779,37209,245000.0,1,1,675,6411 CHARLOTTE ROAD CIR APT 108,Nashville,Tennessee,37363,428.7,Davidson,98701.0,36.15591,-86.91638,1,17,30,8,20112
583,37203,669500.0,2,1,1029,700 12TH AVE S UNIT 704,Nashville,Tennessee,18100,1666.1,Davidson,94336.0,36.14937,-86.78986,5,17,30,8,556
29056,37212,497888.0,1,1,808,900 20TH AVE S APT 912,Nashville,Tennessee,20917,2936.8,Davidson,178515.0,36.13376,-86.80167,3,17,30,8,28201
2806,37203,1075000.0,3,4,2178,505 WEDGEWOOD AVE # K,Nashville,Tennessee,18100,1666.1,Davidson,94336.0,36.14937,-86.78986,8,17,30,8,2692
673,37219,735000.0,2,2,980,415 CHURCH ST APT 1513,Nashville,Tennessee,1411,2527.4,Davidson,99317.0,36.1663,-86.78299,5,17,30,8,646
10869,37221,375000.0,2,2,1741,700 BARLIN CT,Nashville,Tennessee,42232,330.5,Davidson,122269.0,36.05991,-86.97189,2,17,30,8,10477
18489,37203,943000.0,2,2,1146,1212 DEMONBREUN ST # B2A,Nashville,Tennessee,18100,1666.1,Davidson,94336.0,36.14937,-86.78986,7,17,30,8,17903
20772,37205,245900.0,2,1,960,21 VAUGHNS GAP RD APT 79,Nashville,Tennessee,25437,688.5,Davidson,222323.0,36.11075,-86.87274,1,17,30,8,20105
36474,37209,1299900.0,4,4,2474,130 43RD AVE N,Nashville,Tennessee,37363,428.7,Davidson,98701.0,36.15591,-86.91638,10,17,30,8,35429
20775,37207,150000.0,2,1,912,206 CHESAPEAKE PL,Nashville,Tennessee,40697,812.3,Davidson,72606.0,36.23278,-86.77765,1,17,30,8,20108
28959,37205,409000.0,3,2,1458,448 SIENA DR,Nashville,Tennessee,25437,688.5,Davidson,222323.0,36.11075,-86.87274,3,17,30,8,28104
18511,37209,899000.0,4,4,2171,6511 ROBERTSON AVE APT 2,Nashville,Tennessee,37363,428.7,Davidson,98701.0,36.15591,-86.91638,7,17,30,8,17925
3705,37221,850000.0,5,4,3212,7324 DUNAWAY DR,Nashville,Tennessee,42232,330.5,Davidson,122269.0,36.05991,-86.97189,6,17,30,8,3555
29093,37217,405000.0,3,2,2355,2836 GALESBURG DR,Nashville,Tennessee,31096,676.0,Davidson,72426.0,36.10836,-86.66178,3,17,30,8,28238
28956,37205,499900.0,3,2,1625,912 PERCY WARNER BLVD,Nashville,Tennessee,25437,688.5,Davidson,222323.0,36.11075,-86.87274,3,17,30,8,28101
29002,37208,429900.0,1,1,675,1350 ROSA L PARKS BLVD APT 347,Nashville,Tennessee,19546,1567.1,Davidson,86858.0,36.17691,-86.80901,3,17,30,8,28147
29037,37211,425000.0,3,1,1168,300 DELVIN DR,Nashville,Tennessee,75073,1334.2,Davidson,84503.0,36.06704,-86.72345,3,17,30,8,28182
5886,37214,574900.0,4,2,2210,201 BARKER RD,Nashville,Tennessee,31341,551.3,Davidson,87408.0,36.16789,-86.66296,4,17,30,8,5657
653,37211,669500.0,4,4,3369,1808 APPLE RIDGE CIR,Nashville,Tennessee,75073,1334.2,Davidson,84503.0,36.06704,-86.72345,5,17,30,8,626
5867,37211,509990.0,3,3,1929,403 HIGH ST,Nashville,Tennessee,75073,1334.2,Davidson,84503.0,36.06704,-86.72345,4,17,30,8,5638
10859,37218,349000.0,2,2,1254,3408 HYDES FERRY RD,Nashville,Tennessee,15056,148.9,Davidson,77147.0,36.20814,-86.89158,2,17,30,8,10467
18508,37209,999999.0,4,5,2910,6674 RIVER ROAD PIKE,Nashville,Tennessee,37363,428.7,Davidson,98701.0,36.15591,-86.91638,7,17,30,8,17922
10871,37221,339900.0,3,2,1403,925 GENERAL GEORGE PATTON RD,Nashville,Tennessee,42232,330.5,Davidson,122269.0,36.05991,-86.97189,2,17,30,8,10479
10795,37209,349900.0,1,1,705,1677 54TH AVE N APT 312,Nashville,Tennessee,37363,428.7,Davidson,98701.0,36.15591,-86.91638,2,17,30,8,10403
29036,37211,449900.0,3,2,1920,354 FLUSHING DR,Nashville,Tennessee,75073,1334.2,Davidson,84503.0,36.06704,-86.72345,3,17,30,8,28181
3654,37203,849900.0,4,4,2404,533B WEDGEWOOD AVE,Nashville,Tennessee,18100,1666.1,Davidson,94336.0,36.14937,-86.78986,6,17,30,8,3504
3661,37206,775000.0,3,3,2471,2302 PORTER RD # B,Nashville,Tennessee,28694,1429.4,Davidson,114377.0,36.18085,-86.73117,6,17,30,8,3511
683,37221,725000.0,3,3,2296,604 HARPETH TRACE DR,Nashville,Tennessee,42232,330.5,Davidson,122269.0,36.05991,-86.97189,5,17,30,8,656
10815,37211,265000.0,2,1,816,4945 PACKARD DR,Nashville,Tennessee,75073,1334.2,Davidson,84503.0,36.06704,-86.72345,2,17,30,8,10423
10804,37211,280000.0,2,2,1134,354 HUNTINGTON RIDGE DR,Nashville,Tennessee,75073,1334.2,Davidson,84503.0,36.06704,-86.72345,2,17,30,8,10412
682,37221,645500.0,3,3,1871,2109 GILDRIDGE DR,Nashville,Tennessee,42232,330.5,Davidson,122269.0,36.05991,-86.97189,5,17,30,8,655
3649,37203,775000.0,3,3,1941,1106 WADE AVE UNIT 5,Nashville,Tennessee,18100,1666.1,Davidson,94336.0,36.14937,-86.78986,6,17,30,8,3499
619,37208,675000.0,3,2,1589,908 MORRISON ST,Nashville,Tennessee,19546,1567.1,Davidson,86858.0,36.17691,-86.80901,5,17,30,8,592
5851,37209,599999.0,3,3,2223,313 37TH AVE N,Nashville,Tennessee,37363,428.7,Davidson,98701.0,36.15591,-86.91638,4,17,30,8,5622
28962,37206,425000.0,3,2,1926,2703 MEADOW ROSE DR,Nashville,Tennessee,28694,1429.4,Davidson,114377.0,36.18085,-86.73117,3,17,30,8,28107
3648,37203,849900.0,3,3,2355,1706 STEWART PL # B,Nashville,Tennessee,18100,1666.1,Davidson,94336.0,36.14937,-86.78986,6,17,30,8,3498
29054,37211,460000.0,4,3,1586,427 MCCLELLAN AVE,Nashville,Tennessee,75073,1334.2,Davidson,84503.0,36.06704,-86.72345,3,17,30,8,28199
5885,37214,525000.0,4,3,2231,1017 FITZPATRICK RD,Nashville,Tennessee,31341,551.3,Davidson,87408.0,36.16789,-86.66296,4,17,30,8,5656
10849,37217,305000.0,3,3,1488,2316 NASHBORO BLVD,Nashville,Tennessee,31096,676.0,Davidson,72426.0,36.10836,-86.66178,2,17,30,8,10457
20789,37217,224000.0,2,2,1216,3880 PRIEST LAKE DR APT 10,Nashville,Tennessee,31096,676.0,Davidson,72426.0,36.10836,-86.66178,1,17,30,8,20122
10781,37208,375900.0,3,2,1248,1707 SEIFRIED ST,Nashville,Tennessee,19546,1567.1,Davidson,86858.0,36.17691,-86.80901,2,17,30,8,10389
28945,37201,465000.0,1,1,630,730 1ST AVE N,Nashville,Tennessee,1477,1776.2,Davidson,137564.0,36.16662,-86.77799,3,17,30,8,28090
636,37209,719000.0,4,3,2116,6212A NEW YORK AVE,Nashville,Tennessee,37363,428.7,Davidson,98701.0,36.15591,-86.91638,5,17,30,8,609
10769,37207,300000.0,3,1,1056,2913 STANWYCK DR,Nashville,Tennessee,40697,812.3,Davidson,72606.0,36.23278,-86.77765,2,17,30,8,10377
630,37209,724999.0,3,3,2178,625A FREEDOM PL,Nashville,Tennessee,37363,428.7,Davidson,98701.0,36.15591,-86.91638,5,17,30,8,603
5890,37215,545000.0,3,4,2177,526 BELAIR WAY,Nashville,Tennessee,22829,575.1,Davidson,217318.0,36.08197,-86.83492,4,17,30,8,5660
625,37208,674900.0,4,3,2142,1829A 9TH AVE N,Nashville,Tennessee,19546,1567.1,Davidson,86858.0,36.17691,-86.80901,5,17,30,8,598
10772,37207,320000.0,2,1,1209,1904 LATHAN CT,Nashville,Tennessee,40697,812.3,Davidson,72606.0,36.23278,-86.77765,2,17,30,8,10380
29076,37214,504900.0,3,4,1813,114 FITZGERALD DR,Nashville,Tennessee,31341,551.3,Davidson,87408.0,36.16789,-86.66296,3,17,30,8,28221
633,37209,649500.0,3,4,2307,6206B MORROW RD,Nashville,Tennessee,37363,428.7,Davidson,98701.0,36.15591,-86.91638,5,17,30,8,606
10853,37217,290000.0,1,1,510,295 PLUS PARK BLVD APT 214,Nashville,Tennessee,31096,676.0,Davidson,72426.0,36.10836,-86.66178,2,17,30,8,10461
20770,37203,189000.0,1,1,348,3415 W END AVE APT 1011E,Nashville,Tennessee,18100,1666.1,Davidson,94336.0,36.14937,-86.78986,1,17,30,8,20103
3698,37216,799900.0,4,3,2556,1358 GREENLAND AVE,Nashville,Tennessee,19227,1103.2,Davidson,99706.0,36.21589,-86.72676,6,17,30,8,3548
600,37206,650000.0,3,4,2110,94 CREIGHTON AVE,Nashville,Tennessee,28694,1429.4,Davidson,114377.0,36.18085,-86.73117,5,17,30,8,573
5816,37206,549900.0,4,2,1700,913 MITCHELL RD # A,Nashville,Tennessee,28694,1429.4,Davidson,114377.0,36.18085,-86.73117,4,17,30,8,5588
5854,37209,515000.0,4,2,1605,5109 KENTUCKY AVE,Nashville,Tennessee,37363,428.7,Davidson,98701.0,36.15591,-86.91638,4,17,30,8,5625
3685,37209,780000.0,3,2,1276,5105 NEVADA AVE,Nashville,Tennessee,37363,428.7,Davidson,98701.0,36.15591,-86.91638,6,17,30,8,3535
640,37209,679900.0,3,3,2161,5405B PENNSYLVANIA AVE,Nashville,Tennessee,37363,428.7,Davidson,98701.0,36.15591,-86.91638,5,17,30,8,613
29100,37218,472000.0,5,2,2100,4064 FAIRMEADE DR,Nashville,Tennessee,15056,148.9,Davidson,77147.0,36.20814,-86.89158,3,17,30,8,28245
29022,37209,430000.0,3,2,1636,630 FREEDOM PL,Nashville,Tennessee,37363,428.7,Davidson,98701.0,36.15591,-86.91638,3,17,30,8,28167
3678,37209,799997.0,4,4,2665,536 RIVER ROUGE DR # A,Nashville,Tennessee,37363,428.7,Davidson,98701.0,36.15591,-86.91638,6,17,30,8,3528
28985,37207,399900.0,3,3,2120,536 MILL STATION DR,Nashville,Tennessee,40697,812.3,Davidson,72606.0,36.23278,-86.77765,3,17,30,8,28130
28958,37205,495000.0,2,2,1316,4215 HARDING PIKE APT 503,Nashville,Tennessee,25437,688.5,Davidson,222323.0,36.11075,-86.87274,3,17,30,8,28103
10865,37219,379000.0,1,1,624,344 HARRISON ST APT 202,Nashville,Tennessee,1411,2527.4,Davidson,99317.0,36.1663,-86.78299,2,17,30,8,10473
10787,37209,340000.0,1,1,703,1638 54TH AVE N APT 331,Nashville,Tennessee,37363,428.7,Davidson,98701.0,36.15591,-86.91638,2,17,30,8,10395
28972,37207,432990.0,3,2,1646,1646 CREEKLAND VIEW BLVD,Nashville,Tennessee,40697,812.3,Davidson,72606.0,36.23278,-86.77765,3,17,30,8,28117
29089,37216,475000.0,3,2,1232,1703 NORTHVIEW AVE,Nashville,Tennessee,19227,1103.2,Davidson,99706.0,36.21589,-86.72676,3,17,30,8,28234
20785,37211,199900.0,2,2,1043,2929 SELENA DR APT G109,Nashville,Tennessee,75073,1334.2,Davidson,84503.0,36.06704,-86.72345,1,17,30,8,20118
29120,37221,399900.0,3,3,1608,8207 SAWYER BROWN RD APT F6,Nashville,Tennessee,42232,330.5,Davidson,122269.0,36.05991,-86.97189,3,17,30,8,28265
10768,37207,380020.0,3,3,1600,4534 SKYWOOD LN,Nashville,Tennessee,40697,812.3,Davidson,72606.0,36.23278,-86.77765,2,17,30,8,10376
10780,37208,259900.0,4,2,2604,2024 SALEM MASON DR,Nashville,Tennessee,19546,1567.1,Davidson,86858.0,36.17691,-86.80901,2,17,30,8,10388
20782,37211,214900.0,2,2,1043,2929 SELENA DR APT J119,Nashville,Tennessee,75073,1334.2,Davidson,84503.0,36.06704,-86.72345,1,17,30,8,20115
5895,37216,529000.0,3,2,1260,1346 GREENLAND AVE,Nashville,Tennessee,19227,1103.2,Davidson,99706.0,36.21589,-86.72676,4,17,30,8,5665
18487,37201,995000.0,2,2,1187,301 DEMONBREUN ST UNIT 814,Nashville,Tennessee,1477,1776.2,Davidson,137564.0,36.16662,-86.77799,7,17,30,8,17901
10801,37211,289900.0,2,2,1134,333 HUNTINGTON RIDGE DR,Nashville,Tennessee,75073,1334.2,Davidson,84503.0,36.06704,-86.72345,2,17,30,8,10409
29096,37217,399900.0,4,3,2145,693 LAKE TERRACE DR,Nashville,Tennessee,31096,676.0,Davidson,72426.0,36.10836,-86.66178,3,17,30,8,28241
29013,37209,450000.0,3,2,1063,4700 KENTUCKY AVE,Nashville,Tennessee,37363,428.7,Davidson,98701.0,36.15591,-86.91638,3,17,30,8,28158
5827,37207,509900.0,3,4,1811,2005 MAPLE VIEW LN,Nashville,Tennessee,40697,812.3,Davidson,72606.0,36.23278,-86.77765,4,17,30,8,5593
28969,37207,405520.0,3,3,1600,4551 SKYWOOD LN,Nashville,Tennessee,40697,812.3,Davidson,72606.0,36.23278,-86.77765,3,17,30,8,28114
29109,37221,450000.0,3,2,1925,734 GENERAL GEORGE PATTON RD,Nashville,Tennessee,42232,330.5,Davidson,122269.0,36.05991,-86.97189,3,17,30,8,28254
592,37204,715500.0,3,4,1805,810 MELPARK CT,Nashville,Tennessee,17047,902.4,Davidson,178418.0,36.10669,-86.77463,5,17,30,8,565
29116,37221,449900.0,3,2,2178,8925 SAWYER BROWN RD,Nashville,Tennessee,42232,330.5,Davidson,122269.0,36.05991,-86.97189,3,17,30,8,28261
28990,37207,442990.0,3,2,1765,1765 CREEKLAND VIEW BLVD,Nashville,Tennessee,40697,812.3,Davidson,72606.0,36.23278,-86.77765,3,17,30,8,28135
28976,37207,445000.0,3,2,1300,711 JOSEPH AVE,Nashville,Tennessee,40697,812.3,Davidson,72606.0,36.23278,-86.77765,3,17,30,8,28121
656,37211,728900.0,4,3,3435,5924 HITCHING POST LN,Nashville,Tennessee,75073,1334.2,Davidson,84503.0,36.06704,-86.72345,5,17,30,8,629
5821,37207,509900.0,3,4,1811,2005 MAPLE VIEW LN,Nashville,Tennessee,40697,812.3,Davidson,72606.0,36.23278,-86.77765,4,17,30,8,5593
29117,37221,415900.0,4,3,1668,8207 SAWYER BROWN RD APT C3,Nashville,Tennessee,42232,330.5,Davidson,122269.0,36.05991,-86.97189,3,17,30,8,28262
10755,37203,367500.0,1,1,651,1608 MARSHALL HOLLOW DR APT 303,Nashville,Tennessee,18100,1666.1,Davidson,94336.0,36.14937,-86.78986,2,17,30,8,10363
594,37204,750000.0,3,2,2164,628 BENTON AVE,Nashville,Tennessee,17047,902.4,Davidson,178418.0,36.10669,-86.77463,5,17,30,8,567
10757,37205,289950.0,2,2,1053,21 VAUGHNS GAP RD APT 54,Nashville,Tennessee,25437,688.5,Davidson,222323.0,36.11075,-86.87274,2,17,30,8,10365
3679,37209,825000.0,3,4,2857,516 36TH AVE N,Nashville,Tennessee,37363,428.7,Davidson,98701.0,36.15591,-86.91638,6,17,30,8,3529
620,37208,645900.0,4,3,2284,1705A MCKINNEY AVE,Nashville,Tennessee,19546,1567.1,Davidson,86858.0,36.17691,-86.80901,5,17,30,8,593
5917,37221,519000.0,3,3,2087,7973 BOONE TRCE,Nashville,Tennessee,42232,330.5,Davidson,122269.0,36.05991,-86.97189,4,17,30,8,5687
29011,37209,425000.0,2,1,744,3804 LOOKOUT DR,Nashville,Tennessee,37363,428.7,Davidson,98701.0,36.15591,-86.91638,3,17,30,8,28156
3704,37221,789000.0,4,3,4201,8012 PINE FOREST DR,Nashville,Tennessee,42232,330.5,Davidson,122269.0,36.05991,-86.97189,6,17,30,8,3554
29099,37218,475000.0,4,2,1475,528 JUDD DR,Nashville,Tennessee,15056,148.9,Davidson,77147.0,36.20814,-86.89158,3,17,30,8,28244
3663,37206,799900.0,3,3,2141,406 RUDOLPH AVE,Nashville,Tennessee,28694,1429.4,Davidson,114377.0,36.18085,-86.73117,6,17,30,8,3513
5883,37214,559900.0,4,3,2307,4245 LONGFELLOW DR,Nashville,Tennessee,31341,551.3,Davidson,87408.0,36.16789,-86.66296,4,17,30,8,5654
28949,37203,479000.0,2,2,922,1900 12TH AVE S APT 504,Nashville,Tennessee,18100,1666.1,Davidson,94336.0,36.14937,-86.78986,3,17,30,8,28094
10816,37212,284900.0,1,1,621,2831 HILLSIDE DR APT H3,Nashville,Tennessee,20917,2936.8,Davidson,178515.0,36.13376,-86.80167,2,17,30,8,10424
10783,37208,275000.0,2,1,714,1706 ARTHUR AVE,Nashville,Tennessee,19546,1567.1,Davidson,86858.0,36.17691,-86.80901,2,17,30,8,10391
20786,37211,219000.0,2,1,720,5518 EULALA DR,Nashville,Tennessee,75073,1334.2,Davidson,84503.0,36.06704,-86.72345,1,17,30,8,20119
10867,37221,275000.0,3,2,1196,105 HARROW CT # B,Nashville,Tennessee,42232,330.5,Davidson,122269.0,36.05991,-86.97189,2,17,30,8,10475
18515,37209,939000.0,4,5,2981,4705 KENTUCKY AVE # B,Nashville,Tennessee,37363,428.7,Davidson,98701.0,36.15591,-86.91638,7,17,30,8,17929
5889,37214,559000.0,3,3,2320,2601 HABERSHAM AVE,Nashville,Tennessee,31341,551.3,Davidson,87408.0,36.16789,-86.66296,4,17,30,8,5658
20774,37207,210000.0,2,2,975,1301 EWING CREEK DR,Nashville,Tennessee,40697,812.3,Davidson,72606.0,36.23278,-86.77765,1,17,30,8,20107
10824,37214,275000.0,2,3,1191,273 BUCK RUN DR,Nashville,Tennessee,31341,551.3,Davidson,87408.0,36.16789,-86.66296,2,17,30,8,10432
29107,37221,409000.0,3,3,1824,975 GENERAL GEORGE PATTON RD,Nashville,Tennessee,42232,330.5,Davidson,122269.0,36.05991,-86.97189,3,17,30,8,28252
10830,37214,359900.0,2,1,970,2518 PARK DR,Nashville,Tennessee,31341,551.3,Davidson,87408.0,36.16789,-86.66296,2,17,30,8,10438
10754,37201,357500.0,1,1,475,309 CHURCH ST APT 306,Nashville,Tennessee,1477,1776.2,Davidson,137564.0,36.16662,-86.77799,2,17,30,8,10362
18496,37205,979999.0,3,2,2054,6400 HIGHWAY 100,Nashville,Tennessee,25437,688.5,Davidson,222323.0,36.11075,-86.87274,7,17,30,8,17910
3700,37220,798999.0,4,2,1987,5108 KINCANNON DR,Nashville,Tennessee,6481,324.5,Davidson,230199.0,36.06759,-86.78127,6,17,30,8,3550
614,37208,674900.0,4,3,2142,1829B 9TH AVE N,Nashville,Tennessee,19546,1567.1,Davidson,86858.0,36.17691,-86.80901,5,17,30,8,587
3675,37209,825000.0,4,4,2606,536 SCHOLARSHIP DR,Nashville,Tennessee,37363,428.7,Davidson,98701.0,36.15591,-86.91638,6,17,30,8,3525
5819,37207,629900.0,4,3,2120,865 JOSEPH AVE,Nashville,Tennessee,40697,812.3,Davidson,72606.0,36.23278,-86.77765,4,17,30,8,5591
5900,37216,624500.0,4,3,2487,1401 SHELTON AVE,Nashville,Tennessee,19227,1103.2,Davidson,99706.0,36.21589,-86.72676,4,17,30,8,5670
29031,37210,399900.0,2,1,1127,100 LYLE LN,Nashville,Tennessee,16593,690.4,Davidson,68462.0,36.1442,-86.73374,3,17,30,8,28176
26920,37221,1175000.0,3,3,3052,2829 POLO CLUB RD,Nashville,Tennessee,42232,330.5,Davidson,122269.0,36.05991,-86.97189,9,17,30,8,26151
3655,37203,800000.0,3,3,2510,2158 BYRUM AVE # A,Nashville,Tennessee,18100,1666.1,Davidson,94336.0,36.14937,-86.78986,6,17,30,8,3505
10800,37211,324900.0,3,2,960,216 DOVEWOOD CT,Nashville,Tennessee,75073,1334.2,Davidson,84503.0,36.06704,-86.72345,2,17,30,8,10408
29102,37218,499999.0,3,2,2160,4155 LIBBLE RD,Nashville,Tennessee,15056,148.9,Davidson,77147.0,36.20814,-86.89158,3,17,30,8,28247
18493,37204,950000.0,3,3,2504,4418B GRANNY WHITE PIKE,Nashville,Tennessee,17047,902.4,Davidson,178418.0,36.10669,-86.77463,7,17,30,8,17907
29047,37211,425000.0,3,2,1400,402 LARKWAY CT,Nashville,Tennessee,75073,1334.2,Davidson,84503.0,36.06704,-86.72345,3,17,30,8,28192
29025,37209,499999.0,2,3,1202,412 W MILL DR,Nashville,Tennessee,37363,428.7,Davidson,98701.0,36.15591,-86.91638,3,17,30,8,28170
5888,37214,525000.0,4,3,2337,1000 FITZPATRICK RD,Nashville,Tennessee,31341,551.3,Davidson,87408.0,36.16789,-86.66296,4,17,30,8,5659
29004,37208,500000.0,1,1,712,1350 ROSA L PARKS BLVD APT 369,Nashville,Tennessee,19546,1567.1,Davidson,86858.0,36.17691,-86.80901,3,17,30,8,28149
5914,37221,519900.0,3,3,2528,100 HOLLY FRST,Nashville,Tennessee,42232,330.5,Davidson,122269.0,36.05991,-86.97189,4,17,30,8,5684
5798,37203,625000.0,2,1,945,600 12TH AVE S APT 1706,Nashville,Tennessee,18100,1666.1,Davidson,94336.0,36.14937,-86.78986,4,17,30,8,5570
590,37203,665000.0,2,2,1108,600 12TH AVE S APT 819,Nashville,Tennessee,18100,1666.1,Davidson,94336.0,36.14937,-86.78986,5,17,30,8,563
28975,37207,415000.0,3,2,1375,3245 MASONWOOD DR,Nashville,Tennessee,40697,812.3,Davidson,72606.0,36.23278,-86.77765,3,17,30,8,28120
29084,37215,406000.0,3,2,1530,141 HILLSBORO PL,Nashville,Tennessee,22829,575.1,Davidson,217318.0,36.08197,-86.83492,3,17,30,8,28229
5897,37216,525000.0,3,3,1818,2221 BURNS ST,Nashville,Tennessee,19227,1103.2,Davidson,99706.0,36.21589,-86.72676,4,17,30,8,5667
618,37208,719900.0,3,4,2404,1217C JACKSON ST,Nashville,Tennessee,19546,1567.1,Davidson,86858.0,36.17691,-86.80901,5,17,30,8,591
613,37208,699000.0,4,4,3134,2218 14TH AVE N,Nashville,Tennessee,19546,1567.1,Davidson,86858.0,36.17691,-86.80901,5,17,30,8,586
641,37209,739900.0,4,5,2670,405 LOVELL ST,Nashville,Tennessee,37363,428.7,Davidson,98701.0,36.15591,-86.91638,5,17,30,8,614
10862,37218,292900.0,3,1,1150,1466 COUNTY HOSPITAL RD,Nashville,Tennessee,15056,148.9,Davidson,77147.0,36.20814,-86.89158,2,17,30,8,10470
18527,37219,1015000.0,1,1,842,515 CHURCH ST UNIT 4410,Nashville,Tennessee,1411,2527.4,Davidson,99317.0,36.1663,-86.78299,7,17,30,8,17941
18517,37211,950000.0,4,3,2899,1605 BOXWOOD DR,Nashville,Tennessee,75073,1334.2,Davidson,84503.0,36.06704,-86.72345,7,17,30,8,17931
18507,37208,975000.0,3,4,2300,1625 7TH AVE N,Nashville,Tennessee,19546,1567.1,Davidson,86858.0,36.17691,-86.80901,7,17,30,8,17921
10778,37207,314899.0,1,1,701,600 E TRINITY LN UNIT 304,Nashville,Tennessee,40697,812.3,Davidson,72606.0,36.23278,-86.77765,2,17,30,8,10386
26919,37220,1150000.0,3,4,3724,709 HOGAN RD,Nashville,Tennessee,6481,324.5,Davidson,230199.0,36.06759,-86.78127,9,17,30,8,26150
642,37209,724900.0,3,4,2074,4603 KENTUCKY AVE,Nashville,Tennessee,37363,428.7,Davidson,98701.0,36.15591,-86.91638,5,17,30,8,615
29030,37209,499000.0,3,2,1400,5004 KENTUCKY AVE,Nashville,Tennessee,37363,428.7,Davidson,98701.0,36.15591,-86.91638,3,17,30,8,28175
29091,37217,400000.0,3,2,1706,2120 RANSOM PL,Nashville,Tennessee,31096,676.0,Davidson,72426.0,36.10836,-86.66178,3,17,30,8,28236
29009,37209,424999.0,2,2,920,953 44TH AVE N APT 101,Nashville,Tennessee,37363,428.7,Davidson,98701.0,36.15591,-86.91638,3,17,30,8,28154
28977,37207,468000.0,4,3,1903,1095 CONE BLVD,Nashville,Tennessee,40697,812.3,Davidson,72606.0,36.23278,-86.77765,3,17,30,8,28122
587,37203,715000.0,1,1,834,1717 HAYES ST # 18A,Nashville,Tennessee,18100,1666.1,Davidson,94336.0,36.14937,-86.78986,5,17,30,8,560
10796,37210,325000.0,2,2,1188,2120 LEBANON PIKE APT 109,Nashville,Tennessee,16593,690.4,Davidson,68462.0,36.1442,-86.73374,2,17,30,8,10404
10798,37211,370000.0,4,2,1630,201 MARGO LN,Nashville,Tennessee,75073,1334.2,Davidson,84503.0,36.06704,-86.72345,2,17,30,8,10406
596,37205,760000.0,3,2,2965,1008 SALYER DR,Nashville,Tennessee,25437,688.5,Davidson,222323.0,36.11075,-86.87274,5,17,30,8,569
29071,37214,479900.0,3,4,1802,102 FITZGERALD DR,Nashville,Tennessee,31341,551.3,Davidson,87408.0,36.16789,-86.66296,3,17,30,8,28216
20790,37217,239932.0,2,2,1280,110 FIVE OAKS DR,Nashville,Tennessee,31096,676.0,Davidson,72426.0,36.10836,-86.66178,1,17,30,8,20123
580,37203,699900.0,3,4,2202,3180 PARTHENON AVE APT 103,Nashville,Tennessee,18100,1666.1,Davidson,94336.0,36.14937,-86.78986,5,17,30,8,553
29038,37211,409000.0,2,3,1669,505 LANDMARK CT,Nashville,Tennessee,75073,1334.2,Davidson,84503.0,36.06704,-86.72345,3,17,30,8,28183
20781,37211,147500.0,2,1,874,550 HARDING PL APT F107,Nashville,Tennessee,75073,1334.2,Davidson,84503.0,36.06704,-86.72345,1,17,30,8,20114
623,37208,759900.0,4,4,2617,1602 23RD AVE N,Nashville,Tennessee,19546,1567.1,Davidson,86858.0,36.17691,-86.80901,5,17,30,8,596
26903,37204,1250000.0,5,3,2224,3203 GRANNY WHITE PIKE,Nashville,Tennessee,17047,902.4,Davidson,178418.0,36.10669,-86.77463,9,17,30,8,26134
2816,37211,1100000.0,4,4,2199,2176 CARSON ST APT 11,Nashville,Tennessee,75073,1334.2,Davidson,84503.0,36.06704,-86.72345,8,17,30,8,2702
26910,37206,1244000.0,4,5,2881,1501 ELECTRIC AVE,Nashville,Tennessee,28694,1429.4,Davidson,114377.0,36.18085,-86.73117,9,17,30,8,26141
5873,37211,589900.0,5,4,2400,4346 OLD GOINS RD,Nashville,Tennessee,75073,1334.2,Davidson,84503.0,36.06704,-86.72345,4,17,30,8,5644
3694,37215,800000.0,3,4,2600,2016 OVERHILL DR,Nashville,Tennessee,22829,575.1,Davidson,217318.0,36.08197,-86.83492,6,17,30,8,3544
26916,37215,1145000.0,4,4,3115,121 ABBEYWOOD DR,Nashville,Tennessee,22829,575.1,Davidson,217318.0,36.08197,-86.83492,9,17,30,8,26147
