Unnamed: 0,Zip Code,Price,Beds,Baths,Living Space,Address,City,State,Zip Code Population,Zip Code Density,County,Median Household Income,Latitude,Longitude,price_label,county_num,city_num,state_num,address_num
21238,40216,210000.0,2,1,1412,4437 SAVAGE DR,Louisville,Kentucky,43749,1079.1,Jefferson,66379.0,38.18707,-85.83738,1,20,33,9,20569
29216,40206,485000.0,4,3,3171,342 HILLCREST AVE,Louisville,Kentucky,20836,1377.0,Jefferson,101617.0,38.25788,-85.70205,3,20,33,9,28360
18542,40207,916000.0,5,3,5274,1506 NORTHWIND RD,Louisville,Kentucky,29359,965.8,Jefferson,144750.0,38.26357,-85.65543,7,20,33,9,17956
21163,40211,220000.0,3,4,1632,1663 RUSSELL LEE DR,Louisville,Kentucky,22167,1170.9,Jefferson,47381.0,38.23425,-85.82147,1,20,33,9,20495
34596,40211,110000.0,3,3,1472,2730 GARLAND AVE,Louisville,Kentucky,22167,1170.9,Jefferson,47381.0,38.23425,-85.82147,0,20,33,9,33577
21104,40203,250000.0,6,3,4554,1026 S BROOK ST,Louisville,Kentucky,17263,2302.1,Jefferson,48118.0,38.24722,-85.765,1,20,33,9,20436
21340,40228,215000.0,3,1,1100,7604 MICHAEL DR,Louisville,Kentucky,17852,795.7,Jefferson,91928.0,38.13931,-85.62947,1,20,33,9,20671
11277,40291,299000.0,4,2,1633,8309 AUTUMNWOOD WAY,Louisville,Kentucky,39447,673.0,Jefferson,100587.0,38.1275,-85.57823,2,20,33,9,10882
21313,40220,177500.0,2,2,1145,3110 HENDON RD,Louisville,Kentucky,34723,1750.6,Jefferson,89236.0,38.21535,-85.61794,1,20,33,9,20644
11302,40299,331000.0,3,2,2394,2428 MERRIWOOD DR,Louisville,Kentucky,41448,296.5,Jefferson,103618.0,38.16319,-85.51613,2,20,33,9,10907
5974,40207,600000.0,3,4,4045,5104 CHARBDIN CT,Louisville,Kentucky,29359,965.8,Jefferson,144750.0,38.26357,-85.65543,4,20,33,9,5744
11240,40241,335000.0,2,2,1445,3525 SAINT ANDREWS VILLAGE CIR,Louisville,Kentucky,30189,890.1,Jefferson,127378.0,38.30339,-85.5774,2,20,33,9,10845
29259,40243,485000.0,4,3,2783,709 URTON WOODS WAY,Louisville,Kentucky,11953,1123.4,Jefferson,104800.0,38.23917,-85.53188,3,20,33,9,28402
21271,40217,255000.0,4,2,1539,1331 MCHENRY ST,Louisville,Kentucky,12029,1936.4,Jefferson,100051.0,38.21689,-85.73725,1,20,33,9,20602
21157,40211,150000.0,3,2,1320,1348 CYPRESS ST,Louisville,Kentucky,22167,1170.9,Jefferson,47381.0,38.23425,-85.82147,1,20,33,9,20489
21138,40208,139900.0,2,1,896,515 IOWA AVE,Louisville,Kentucky,15270,2259.6,Jefferson,49805.0,38.2176,-85.7659,1,20,33,9,20470
21158,40211,189000.0,4,2,1328,4319 HALE AVE,Louisville,Kentucky,22167,1170.9,Jefferson,47381.0,38.23425,-85.82147,1,20,33,9,20490
21135,40208,179995.0,2,2,1439,715 COMPTON ST,Louisville,Kentucky,15270,2259.6,Jefferson,49805.0,38.2176,-85.7659,1,20,33,9,20467
5981,40214,585000.0,5,5,6309,1205 HERITAGE PL,Louisville,Kentucky,47339,1221.1,Jefferson,73925.0,38.15141,-85.78285,4,20,33,9,5751
709,40207,740000.0,4,3,3724,2101 HIGH RIDGE RD,Louisville,Kentucky,29359,965.8,Jefferson,144750.0,38.26357,-85.65543,5,20,33,9,682
11219,40229,345000.0,3,3,2391,9445 MOSSY CREEK WAY,Louisville,Kentucky,39658,874.5,Jefferson,86966.0,38.09074,-85.65597,2,20,33,9,10825
21292,40218,235000.0,3,2,2008,6210 CUTTER DR,Louisville,Kentucky,33779,1449.2,Jefferson,68470.0,38.19036,-85.65698,1,20,33,9,20623
11159,40218,259990.0,3,3,1440,3714 SELMA AVE,Louisville,Kentucky,33779,1449.2,Jefferson,68470.0,38.19036,-85.65698,2,20,33,9,10765
11248,40243,295000.0,3,2,2228,12109 SAINT CLAIR DR,Louisville,Kentucky,11953,1123.4,Jefferson,104800.0,38.23917,-85.53188,2,20,33,9,10853
21131,40207,164900.0,2,2,1162,4700 TROWBRIDGE TER APT 102,Louisville,Kentucky,29359,965.8,Jefferson,144750.0,38.26357,-85.65543,1,20,33,9,20463
11202,40222,280000.0,3,3,2448,6905 GREENLAWN RD,Louisville,Kentucky,21622,883.0,Jefferson,119525.0,38.26436,-85.61173,2,20,33,9,10808
21312,40220,162500.0,2,2,1176,3030 BRECKENRIDGE LN APT 120,Louisville,Kentucky,34723,1750.6,Jefferson,89236.0,38.21535,-85.61794,1,20,33,9,20643
29280,40291,489000.0,5,3,3057,10400 GLENMARY FARM DR,Louisville,Kentucky,39447,673.0,Jefferson,100587.0,38.1275,-85.57823,3,20,33,9,28423
11155,40217,269900.0,2,2,1100,2803 DELOR AVE,Louisville,Kentucky,12029,1936.4,Jefferson,100051.0,38.21689,-85.73725,2,20,33,9,10755
11191,40220,280000.0,3,2,1206,3015 VELDEN DR,Louisville,Kentucky,34723,1750.6,Jefferson,89236.0,38.21535,-85.61794,2,20,33,9,10797
11110,40206,314900.0,3,2,1200,191 WILLIAM ST,Louisville,Kentucky,20836,1377.0,Jefferson,101617.0,38.25788,-85.70205,2,20,33,9,10717
21423,40291,250000.0,3,3,2493,8414 CABIN HILL RD,Louisville,Kentucky,39447,673.0,Jefferson,100587.0,38.1275,-85.57823,1,20,33,9,20754
34631,40215,69500.0,1,1,644,512 DRESDEN AVE,Louisville,Kentucky,20042,2216.9,Jefferson,50338.0,38.19052,-85.78555,0,20,33,9,33612
11209,40223,369900.0,4,3,2364,10206 STAUNTON RD,Louisville,Kentucky,23739,760.3,Jefferson,130317.0,38.26153,-85.54328,2,20,33,9,10815
11208,40223,300000.0,3,2,1771,127 BLUE RIDGE RD,Louisville,Kentucky,23739,760.3,Jefferson,130317.0,38.26153,-85.54328,2,20,33,9,10814
29233,40220,390000.0,3,4,3236,8606 CHELMER LN,Louisville,Kentucky,34723,1750.6,Jefferson,89236.0,38.21535,-85.61794,3,20,33,9,28376
21365,40241,163500.0,2,2,975,3809 CHAMBERLAIN LN APT D,Louisville,Kentucky,30189,890.1,Jefferson,127378.0,38.30339,-85.5774,1,20,33,9,20696
29289,40299,450000.0,3,4,2329,11301 TRITON SPRING CT,Louisville,Kentucky,41448,296.5,Jefferson,103618.0,38.16319,-85.51613,3,20,33,9,28432
34595,40211,45000.0,2,1,1135,1420 HAZEL ST,Louisville,Kentucky,22167,1170.9,Jefferson,47381.0,38.23425,-85.82147,0,20,33,9,33576
21115,40204,215000.0,2,2,821,1310 CHEROKEE RD APT B5,Louisville,Kentucky,14591,1775.1,Jefferson,97965.0,38.23873,-85.7208,1,20,33,9,20447
29269,40245,424000.0,4,4,2890,4004 FAIRFIELD MEADOWS DR,Louisville,Kentucky,37503,444.7,Jefferson,157305.0,38.26574,-85.45327,3,20,33,9,28412
11223,40229,375000.0,5,3,2716,981 SHADY BROOK LN,Louisville,Kentucky,39658,874.5,Jefferson,86966.0,38.09074,-85.65597,2,20,33,9,10829
5978,40214,550000.0,3,4,4800,5410 NEW CUT RD,Louisville,Kentucky,47339,1221.1,Jefferson,73925.0,38.15141,-85.78285,4,20,33,9,5748
21366,40241,230000.0,2,2,1047,4214 BAY POINTE DR,Louisville,Kentucky,30189,890.1,Jefferson,127378.0,38.30339,-85.5774,1,20,33,9,20697
11188,40220,284900.0,3,2,1740,3012 KAYE LAWN DR,Louisville,Kentucky,34723,1750.6,Jefferson,89236.0,38.21535,-85.61794,2,20,33,9,10794
21306,40219,255000.0,2,2,1953,6013 ROBINHOOD LN,Louisville,Kentucky,38589,1002.7,Jefferson,66115.0,38.13907,-85.68877,1,20,33,9,20637
11113,40206,350000.0,3,2,1026,3228 INGLE AVE,Louisville,Kentucky,20836,1377.0,Jefferson,101617.0,38.25788,-85.70205,2,20,33,9,10720
34610,40212,86000.0,2,1,909,449 LOUIS COLEMAN JR DR,Louisville,Kentucky,16548,1668.5,Jefferson,43887.0,38.26787,-85.80256,0,20,33,9,33591
21279,40217,187900.0,2,1,900,2062 ALLENE AVE,Louisville,Kentucky,12029,1936.4,Jefferson,100051.0,38.21689,-85.73725,1,20,33,9,20610
29292,40299,450000.0,3,4,2329,11301 TRITON SPRING CT,Louisville,Kentucky,41448,296.5,Jefferson,103618.0,38.16319,-85.51613,3,20,33,9,28432
34600,40212,76000.0,2,1,735,308 N 33RD ST,Louisville,Kentucky,16548,1668.5,Jefferson,43887.0,38.26787,-85.80256,0,20,33,9,33581
34567,40208,73000.0,3,1,912,2111 7TH STREET RD,Louisville,Kentucky,15270,2259.6,Jefferson,49805.0,38.2176,-85.7659,0,20,33,9,33548
11226,40229,308000.0,4,4,2716,5119 OLDSHIRE RD,Louisville,Kentucky,39658,874.5,Jefferson,86966.0,38.09074,-85.65597,2,20,33,9,10831
719,40245,648800.0,3,4,3670,643 TALL TIMBER CT,Louisville,Kentucky,37503,444.7,Jefferson,157305.0,38.26574,-85.45327,5,20,33,9,692
11274,40291,279900.0,4,2,1750,7804 DAVHAL DR,Louisville,Kentucky,39447,673.0,Jefferson,100587.0,38.1275,-85.57823,2,20,33,9,10879
11224,40229,289000.0,4,3,1814,9810 RIVER TRAIL DR,Louisville,Kentucky,39658,874.5,Jefferson,86966.0,38.09074,-85.65597,2,20,33,9,10830
21428,40291,230000.0,3,1,1100,8002 WOODFERN WAY,Louisville,Kentucky,39447,673.0,Jefferson,100587.0,38.1275,-85.57823,1,20,33,9,20759
21415,40272,224990.0,3,2,1925,1926 TAFFETA DR,Louisville,Kentucky,38815,450.3,Jefferson,76458.0,38.08291,-85.85315,1,20,33,9,20746
11298,40299,329500.0,3,3,2577,3420 HURSTBOURNE RIDGE BLVD,Louisville,Kentucky,41448,296.5,Jefferson,103618.0,38.16319,-85.51613,2,20,33,9,10903
21145,40210,139900.0,2,1,780,1663 HAROLD AVE,Louisville,Kentucky,14746,1793.6,Jefferson,44767.0,38.23161,-85.78592,1,20,33,9,20477
11161,40218,259990.0,3,3,1440,3716 SELMA AVE,Louisville,Kentucky,33779,1449.2,Jefferson,68470.0,38.19036,-85.65698,2,20,33,9,10767
11269,40272,315000.0,3,2,2276,2310 WINDSOR FOREST DR,Louisville,Kentucky,38815,450.3,Jefferson,76458.0,38.08291,-85.85315,2,20,33,9,10874
11096,40205,324900.0,3,2,1867,2219 HAWTHORNE AVE,Louisville,Kentucky,25161,1410.6,Jefferson,125520.0,38.22313,-85.68275,2,20,33,9,10703
11111,40206,379900.0,3,2,1930,164 PENNSYLVANIA AVE,Louisville,Kentucky,20836,1377.0,Jefferson,101617.0,38.25788,-85.70205,2,20,33,9,10718
21201,40214,169900.0,2,1,728,8010 TOLLS LN,Louisville,Kentucky,47339,1221.1,Jefferson,73925.0,38.15141,-85.78285,1,20,33,9,20533
21404,40272,156000.0,3,2,1002,9802 VALLEY FAIR WAY,Louisville,Kentucky,38815,450.3,Jefferson,76458.0,38.08291,-85.85315,1,20,33,9,20735
21349,40229,230000.0,3,2,2028,9814 CAVEN AVE,Louisville,Kentucky,39658,874.5,Jefferson,86966.0,38.09074,-85.65597,1,20,33,9,20680
29296,40299,485000.0,2,2,1703,14610 RESERVE PARK PL,Louisville,Kentucky,41448,296.5,Jefferson,103618.0,38.16319,-85.51613,3,20,33,9,28438
21291,40218,130000.0,2,2,1005,205 FLANDERS CT APT 8,Louisville,Kentucky,33779,1449.2,Jefferson,68470.0,38.19036,-85.65698,1,20,33,9,20622
21373,40243,242500.0,3,2,1397,12207 LEDGES DR,Louisville,Kentucky,11953,1123.4,Jefferson,104800.0,38.23917,-85.53188,1,20,33,9,20704
21392,40258,250000.0,2,2,1900,5008 FURY WAY,Louisville,Kentucky,27430,907.0,Jefferson,77563.0,38.14514,-85.87253,1,20,33,9,20723
21285,40218,131000.0,2,2,1350,1926 GOLDSMITH LN UNIT 72,Louisville,Kentucky,33779,1449.2,Jefferson,68470.0,38.19036,-85.65698,1,20,33,9,20616
11241,40241,375000.0,4,3,2594,3706 OLD BROWNSBORO HILLS RD,Louisville,Kentucky,30189,890.1,Jefferson,127378.0,38.30339,-85.5774,2,20,33,9,10846
21164,40211,165000.0,3,2,1000,1335 OLIVE ST,Louisville,Kentucky,22167,1170.9,Jefferson,47381.0,38.23425,-85.82147,1,20,33,9,20496
21394,40258,245000.0,3,2,2115,6610 GABRIEL DR,Louisville,Kentucky,27430,907.0,Jefferson,77563.0,38.14514,-85.87253,1,20,33,9,20725
5985,40223,509000.0,4,3,3616,623 HARRIS RIDGE RD,Louisville,Kentucky,23739,760.3,Jefferson,130317.0,38.26153,-85.54328,4,20,33,9,5755
21307,40219,179000.0,2,1,1002,3517 OLIVE RD,Louisville,Kentucky,38589,1002.7,Jefferson,66115.0,38.13907,-85.68877,1,20,33,9,20638
11244,40241,359000.0,3,3,2319,4524 BILES CT,Louisville,Kentucky,30189,890.1,Jefferson,127378.0,38.30339,-85.5774,2,20,33,9,10849
11306,40299,325000.0,4,3,2852,8601 CODINGTON CT,Louisville,Kentucky,41448,296.5,Jefferson,103618.0,38.16319,-85.51613,2,20,33,9,10911
11120,40207,379000.0,4,3,2820,6805 TOTTENHAM RD,Louisville,Kentucky,29359,965.8,Jefferson,144750.0,38.26357,-85.65543,2,20,33,9,10727
5997,40245,574900.0,5,3,3720,622 DAVENPORT DR,Louisville,Kentucky,37503,444.7,Jefferson,157305.0,38.26574,-85.45327,4,20,33,9,5766
21324,40220,215000.0,2,2,1047,2900 MCMAHAN BLVD APT 107,Louisville,Kentucky,34723,1750.6,Jefferson,89236.0,38.21535,-85.61794,1,20,33,9,20655
11216,40228,260000.0,3,4,2080,8403 ZELMA FIELDS AVE,Louisville,Kentucky,17852,795.7,Jefferson,91928.0,38.13931,-85.62947,2,20,33,9,10822
6000,40245,585000.0,5,4,3885,707 LAKE FOREST PKWY,Louisville,Kentucky,37503,444.7,Jefferson,157305.0,38.26574,-85.45327,4,20,33,9,5769
21370,40242,235000.0,2,2,1174,8718 DEER POINT CT,Louisville,Kentucky,10982,1482.8,Jefferson,101584.0,38.27639,-85.59042,1,20,33,9,20701
21106,40203,219900.0,3,2,1400,1258 S PRESTON ST,Louisville,Kentucky,17263,2302.1,Jefferson,48118.0,38.24722,-85.765,1,20,33,9,20438
29239,40223,469900.0,4,3,2045,10105 FALLING TREE WAY,Louisville,Kentucky,23739,760.3,Jefferson,130317.0,38.26153,-85.54328,3,20,33,9,28382
29236,40222,456000.0,3,2,2780,7107 WESBORO RD,Louisville,Kentucky,21622,883.0,Jefferson,119525.0,38.26436,-85.61173,3,20,33,9,28379
21240,40216,200000.0,2,1,1090,6313 KRAUSE AVE,Louisville,Kentucky,43749,1079.1,Jefferson,66379.0,38.18707,-85.83738,1,20,33,9,20571
21150,40211,179900.0,4,2,1520,645 CECIL AVE,Louisville,Kentucky,22167,1170.9,Jefferson,47381.0,38.23425,-85.82147,1,20,33,9,20482
11190,40220,359000.0,4,3,2716,7507 JENNIFER PL,Louisville,Kentucky,34723,1750.6,Jefferson,89236.0,38.21535,-85.61794,2,20,33,9,10796
21425,40291,209500.0,2,1,1046,7015 LITTLE OAK CT,Louisville,Kentucky,39447,673.0,Jefferson,100587.0,38.1275,-85.57823,1,20,33,9,20756
21417,40272,170000.0,3,1,1038,13514 LAVERTON AVE,Louisville,Kentucky,38815,450.3,Jefferson,76458.0,38.08291,-85.85315,1,20,33,9,20748
29205,40205,410000.0,3,2,2538,1610 SUTHERLAND DR,Louisville,Kentucky,25161,1410.6,Jefferson,125520.0,38.22313,-85.68275,3,20,33,9,28349
21236,40216,179900.0,3,1,925,2436 WEBER LN,Louisville,Kentucky,43749,1079.1,Jefferson,66379.0,38.18707,-85.83738,1,20,33,9,20567
21176,40213,199900.0,2,1,971,1215 HART AVE,Louisville,Kentucky,15749,634.8,Jefferson,74959.0,38.177,-85.71571,1,20,33,9,20508
21319,40220,200000.0,2,1,1136,3606 KINGS HWY,Louisville,Kentucky,34723,1750.6,Jefferson,89236.0,38.21535,-85.61794,1,20,33,9,20650
29277,40291,410000.0,3,2,1625,7913 CULTIVATOR CT,Louisville,Kentucky,39447,673.0,Jefferson,100587.0,38.1275,-85.57823,3,20,33,9,28420
5992,40241,565000.0,3,4,4188,7807 WOLFCREEK CT,Louisville,Kentucky,30189,890.1,Jefferson,127378.0,38.30339,-85.5774,4,20,33,9,5762
21337,40223,155000.0,2,3,1320,213 LA FONTENAY CT,Louisville,Kentucky,23739,760.3,Jefferson,130317.0,38.26153,-85.54328,1,20,33,9,20668
21166,40212,249900.0,3,2,1873,123 FONTAINE LANDING CT,Louisville,Kentucky,16548,1668.5,Jefferson,43887.0,38.26787,-85.80256,1,20,33,9,20498
29273,40245,500000.0,4,3,1932,16702 BISLEY PL,Louisville,Kentucky,37503,444.7,Jefferson,157305.0,38.26574,-85.45327,3,20,33,9,28416
710,40207,720000.0,3,4,3134,4004 SAINT GERMAINE CT,Louisville,Kentucky,29359,965.8,Jefferson,144750.0,38.26357,-85.65543,5,20,33,9,683
21148,40211,130000.0,3,1,1238,1119 S 36TH ST,Louisville,Kentucky,22167,1170.9,Jefferson,47381.0,38.23425,-85.82147,1,20,33,9,20480
21259,40216,219000.0,3,1,1775,6414 BLACK OAK LN,Louisville,Kentucky,43749,1079.1,Jefferson,66379.0,38.18707,-85.83738,1,20,33,9,20590
707,40206,725000.0,4,4,3000,2252 PAYNE ST,Louisville,Kentucky,20836,1377.0,Jefferson,101617.0,38.25788,-85.70205,5,20,33,9,680
29267,40245,506332.0,4,3,2479,14233 HALDEN RIDGE WAY,Louisville,Kentucky,37503,444.7,Jefferson,157305.0,38.26574,-85.45327,3,20,33,9,28410
11087,40203,345000.0,4,3,2157,708 BARONESS AVE,Louisville,Kentucky,17263,2302.1,Jefferson,48118.0,38.24722,-85.765,2,20,33,9,10694
11136,40214,315000.0,4,3,4536,5346 ROLLINGWOOD TRL,Louisville,Kentucky,47339,1221.1,Jefferson,73925.0,38.15141,-85.78285,2,20,33,9,10743
11127,40207,325000.0,3,2,1928,1108 CLERKENWELL RD,Louisville,Kentucky,29359,965.8,Jefferson,144750.0,38.26357,-85.65543,2,20,33,9,10734
34647,40220,75000.0,1,1,728,233 EL CONQUISTADOR PL # 233,Louisville,Kentucky,34723,1750.6,Jefferson,89236.0,38.21535,-85.61794,0,20,33,9,33628
21450,40299,189000.0,3,3,1050,2401 OLD HICKORY RD,Louisville,Kentucky,41448,296.5,Jefferson,103618.0,38.16319,-85.51613,1,20,33,9,20781
11300,40299,350000.0,3,2,2146,9202 MORGAN JAYMES CT,Louisville,Kentucky,41448,296.5,Jefferson,103618.0,38.16319,-85.51613,2,20,33,9,10905
34587,40211,94900.0,3,1,1060,2729 GARLAND AVE,Louisville,Kentucky,22167,1170.9,Jefferson,47381.0,38.23425,-85.82147,0,20,33,9,33568
21117,40204,240000.0,2,1,1089,1420 CHRISTY AVE,Louisville,Kentucky,14591,1775.1,Jefferson,97965.0,38.23873,-85.7208,1,20,33,9,20449
21346,40228,235000.0,3,2,1644,6605 MOORHAVEN DR,Louisville,Kentucky,17852,795.7,Jefferson,91928.0,38.13931,-85.62947,1,20,33,9,20677
29243,40223,479000.0,3,3,3172,10601 GLENEAGLE PL,Louisville,Kentucky,23739,760.3,Jefferson,130317.0,38.26153,-85.54328,3,20,33,9,28386
5993,40245,599000.0,5,5,3994,57 PERSIMMON RIDGE DR,Louisville,Kentucky,37503,444.7,Jefferson,157305.0,38.26574,-85.45327,4,20,33,9,5763
11249,40245,350000.0,2,2,1670,13627 ARBOR CREST CIR,Louisville,Kentucky,37503,444.7,Jefferson,157305.0,38.26574,-85.45327,2,20,33,9,10854
29229,40207,450000.0,3,3,2899,5510 TECUMSEH CIR,Louisville,Kentucky,29359,965.8,Jefferson,144750.0,38.26357,-85.65543,3,20,33,9,28372
11265,40258,354900.0,4,3,3858,6816 GRANDFIELD RD,Louisville,Kentucky,27430,907.0,Jefferson,77563.0,38.14514,-85.87253,2,20,33,9,10870
21300,40219,220000.0,5,2,2980,4308 SHADY VILLA DR,Louisville,Kentucky,38589,1002.7,Jefferson,66115.0,38.13907,-85.68877,1,20,33,9,20631
11103,40205,269900.0,2,2,1945,1600 GARDINER LN APT 208,Louisville,Kentucky,25161,1410.6,Jefferson,125520.0,38.22313,-85.68275,2,20,33,9,10710
11199,40222,315000.0,3,3,1721,1806 EAGLE CREEK PL,Louisville,Kentucky,21622,883.0,Jefferson,119525.0,38.26436,-85.61173,2,20,33,9,10805
34638,40216,80000.0,3,1,896,3200 JUDY LN,Louisville,Kentucky,43749,1079.1,Jefferson,66379.0,38.18707,-85.83738,0,20,33,9,33619
34619,40214,125000.0,3,1,1046,159 E ASHLAND AVE,Louisville,Kentucky,47339,1221.1,Jefferson,73925.0,38.15141,-85.78285,0,20,33,9,33600
21255,40216,215000.0,4,2,1962,5610 AXBRIDGE RD,Louisville,Kentucky,43749,1079.1,Jefferson,66379.0,38.18707,-85.83738,1,20,33,9,20586
21218,40215,140000.0,3,2,1117,717 W EVELYN AVE,Louisville,Kentucky,20042,2216.9,Jefferson,50338.0,38.19052,-85.78555,1,20,33,9,20550
21372,40243,239900.0,2,1,986,11907 LOCUST RD,Louisville,Kentucky,11953,1123.4,Jefferson,104800.0,38.23917,-85.53188,1,20,33,9,20703
21431,40291,242500.0,2,2,1392,8706 SUMMERTREE LN,Louisville,Kentucky,39447,673.0,Jefferson,100587.0,38.1275,-85.57823,1,20,33,9,20762
5976,40213,525000.0,4,3,3408,3308 AUDUBON RIDGE DR,Louisville,Kentucky,15749,634.8,Jefferson,74959.0,38.177,-85.71571,4,20,33,9,5746
34557,40203,125000.0,2,1,854,1250 S PRESTON ST,Louisville,Kentucky,17263,2302.1,Jefferson,48118.0,38.24722,-85.765,0,20,33,9,33538
21355,40229,169000.0,3,1,1014,5500 HASBROOK DR,Louisville,Kentucky,39658,874.5,Jefferson,86966.0,38.09074,-85.65597,1,20,33,9,20686
11271,40272,325000.0,3,3,1971,4607 ANDALUSIA LN,Louisville,Kentucky,38815,450.3,Jefferson,76458.0,38.08291,-85.85315,2,20,33,9,10876
34594,40211,32000.0,2,1,966,3629 GREENWOOD AVE,Louisville,Kentucky,22167,1170.9,Jefferson,47381.0,38.23425,-85.82147,0,20,33,9,33575
21387,40258,210000.0,3,2,1755,7612 PINTAIL DR,Louisville,Kentucky,27430,907.0,Jefferson,77563.0,38.14514,-85.87253,1,20,33,9,20718
21129,40207,239000.0,2,2,1306,651 BRECKENRIDGE LN APT 110,Louisville,Kentucky,29359,965.8,Jefferson,144750.0,38.26357,-85.65543,1,20,33,9,20461
21216,40215,142950.0,4,2,2223,3355 TAYLOR BLVD,Louisville,Kentucky,20042,2216.9,Jefferson,50338.0,38.19052,-85.78555,1,20,33,9,20548
21227,40215,150000.0,3,2,2142,3422 DEARCY AVE,Louisville,Kentucky,20042,2216.9,Jefferson,50338.0,38.19052,-85.78555,1,20,33,9,20559
34579,40210,64950.0,1,1,927,1786 W GAULBERT AVE,Louisville,Kentucky,14746,1793.6,Jefferson,44767.0,38.23161,-85.78592,0,20,33,9,33560
11119,40207,349900.0,3,3,1925,3924 KENNISON AVE,Louisville,Kentucky,29359,965.8,Jefferson,144750.0,38.26357,-85.65543,2,20,33,9,10726
21258,40216,228000.0,3,3,2029,2802 LENCOTT DR,Louisville,Kentucky,43749,1079.1,Jefferson,66379.0,38.18707,-85.83738,1,20,33,9,20589
21351,40229,184900.0,3,1,925,9527 MAPLE RD,Louisville,Kentucky,39658,874.5,Jefferson,86966.0,38.09074,-85.65597,1,20,33,9,20682
21432,40291,255000.0,3,2,1934,8309 RANDOMWOOD CT,Louisville,Kentucky,39447,673.0,Jefferson,100587.0,38.1275,-85.57823,1,20,33,9,20763
21288,40218,135000.0,4,2,1125,2007 AYARS CT,Louisville,Kentucky,33779,1449.2,Jefferson,68470.0,38.19036,-85.65698,1,20,33,9,20619
34645,40219,75000.0,3,1,1378,6205 HANSES DR,Louisville,Kentucky,38589,1002.7,Jefferson,66115.0,38.13907,-85.68877,0,20,33,9,33626
21239,40216,249900.0,3,2,2017,3230 POPLAR VIEW DR,Louisville,Kentucky,43749,1079.1,Jefferson,66379.0,38.18707,-85.83738,1,20,33,9,20570
34650,40223,120000.0,2,2,985,1101 LA FONTENAY CT,Louisville,Kentucky,23739,760.3,Jefferson,130317.0,38.26153,-85.54328,0,20,33,9,33631
34655,40272,114000.0,2,1,988,6022 DUTSCHKE RD,Louisville,Kentucky,38815,450.3,Jefferson,76458.0,38.08291,-85.85315,0,20,33,9,33636
21406,40272,187000.0,3,1,1308,10205 MOONLIGHT WAY,Louisville,Kentucky,38815,450.3,Jefferson,76458.0,38.08291,-85.85315,1,20,33,9,20737
3720,40245,779000.0,5,5,5914,700 WOLFORD RIDGE CT,Louisville,Kentucky,37503,444.7,Jefferson,157305.0,38.26574,-85.45327,6,20,33,9,3570
11117,40207,284500.0,3,1,1299,3908 SPRINGHILL RD,Louisville,Kentucky,29359,965.8,Jefferson,144750.0,38.26357,-85.65543,2,20,33,9,10724
21222,40215,170000.0,3,2,1075,3702 WHEELER AVE,Louisville,Kentucky,20042,2216.9,Jefferson,50338.0,38.19052,-85.78555,1,20,33,9,20554
21243,40216,233900.0,3,2,1605,1712 TEMPEST WAY,Louisville,Kentucky,43749,1079.1,Jefferson,66379.0,38.18707,-85.83738,1,20,33,9,20574
21352,40229,154900.0,3,2,1860,11501 BROOKLEY DR,Louisville,Kentucky,39658,874.5,Jefferson,86966.0,38.09074,-85.65597,1,20,33,9,20683
2822,40205,1075000.0,6,5,5372,1747 SPRING DR,Louisville,Kentucky,25161,1410.6,Jefferson,125520.0,38.22313,-85.68275,8,20,33,9,2708
21254,40216,199500.0,2,2,2374,2241 AMBOY DR,Louisville,Kentucky,43749,1079.1,Jefferson,66379.0,38.18707,-85.83738,1,20,33,9,20585
11234,40241,349900.0,3,3,2770,2903 WEISSINGER RD,Louisville,Kentucky,30189,890.1,Jefferson,127378.0,38.30339,-85.5774,2,20,33,9,10839
21286,40218,149900.0,3,1,894,234 BONNIE LN,Louisville,Kentucky,33779,1449.2,Jefferson,68470.0,38.19036,-85.65698,1,20,33,9,20617
29204,40205,425000.0,3,3,1964,2034 LAKESIDE DR,Louisville,Kentucky,25161,1410.6,Jefferson,125520.0,38.22313,-85.68275,3,20,33,9,28348
21110,40204,250000.0,1,1,1100,1412 WILLOW AVE APT 65,Louisville,Kentucky,14591,1775.1,Jefferson,97965.0,38.23873,-85.7208,1,20,33,9,20442
21367,40241,250000.0,3,2,1414,11315 PRINCE GEORGE CT,Louisville,Kentucky,30189,890.1,Jefferson,127378.0,38.30339,-85.5774,1,20,33,9,20698
11105,40206,310000.0,3,2,1708,115 S BAYLY AVE,Louisville,Kentucky,20836,1377.0,Jefferson,101617.0,38.25788,-85.70205,2,20,33,9,10712
11153,40217,310000.0,4,3,1951,3007 ASHVIEW TER,Louisville,Kentucky,12029,1936.4,Jefferson,100051.0,38.21689,-85.73725,2,20,33,9,10760
21247,40216,199900.0,3,1,1125,6129 ARLONE CT,Louisville,Kentucky,43749,1079.1,Jefferson,66379.0,38.18707,-85.83738,1,20,33,9,20578
21382,40258,200000.0,3,2,1572,7711 KENHURST DR,Louisville,Kentucky,27430,907.0,Jefferson,77563.0,38.14514,-85.87253,1,20,33,9,20713
29238,40223,440000.0,4,4,3004,10100 TIMBERWOOD CIR,Louisville,Kentucky,23739,760.3,Jefferson,130317.0,38.26153,-85.54328,3,20,33,9,28381
708,40207,695000.0,3,4,4901,806 STARLITE DR,Louisville,Kentucky,29359,965.8,Jefferson,144750.0,38.26357,-85.65543,5,20,33,9,681
21294,40218,220000.0,2,1,1318,137 CREWS DR,Louisville,Kentucky,33779,1449.2,Jefferson,68470.0,38.19036,-85.65698,1,20,33,9,20625
21399,40258,190000.0,3,2,1214,6313 MARAVIAN DR,Louisville,Kentucky,27430,907.0,Jefferson,77563.0,38.14514,-85.87253,1,20,33,9,20730
34562,40208,35000.0,2,1,672,816 WINKLER AVE,Louisville,Kentucky,15270,2259.6,Jefferson,49805.0,38.2176,-85.7659,0,20,33,9,33543
21194,40214,155000.0,2,1,764,333 ARBOR AVE,Louisville,Kentucky,47339,1221.1,Jefferson,73925.0,38.15141,-85.78285,1,20,33,9,20526
11172,40219,359900.0,3,3,2254,8018 SHEPHERDSVILLE RD,Louisville,Kentucky,38589,1002.7,Jefferson,66115.0,38.13907,-85.68877,2,20,33,9,10778
21212,40215,137000.0,2,1,1038,1716 BERRY BLVD,Louisville,Kentucky,20042,2216.9,Jefferson,50338.0,38.19052,-85.78555,1,20,33,9,20544
21280,40217,229900.0,2,1,1391,957 GOSS AVE,Louisville,Kentucky,12029,1936.4,Jefferson,100051.0,38.21689,-85.73725,1,20,33,9,20611
29297,40299,424900.0,3,2,1692,6120 OLD HEADY RD,Louisville,Kentucky,41448,296.5,Jefferson,103618.0,38.16319,-85.51613,3,20,33,9,28439
21252,40216,220000.0,3,1,2068,2327 LINDSEY DR,Louisville,Kentucky,43749,1079.1,Jefferson,66379.0,38.18707,-85.83738,1,20,33,9,20583
21266,40216,220000.0,2,1,1189,3202 POPLAR VIEW DR,Louisville,Kentucky,43749,1079.1,Jefferson,66379.0,38.18707,-85.83738,1,20,33,9,20597
11230,40229,326700.0,4,3,2265,4396 COPPICE TRL,Louisville,Kentucky,39658,874.5,Jefferson,86966.0,38.09074,-85.65597,2,20,33,9,10835
21441,40299,170000.0,2,2,1076,8408 AMBROSSE LN UNIT 205,Louisville,Kentucky,41448,296.5,Jefferson,103618.0,38.16319,-85.51613,1,20,33,9,20772
34620,40215,120000.0,4,1,1418,3423 GLENDALE AVE,Louisville,Kentucky,20042,2216.9,Jefferson,50338.0,38.19052,-85.78555,0,20,33,9,33601
3717,40205,775000.0,3,4,3506,1 NORMANDIE VLG,Louisville,Kentucky,25161,1410.6,Jefferson,125520.0,38.22313,-85.68275,6,20,33,9,3567
21376,40245,200000.0,3,2,1143,12109 EASTBAY CT,Louisville,Kentucky,37503,444.7,Jefferson,157305.0,38.26574,-85.45327,1,20,33,9,20707
11132,40208,339900.0,4,2,2845,1485 S 4TH ST,Louisville,Kentucky,15270,2259.6,Jefferson,49805.0,38.2176,-85.7659,2,20,33,9,10739
2824,40222,1100000.0,4,4,4639,3802 LIME KILN LN,Louisville,Kentucky,21622,883.0,Jefferson,119525.0,38.26436,-85.61173,8,20,33,9,2710
11129,40207,285000.0,2,2,1517,5601 COACH GATE WYNDE APT 6,Louisville,Kentucky,29359,965.8,Jefferson,144750.0,38.26357,-85.65543,2,20,33,9,10736
11168,40219,279900.0,3,2,1950,8303 SMITHTON RD,Louisville,Kentucky,38589,1002.7,Jefferson,66115.0,38.13907,-85.68877,2,20,33,9,10774
5991,40241,515000.0,4,3,3477,3116 ALBANS PL,Louisville,Kentucky,30189,890.1,Jefferson,127378.0,38.30339,-85.5774,4,20,33,9,5761
11220,40229,370000.0,3,3,3293,7011 BLACK WALNUT CIR,Louisville,Kentucky,39658,874.5,Jefferson,86966.0,38.09074,-85.65597,2,20,33,9,10826
21269,40217,164000.0,2,1,1024,914 ASH ST,Louisville,Kentucky,12029,1936.4,Jefferson,100051.0,38.21689,-85.73725,1,20,33,9,20600
5996,40245,565000.0,4,4,3874,3516 WOODMONT PARK LN,Louisville,Kentucky,37503,444.7,Jefferson,157305.0,38.26574,-85.45327,4,20,33,9,5764
21437,40291,187500.0,3,2,1155,6101 S WATTERSON TRL,Louisville,Kentucky,39447,673.0,Jefferson,100587.0,38.1275,-85.57823,1,20,33,9,20768
21350,40229,242000.0,4,2,1747,5307 HAVENTREE PL,Louisville,Kentucky,39658,874.5,Jefferson,86966.0,38.09074,-85.65597,1,20,33,9,20681
11163,40218,259900.0,3,3,1440,3716H SELMA AVE,Louisville,Kentucky,33779,1449.2,Jefferson,68470.0,38.19036,-85.65698,2,20,33,9,10769
29250,40241,389900.0,3,3,3122,4510 DEEPWOOD DR,Louisville,Kentucky,30189,890.1,Jefferson,127378.0,38.30339,-85.5774,3,20,33,9,28393
11272,40272,285000.0,3,3,2230,9005 ANNLOU DR,Louisville,Kentucky,38815,450.3,Jefferson,76458.0,38.08291,-85.85315,2,20,33,9,10877
3715,40203,825000.0,5,5,6417,432 W ORMSBY AVE,Louisville,Kentucky,17263,2302.1,Jefferson,48118.0,38.24722,-85.765,6,20,33,9,3565
5973,40207,509900.0,3,3,3127,906 BARRINGTON CT,Louisville,Kentucky,29359,965.8,Jefferson,144750.0,38.26357,-85.65543,4,20,33,9,5743
11176,40219,259900.0,3,2,1346,5017 LEA ANN WAY,Louisville,Kentucky,38589,1002.7,Jefferson,66115.0,38.13907,-85.68877,2,20,33,9,10782
29253,40241,439000.0,4,3,2966,3801 BENJE WAY,Louisville,Kentucky,30189,890.1,Jefferson,127378.0,38.30339,-85.5774,3,20,33,9,28396
34661,40291,106500.0,1,1,643,7068 WILDWOOD CIR APT 149,Louisville,Kentucky,39447,673.0,Jefferson,100587.0,38.1275,-85.57823,0,20,33,9,33642
21101,40203,192500.0,3,3,1741,1821 W CHESTNUT ST,Louisville,Kentucky,17263,2302.1,Jefferson,48118.0,38.24722,-85.765,1,20,33,9,20433
11232,40229,349900.0,4,3,2256,8903 TRIBUTE DR,Louisville,Kentucky,39658,874.5,Jefferson,86966.0,38.09074,-85.65597,2,20,33,9,10837
21303,40219,228000.0,3,1,2076,5112 MONACO DR,Louisville,Kentucky,38589,1002.7,Jefferson,66115.0,38.13907,-85.68877,1,20,33,9,20634
5977,40214,537000.0,4,4,4303,3317 ROLLING OAK BLVD,Louisville,Kentucky,47339,1221.1,Jefferson,73925.0,38.15141,-85.78285,4,20,33,9,5747
11242,40241,275000.0,4,2,1950,4741 SHENANDOAH DR,Louisville,Kentucky,30189,890.1,Jefferson,127378.0,38.30339,-85.5774,2,20,33,9,10847
21190,40214,190000.0,2,1,1230,8302 TOLLS LN,Louisville,Kentucky,47339,1221.1,Jefferson,73925.0,38.15141,-85.78285,1,20,33,9,20522
21327,40222,191000.0,3,2,1223,4830 WESTPORT RD UNIT 202,Louisville,Kentucky,21622,883.0,Jefferson,119525.0,38.26436,-85.61173,1,20,33,9,20658
5984,40223,525000.0,3,3,2585,623 WILLOWHURST PL,Louisville,Kentucky,23739,760.3,Jefferson,130317.0,38.26153,-85.54328,4,20,33,9,5754
21235,40216,197500.0,3,1,1204,2021 WEST LN,Louisville,Kentucky,43749,1079.1,Jefferson,66379.0,38.18707,-85.83738,1,20,33,9,20566
34608,40212,39900.0,5,1,1620,320 N 27TH ST,Louisville,Kentucky,16548,1668.5,Jefferson,43887.0,38.26787,-85.80256,0,20,33,9,33589
11270,40272,259900.0,3,2,2382,10301 S DODGE LN,Louisville,Kentucky,38815,450.3,Jefferson,76458.0,38.08291,-85.85315,2,20,33,9,10875
11137,40214,265000.0,3,2,2577,171 E FRANCIS AVE,Louisville,Kentucky,47339,1221.1,Jefferson,73925.0,38.15141,-85.78285,2,20,33,9,10744
21283,40218,220000.0,3,3,1665,7103 GREENWICH RD,Louisville,Kentucky,33779,1449.2,Jefferson,68470.0,38.19036,-85.65698,1,20,33,9,20614
5986,40229,595000.0,3,3,2160,390 RISEN RD,Louisville,Kentucky,39658,874.5,Jefferson,86966.0,38.09074,-85.65597,4,20,33,9,5756
11252,40245,310000.0,3,4,2346,11904 WIDE SPRING CT,Louisville,Kentucky,37503,444.7,Jefferson,157305.0,38.26574,-85.45327,2,20,33,9,10857
21195,40214,160000.0,3,2,1486,120 E AMHERST AVE,Louisville,Kentucky,47339,1221.1,Jefferson,73925.0,38.15141,-85.78285,1,20,33,9,20527
34575,40210,65000.0,2,1,754,2801 CONESTOGA AVE,Louisville,Kentucky,14746,1793.6,Jefferson,44767.0,38.23161,-85.78592,0,20,33,9,33556
5980,40214,549000.0,4,4,3975,8807 GRAND RIDGE CT,Louisville,Kentucky,47339,1221.1,Jefferson,73925.0,38.15141,-85.78285,4,20,33,9,5750
21443,40299,214900.0,4,1,1140,4117 ANGEL TER,Louisville,Kentucky,41448,296.5,Jefferson,103618.0,38.16319,-85.51613,1,20,33,9,20774
21210,40215,229000.0,3,3,2057,1660 ALMA AVE,Louisville,Kentucky,20042,2216.9,Jefferson,50338.0,38.19052,-85.78555,1,20,33,9,20542
21245,40216,169999.0,3,2,2123,2307 ROCKFORD LN,Louisville,Kentucky,43749,1079.1,Jefferson,66379.0,38.18707,-85.83738,1,20,33,9,20576
11264,40258,275000.0,3,2,2404,8406 DALTON RIDGE PL,Louisville,Kentucky,27430,907.0,Jefferson,77563.0,38.14514,-85.87253,2,20,33,9,10869
34640,40217,110000.0,2,1,918,901 GOSS AVE,Louisville,Kentucky,12029,1936.4,Jefferson,100051.0,38.21689,-85.73725,0,20,33,9,33621
21114,40204,155000.0,1,1,776,945 SAMUEL ST,Louisville,Kentucky,14591,1775.1,Jefferson,97965.0,38.23873,-85.7208,1,20,33,9,20446
6005,40299,539900.0,3,3,2190,1417 SWAN CREEK PL,Louisville,Kentucky,41448,296.5,Jefferson,103618.0,38.16319,-85.51613,4,20,33,9,5774
11186,40220,289000.0,3,2,2044,3311 ENRIDGE DR,Louisville,Kentucky,34723,1750.6,Jefferson,89236.0,38.21535,-85.61794,2,20,33,9,10792
11239,40241,310777.0,3,2,1621,10604 MELCHESTER PL,Louisville,Kentucky,30189,890.1,Jefferson,127378.0,38.30339,-85.5774,2,20,33,9,10844
21225,40215,140000.0,2,1,1000,1522 SALE AVE,Louisville,Kentucky,20042,2216.9,Jefferson,50338.0,38.19052,-85.78555,1,20,33,9,20557
21356,40229,225000.0,4,2,1510,11503 BROOKLEY DR,Louisville,Kentucky,39658,874.5,Jefferson,86966.0,38.09074,-85.65597,1,20,33,9,20687
29212,40205,399500.0,3,2,2375,2405 TYLER LN,Louisville,Kentucky,25161,1410.6,Jefferson,125520.0,38.22313,-85.68275,3,20,33,9,28356
11115,40207,359000.0,2,2,1650,407 DEERFIELD LN,Louisville,Kentucky,29359,965.8,Jefferson,144750.0,38.26357,-85.65543,2,20,33,9,10722
34597,40211,65000.0,1,1,975,2629 GARLAND AVE,Louisville,Kentucky,22167,1170.9,Jefferson,47381.0,38.23425,-85.82147,0,20,33,9,33578
29254,40241,469000.0,4,3,3054,8614 GLENFIELD WAY,Louisville,Kentucky,30189,890.1,Jefferson,127378.0,38.30339,-85.5774,3,20,33,9,28397
11167,40218,300000.0,4,2,2080,3825 DOWNING WAY,Louisville,Kentucky,33779,1449.2,Jefferson,68470.0,38.19036,-85.65698,2,20,33,9,10773
11093,40204,270000.0,2,1,1214,932 ELLISON AVE,Louisville,Kentucky,14591,1775.1,Jefferson,97965.0,38.23873,-85.7208,2,20,33,9,10700
34571,40210,75000.0,3,1,880,2329 W LEE ST,Louisville,Kentucky,14746,1793.6,Jefferson,44767.0,38.23161,-85.78592,0,20,33,9,33552
11185,40220,310000.0,4,3,2867,3310 EASTSIDE DR,Louisville,Kentucky,34723,1750.6,Jefferson,89236.0,38.21535,-85.61794,2,20,33,9,10791
34659,40272,118500.0,3,1,981,5207 BENSON CT,Louisville,Kentucky,38815,450.3,Jefferson,76458.0,38.08291,-85.85315,0,20,33,9,33640
21388,40258,189900.0,3,1,1320,4604 CRAWFORD AVE,Louisville,Kentucky,27430,907.0,Jefferson,77563.0,38.14514,-85.87253,1,20,33,9,20719
5965,40206,599000.0,4,4,3664,109 KENNEDY AVE,Louisville,Kentucky,20836,1377.0,Jefferson,101617.0,38.25788,-85.70205,4,20,33,9,5735
21209,40215,147500.0,2,2,1592,516 W EVELYN AVE,Louisville,Kentucky,20042,2216.9,Jefferson,50338.0,38.19052,-85.78555,1,20,33,9,20541
11225,40229,345000.0,3,3,2391,9445 MOSSY CREEK WAY,Louisville,Kentucky,39658,874.5,Jefferson,86966.0,38.09074,-85.65597,2,20,33,9,10825
21217,40215,199900.0,3,2,1164,3600 WOODRUFF AVE,Louisville,Kentucky,20042,2216.9,Jefferson,50338.0,38.19052,-85.78555,1,20,33,9,20549
29251,40241,399000.0,3,3,2998,8805 CRANBORNE CT,Louisville,Kentucky,30189,890.1,Jefferson,127378.0,38.30339,-85.5774,3,20,33,9,28394
11286,40291,365000.0,4,3,2709,10107 RIMFIRE RD,Louisville,Kentucky,39447,673.0,Jefferson,100587.0,38.1275,-85.57823,2,20,33,9,10891
5979,40214,549900.0,5,4,3108,7619 CRESTLINE RD,Louisville,Kentucky,47339,1221.1,Jefferson,73925.0,38.15141,-85.78285,4,20,33,9,5749
34657,40272,127500.0,3,1,864,10911 GRAFTON HALL RD,Louisville,Kentucky,38815,450.3,Jefferson,76458.0,38.08291,-85.85315,0,20,33,9,33638
21270,40217,200000.0,3,1,902,2128 BRADLEY AVE,Louisville,Kentucky,12029,1936.4,Jefferson,100051.0,38.21689,-85.73725,1,20,33,9,20601
21397,40258,165000.0,3,1,1080,5804 CROCKETT DR,Louisville,Kentucky,27430,907.0,Jefferson,77563.0,38.14514,-85.87253,1,20,33,9,20728
21123,40206,149000.0,1,1,734,2411 BROWNSBORO RD APT 305,Louisville,Kentucky,20836,1377.0,Jefferson,101617.0,38.25788,-85.70205,1,20,33,9,20455
21427,40291,145000.0,2,2,892,7088 WILDWOOD CIR APT 48,Louisville,Kentucky,39447,673.0,Jefferson,100587.0,38.1275,-85.57823,1,20,33,9,20758
34572,40210,110000.0,2,1,1075,2028 S 16TH ST,Louisville,Kentucky,14746,1793.6,Jefferson,44767.0,38.23161,-85.78592,0,20,33,9,33553
29258,40242,399000.0,3,2,1624,9312 NEW LA GRANGE RD,Louisville,Kentucky,10982,1482.8,Jefferson,101584.0,38.27639,-85.59042,3,20,33,9,28401
29285,40291,389990.0,4,3,2265,7620 FAIR LN,Louisville,Kentucky,39447,673.0,Jefferson,100587.0,38.1275,-85.57823,3,20,33,9,28428
34561,40203,77500.0,3,1,1184,1919 DUNCAN ST,Louisville,Kentucky,17263,2302.1,Jefferson,48118.0,38.24722,-85.765,0,20,33,9,33542
11169,40219,275000.0,2,2,1323,4100 BELLFLOWER DR,Louisville,Kentucky,38589,1002.7,Jefferson,66115.0,38.13907,-85.68877,2,20,33,9,10775
11118,40207,315000.0,3,1,1385,4209 WINCHESTER RD,Louisville,Kentucky,29359,965.8,Jefferson,144750.0,38.26357,-85.65543,2,20,33,9,10725
21119,40205,154900.0,2,2,1163,1815 GARDINER LN APT K84,Louisville,Kentucky,25161,1410.6,Jefferson,125520.0,38.22313,-85.68275,1,20,33,9,20451
21140,40208,165000.0,2,2,731,1337 S 1ST ST REAR,Louisville,Kentucky,15270,2259.6,Jefferson,49805.0,38.2176,-85.7659,1,20,33,9,20472
21134,40208,215000.0,2,1,1213,1481 SAINT JAMES CT UNIT 7,Louisville,Kentucky,15270,2259.6,Jefferson,49805.0,38.2176,-85.7659,1,20,33,9,20466
21400,40258,200000.0,3,2,1363,5306 W PAGES LN,Louisville,Kentucky,27430,907.0,Jefferson,77563.0,38.14514,-85.87253,1,20,33,9,20731
11246,40242,316900.0,4,2,2344,9309 HABERSHAM DR,Louisville,Kentucky,10982,1482.8,Jefferson,101584.0,38.27639,-85.59042,2,20,33,9,10851
21100,40203,150000.0,3,3,1998,1811 W MUHAMMAD ALI BLVD,Louisville,Kentucky,17263,2302.1,Jefferson,48118.0,38.24722,-85.765,1,20,33,9,20432
34593,40211,24995.0,2,1,728,4402 EXLEY CT,Louisville,Kentucky,22167,1170.9,Jefferson,47381.0,38.23425,-85.82147,0,20,33,9,33574
21191,40214,229900.0,2,2,1789,9021 SPLIT WILLOW DR,Louisville,Kentucky,47339,1221.1,Jefferson,73925.0,38.15141,-85.78285,1,20,33,9,20523
21251,40216,210000.0,4,2,1350,4313 RAVEN RIDGE DR,Louisville,Kentucky,43749,1079.1,Jefferson,66379.0,38.18707,-85.83738,1,20,33,9,20582
5963,40205,590000.0,1,1,586,2412 DUNDEE RD,Louisville,Kentucky,25161,1410.6,Jefferson,125520.0,38.22313,-85.68275,4,20,33,9,5733
21362,40229,212000.0,3,1,1148,4009 HISPANYOLA CT,Louisville,Kentucky,39658,874.5,Jefferson,86966.0,38.09074,-85.65597,1,20,33,9,20693
11303,40299,375000.0,4,2,3060,2304 TUCKER STATION RD,Louisville,Kentucky,41448,296.5,Jefferson,103618.0,38.16319,-85.51613,2,20,33,9,10908
21276,40217,185000.0,2,1,718,2505 EMIL AVE,Louisville,Kentucky,12029,1936.4,Jefferson,100051.0,38.21689,-85.73725,1,20,33,9,20607
11257,40245,290000.0,4,2,1958,4709 WOODED OAK CIR,Louisville,Kentucky,37503,444.7,Jefferson,157305.0,38.26574,-85.45327,2,20,33,9,10862
29206,40205,449000.0,4,3,2740,2038 TYLER LN,Louisville,Kentucky,25161,1410.6,Jefferson,125520.0,38.22313,-85.68275,3,20,33,9,28350
21272,40217,200000.0,2,2,910,614 ATWOOD ST,Louisville,Kentucky,12029,1936.4,Jefferson,100051.0,38.21689,-85.73725,1,20,33,9,20603
21302,40219,140000.0,2,2,1018,5309 CAROLINA CROSSINGS WAY UNIT 104,Louisville,Kentucky,38589,1002.7,Jefferson,66115.0,38.13907,-85.68877,1,20,33,9,20633
705,40205,655000.0,3,4,2709,2423 BOULEVARD NAPOLEON,Louisville,Kentucky,25161,1410.6,Jefferson,125520.0,38.22313,-85.68275,5,20,33,9,678
29255,40241,400000.0,3,2,2550,3101 DORILTON CT,Louisville,Kentucky,30189,890.1,Jefferson,127378.0,38.30339,-85.5774,3,20,33,9,28398
21120,40206,177900.0,1,1,571,110 S CAMPBELL ST UNIT 407,Louisville,Kentucky,20836,1377.0,Jefferson,101617.0,38.25788,-85.70205,1,20,33,9,20452
3716,40204,775000.0,3,5,4850,76 VALLEY RD,Louisville,Kentucky,14591,1775.1,Jefferson,97965.0,38.23873,-85.7208,6,20,33,9,3566
34602,40212,69999.0,2,1,725,4136 W MUHAMMAD ALI BLVD,Louisville,Kentucky,16548,1668.5,Jefferson,43887.0,38.26787,-85.80256,0,20,33,9,33583
21132,40207,155000.0,1,1,770,4718 WEYBRIDGE GDNS # 102,Louisville,Kentucky,29359,965.8,Jefferson,144750.0,38.26357,-85.65543,1,20,33,9,20464
11144,40214,259900.0,3,2,1868,7409 AUTUMN TRACE DR,Louisville,Kentucky,47339,1221.1,Jefferson,73925.0,38.15141,-85.78285,2,20,33,9,10751
11231,40229,379900.0,4,4,3538,5305 OLDSHIRE RD,Louisville,Kentucky,39658,874.5,Jefferson,86966.0,38.09074,-85.65597,2,20,33,9,10836
34614,40212,100000.0,3,1,1056,2309 ROWAN ST,Louisville,Kentucky,16548,1668.5,Jefferson,43887.0,38.26787,-85.80256,0,20,33,9,33595
34627,40215,79900.0,1,1,966,3738 POWELL AVE,Louisville,Kentucky,20042,2216.9,Jefferson,50338.0,38.19052,-85.78555,0,20,33,9,33608
715,40223,640000.0,3,4,2622,2105 MEADOW LANE CT,Louisville,Kentucky,23739,760.3,Jefferson,130317.0,38.26153,-85.54328,5,20,33,9,688
713,40222,695000.0,4,3,4430,6205 ORION RD,Louisville,Kentucky,21622,883.0,Jefferson,119525.0,38.26436,-85.61173,5,20,33,9,686
21111,40204,209900.0,2,1,1105,962 SAMUEL ST,Louisville,Kentucky,14591,1775.1,Jefferson,97965.0,38.23873,-85.7208,1,20,33,9,20443
34625,40215,105000.0,2,1,727,1624 CLARA AVE,Louisville,Kentucky,20042,2216.9,Jefferson,50338.0,38.19052,-85.78555,0,20,33,9,33606
21301,40219,229900.0,2,2,1188,10015 GREY HAWK DR,Louisville,Kentucky,38589,1002.7,Jefferson,66115.0,38.13907,-85.68877,1,20,33,9,20632
21445,40299,200000.0,2,2,1072,8401 AMBROSSE LN UNIT 208,Louisville,Kentucky,41448,296.5,Jefferson,103618.0,38.16319,-85.51613,1,20,33,9,20776
21333,40223,172000.0,2,1,910,12614 HIAWATHA AVE,Louisville,Kentucky,23739,760.3,Jefferson,130317.0,38.26153,-85.54328,1,20,33,9,20664
21125,40206,165000.0,2,2,855,311 CRESCENT SPRING DR,Louisville,Kentucky,20836,1377.0,Jefferson,101617.0,38.25788,-85.70205,1,20,33,9,20457
34660,40272,127000.0,3,1,975,10806 MILWAUKEE WAY,Louisville,Kentucky,38815,450.3,Jefferson,76458.0,38.08291,-85.85315,0,20,33,9,33641
34624,40215,115000.0,2,1,708,832 CAMDEN AVE,Louisville,Kentucky,20042,2216.9,Jefferson,50338.0,38.19052,-85.78555,0,20,33,9,33605
21343,40228,169900.0,2,2,1003,8447 ASPEN GLEN WAY,Louisville,Kentucky,17852,795.7,Jefferson,91928.0,38.13931,-85.62947,1,20,33,9,20674
21221,40215,149900.0,2,1,820,541 BRENTWOOD AVE,Louisville,Kentucky,20042,2216.9,Jefferson,50338.0,38.19052,-85.78555,1,20,33,9,20553
34656,40272,118500.0,3,1,934,11009 BENSON LN,Louisville,Kentucky,38815,450.3,Jefferson,76458.0,38.08291,-85.85315,0,20,33,9,33637
29221,40207,425000.0,3,2,1382,439 BAUER AVE,Louisville,Kentucky,29359,965.8,Jefferson,144750.0,38.26357,-85.65543,3,20,33,9,28365
29299,40299,449000.0,2,2,1703,14615 RESERVE PARK PL,Louisville,Kentucky,41448,296.5,Jefferson,103618.0,38.16319,-85.51613,3,20,33,9,28441
34653,40272,125000.0,4,1,1016,7115 ETHAN ALLEN WAY,Louisville,Kentucky,38815,450.3,Jefferson,76458.0,38.08291,-85.85315,0,20,33,9,33634
34636,40216,115000.0,3,1,1275,1830 MARY CATHERINE DR,Louisville,Kentucky,43749,1079.1,Jefferson,66379.0,38.18707,-85.83738,0,20,33,9,33617
21192,40214,130000.0,2,1,920,4826 S 4TH ST,Louisville,Kentucky,47339,1221.1,Jefferson,73925.0,38.15141,-85.78285,1,20,33,9,20524
722,40299,690000.0,5,3,4100,3022 GRAND LAKES DR,Louisville,Kentucky,41448,296.5,Jefferson,103618.0,38.16319,-85.51613,5,20,33,9,695
11196,40222,298000.0,3,2,1595,1220 WITAWANGA AVE,Louisville,Kentucky,21622,883.0,Jefferson,119525.0,38.26436,-85.61173,2,20,33,9,10802
29232,40220,475000.0,4,3,3391,8417 BIGGIN HILL LN,Louisville,Kentucky,34723,1750.6,Jefferson,89236.0,38.21535,-85.61794,3,20,33,9,28375
21447,40299,209900.0,2,2,1095,12202 REDSPIRE DR UNIT 101,Louisville,Kentucky,41448,296.5,Jefferson,103618.0,38.16319,-85.51613,1,20,33,9,20778
21378,40245,239900.0,2,2,1200,110 CHARLTON WYNDE DR,Louisville,Kentucky,37503,444.7,Jefferson,157305.0,38.26574,-85.45327,1,20,33,9,20709
29264,40245,390000.0,5,3,2654,17015 BOWLINE VIEW TRL,Louisville,Kentucky,37503,444.7,Jefferson,157305.0,38.26574,-85.45327,3,20,33,9,28407
21155,40211,150000.0,2,1,878,1043 CECIL AVE,Louisville,Kentucky,22167,1170.9,Jefferson,47381.0,38.23425,-85.82147,1,20,33,9,20487
11097,40205,325000.0,3,2,2008,1814 FLEMING RD,Louisville,Kentucky,25161,1410.6,Jefferson,125520.0,38.22313,-85.68275,2,20,33,9,10704
6007,40299,599900.0,5,4,4153,13902 FANCY GAP DR,Louisville,Kentucky,41448,296.5,Jefferson,103618.0,38.16319,-85.51613,4,20,33,9,5776
11131,40208,264900.0,3,2,1992,421 W HILL ST,Louisville,Kentucky,15270,2259.6,Jefferson,49805.0,38.2176,-85.7659,2,20,33,9,10738
11122,40207,375000.0,3,2,2722,3600 HILLSBORO RD,Louisville,Kentucky,29359,965.8,Jefferson,144750.0,38.26357,-85.65543,2,20,33,9,10729
29260,40243,425000.0,4,4,3335,10707 SUNDERLAND RD,Louisville,Kentucky,11953,1123.4,Jefferson,104800.0,38.23917,-85.53188,3,20,33,9,28403
21160,40211,130000.0,3,2,1513,3017 VIRGINIA AVE,Louisville,Kentucky,22167,1170.9,Jefferson,47381.0,38.23425,-85.82147,1,20,33,9,20492
21226,40215,150000.0,1,1,1154,4127 CRAIG AVE,Louisville,Kentucky,20042,2216.9,Jefferson,50338.0,38.19052,-85.78555,1,20,33,9,20558
21200,40214,227500.0,3,2,1668,3508 DORSET RD,Louisville,Kentucky,47339,1221.1,Jefferson,73925.0,38.15141,-85.78285,1,20,33,9,20532
34634,40216,82800.0,3,2,980,4203 SEARCY DR,Louisville,Kentucky,43749,1079.1,Jefferson,66379.0,38.18707,-85.83738,0,20,33,9,33615
21403,40272,182000.0,3,1,1147,5412 CEDARWOOD DR,Louisville,Kentucky,38815,450.3,Jefferson,76458.0,38.08291,-85.85315,1,20,33,9,20734
29213,40206,475000.0,3,3,2100,260 CORAL AVE,Louisville,Kentucky,20836,1377.0,Jefferson,101617.0,38.25788,-85.70205,3,20,33,9,28357
21413,40272,250000.0,3,3,3056,4500 E PAGES LN,Louisville,Kentucky,38815,450.3,Jefferson,76458.0,38.08291,-85.85315,1,20,33,9,20744
34652,40272,95000.0,3,1,950,4805 TOLEDO CT,Louisville,Kentucky,38815,450.3,Jefferson,76458.0,38.08291,-85.85315,0,20,33,9,33633
11164,40218,259000.0,4,3,2435,2504 CHARLES CT,Louisville,Kentucky,33779,1449.2,Jefferson,68470.0,38.19036,-85.65698,2,20,33,9,10770
21434,40291,154500.0,2,2,1088,9332 LOCH LEA LN # B,Louisville,Kentucky,39447,673.0,Jefferson,100587.0,38.1275,-85.57823,1,20,33,9,20765
11121,40207,350000.0,3,2,2114,231 BROWN AVE,Louisville,Kentucky,29359,965.8,Jefferson,144750.0,38.26357,-85.65543,2,20,33,9,10728
21323,40220,255000.0,3,2,1779,4208 LYNNBROOK DR,Louisville,Kentucky,34723,1750.6,Jefferson,89236.0,38.21535,-85.61794,1,20,33,9,20654
29291,40299,499000.0,4,3,2430,14611 RESERVE PARK PL,Louisville,Kentucky,41448,296.5,Jefferson,103618.0,38.16319,-85.51613,3,20,33,9,28434
21108,40204,169500.0,1,2,945,1038 BRENT ST UNIT 102,Louisville,Kentucky,14591,1775.1,Jefferson,97965.0,38.23873,-85.7208,1,20,33,9,20440
11147,40217,299900.0,3,2,1950,1000 CLARKS LN,Louisville,Kentucky,12029,1936.4,Jefferson,100051.0,38.21689,-85.73725,2,20,33,9,10754
18546,40245,899000.0,4,6,5104,2601 LOCUST HILL PL,Louisville,Kentucky,37503,444.7,Jefferson,157305.0,38.26574,-85.45327,7,20,33,9,17960
21358,40229,184900.0,3,1,900,121 BEECHLAND RD,Louisville,Kentucky,39658,874.5,Jefferson,86966.0,38.09074,-85.65597,1,20,33,9,20689
21257,40216,189000.0,3,2,1372,4412 MALCOLM RD,Louisville,Kentucky,43749,1079.1,Jefferson,66379.0,38.18707,-85.83738,1,20,33,9,20588
29222,40207,490000.0,3,2,2459,726 INDIAN RIDGE RD,Louisville,Kentucky,29359,965.8,Jefferson,144750.0,38.26357,-85.65543,3,20,33,9,28366
21196,40214,159900.0,3,1,925,103 MACKIE LN,Louisville,Kentucky,47339,1221.1,Jefferson,73925.0,38.15141,-85.78285,1,20,33,9,20528
21334,40223,143900.0,2,2,1137,712 LA FONTENAY CT,Louisville,Kentucky,23739,760.3,Jefferson,130317.0,38.26153,-85.54328,1,20,33,9,20665
29288,40299,485000.0,2,2,1703,14608 RESERVE PARK PL,Louisville,Kentucky,41448,296.5,Jefferson,103618.0,38.16319,-85.51613,3,20,33,9,28431
11236,40241,310000.0,3,2,1547,10605 FARM OAKS CT,Louisville,Kentucky,30189,890.1,Jefferson,127378.0,38.30339,-85.5774,2,20,33,9,10841
21188,40214,239900.0,4,2,1508,128 E WELLINGTON AVE,Louisville,Kentucky,47339,1221.1,Jefferson,73925.0,38.15141,-85.78285,1,20,33,9,20520
34563,40208,79900.0,2,1,812,1417 LILLIAN AVE,Louisville,Kentucky,15270,2259.6,Jefferson,49805.0,38.2176,-85.7659,0,20,33,9,33544
11089,40204,264900.0,2,2,1218,1024 E BRECKINRIDGE ST,Louisville,Kentucky,14591,1775.1,Jefferson,97965.0,38.23873,-85.7208,2,20,33,9,10696
11197,40222,299000.0,4,2,1600,1312 ETAWAH AVE,Louisville,Kentucky,21622,883.0,Jefferson,119525.0,38.26436,-85.61173,2,20,33,9,10803
725,40299,699500.0,4,3,2845,12307 VANHERR DR,Louisville,Kentucky,41448,296.5,Jefferson,103618.0,38.16319,-85.51613,5,20,33,9,698
11165,40218,365000.0,3,4,2077,7611 GADWALL WAY,Louisville,Kentucky,33779,1449.2,Jefferson,68470.0,38.19036,-85.65698,2,20,33,9,10771
11290,40291,359900.0,4,3,2792,6200 HUDSON CREEK DR,Louisville,Kentucky,39447,673.0,Jefferson,100587.0,38.1275,-85.57823,2,20,33,9,10895
34651,40241,40000.0,3,2,1040,11316 DEHAM DR,Louisville,Kentucky,30189,890.1,Jefferson,127378.0,38.30339,-85.5774,0,20,33,9,33632
11305,40299,269000.0,3,1,1215,9609 SUE HELEN DR,Louisville,Kentucky,41448,296.5,Jefferson,103618.0,38.16319,-85.51613,2,20,33,9,10910
34598,40211,96000.0,2,1,841,1114 PLATO TER,Louisville,Kentucky,22167,1170.9,Jefferson,47381.0,38.23425,-85.82147,0,20,33,9,33579
11158,40218,259990.0,3,3,1440,3712 SELMA AVE,Louisville,Kentucky,33779,1449.2,Jefferson,68470.0,38.19036,-85.65698,2,20,33,9,10764
21198,40214,129900.0,2,2,988,3200 RENWOOD BLVD APT 301,Louisville,Kentucky,47339,1221.1,Jefferson,73925.0,38.15141,-85.78285,1,20,33,9,20530
34607,40212,105000.0,3,1,2136,240 S 42ND ST,Louisville,Kentucky,16548,1668.5,Jefferson,43887.0,38.26787,-85.80256,0,20,33,9,33588
21398,40258,205000.0,2,1,1437,7019 GREENWOOD RD,Louisville,Kentucky,27430,907.0,Jefferson,77563.0,38.14514,-85.87253,1,20,33,9,20729
21368,40241,225000.0,2,2,1067,5309 ROLLING ROCK CT APT 102,Louisville,Kentucky,30189,890.1,Jefferson,127378.0,38.30339,-85.5774,1,20,33,9,20699
21383,40258,199900.0,3,1,1713,5250 JULIA RD,Louisville,Kentucky,27430,907.0,Jefferson,77563.0,38.14514,-85.87253,1,20,33,9,20714
21331,40222,165000.0,2,2,1081,1224 WESTLYNNE WAY,Louisville,Kentucky,21622,883.0,Jefferson,119525.0,38.26436,-85.61173,1,20,33,9,20662
5990,40241,579900.0,4,4,4177,4602 WOLFCREEK PKWY,Louisville,Kentucky,30189,890.1,Jefferson,127378.0,38.30339,-85.5774,4,20,33,9,5760
21290,40218,215000.0,2,1,1156,2503 PROCTOR KNOTT DR,Louisville,Kentucky,33779,1449.2,Jefferson,68470.0,38.19036,-85.65698,1,20,33,9,20621
21179,40213,249900.0,2,1,981,3302 EAGLE PASS,Louisville,Kentucky,15749,634.8,Jefferson,74959.0,38.177,-85.71571,1,20,33,9,20511
21168,40212,189900.0,1,1,720,2543 OWEN ST,Louisville,Kentucky,16548,1668.5,Jefferson,43887.0,38.26787,-85.80256,1,20,33,9,20500
21282,40218,160000.0,3,1,900,5514 RIPPLE LN,Louisville,Kentucky,33779,1449.2,Jefferson,68470.0,38.19036,-85.65698,1,20,33,9,20613
21205,40214,187500.0,3,1,1618,422 W SOUTHSIDE CT,Louisville,Kentucky,47339,1221.1,Jefferson,73925.0,38.15141,-85.78285,1,20,33,9,20537
21224,40215,219000.0,3,3,1800,1709 S WHEATMORE DR,Louisville,Kentucky,20042,2216.9,Jefferson,50338.0,38.19052,-85.78555,1,20,33,9,20556
29266,40245,472360.0,4,3,2485,4617 GOLDEN EAGLE DR,Louisville,Kentucky,37503,444.7,Jefferson,157305.0,38.26574,-85.45327,3,20,33,9,28409
21402,40272,165000.0,3,2,2141,7011 ASHBY LN,Louisville,Kentucky,38815,450.3,Jefferson,76458.0,38.08291,-85.85315,1,20,33,9,20733
21449,40299,255000.0,3,2,1841,2600 HARMONY RD,Louisville,Kentucky,41448,296.5,Jefferson,103618.0,38.16319,-85.51613,1,20,33,9,20780
21408,40272,195000.0,3,1,1028,4204 GLEN HILL MANOR DR,Louisville,Kentucky,38815,450.3,Jefferson,76458.0,38.08291,-85.85315,1,20,33,9,20739
21167,40212,165000.0,4,2,2154,2423 DUNCAN ST,Louisville,Kentucky,16548,1668.5,Jefferson,43887.0,38.26787,-85.80256,1,20,33,9,20499
11088,40203,289500.0,4,3,2065,1213 S 6TH ST,Louisville,Kentucky,17263,2302.1,Jefferson,48118.0,38.24722,-85.765,2,20,33,9,10695
21329,40222,170000.0,2,2,1115,1364 HERR LN,Louisville,Kentucky,21622,883.0,Jefferson,119525.0,38.26436,-85.61173,1,20,33,9,20660
29270,40245,419900.0,4,2,3225,2116 MEADOWS EDGE LN,Louisville,Kentucky,37503,444.7,Jefferson,157305.0,38.26574,-85.45327,3,20,33,9,28413
21309,40219,186000.0,3,1,1011,3907 CANOPUS CT,Louisville,Kentucky,38589,1002.7,Jefferson,66115.0,38.13907,-85.68877,1,20,33,9,20640
11296,40299,297000.0,2,2,1594,12302 WILDCAT WAY,Louisville,Kentucky,41448,296.5,Jefferson,103618.0,38.16319,-85.51613,2,20,33,9,10901
34609,40212,100000.0,1,1,727,3120 W JEFFERSON ST,Louisville,Kentucky,16548,1668.5,Jefferson,43887.0,38.26787,-85.80256,0,20,33,9,33590
5962,40205,525000.0,4,4,4197,1413 SYLVAN WAY,Louisville,Kentucky,25161,1410.6,Jefferson,125520.0,38.22313,-85.68275,4,20,33,9,5732
11177,40219,299000.0,4,3,2545,8404 LOU CT,Louisville,Kentucky,38589,1002.7,Jefferson,66115.0,38.13907,-85.68877,2,20,33,9,10783
34577,40210,22000.0,2,1,1250,1650 GALLAGHER ST,Louisville,Kentucky,14746,1793.6,Jefferson,44767.0,38.23161,-85.78592,0,20,33,9,33558
29286,40291,415000.0,4,3,2215,9201 HARVESTER PL,Louisville,Kentucky,39447,673.0,Jefferson,100587.0,38.1275,-85.57823,3,20,33,9,28429
717,40245,749000.0,5,5,3950,1701 MEREMONT RIDGE RD,Louisville,Kentucky,37503,444.7,Jefferson,157305.0,38.26574,-85.45327,5,20,33,9,690
11180,40220,300000.0,4,2,2514,2615 WILBURLOOK LN,Louisville,Kentucky,34723,1750.6,Jefferson,89236.0,38.21535,-85.61794,2,20,33,9,10786
11146,40216,299999.0,3,2,1667,3117 WILKIE RD,Louisville,Kentucky,43749,1079.1,Jefferson,66379.0,38.18707,-85.83738,2,20,33,9,10753
21401,40272,175500.0,3,1,1060,9805 EAST AVE,Louisville,Kentucky,38815,450.3,Jefferson,76458.0,38.08291,-85.85315,1,20,33,9,20732
34649,40222,112000.0,1,1,855,8139 LAKE AVE APT C1,Louisville,Kentucky,21622,883.0,Jefferson,119525.0,38.26436,-85.61173,0,20,33,9,33630
21144,40210,159900.0,4,1,1384,2518 W KENTUCKY ST,Louisville,Kentucky,14746,1793.6,Jefferson,44767.0,38.23161,-85.78592,1,20,33,9,20476
21242,40216,239900.0,3,2,1284,2417 THOMAS AVE,Louisville,Kentucky,43749,1079.1,Jefferson,66379.0,38.18707,-85.83738,1,20,33,9,20573
11138,40214,274900.0,3,3,2421,7714 MANSLICK RD,Louisville,Kentucky,47339,1221.1,Jefferson,73925.0,38.15141,-85.78285,2,20,33,9,10745
11109,40206,375000.0,3,2,1789,2426 CROSS HILL RD,Louisville,Kentucky,20836,1377.0,Jefferson,101617.0,38.25788,-85.70205,2,20,33,9,10716
11140,40214,298500.0,4,2,2441,4628 S 3RD ST,Louisville,Kentucky,47339,1221.1,Jefferson,73925.0,38.15141,-85.78285,2,20,33,9,10747
21318,40220,178000.0,2,2,1292,4208 BROWNS LN UNIT 301,Louisville,Kentucky,34723,1750.6,Jefferson,89236.0,38.21535,-85.61794,1,20,33,9,20649
34648,40222,79900.0,1,1,836,8139 LAKE AVE APT C7,Louisville,Kentucky,21622,883.0,Jefferson,119525.0,38.26436,-85.61173,0,20,33,9,33629
2823,40207,1070000.0,4,3,3278,4001 SAINT GERMAINE CT,Louisville,Kentucky,29359,965.8,Jefferson,144750.0,38.26357,-85.65543,8,20,33,9,2709
29237,40222,485000.0,4,4,3352,7314 WESBORO RD,Louisville,Kentucky,21622,883.0,Jefferson,119525.0,38.26436,-85.61173,3,20,33,9,28380
21214,40215,169000.0,3,2,1150,4338 LONSDALE AVE,Louisville,Kentucky,20042,2216.9,Jefferson,50338.0,38.19052,-85.78555,1,20,33,9,20546
11283,40291,280000.0,3,3,1896,8002 AVANTI WAY,Louisville,Kentucky,39447,673.0,Jefferson,100587.0,38.1275,-85.57823,2,20,33,9,10888
716,40241,725000.0,3,3,2833,3204 TEN BROECK WAY,Louisville,Kentucky,30189,890.1,Jefferson,127378.0,38.30339,-85.5774,5,20,33,9,689
11154,40217,284900.0,3,2,1428,943 EASTERN PKWY,Louisville,Kentucky,12029,1936.4,Jefferson,100051.0,38.21689,-85.73725,2,20,33,9,10761
21339,40223,185000.0,2,2,992,400 ROSEWOOD CT,Louisville,Kentucky,23739,760.3,Jefferson,130317.0,38.26153,-85.54328,1,20,33,9,20670
21173,40213,198900.0,3,1,950,5312 TUPELO PASS,Louisville,Kentucky,15749,634.8,Jefferson,74959.0,38.177,-85.71571,1,20,33,9,20505
34632,40216,122900.0,2,1,705,5409 BRAMERS CT,Louisville,Kentucky,43749,1079.1,Jefferson,66379.0,38.18707,-85.83738,0,20,33,9,33613
11092,40204,279000.0,3,2,1307,1439 QUADRANT AVE,Louisville,Kentucky,14591,1775.1,Jefferson,97965.0,38.23873,-85.7208,2,20,33,9,10699
29246,40228,482000.0,4,4,3535,6621 WOODROW WAY,Louisville,Kentucky,17852,795.7,Jefferson,91928.0,38.13931,-85.62947,3,20,33,9,28389
21336,40223,236500.0,2,2,1129,802 FOREST PARK RD,Louisville,Kentucky,23739,760.3,Jefferson,130317.0,38.26153,-85.54328,1,20,33,9,20667
11251,40245,380000.0,4,3,2352,16504 TAUNTON VALE RD,Louisville,Kentucky,37503,444.7,Jefferson,157305.0,38.26574,-85.45327,2,20,33,9,10856
34623,40215,99999.0,1,1,1021,1520 SALE AVE,Louisville,Kentucky,20042,2216.9,Jefferson,50338.0,38.19052,-85.78555,0,20,33,9,33604
11263,40258,275000.0,3,3,1630,7213 ALAMETER CT,Louisville,Kentucky,27430,907.0,Jefferson,77563.0,38.14514,-85.87253,2,20,33,9,10868
29245,40223,458000.0,2,2,2069,10722 RIVA RD,Louisville,Kentucky,23739,760.3,Jefferson,130317.0,38.26153,-85.54328,3,20,33,9,28388
11243,40241,339900.0,3,3,2300,4721 BROWNSBORO GARDENS DR,Louisville,Kentucky,30189,890.1,Jefferson,127378.0,38.30339,-85.5774,2,20,33,9,10848
21424,40291,244900.0,3,3,1530,5906 LAKE HURON CT,Louisville,Kentucky,39447,673.0,Jefferson,100587.0,38.1275,-85.57823,1,20,33,9,20755
21165,40212,165000.0,4,3,1670,4138 LARKWOOD AVE,Louisville,Kentucky,16548,1668.5,Jefferson,43887.0,38.26787,-85.80256,1,20,33,9,20497
21389,40258,220000.0,4,3,1446,8115 KERRY RD,Louisville,Kentucky,27430,907.0,Jefferson,77563.0,38.14514,-85.87253,1,20,33,9,20720
29242,40223,425000.0,2,2,1907,10603 WATERLOO WAY,Louisville,Kentucky,23739,760.3,Jefferson,130317.0,38.26153,-85.54328,3,20,33,9,28385
21297,40219,233000.0,3,3,2230,4617 GLENNA WAY,Louisville,Kentucky,38589,1002.7,Jefferson,66115.0,38.13907,-85.68877,1,20,33,9,20628
21416,40272,199900.0,3,2,2015,6605 SKYLINE DR,Louisville,Kentucky,38815,450.3,Jefferson,76458.0,38.08291,-85.85315,1,20,33,9,20747
21411,40272,131500.0,3,1,1035,9802 GANDY RD,Louisville,Kentucky,38815,450.3,Jefferson,76458.0,38.08291,-85.85315,1,20,33,9,20742
29240,40223,448000.0,2,2,2241,10500 RILE RD,Louisville,Kentucky,23739,760.3,Jefferson,130317.0,38.26153,-85.54328,3,20,33,9,28383
34626,40215,95000.0,2,1,880,3729 CENTER ST,Louisville,Kentucky,20042,2216.9,Jefferson,50338.0,38.19052,-85.78555,0,20,33,9,33607
11228,40229,339771.0,4,3,2336,8104 GATEWAY RUN RD,Louisville,Kentucky,39658,874.5,Jefferson,86966.0,38.09074,-85.65597,2,20,33,9,10833
21256,40216,204900.0,3,2,1020,5505 BINBROOK DR,Louisville,Kentucky,43749,1079.1,Jefferson,66379.0,38.18707,-85.83738,1,20,33,9,20587
718,40245,735000.0,3,3,3400,2140 LONG RUN RD,Louisville,Kentucky,37503,444.7,Jefferson,157305.0,38.26574,-85.45327,5,20,33,9,691
11174,40219,259900.0,3,2,1194,3808 SONOMA LN,Louisville,Kentucky,38589,1002.7,Jefferson,66115.0,38.13907,-85.68877,2,20,33,9,10780
21172,40212,199900.0,3,2,1064,2403 ROWAN ST,Louisville,Kentucky,16548,1668.5,Jefferson,43887.0,38.26787,-85.80256,1,20,33,9,20504
21112,40204,233500.0,2,2,1278,1105 RAMMERS AVE,Louisville,Kentucky,14591,1775.1,Jefferson,97965.0,38.23873,-85.7208,1,20,33,9,20444
11276,40291,338000.0,3,3,1992,10242 PINE GLEN CIR,Louisville,Kentucky,39447,673.0,Jefferson,100587.0,38.1275,-85.57823,2,20,33,9,10881
11091,40204,304999.0,2,1,1232,1206 BARRET AVE,Louisville,Kentucky,14591,1775.1,Jefferson,97965.0,38.23873,-85.7208,2,20,33,9,10698
11198,40222,279500.0,3,2,1550,714 KENTUCKY AVE,Louisville,Kentucky,21622,883.0,Jefferson,119525.0,38.26436,-85.61173,2,20,33,9,10804
21433,40291,239900.0,3,2,1166,8706 MOUNT EASTES LN,Louisville,Kentucky,39447,673.0,Jefferson,100587.0,38.1275,-85.57823,1,20,33,9,20764
34604,40212,40900.0,3,2,1246,3019 ROWAN ST,Louisville,Kentucky,16548,1668.5,Jefferson,43887.0,38.26787,-85.80256,0,20,33,9,33585
21438,40291,198500.0,2,2,1292,9500 MAGNOLIA RIDGE DR UNIT 104,Louisville,Kentucky,39447,673.0,Jefferson,100587.0,38.1275,-85.57823,1,20,33,9,20769
11143,40214,260000.0,4,3,2150,7408 ARAPAHO DR,Louisville,Kentucky,47339,1221.1,Jefferson,73925.0,38.15141,-85.78285,2,20,33,9,10750
34565,40208,125000.0,2,1,1050,1228 WELLER AVE,Louisville,Kentucky,15270,2259.6,Jefferson,49805.0,38.2176,-85.7659,0,20,33,9,33546
34615,40212,50000.0,1,1,722,2316 TYLER AVE,Louisville,Kentucky,16548,1668.5,Jefferson,43887.0,38.26787,-85.80256,0,20,33,9,33596
21320,40220,135000.0,2,2,1176,3030 BRECKENRIDGE LN APT 422,Louisville,Kentucky,34723,1750.6,Jefferson,89236.0,38.21535,-85.61794,1,20,33,9,20651
21308,40219,185000.0,3,2,1025,4810 ROSSMOOR DR,Louisville,Kentucky,38589,1002.7,Jefferson,66115.0,38.13907,-85.68877,1,20,33,9,20639
34588,40211,89000.0,2,1,951,1513 S 31ST ST,Louisville,Kentucky,22167,1170.9,Jefferson,47381.0,38.23425,-85.82147,0,20,33,9,33569
21137,40208,210000.0,2,2,957,1629 S 3RD ST APT 104,Louisville,Kentucky,15270,2259.6,Jefferson,49805.0,38.2176,-85.7659,1,20,33,9,20469
34568,40209,99000.0,2,2,900,210 E WAMPUM AVE,Louisville,Kentucky,465,41.5,Jefferson,45203.0,38.18492,-85.74372,0,20,33,9,33549
29282,40291,415000.0,4,3,2286,10310 LONG BARN CT,Louisville,Kentucky,39447,673.0,Jefferson,100587.0,38.1275,-85.57823,3,20,33,9,28425
3722,40245,879500.0,6,5,7451,603 WOODLAKE DR,Louisville,Kentucky,37503,444.7,Jefferson,157305.0,38.26574,-85.45327,6,20,33,9,3572
11256,40245,298000.0,4,2,1830,4706 RUSTBURG PL,Louisville,Kentucky,37503,444.7,Jefferson,157305.0,38.26574,-85.45327,2,20,33,9,10861
21338,40223,190000.0,2,2,1077,10727 COLONIAL WOODS CT,Louisville,Kentucky,23739,760.3,Jefferson,130317.0,38.26153,-85.54328,1,20,33,9,20669
21249,40216,165000.0,2,1,1008,4207 SEARCY DR,Louisville,Kentucky,43749,1079.1,Jefferson,66379.0,38.18707,-85.83738,1,20,33,9,20580
21304,40219,215900.0,3,2,2380,4401 LAMBERT RD,Louisville,Kentucky,38589,1002.7,Jefferson,66115.0,38.13907,-85.68877,1,20,33,9,20635
29224,40207,415000.0,4,3,2085,3906 ELMWOOD AVE,Louisville,Kentucky,29359,965.8,Jefferson,144750.0,38.26357,-85.65543,3,20,33,9,28367
21347,40228,229950.0,2,2,1160,8202 CARMEL VILLAGE PL # 1,Louisville,Kentucky,17852,795.7,Jefferson,91928.0,38.13931,-85.62947,1,20,33,9,20678
11171,40219,369900.0,4,3,3209,5816 PIKEWOOD RD,Louisville,Kentucky,38589,1002.7,Jefferson,66115.0,38.13907,-85.68877,2,20,33,9,10777
5961,40204,595000.0,1,2,1253,1400 WILLOW AVE APT 1001,Louisville,Kentucky,14591,1775.1,Jefferson,97965.0,38.23873,-85.7208,4,20,33,9,5731
11308,40299,315000.0,3,2,2293,2213 JANLYN RD,Louisville,Kentucky,41448,296.5,Jefferson,103618.0,38.16319,-85.51613,2,20,33,9,10913
21360,40229,169900.0,3,2,1050,419 MAJESTIC BLVD,Louisville,Kentucky,39658,874.5,Jefferson,86966.0,38.09074,-85.65597,1,20,33,9,20691
21193,40214,225000.0,2,2,1520,5101 SOUTHERN PKWY,Louisville,Kentucky,47339,1221.1,Jefferson,73925.0,38.15141,-85.78285,1,20,33,9,20525
11210,40223,375000.0,3,3,1950,12515 LILLY LN,Louisville,Kentucky,23739,760.3,Jefferson,130317.0,38.26153,-85.54328,2,20,33,9,10816
29241,40223,420000.0,4,3,3049,418 MOSER RD,Louisville,Kentucky,23739,760.3,Jefferson,130317.0,38.26153,-85.54328,3,20,33,9,28384
21152,40211,179500.0,4,2,1773,619 S 43RD ST,Louisville,Kentucky,22167,1170.9,Jefferson,47381.0,38.23425,-85.82147,1,20,33,9,20484
6004,40299,615000.0,4,4,4500,13802 HIGH TRAIL CT,Louisville,Kentucky,41448,296.5,Jefferson,103618.0,38.16319,-85.51613,4,20,33,9,5773
21295,40218,169900.0,3,1,1044,3233 WELLINGMOOR AVE,Louisville,Kentucky,33779,1449.2,Jefferson,68470.0,38.19036,-85.65698,1,20,33,9,20626
29223,40207,500000.0,3,4,4145,5104 CHARBDIN CT,Louisville,Kentucky,29359,965.8,Jefferson,144750.0,38.26357,-85.65543,3,20,33,9,5744
21109,40204,220000.0,1,2,1328,1521 CHRISTY AVE,Louisville,Kentucky,14591,1775.1,Jefferson,97965.0,38.23873,-85.7208,1,20,33,9,20441
21237,40216,249900.0,3,2,2470,2303 BURRELL DR,Louisville,Kentucky,43749,1079.1,Jefferson,66379.0,38.18707,-85.83738,1,20,33,9,20568
29217,40207,400000.0,4,2,3194,4016 BROWNLEE RD,Louisville,Kentucky,29359,965.8,Jefferson,144750.0,38.26357,-85.65543,3,20,33,9,28361
11100,40205,345000.0,3,2,2207,2511 WENDELL AVE,Louisville,Kentucky,25161,1410.6,Jefferson,125520.0,38.22313,-85.68275,2,20,33,9,10707
21317,40220,235000.0,2,1,1108,3104 DEBERA WAY,Louisville,Kentucky,34723,1750.6,Jefferson,89236.0,38.21535,-85.61794,1,20,33,9,20648
29274,40258,429900.0,4,4,4089,8314 GRANDEL FOREST WAY,Louisville,Kentucky,27430,907.0,Jefferson,77563.0,38.14514,-85.87253,3,20,33,9,28417
29220,40207,399000.0,4,2,3547,4317 FOEBURN LN,Louisville,Kentucky,29359,965.8,Jefferson,144750.0,38.26357,-85.65543,3,20,33,9,28364
21116,40204,150000.0,2,1,972,924 SHELBY PKWY,Louisville,Kentucky,14591,1775.1,Jefferson,97965.0,38.23873,-85.7208,1,20,33,9,20448
11268,40272,338500.0,4,3,2257,6902 TRAIN STATION WAY,Louisville,Kentucky,38815,450.3,Jefferson,76458.0,38.08291,-85.85315,2,20,33,9,10873
18545,40245,1000000.0,6,6,7214,14502 ASH GROVE PL,Louisville,Kentucky,37503,444.7,Jefferson,157305.0,38.26574,-85.45327,7,20,33,9,17959
29218,40207,415000.0,2,4,3129,3838 WASHINGTON SQ,Louisville,Kentucky,29359,965.8,Jefferson,144750.0,38.26357,-85.65543,3,20,33,9,28362
21379,40245,199900.0,4,2,1788,4101 NORTHUMBERLAND DR,Louisville,Kentucky,37503,444.7,Jefferson,157305.0,38.26574,-85.45327,1,20,33,9,20710
11114,40207,289000.0,2,2,1832,5701 COACH GATE WYNDE APT 44,Louisville,Kentucky,29359,965.8,Jefferson,144750.0,38.26357,-85.65543,2,20,33,9,10721
11292,40291,285000.0,4,3,1800,8103 KEIRA RIDGE CT,Louisville,Kentucky,39447,673.0,Jefferson,100587.0,38.1275,-85.57823,2,20,33,9,10897
21099,40203,140000.0,3,2,1260,520 S 20TH ST,Louisville,Kentucky,17263,2302.1,Jefferson,48118.0,38.24722,-85.765,1,20,33,9,20431
11178,40220,339000.0,3,3,2000,3226 HURSTBOURNE SPRINGS DR,Louisville,Kentucky,34723,1750.6,Jefferson,89236.0,38.21535,-85.61794,2,20,33,9,10784
21348,40229,249900.0,3,2,1141,332 BUTTERFLY LN,Louisville,Kentucky,39658,874.5,Jefferson,86966.0,38.09074,-85.65597,1,20,33,9,20679
11170,40219,304500.0,4,3,2250,1027 SARAH DR,Louisville,Kentucky,38589,1002.7,Jefferson,66115.0,38.13907,-85.68877,2,20,33,9,10776
11285,40291,269999.0,3,3,1636,9050 FERN CREEK RD,Louisville,Kentucky,39447,673.0,Jefferson,100587.0,38.1275,-85.57823,2,20,33,9,10890
21274,40217,239900.0,3,2,1200,1010 LYDIA ST,Louisville,Kentucky,12029,1936.4,Jefferson,100051.0,38.21689,-85.73725,1,20,33,9,20605
11193,40220,295000.0,3,2,1635,8807 BRITTANY DR,Louisville,Kentucky,34723,1750.6,Jefferson,89236.0,38.21535,-85.61794,2,20,33,9,10799
34580,40210,100000.0,3,1,1100,2700 ALGONQUIN PKWY,Louisville,Kentucky,14746,1793.6,Jefferson,44767.0,38.23161,-85.78592,0,20,33,9,33561
21287,40218,230000.0,3,2,1508,3751 ROUGE WAY,Louisville,Kentucky,33779,1449.2,Jefferson,68470.0,38.19036,-85.65698,1,20,33,9,20618
21189,40214,199900.0,2,1,1682,1 MAPLE CT,Louisville,Kentucky,47339,1221.1,Jefferson,73925.0,38.15141,-85.78285,1,20,33,9,20521
11181,40220,304900.0,3,2,1665,2819 BROWNS LN,Louisville,Kentucky,34723,1750.6,Jefferson,89236.0,38.21535,-85.61794,2,20,33,9,10787
5960,40204,515000.0,5,2,2565,1315 HIGHLAND AVE,Louisville,Kentucky,14591,1775.1,Jefferson,97965.0,38.23873,-85.7208,4,20,33,9,5730
11098,40205,334900.0,3,2,2001,2201 SHEFFIELD BLVD,Louisville,Kentucky,25161,1410.6,Jefferson,125520.0,38.22313,-85.68275,2,20,33,9,10705
21354,40229,235000.0,2,2,1331,9010 WHIPPOORWILL RD,Louisville,Kentucky,39658,874.5,Jefferson,86966.0,38.09074,-85.65597,1,20,33,9,20685
21177,40213,179900.0,2,1,1012,1241 SPRINGDALE DR,Louisville,Kentucky,15749,634.8,Jefferson,74959.0,38.177,-85.71571,1,20,33,9,20509
29209,40205,495000.0,3,2,2504,1819 FLEMING RD,Louisville,Kentucky,25161,1410.6,Jefferson,125520.0,38.22313,-85.68275,3,20,33,9,28353
21314,40220,239900.0,4,1,1266,3642 JOHNSTON WAY,Louisville,Kentucky,34723,1750.6,Jefferson,89236.0,38.21535,-85.61794,1,20,33,9,20645
29268,40245,389000.0,3,3,2556,14308 MICAWBER WAY,Louisville,Kentucky,37503,444.7,Jefferson,157305.0,38.26574,-85.45327,3,20,33,9,28411
21171,40212,130000.0,3,3,2517,213 N 36TH ST,Louisville,Kentucky,16548,1668.5,Jefferson,43887.0,38.26787,-85.80256,1,20,33,9,20503
29281,40291,460000.0,4,2,2404,7708 CEDAR CREEK RD,Louisville,Kentucky,39447,673.0,Jefferson,100587.0,38.1275,-85.57823,3,20,33,9,28424
21199,40214,175000.0,3,1,1100,208 MARYTENA DR,Louisville,Kentucky,47339,1221.1,Jefferson,73925.0,38.15141,-85.78285,1,20,33,9,20531
11149,40217,288000.0,2,2,1366,2605 DELOR AVE,Louisville,Kentucky,12029,1936.4,Jefferson,100051.0,38.21689,-85.73725,2,20,33,9,10756
11291,40291,299000.0,4,2,1470,5808 JANET LEE DR,Louisville,Kentucky,39447,673.0,Jefferson,100587.0,38.1275,-85.57823,2,20,33,9,10896
34621,40215,122400.0,3,2,950,1639 LONGFIELD AVE,Louisville,Kentucky,20042,2216.9,Jefferson,50338.0,38.19052,-85.78555,0,20,33,9,33602
11250,40245,270000.0,2,2,1429,106 CHARLTON WYNDE DR,Louisville,Kentucky,37503,444.7,Jefferson,157305.0,38.26574,-85.45327,2,20,33,9,10855
29284,40291,420000.0,4,3,4146,11111 HERRING CT,Louisville,Kentucky,39447,673.0,Jefferson,100587.0,38.1275,-85.57823,3,20,33,9,28427
18547,40245,900000.0,6,5,6768,309 LOCUST CREEK BLVD,Louisville,Kentucky,37503,444.7,Jefferson,157305.0,38.26574,-85.45327,7,20,33,9,17961
11255,40245,269000.0,3,2,1344,5108 MIDDLESEX DR,Louisville,Kentucky,37503,444.7,Jefferson,157305.0,38.26574,-85.45327,2,20,33,9,10860
21448,40299,225000.0,3,1,1582,3625 DELL RD,Louisville,Kentucky,41448,296.5,Jefferson,103618.0,38.16319,-85.51613,1,20,33,9,20779
34589,40211,84900.0,2,1,946,737 S 37TH ST,Louisville,Kentucky,22167,1170.9,Jefferson,47381.0,38.23425,-85.82147,0,20,33,9,33570
21175,40213,173000.0,3,1,925,5705 MARIGOLD CT,Louisville,Kentucky,15749,634.8,Jefferson,74959.0,38.177,-85.71571,1,20,33,9,20507
11160,40218,280000.0,3,2,2430,1912 ELBA DR,Louisville,Kentucky,33779,1449.2,Jefferson,68470.0,38.19036,-85.65698,2,20,33,9,10766
21128,40207,240000.0,3,1,1238,6928 AMBRIDGE CIR,Louisville,Kentucky,29359,965.8,Jefferson,144750.0,38.26357,-85.65543,1,20,33,9,20460
21233,40215,195000.0,3,2,2040,1204 LARCHMONT AVE,Louisville,Kentucky,20042,2216.9,Jefferson,50338.0,38.19052,-85.78555,1,20,33,9,20564
5989,40241,515000.0,4,3,2966,6706 SYCAMORE WOODS DR,Louisville,Kentucky,30189,890.1,Jefferson,127378.0,38.30339,-85.5774,4,20,33,9,5759
11126,40207,309900.0,3,2,1215,6705 GREEN MEADOW CT,Louisville,Kentucky,29359,965.8,Jefferson,144750.0,38.26357,-85.65543,2,20,33,9,10733
21185,40214,239000.0,3,2,1620,7516 PONY HAVEN DR,Louisville,Kentucky,47339,1221.1,Jefferson,73925.0,38.15141,-85.78285,1,20,33,9,20517
21381,40245,195000.0,3,3,1488,4536 MEADOWLARK MANOR LN,Louisville,Kentucky,37503,444.7,Jefferson,157305.0,38.26574,-85.45327,1,20,33,9,20712
21105,40203,250000.0,3,3,1350,509 E ORMSBY AVE,Louisville,Kentucky,17263,2302.1,Jefferson,48118.0,38.24722,-85.765,1,20,33,9,20437
21298,40219,180000.0,3,1,1032,3615 PINECROFT DR,Louisville,Kentucky,38589,1002.7,Jefferson,66115.0,38.13907,-85.68877,1,20,33,9,20629
21328,40222,178000.0,2,2,1003,4820 WESTMAR TER APT 7,Louisville,Kentucky,21622,883.0,Jefferson,119525.0,38.26436,-85.61173,1,20,33,9,20659
21293,40218,219999.0,3,2,1158,4223 LAMBERT AVE,Louisville,Kentucky,33779,1449.2,Jefferson,68470.0,38.19036,-85.65698,1,20,33,9,20624
29215,40206,389950.0,4,3,2101,2829 WESTMINSTER CT,Louisville,Kentucky,20836,1377.0,Jefferson,101617.0,38.25788,-85.70205,3,20,33,9,28359
6002,40291,565000.0,3,2,2053,10419 MARTINSIDE DR,Louisville,Kentucky,39447,673.0,Jefferson,100587.0,38.1275,-85.57823,4,20,33,9,5771
21253,40216,237900.0,3,2,2670,3200 WAYSIDE DR,Louisville,Kentucky,43749,1079.1,Jefferson,66379.0,38.18707,-85.83738,1,20,33,9,20584
21268,40216,164900.0,2,1,1129,1955 LEWISTON DR,Louisville,Kentucky,43749,1079.1,Jefferson,66379.0,38.18707,-85.83738,1,20,33,9,20599
21219,40215,150000.0,2,1,708,1024 DRESDEN AVE,Louisville,Kentucky,20042,2216.9,Jefferson,50338.0,38.19052,-85.78555,1,20,33,9,20551
21230,40215,149900.0,2,1,820,541 BRENTWOOD AVE,Louisville,Kentucky,20042,2216.9,Jefferson,50338.0,38.19052,-85.78555,1,20,33,9,20553
11135,40213,269995.0,3,3,1776,1234 SPRINGDALE DR,Louisville,Kentucky,15749,634.8,Jefferson,74959.0,38.177,-85.71571,2,20,33,9,10742
21385,40258,160000.0,1,1,1050,7612 BREWER DR,Louisville,Kentucky,27430,907.0,Jefferson,77563.0,38.14514,-85.87253,1,20,33,9,20716
21139,40208,170000.0,3,1,1639,511 MONTANA AVE,Louisville,Kentucky,15270,2259.6,Jefferson,49805.0,38.2176,-85.7659,1,20,33,9,20471
21419,40272,253000.0,3,2,1919,9714 NORDIC DR,Louisville,Kentucky,38815,450.3,Jefferson,76458.0,38.08291,-85.85315,1,20,33,9,20750
11175,40219,260000.0,3,2,1768,6209 JEANINE DR,Louisville,Kentucky,38589,1002.7,Jefferson,66115.0,38.13907,-85.68877,2,20,33,9,10781
21183,40214,149000.0,2,1,700,5332 BUCKNER AVE,Louisville,Kentucky,47339,1221.1,Jefferson,73925.0,38.15141,-85.78285,1,20,33,9,20515
11261,40258,259900.0,3,2,1312,8408 SUMMER HAVEN CT,Louisville,Kentucky,27430,907.0,Jefferson,77563.0,38.14514,-85.87253,2,20,33,9,10866
21332,40223,179500.0,2,3,1164,10323 SHELBYVILLE RD,Louisville,Kentucky,23739,760.3,Jefferson,130317.0,38.26153,-85.54328,1,20,33,9,20663
21322,40220,182000.0,3,2,1236,3017 SOMBER WAY,Louisville,Kentucky,34723,1750.6,Jefferson,89236.0,38.21535,-85.61794,1,20,33,9,20653
11279,40291,265000.0,3,2,2255,5306 IDLEWOOD LN,Louisville,Kentucky,39447,673.0,Jefferson,100587.0,38.1275,-85.57823,2,20,33,9,10884
21161,40211,150000.0,4,1,1494,709 HAZEL ST,Louisville,Kentucky,22167,1170.9,Jefferson,47381.0,38.23425,-85.82147,1,20,33,9,20493
11204,40223,367000.0,4,3,2268,10305 HARTLEY DR,Louisville,Kentucky,23739,760.3,Jefferson,130317.0,38.26153,-85.54328,2,20,33,9,10810
21260,40216,159900.0,3,1,1025,4406 RAVEN RIDGE DR,Louisville,Kentucky,43749,1079.1,Jefferson,66379.0,38.18707,-85.83738,1,20,33,9,20591
11112,40206,349900.0,2,2,1662,2718 MACMORE PL,Louisville,Kentucky,20836,1377.0,Jefferson,101617.0,38.25788,-85.70205,2,20,33,9,10719
5998,40245,540000.0,4,3,4201,11706 HANCOCK TRACE CT,Louisville,Kentucky,37503,444.7,Jefferson,157305.0,38.26574,-85.45327,4,20,33,9,5767
18544,40241,997000.0,6,6,5744,2903 CLIFFWYNDE TRCE,Louisville,Kentucky,30189,890.1,Jefferson,127378.0,38.30339,-85.5774,7,20,33,9,17958
21374,40245,169900.0,2,2,945,12417 KIAWAH CT,Louisville,Kentucky,37503,444.7,Jefferson,157305.0,38.26574,-85.45327,1,20,33,9,20705
21122,40206,254500.0,2,1,1406,167 POPE ST,Louisville,Kentucky,20836,1377.0,Jefferson,101617.0,38.25788,-85.70205,1,20,33,9,20454
11295,40299,312000.0,3,3,2129,9705 LYRIC LN,Louisville,Kentucky,41448,296.5,Jefferson,103618.0,38.16319,-85.51613,2,20,33,9,10900
21305,40219,219900.0,3,1,1020,4610 MILES LN,Louisville,Kentucky,38589,1002.7,Jefferson,66115.0,38.13907,-85.68877,1,20,33,9,20636
11200,40222,310000.0,3,2,2062,523 VINELEAF DR,Louisville,Kentucky,21622,883.0,Jefferson,119525.0,38.26436,-85.61173,2,20,33,9,10806
21396,40258,191900.0,3,2,1247,6113 MANSE DR,Louisville,Kentucky,27430,907.0,Jefferson,77563.0,38.14514,-85.87253,1,20,33,9,20727
21435,40291,149999.0,2,2,876,7054 WILDWOOD CIR APT 114,Louisville,Kentucky,39447,673.0,Jefferson,100587.0,38.1275,-85.57823,1,20,33,9,20766
11267,40272,324900.0,3,3,2825,12123 PLEASURE LN,Louisville,Kentucky,38815,450.3,Jefferson,76458.0,38.08291,-85.85315,2,20,33,9,10872
11107,40206,350000.0,3,3,1765,750 ZORN AVE APT 25,Louisville,Kentucky,20836,1377.0,Jefferson,101617.0,38.25788,-85.70205,2,20,33,9,10714
34629,40215,82000.0,1,1,800,4137 LA SALLE AVE,Louisville,Kentucky,20042,2216.9,Jefferson,50338.0,38.19052,-85.78555,0,20,33,9,33610
34564,40208,115000.0,3,1,980,1116 ALGONQUIN PKWY,Louisville,Kentucky,15270,2259.6,Jefferson,49805.0,38.2176,-85.7659,0,20,33,9,33545
21231,40215,139950.0,2,1,1000,3659 WHEELER AVE,Louisville,Kentucky,20042,2216.9,Jefferson,50338.0,38.19052,-85.78555,1,20,33,9,20562
11104,40205,335900.0,2,1,1527,1923 RICHMOND DR,Louisville,Kentucky,25161,1410.6,Jefferson,125520.0,38.22313,-85.68275,2,20,33,9,10711
21127,40207,246000.0,2,2,1297,3812 WASHINGTON SQ APT 4,Louisville,Kentucky,29359,965.8,Jefferson,144750.0,38.26357,-85.65543,1,20,33,9,20459
21361,40229,214900.0,3,1,1050,4201 KURTZ AVE,Louisville,Kentucky,39658,874.5,Jefferson,86966.0,38.09074,-85.65597,1,20,33,9,20692
11233,40229,345000.0,4,3,2176,11625 GOSLING SHOALS WAY,Louisville,Kentucky,39658,874.5,Jefferson,86966.0,38.09074,-85.65597,2,20,33,9,10838
34622,40215,79000.0,2,1,700,3463 GLENDALE AVE,Louisville,Kentucky,20042,2216.9,Jefferson,50338.0,38.19052,-85.78555,0,20,33,9,33603
21246,40216,134900.0,3,1,945,1920 GARRS LN,Louisville,Kentucky,43749,1079.1,Jefferson,66379.0,38.18707,-85.83738,1,20,33,9,20577
29202,40203,425000.0,5,4,4500,1260 S BROOK ST,Louisville,Kentucky,17263,2302.1,Jefferson,48118.0,38.24722,-85.765,3,20,33,9,28346
11215,40228,315000.0,3,3,1922,7409 ROME BEAUTY PL,Louisville,Kentucky,17852,795.7,Jefferson,91928.0,38.13931,-85.62947,2,20,33,9,10821
11206,40223,290000.0,3,3,1664,2202 EASTBRIDGE CT,Louisville,Kentucky,23739,760.3,Jefferson,130317.0,38.26153,-85.54328,2,20,33,9,10812
29225,40207,398900.0,3,3,1714,221 CORNELL PL,Louisville,Kentucky,29359,965.8,Jefferson,144750.0,38.26357,-85.65543,3,20,33,9,28368
34611,40212,86200.0,3,1,1271,323 N 38TH ST,Louisville,Kentucky,16548,1668.5,Jefferson,43887.0,38.26787,-85.80256,0,20,33,9,33592
29203,40204,400000.0,3,3,1711,1319 BELLWOOD AVE,Louisville,Kentucky,14591,1775.1,Jefferson,97965.0,38.23873,-85.7208,3,20,33,9,28347
29298,40299,460000.0,4,4,3515,3417 STARA CT,Louisville,Kentucky,41448,296.5,Jefferson,103618.0,38.16319,-85.51613,3,20,33,9,28440
5975,40207,589000.0,4,3,3200,130 BROWN AVE,Louisville,Kentucky,29359,965.8,Jefferson,144750.0,38.26357,-85.65543,4,20,33,9,5745
11218,40229,259900.0,3,1,1900,768 N LAKEVIEW DR,Louisville,Kentucky,39658,874.5,Jefferson,86966.0,38.09074,-85.65597,2,20,33,9,10824
34641,40218,125000.0,2,2,947,102 ALGIERS CT APT 2,Louisville,Kentucky,33779,1449.2,Jefferson,68470.0,38.19036,-85.65698,0,20,33,9,33622
11212,40228,274500.0,4,3,1908,6403 OCHO RIOS CT,Louisville,Kentucky,17852,795.7,Jefferson,91928.0,38.13931,-85.62947,2,20,33,9,10818
5983,40223,510000.0,4,3,3063,11002 FOX MOORE CT,Louisville,Kentucky,23739,760.3,Jefferson,130317.0,38.26153,-85.54328,4,20,33,9,5753
21232,40215,172000.0,3,2,1248,3775 CRAIG AVE,Louisville,Kentucky,20042,2216.9,Jefferson,50338.0,38.19052,-85.78555,1,20,33,9,20563
29293,40299,475000.0,4,3,2430,14607 RESERVE PARK PL,Louisville,Kentucky,41448,296.5,Jefferson,103618.0,38.16319,-85.51613,3,20,33,9,28435
5969,40207,599000.0,3,2,2462,518 COUNTRY LN,Louisville,Kentucky,29359,965.8,Jefferson,144750.0,38.26357,-85.65543,4,20,33,9,5739
34569,40210,50000.0,2,1,858,1719 BOLLING AVE,Louisville,Kentucky,14746,1793.6,Jefferson,44767.0,38.23161,-85.78592,0,20,33,9,33550
11108,40206,365000.0,2,2,2897,1968 PAYNE ST,Louisville,Kentucky,20836,1377.0,Jefferson,101617.0,38.25788,-85.70205,2,20,33,9,10715
29290,40299,475000.0,4,3,2430,14605 RESERVE PARK PL,Louisville,Kentucky,41448,296.5,Jefferson,103618.0,38.16319,-85.51613,3,20,33,9,28433
5995,40245,550000.0,3,3,1932,416 BUCKLAND TRCE,Louisville,Kentucky,37503,444.7,Jefferson,157305.0,38.26574,-85.45327,4,20,33,9,5765
11184,40220,285000.0,3,2,2289,2803 SHEILA DR,Louisville,Kentucky,34723,1750.6,Jefferson,89236.0,38.21535,-85.61794,2,20,33,9,10790
11166,40218,322900.0,3,2,2120,1928 BUECHEL BANK RD,Louisville,Kentucky,33779,1449.2,Jefferson,68470.0,38.19036,-85.65698,2,20,33,9,10772
21097,40202,250000.0,1,1,1008,711 W MAIN ST APT D,Louisville,Kentucky,7444,1780.0,Jefferson,56871.0,38.25288,-85.75205,1,20,33,9,20429
21321,40220,229000.0,4,2,2259,3138 SUDBURY LN,Louisville,Kentucky,34723,1750.6,Jefferson,89236.0,38.21535,-85.61794,1,20,33,9,20652
21439,40291,227000.0,4,2,1410,7012 MONTY LN,Louisville,Kentucky,39447,673.0,Jefferson,100587.0,38.1275,-85.57823,1,20,33,9,20770
21208,40215,144900.0,3,1,871,1532 SHINGO AVE,Louisville,Kentucky,20042,2216.9,Jefferson,50338.0,38.19052,-85.78555,1,20,33,9,20540
21353,40229,230000.0,3,2,1124,9509 COOPER CHASE CT,Louisville,Kentucky,39658,874.5,Jefferson,86966.0,38.09074,-85.65597,1,20,33,9,20684
21277,40217,205000.0,2,2,1200,1033 MULBERRY ST,Louisville,Kentucky,12029,1936.4,Jefferson,100051.0,38.21689,-85.73725,1,20,33,9,20608
21136,40208,135000.0,3,1,900,1130 LINCOLN AVE,Louisville,Kentucky,15270,2259.6,Jefferson,49805.0,38.2176,-85.7659,1,20,33,9,20468
21414,40272,219900.0,4,2,1644,13507 GREYSTONE AVE,Louisville,Kentucky,38815,450.3,Jefferson,76458.0,38.08291,-85.85315,1,20,33,9,20745
21311,40220,250000.0,4,2,1924,3608 BRAD CT,Louisville,Kentucky,34723,1750.6,Jefferson,89236.0,38.21535,-85.61794,1,20,33,9,20642
21273,40217,135000.0,3,2,1058,945 GOSS AVE,Louisville,Kentucky,12029,1936.4,Jefferson,100051.0,38.21689,-85.73725,1,20,33,9,20604
11183,40220,275000.0,3,2,1527,3127 KAYE LAWN DR,Louisville,Kentucky,34723,1750.6,Jefferson,89236.0,38.21535,-85.61794,2,20,33,9,10789
11086,40203,279900.0,3,2,1371,1100 S SHELBY ST,Louisville,Kentucky,17263,2302.1,Jefferson,48118.0,38.24722,-85.765,2,20,33,9,10693
34570,40210,89900.0,2,1,765,1627 BERNHEIM LN,Louisville,Kentucky,14746,1793.6,Jefferson,44767.0,38.23161,-85.78592,0,20,33,9,33551
11116,40207,270000.0,2,2,2229,4197 BLENHEIM RD,Louisville,Kentucky,29359,965.8,Jefferson,144750.0,38.26357,-85.65543,2,20,33,9,10723
21410,40272,189900.0,4,1,2675,1902 FLORADORA DR,Louisville,Kentucky,38815,450.3,Jefferson,76458.0,38.08291,-85.85315,1,20,33,9,20741
21261,40216,191900.0,3,1,1050,1526 CORNETTE WAY,Louisville,Kentucky,43749,1079.1,Jefferson,66379.0,38.18707,-85.83738,1,20,33,9,20592
29234,40220,390000.0,4,2,2477,4109 BERKSHIRE AVE,Louisville,Kentucky,34723,1750.6,Jefferson,89236.0,38.21535,-85.61794,3,20,33,9,28377
21440,40291,225000.0,3,2,1562,8615 GLASER LN,Louisville,Kentucky,39447,673.0,Jefferson,100587.0,38.1275,-85.57823,1,20,33,9,20771
21181,40213,174900.0,4,1,1470,5211 ILEX AVE,Louisville,Kentucky,15749,634.8,Jefferson,74959.0,38.177,-85.71571,1,20,33,9,20513
29272,40245,400000.0,4,3,2688,17013 BOWLINE VIEW TRL,Louisville,Kentucky,37503,444.7,Jefferson,157305.0,38.26574,-85.45327,3,20,33,9,28415
34633,40216,125000.0,2,1,825,2406 ELMORE ST,Louisville,Kentucky,43749,1079.1,Jefferson,66379.0,38.18707,-85.83738,0,20,33,9,33614
34644,40218,84000.0,1,1,687,3508 LODGE LN APT 123,Louisville,Kentucky,33779,1449.2,Jefferson,68470.0,38.19036,-85.65698,0,20,33,9,33625
21186,40214,254900.0,3,2,1750,2214 DE MEL AVE,Louisville,Kentucky,47339,1221.1,Jefferson,73925.0,38.15141,-85.78285,1,20,33,9,20518
11309,40299,325000.0,3,2,2849,3004 GLEESON LN,Louisville,Kentucky,41448,296.5,Jefferson,103618.0,38.16319,-85.51613,2,20,33,9,10914
21213,40215,130000.0,2,1,816,1326 HASKIN AVE,Louisville,Kentucky,20042,2216.9,Jefferson,50338.0,38.19052,-85.78555,1,20,33,9,20545
34639,40217,110000.0,2,1,896,903 GOSS AVE,Louisville,Kentucky,12029,1936.4,Jefferson,100051.0,38.21689,-85.73725,0,20,33,9,33620
34578,40210,69900.0,2,1,708,1935 BEECH ST,Louisville,Kentucky,14746,1793.6,Jefferson,44767.0,38.23161,-85.78592,0,20,33,9,33559
29287,40299,425000.0,4,3,3464,4405 SARATOGA HILL RD,Louisville,Kentucky,41448,296.5,Jefferson,103618.0,38.16319,-85.51613,3,20,33,9,28430
21393,40258,250000.0,3,2,1900,5226 PLANET DR,Louisville,Kentucky,27430,907.0,Jefferson,77563.0,38.14514,-85.87253,1,20,33,9,20724
21420,40272,175000.0,3,1,1044,13313 BESSELS BLVD,Louisville,Kentucky,38815,450.3,Jefferson,76458.0,38.08291,-85.85315,1,20,33,9,20751
34612,40212,90000.0,2,1,1582,129 S 39TH ST,Louisville,Kentucky,16548,1668.5,Jefferson,43887.0,38.26787,-85.80256,0,20,33,9,33593
21141,40209,134995.0,3,1,983,4418 ALLMOND AVE,Louisville,Kentucky,465,41.5,Jefferson,45203.0,38.18492,-85.74372,1,20,33,9,20473
21098,40203,160000.0,1,1,992,717 E ORMSBY AVE,Louisville,Kentucky,17263,2302.1,Jefferson,48118.0,38.24722,-85.765,1,20,33,9,20430
29262,40243,410000.0,4,4,2989,11705 CHERRY POINT CIR,Louisville,Kentucky,11953,1123.4,Jefferson,104800.0,38.23917,-85.53188,3,20,33,9,28405
11142,40214,349900.0,3,5,3877,4206 SOUTHERN PKWY,Louisville,Kentucky,47339,1221.1,Jefferson,73925.0,38.15141,-85.78285,2,20,33,9,10749
21369,40242,229900.0,3,3,1328,9007 RILEY AVE,Louisville,Kentucky,10982,1482.8,Jefferson,101584.0,38.27639,-85.59042,1,20,33,9,20700
5971,40207,525000.0,3,3,2241,4101 WINCHESTER RD,Louisville,Kentucky,29359,965.8,Jefferson,144750.0,38.26357,-85.65543,4,20,33,9,5741
21182,40213,229500.0,2,3,2436,3508 NELLIE BLY DR,Louisville,Kentucky,15749,634.8,Jefferson,74959.0,38.177,-85.71571,1,20,33,9,20514
29207,40205,395000.0,4,3,2450,1877 PRINCETON DR,Louisville,Kentucky,25161,1410.6,Jefferson,125520.0,38.22313,-85.68275,3,20,33,9,28351
21326,40222,205000.0,2,1,896,605 WASHBURN AVE,Louisville,Kentucky,21622,883.0,Jefferson,119525.0,38.26436,-85.61173,1,20,33,9,20657
21211,40215,224900.0,3,2,1484,1706 COLSTERWORTH LN,Louisville,Kentucky,20042,2216.9,Jefferson,50338.0,38.19052,-85.78555,1,20,33,9,20543
34642,40218,105000.0,2,1,897,3501 PARAGON CT UNIT 36,Louisville,Kentucky,33779,1449.2,Jefferson,68470.0,38.19036,-85.65698,0,20,33,9,33623
11179,40220,300000.0,3,2,2358,3107 MARLIN RD,Louisville,Kentucky,34723,1750.6,Jefferson,89236.0,38.21535,-85.61794,2,20,33,9,10785
11106,40206,315000.0,1,1,1113,129 N BIRCHWOOD AVE,Louisville,Kentucky,20836,1377.0,Jefferson,101617.0,38.25788,-85.70205,2,20,33,9,10713
21096,40202,201500.0,1,1,836,639 E JEFFERSON ST UNIT 108,Louisville,Kentucky,7444,1780.0,Jefferson,56871.0,38.25288,-85.75205,1,20,33,9,20428
34617,40214,120000.0,1,1,865,7315 SAINT ANDREWS WOODS CIR UNIT 103,Louisville,Kentucky,47339,1221.1,Jefferson,73925.0,38.15141,-85.78285,0,20,33,9,33598
21412,40272,187500.0,3,2,1700,13303 MEADOWLAWN DR,Louisville,Kentucky,38815,450.3,Jefferson,76458.0,38.08291,-85.85315,1,20,33,9,20743
29257,40242,475000.0,4,3,3224,9007 WILLOW SPRINGS DR,Louisville,Kentucky,10982,1482.8,Jefferson,101584.0,38.27639,-85.59042,3,20,33,9,28400
21207,40214,217000.0,3,2,1847,5343 NEW CUT RD,Louisville,Kentucky,47339,1221.1,Jefferson,73925.0,38.15141,-85.78285,1,20,33,9,20539
29256,40242,420000.0,4,3,3672,9105 GLOVER LN,Louisville,Kentucky,10982,1482.8,Jefferson,101584.0,38.27639,-85.59042,3,20,33,9,28399
11125,40207,259000.0,2,1,798,217 MCARTHUR DR,Louisville,Kentucky,29359,965.8,Jefferson,144750.0,38.26357,-85.65543,2,20,33,9,10732
11195,40222,359900.0,3,2,1500,124 ARTERBURN DR,Louisville,Kentucky,21622,883.0,Jefferson,119525.0,38.26436,-85.61173,2,20,33,9,10801
21124,40206,146500.0,2,1,756,114 CRESCENT AVE APT A1,Louisville,Kentucky,20836,1377.0,Jefferson,101617.0,38.25788,-85.70205,1,20,33,9,20456
29211,40205,430000.0,3,3,3148,3115 KIPLING WAY,Louisville,Kentucky,25161,1410.6,Jefferson,125520.0,38.22313,-85.68275,3,20,33,9,28355
21228,40215,154900.0,2,1,1321,4850 BELLEVUE AVE,Louisville,Kentucky,20042,2216.9,Jefferson,50338.0,38.19052,-85.78555,1,20,33,9,20560
3718,40207,799000.0,4,4,3182,529 CLUB LN,Louisville,Kentucky,29359,965.8,Jefferson,144750.0,38.26357,-85.65543,6,20,33,9,3568
21143,40210,145000.0,3,2,1250,2315 GREENWOOD AVE,Louisville,Kentucky,14746,1793.6,Jefferson,44767.0,38.23161,-85.78592,1,20,33,9,20475
21250,40216,175500.0,3,1,1575,3428 RICHMONT RD,Louisville,Kentucky,43749,1079.1,Jefferson,66379.0,38.18707,-85.83738,1,20,33,9,20581
11134,40213,299900.0,2,2,2231,1400 FALCON DR,Louisville,Kentucky,15749,634.8,Jefferson,74959.0,38.177,-85.71571,2,20,33,9,10741
11201,40222,287000.0,3,2,1500,1515 HELMRIDGE CT,Louisville,Kentucky,21622,883.0,Jefferson,119525.0,38.26436,-85.61173,2,20,33,9,10807
11247,40242,357450.0,4,3,2096,1706 JEFFERSON AVE,Louisville,Kentucky,10982,1482.8,Jefferson,101584.0,38.27639,-85.59042,2,20,33,9,10852
21118,40205,225000.0,3,1,1066,2645 GARDINER LN,Louisville,Kentucky,25161,1410.6,Jefferson,125520.0,38.22313,-85.68275,1,20,33,9,20450
21178,40213,169900.0,3,2,1053,3502 E INDIAN TRL,Louisville,Kentucky,15749,634.8,Jefferson,74959.0,38.177,-85.71571,1,20,33,9,20510
21220,40215,154000.0,3,2,1200,1319 OAKWOOD AVE,Louisville,Kentucky,20042,2216.9,Jefferson,50338.0,38.19052,-85.78555,1,20,33,9,20552
34605,40212,125000.0,3,2,4200,2501 W MARKET ST,Louisville,Kentucky,16548,1668.5,Jefferson,43887.0,38.26787,-85.80256,0,20,33,9,33586
11102,40205,299000.0,3,1,1402,2934 CURRAN RD,Louisville,Kentucky,25161,1410.6,Jefferson,125520.0,38.22313,-85.68275,2,20,33,9,10709
34603,40212,49995.0,1,1,744,3845 W MUHAMMAD ALI BLVD,Louisville,Kentucky,16548,1668.5,Jefferson,43887.0,38.26787,-85.80256,0,20,33,9,33584
11182,40220,365000.0,4,3,3054,3320 BREAUX DR,Louisville,Kentucky,34723,1750.6,Jefferson,89236.0,38.21535,-85.61794,2,20,33,9,10788
11214,40228,290000.0,4,3,2377,6407 OCHO RIOS CT,Louisville,Kentucky,17852,795.7,Jefferson,91928.0,38.13931,-85.62947,2,20,33,9,10820
712,40222,699900.0,4,4,4169,711 BEDFORDSHIRE RD,Louisville,Kentucky,21622,883.0,Jefferson,119525.0,38.26436,-85.61173,5,20,33,9,685
6006,40299,530000.0,3,3,2032,12126 CYPRESS RIDGE DR,Louisville,Kentucky,41448,296.5,Jefferson,103618.0,38.16319,-85.51613,4,20,33,9,5775
29226,40207,450000.0,2,2,1965,5900 CREIGHTON HILL RD APT 223,Louisville,Kentucky,29359,965.8,Jefferson,144750.0,38.26357,-85.65543,3,20,33,9,28369
21113,40204,249900.0,2,1,1389,1204 FISCHER AVE,Louisville,Kentucky,14591,1775.1,Jefferson,97965.0,38.23873,-85.7208,1,20,33,9,20445
36478,40204,1375000.0,5,4,5236,1315 CHEROKEE RD,Louisville,Kentucky,14591,1775.1,Jefferson,97965.0,38.23873,-85.7208,10,20,33,9,35433
11278,40291,350000.0,4,3,2080,7919 CULTIVATOR CT,Louisville,Kentucky,39447,673.0,Jefferson,100587.0,38.1275,-85.57823,2,20,33,9,10883
34613,40212,90000.0,1,1,943,421 N 38TH ST,Louisville,Kentucky,16548,1668.5,Jefferson,43887.0,38.26787,-85.80256,0,20,33,9,33594
29219,40207,389000.0,3,2,2477,311 BRECKENRIDGE LN,Louisville,Kentucky,29359,965.8,Jefferson,144750.0,38.26357,-85.65543,3,20,33,9,28363
11133,40213,299900.0,3,3,2549,1204 LARUE AVE,Louisville,Kentucky,15749,634.8,Jefferson,74959.0,38.177,-85.71571,2,20,33,9,10740
11294,40299,312500.0,3,3,1970,10915 ASPENVIEW CT,Louisville,Kentucky,41448,296.5,Jefferson,103618.0,38.16319,-85.51613,2,20,33,9,10899
21330,40222,250000.0,4,2,1443,1213 ORMSBY LN,Louisville,Kentucky,21622,883.0,Jefferson,119525.0,38.26436,-85.61173,1,20,33,9,20661
3721,40245,799990.0,5,5,4747,1908 ARNOLD PALMER BLVD,Louisville,Kentucky,37503,444.7,Jefferson,157305.0,38.26574,-85.45327,6,20,33,9,3571
11258,40245,350000.0,3,2,2020,1907 CARABINER WAY,Louisville,Kentucky,37503,444.7,Jefferson,157305.0,38.26574,-85.45327,2,20,33,9,10863
21444,40299,204900.0,3,1,1072,10017 CARDIGAN DR,Louisville,Kentucky,41448,296.5,Jefferson,103618.0,38.16319,-85.51613,1,20,33,9,20775
11139,40214,279000.0,4,3,2700,2401 HIGH PINE DR,Louisville,Kentucky,47339,1221.1,Jefferson,73925.0,38.15141,-85.78285,2,20,33,9,10746
34573,40210,99000.0,3,1,1100,1332 S 26TH ST,Louisville,Kentucky,14746,1793.6,Jefferson,44767.0,38.23161,-85.78592,0,20,33,9,33554
21405,40272,190000.0,3,2,1160,5004 VENTURA LN,Louisville,Kentucky,38815,450.3,Jefferson,76458.0,38.08291,-85.85315,1,20,33,9,20736
5982,40222,625000.0,4,4,6780,917 COLONEL ANDERSON PKWY,Louisville,Kentucky,21622,883.0,Jefferson,119525.0,38.26436,-85.61173,4,20,33,9,5752
21341,40228,174900.0,2,2,1152,7908 GRAND CASCADE DR,Louisville,Kentucky,17852,795.7,Jefferson,91928.0,38.13931,-85.62947,1,20,33,9,20672
29231,40217,389900.0,4,3,1500,727 N BARBEE WAY,Louisville,Kentucky,12029,1936.4,Jefferson,100051.0,38.21689,-85.73725,3,20,33,9,28374
704,40204,682000.0,2,2,1641,1400 WILLOW AVE APT 1608,Louisville,Kentucky,14591,1775.1,Jefferson,97965.0,38.23873,-85.7208,5,20,33,9,677
29295,40299,400000.0,3,2,1996,13715 REHL RD,Louisville,Kentucky,41448,296.5,Jefferson,103618.0,38.16319,-85.51613,3,20,33,9,28437
11273,40272,355000.0,3,3,3243,3717 WHITEHALL CT,Louisville,Kentucky,38815,450.3,Jefferson,76458.0,38.08291,-85.85315,2,20,33,9,10878
11189,40220,360000.0,3,3,3313,4304 MOUNT VERNON RD,Louisville,Kentucky,34723,1750.6,Jefferson,89236.0,38.21535,-85.61794,2,20,33,9,10795
21345,40228,235000.0,3,3,1516,5925 BRANDON DUNES DR,Louisville,Kentucky,17852,795.7,Jefferson,91928.0,38.13931,-85.62947,1,20,33,9,20676
21142,40210,160000.0,3,1,2278,2115 OREGON AVE,Louisville,Kentucky,14746,1793.6,Jefferson,44767.0,38.23161,-85.78592,1,20,33,9,20474
34643,40218,65000.0,2,1,888,3507 PARAGON CT UNIT 11,Louisville,Kentucky,33779,1449.2,Jefferson,68470.0,38.19036,-85.65698,0,20,33,9,33624
11207,40223,374900.0,2,4,2649,114 PROMENADE CT,Louisville,Kentucky,23739,760.3,Jefferson,130317.0,38.26153,-85.54328,2,20,33,9,10813
21275,40217,165000.0,3,2,1612,905 GOSS AVE,Louisville,Kentucky,12029,1936.4,Jefferson,100051.0,38.21689,-85.73725,1,20,33,9,20606
34618,40214,120000.0,1,1,863,7315 SAINT ANDREWS WOODS CIR UNIT 208,Louisville,Kentucky,47339,1221.1,Jefferson,73925.0,38.15141,-85.78285,0,20,33,9,33599
21146,40210,135000.0,3,1,1599,2333 GREENWOOD AVE,Louisville,Kentucky,14746,1793.6,Jefferson,44767.0,38.23161,-85.78592,1,20,33,9,20478
34635,40216,100000.0,2,1,910,2509 RALPH AVE,Louisville,Kentucky,43749,1079.1,Jefferson,66379.0,38.18707,-85.83738,0,20,33,9,33616
11187,40220,305000.0,3,3,1962,2708 BRADFORD GROVE LN,Louisville,Kentucky,34723,1750.6,Jefferson,89236.0,38.21535,-85.61794,2,20,33,9,10793
5999,40245,549000.0,4,4,4206,15203 ABINGTON RIDGE PL,Louisville,Kentucky,37503,444.7,Jefferson,157305.0,38.26574,-85.45327,4,20,33,9,5768
21296,40218,215000.0,3,1,1450,4002 CAROL RD,Louisville,Kentucky,33779,1449.2,Jefferson,68470.0,38.19036,-85.65698,1,20,33,9,20627
5987,40241,589000.0,3,3,2230,8619 BROECKER BLVD,Louisville,Kentucky,30189,890.1,Jefferson,127378.0,38.30339,-85.5774,4,20,33,9,5757
11280,40291,275000.0,2,2,1615,10718 GLENMARY SPRINGS DR,Louisville,Kentucky,39447,673.0,Jefferson,100587.0,38.1275,-85.57823,2,20,33,9,10885
21371,40243,219500.0,2,2,1393,1304 PICKINGS PL UNIT 102,Louisville,Kentucky,11953,1123.4,Jefferson,104800.0,38.23917,-85.53188,1,20,33,9,20702
21315,40220,240000.0,3,1,1175,2827 DELL BROOKE AVE,Louisville,Kentucky,34723,1750.6,Jefferson,89236.0,38.21535,-85.61794,1,20,33,9,20646
724,40299,644900.0,6,5,5000,5510 VALLEY PARK DR,Louisville,Kentucky,41448,296.5,Jefferson,103618.0,38.16319,-85.51613,5,20,33,9,697
34581,40210,55000.0,3,2,1439,2315 W GAULBERT AVE,Louisville,Kentucky,14746,1793.6,Jefferson,44767.0,38.23161,-85.78592,0,20,33,9,33562
3719,40223,870000.0,4,4,4094,1 ANCHORAGE POINTE,Louisville,Kentucky,23739,760.3,Jefferson,130317.0,38.26153,-85.54328,6,20,33,9,3569
34654,40272,119500.0,3,1,881,10912 GRAFTON HALL RD,Louisville,Kentucky,38815,450.3,Jefferson,76458.0,38.08291,-85.85315,0,20,33,9,33635
11245,40242,360000.0,3,2,2226,2823 KENNERSLEY DR,Louisville,Kentucky,10982,1482.8,Jefferson,101584.0,38.27639,-85.59042,2,20,33,9,10850
21162,40211,215000.0,3,2,1430,3012 LIKENS AVE,Louisville,Kentucky,22167,1170.9,Jefferson,47381.0,38.23425,-85.82147,1,20,33,9,20494
21262,40216,229999.0,3,2,2000,6200 DERRICK DR,Louisville,Kentucky,43749,1079.1,Jefferson,66379.0,38.18707,-85.83738,1,20,33,9,20593
11235,40241,290000.0,2,2,1410,4938 MERTON SQ,Louisville,Kentucky,30189,890.1,Jefferson,127378.0,38.30339,-85.5774,2,20,33,9,10840
11227,40229,314900.0,3,3,1731,6707 BROOK BEND WAY,Louisville,Kentucky,39658,874.5,Jefferson,86966.0,38.09074,-85.65597,2,20,33,9,10832
21170,40212,135000.0,2,1,1360,306 N 41ST ST,Louisville,Kentucky,16548,1668.5,Jefferson,43887.0,38.26787,-85.80256,1,20,33,9,20502
11151,40217,269499.0,2,2,1700,610 HARRISON AVE,Louisville,Kentucky,12029,1936.4,Jefferson,100051.0,38.21689,-85.73725,2,20,33,9,10758
29261,40243,399900.0,4,3,2566,12104 EDENWOOD DR,Louisville,Kentucky,11953,1123.4,Jefferson,104800.0,38.23917,-85.53188,3,20,33,9,28404
