Unnamed: 0,Zip Code,Price,Beds,Baths,Living Space,Address,City,State,Zip Code Population,Zip Code Density,County,Median Household Income,Latitude,Longitude,price_label,county_num,city_num,state_num,address_num
9013,19146,275000.0,4,1,1720,1533 S CARLISLE ST,Philadelphia,Pennsylvania,40983,9178.7,Philadelphia,129271.0,39.93917,-75.18398,2,6,18,1,8697
34178,19144,72000.0,2,1,74340,5720 WISSAHICKON AVE APT B10,Philadelphia,Pennsylvania,46854,5041.4,Philadelphia,61854.0,40.03278,-75.17523,0,6,18,1,33161
9032,19148,319000.0,3,2,1328,2236 S 13TH ST,Philadelphia,Pennsylvania,51010,4652.6,Philadelphia,89150.0,39.91175,-75.1514,2,6,18,1,8716
8945,19128,319000.0,2,2,1015,6160 LAWNTON ST,Philadelphia,Pennsylvania,38840,2147.0,Philadelphia,107171.0,40.05003,-75.23003,2,6,18,1,8632
5086,19125,590000.0,3,4,1785,2550 SALMON ST,Philadelphia,Pennsylvania,24948,7123.8,Philadelphia,115644.0,39.97611,-75.12472,4,6,18,1,4883
19691,19130,249000.0,1,1,938,2601 PENNSYLVANIA AVE APT 742,Philadelphia,Pennsylvania,29378,9166.1,Philadelphia,138891.0,39.9676,-75.17495,1,6,18,1,19069
5097,19147,595000.0,3,3,3000,740 S COLUMBUS BLVD UNIT 28,Philadelphia,Pennsylvania,39335,11352.6,Philadelphia,154389.0,39.93645,-75.15468,4,6,18,1,4892
8986,19141,260000.0,6,2,2499,5019 N 12TH ST,Philadelphia,Pennsylvania,33641,7441.8,Philadelphia,51264.0,40.03788,-75.14541,2,6,18,1,8673
19681,19125,189900.0,3,1,1065,2142 E LETTERLY ST,Philadelphia,Pennsylvania,24948,7123.8,Philadelphia,115644.0,39.97611,-75.12472,1,6,18,1,19059
9069,19154,340000.0,3,2,1296,132 HICKORY HILL RD,Philadelphia,Pennsylvania,34803,2100.3,Philadelphia,102138.0,40.0951,-74.98159,2,6,18,1,8752
8876,19104,300000.0,3,1,1089,751 N 36TH ST,Philadelphia,Pennsylvania,52126,6575.6,Philadelphia,54629.0,39.95891,-75.19836,2,6,18,1,8563
9018,19147,329000.0,3,1,1480,1522 S 8TH ST,Philadelphia,Pennsylvania,39335,11352.6,Philadelphia,154389.0,39.93645,-75.15468,2,6,18,1,8702
113,19146,750000.0,3,3,1900,1529 MONTROSE ST,Philadelphia,Pennsylvania,40983,9178.7,Philadelphia,129271.0,39.93917,-75.18398,5,6,18,1,105
8942,19128,290000.0,4,3,1666,7528 VALLEY AVE,Philadelphia,Pennsylvania,38840,2147.0,Philadelphia,107171.0,40.05003,-75.23003,2,6,18,1,8629
34101,19124,110000.0,2,1,896,2082 FRALEY ST,Philadelphia,Pennsylvania,71496,5365.8,Philadelphia,65736.0,40.01728,-75.09387,0,6,18,1,33086
8883,19107,279000.0,3,2,729,1010 RACE ST APT 7J,Philadelphia,Pennsylvania,14984,10634.5,Philadelphia,105692.0,39.9518,-75.15864,2,6,18,1,8570
19673,19124,239900.0,3,1,1078,926 MARCELLA ST,Philadelphia,Pennsylvania,71496,5365.8,Philadelphia,65736.0,40.01728,-75.09387,1,6,18,1,19051
19787,19142,160000.0,3,2,1080,6543 BELMAR ST,Philadelphia,Pennsylvania,29993,6632.5,Philadelphia,52935.0,39.92278,-75.23375,1,6,18,1,19159
27573,19123,500000.0,3,3,2040,1133 N HOPE ST # 17,Philadelphia,Pennsylvania,18071,5532.1,Philadelphia,126530.0,39.96399,-75.14568,3,6,18,1,26792
19853,19148,225000.0,3,2,1070,823 JACKSON ST,Philadelphia,Pennsylvania,51010,4652.6,Philadelphia,89150.0,39.91175,-75.1514,1,6,18,1,19224
19706,19132,180000.0,3,2,1200,2541 N MARSTON ST,Philadelphia,Pennsylvania,32802,5879.3,Philadelphia,48243.0,39.99649,-75.17102,1,6,18,1,19076
19653,19121,199900.0,3,2,1156,1623 PAGE ST,Philadelphia,Pennsylvania,34702,5660.1,Philadelphia,60326.0,39.98231,-75.17995,1,6,18,1,19031
27549,19111,399900.0,3,2,2010,524 PENNY LN # C41,Philadelphia,Pennsylvania,68452,5454.3,Philadelphia,77163.0,40.06065,-75.08019,3,6,18,1,26768
9023,19147,325000.0,2,2,1400,1324 S 9TH ST,Philadelphia,Pennsylvania,39335,11352.6,Philadelphia,154389.0,39.93645,-75.15468,2,6,18,1,8707
102,19128,659000.0,4,3,2400,917 SEQUOIA RD,Philadelphia,Pennsylvania,38840,2147.0,Philadelphia,107171.0,40.05003,-75.23003,5,6,18,1,94
19805,19143,225000.0,3,2,1246,834 S 57TH ST,Philadelphia,Pennsylvania,63861,7914.0,Philadelphia,61781.0,39.94315,-75.22664,1,6,18,1,19177
8995,19144,349900.0,5,4,2730,512 E JOHNSON ST,Philadelphia,Pennsylvania,46854,5041.4,Philadelphia,61854.0,40.03278,-75.17523,2,6,18,1,8681
27624,19152,399900.0,3,3,1552,3031 VISTA ST,Philadelphia,Pennsylvania,35528,4759.9,Philadelphia,82402.0,40.06158,-75.04663,3,6,18,1,26843
5083,19124,549900.0,10,5,3460,3717 FRANKFORD AVE,Philadelphia,Pennsylvania,71496,5365.8,Philadelphia,65736.0,40.01728,-75.09387,4,6,18,1,4880
19856,19149,249000.0,3,1,1208,6835 LYNFORD ST,Philadelphia,Pennsylvania,59899,9687.9,Philadelphia,67745.0,40.03781,-75.06544,1,6,18,1,19227
9038,19149,259900.0,3,2,1242,1564 DEVEREAUX AVE,Philadelphia,Pennsylvania,59899,9687.9,Philadelphia,67745.0,40.03781,-75.06544,2,6,18,1,8722
19803,19143,137500.0,3,2,922,538 S SALFORD ST,Philadelphia,Pennsylvania,63861,7914.0,Philadelphia,61781.0,39.94315,-75.22664,1,6,18,1,19175
27620,19148,425000.0,3,4,1925,616 MCKEAN ST,Philadelphia,Pennsylvania,51010,4652.6,Philadelphia,89150.0,39.91175,-75.1514,3,6,18,1,26839
9049,19149,320000.0,4,2,1260,6601 EASTWOOD ST,Philadelphia,Pennsylvania,59899,9687.9,Philadelphia,67745.0,40.03781,-75.06544,2,6,18,1,8733
19795,19142,170000.0,2,1,980,2531 S GROSS ST,Philadelphia,Pennsylvania,29993,6632.5,Philadelphia,52935.0,39.92278,-75.23375,1,6,18,1,19167
27572,19123,429000.0,1,2,1101,901 N PENN ST UNIT R603,Philadelphia,Pennsylvania,18071,5532.1,Philadelphia,126530.0,39.96399,-75.14568,3,6,18,1,26791
19716,19134,149000.0,2,1,990,2247 E CAMBRIA ST,Philadelphia,Pennsylvania,59590,6676.6,Philadelphia,53460.0,39.98953,-75.10838,1,6,18,1,19091
19730,19135,215000.0,3,1,1152,7178 WALKER ST,Philadelphia,Pennsylvania,36304,6187.2,Philadelphia,69853.0,40.02192,-75.04966,1,6,18,1,19103
5071,19114,599900.0,4,3,2584,2711 SPRINGHOUSE RD,Philadelphia,Pennsylvania,31815,2182.8,Philadelphia,92588.0,40.06743,-75.00361,4,6,18,1,4869
8917,19121,349900.0,4,2,1440,2044 N 25TH ST,Philadelphia,Pennsylvania,34702,5660.1,Philadelphia,60326.0,39.98231,-75.17995,2,6,18,1,8604
19678,19124,195000.0,3,2,1078,942 MARCELLA ST,Philadelphia,Pennsylvania,71496,5365.8,Philadelphia,65736.0,40.01728,-75.09387,1,6,18,1,19056
34158,19140,89000.0,3,1,1080,435 W BRISTOL ST,Philadelphia,Pennsylvania,54831,6715.9,Philadelphia,44659.0,40.01224,-75.14512,0,6,18,1,33141
19861,19149,229999.0,3,2,1568,3350 DISSTON ST,Philadelphia,Pennsylvania,59899,9687.9,Philadelphia,67745.0,40.03781,-75.06544,1,6,18,1,19232
19679,19124,175900.0,3,1,1046,959 ANCHOR ST,Philadelphia,Pennsylvania,71496,5365.8,Philadelphia,65736.0,40.01728,-75.09387,1,6,18,1,19057
19656,19121,249900.0,4,2,1072,1947 N NAPA ST,Philadelphia,Pennsylvania,34702,5660.1,Philadelphia,60326.0,39.98231,-75.17995,1,6,18,1,19034
34143,19139,120000.0,4,1,1560,5456 LOCUST ST,Philadelphia,Pennsylvania,45642,9964.3,Philadelphia,58668.0,39.96144,-75.22964,0,6,18,1,33127
19827,19145,239000.0,3,2,1350,1904 S 22ND ST,Philadelphia,Pennsylvania,45101,3631.1,Philadelphia,88659.0,39.91469,-75.19194,1,6,18,1,19198
19735,19135,169000.0,3,1,1068,4071 HIGBEE ST,Philadelphia,Pennsylvania,36304,6187.2,Philadelphia,69853.0,40.02192,-75.04966,1,6,18,1,19108
19658,19121,255000.0,3,1,1050,1833 N NEWKIRK ST,Philadelphia,Pennsylvania,34702,5660.1,Philadelphia,60326.0,39.98231,-75.17995,1,6,18,1,19036
34111,19132,49900.0,3,1,970,2128 W INDIANA AVE,Philadelphia,Pennsylvania,32802,5879.3,Philadelphia,48243.0,39.99649,-75.17102,0,6,18,1,33095
27602,19145,434900.0,3,3,1778,2316 S 17TH ST,Philadelphia,Pennsylvania,45101,3631.1,Philadelphia,88659.0,39.91469,-75.19194,3,6,18,1,26821
19639,19120,219000.0,3,2,1560,5629 N FAIRHILL ST,Philadelphia,Pennsylvania,73896,8821.9,Philadelphia,62768.0,40.03417,-75.11986,1,6,18,1,19017
19778,19141,135000.0,3,2,1808,4906 OLD YORK RD,Philadelphia,Pennsylvania,33641,7441.8,Philadelphia,51264.0,40.03788,-75.14541,1,6,18,1,19150
19635,19120,240000.0,3,2,1362,258 W RUSCOMB ST,Philadelphia,Pennsylvania,73896,8821.9,Philadelphia,62768.0,40.03417,-75.11986,1,6,18,1,19013
27627,19154,429900.0,3,2,1518,3216 BYBERRY RD,Philadelphia,Pennsylvania,34803,2100.3,Philadelphia,102138.0,40.0951,-74.98159,3,6,18,1,26846
8947,19129,354900.0,3,2,1120,3611 W EARLHAM ST,Philadelphia,Pennsylvania,11551,2174.1,Philadelphia,115650.0,40.01338,-75.18454,2,6,18,1,8634
9025,19148,335000.0,3,2,1376,1011 MCKEAN ST,Philadelphia,Pennsylvania,51010,4652.6,Philadelphia,89150.0,39.91175,-75.1514,2,6,18,1,8709
5101,19148,612000.0,4,3,2552,1614 S 4TH ST,Philadelphia,Pennsylvania,51010,4652.6,Philadelphia,89150.0,39.91175,-75.1514,4,6,18,1,4897
34091,19107,115000.0,1,1,319,1324 LOCUST ST APT 1030,Philadelphia,Pennsylvania,14984,10634.5,Philadelphia,105692.0,39.9518,-75.15864,0,6,18,1,33077
9005,19145,360000.0,2,2,1466,2629 S HICKS ST,Philadelphia,Pennsylvania,45101,3631.1,Philadelphia,88659.0,39.91469,-75.19194,2,6,18,1,8690
27618,19148,399000.0,2,3,1250,1815 S WATTS ST,Philadelphia,Pennsylvania,51010,4652.6,Philadelphia,89150.0,39.91175,-75.1514,3,6,18,1,26837
27622,19148,425000.0,3,3,1260,2104 S PHILIP ST,Philadelphia,Pennsylvania,51010,4652.6,Philadelphia,89150.0,39.91175,-75.1514,3,6,18,1,26841
19714,19133,179900.0,1,2,2448,2739 N HOWARD ST,Philadelphia,Pennsylvania,25893,7791.3,Philadelphia,45818.0,39.99238,-75.14149,1,6,18,1,19089
19808,19143,169900.0,4,1,1400,5225 PINE ST,Philadelphia,Pennsylvania,63861,7914.0,Philadelphia,61781.0,39.94315,-75.22664,1,6,18,1,19180
100,19125,699995.0,3,3,2406,3000 CITYVIEW WALK # 169,Philadelphia,Pennsylvania,24948,7123.8,Philadelphia,115644.0,39.97611,-75.12472,5,6,18,1,92
19793,19142,209000.0,3,2,992,7032 GRAYS AVE,Philadelphia,Pennsylvania,29993,6632.5,Philadelphia,52935.0,39.92278,-75.23375,1,6,18,1,19165
9007,19145,315000.0,4,2,1564,2022 MORRIS ST,Philadelphia,Pennsylvania,45101,3631.1,Philadelphia,88659.0,39.91469,-75.19194,2,6,18,1,8692
19776,19140,159900.0,4,2,1200,3438 N FRONT ST,Philadelphia,Pennsylvania,54831,6715.9,Philadelphia,44659.0,40.01224,-75.14512,1,6,18,1,19149
34107,19131,98000.0,3,1,1080,655 N CREIGHTON ST,Philadelphia,Pennsylvania,44791,3280.7,Philadelphia,60575.0,39.98865,-75.21835,0,6,18,1,33089
111,19146,675000.0,3,4,2350,1325 S CAPITOL ST,Philadelphia,Pennsylvania,40983,9178.7,Philadelphia,129271.0,39.93917,-75.18398,5,6,18,1,103
27547,19106,387500.0,2,2,907,315 NEW ST APT 702,Philadelphia,Pennsylvania,14211,6454.7,Philadelphia,176029.0,39.94589,-75.14224,3,6,18,1,26766
19763,19139,244900.0,4,2,1312,125 N 60TH ST,Philadelphia,Pennsylvania,45642,9964.3,Philadelphia,58668.0,39.96144,-75.22964,1,6,18,1,19136
114,19146,759900.0,3,3,2100,2200 CHRISTIAN ST # A,Philadelphia,Pennsylvania,40983,9178.7,Philadelphia,129271.0,39.93917,-75.18398,5,6,18,1,106
8906,19115,349900.0,3,3,1720,9822 BONNER ST,Philadelphia,Pennsylvania,35901,2685.3,Philadelphia,99941.0,40.09094,-75.04595,2,6,18,1,8593
26744,19130,1150000.0,3,5,2856,869 CORINTHIAN AVE UNIT 5,Philadelphia,Pennsylvania,29378,9166.1,Philadelphia,138891.0,39.9676,-75.17495,9,6,18,1,25989
19659,19121,170000.0,3,1,1120,2955 EDGLEY ST,Philadelphia,Pennsylvania,34702,5660.1,Philadelphia,60326.0,39.98231,-75.17995,1,6,18,1,19037
19847,19148,250000.0,2,1,848,312 TREE ST,Philadelphia,Pennsylvania,51010,4652.6,Philadelphia,89150.0,39.91175,-75.1514,1,6,18,1,19218
9027,19148,279900.0,2,1,756,1623 S BEULAH ST,Philadelphia,Pennsylvania,51010,4652.6,Philadelphia,89150.0,39.91175,-75.1514,2,6,18,1,8711
34153,19140,110000.0,3,2,1230,4147 N 8TH ST,Philadelphia,Pennsylvania,54831,6715.9,Philadelphia,44659.0,40.01224,-75.14512,0,6,18,1,33136
8879,19104,319900.0,5,3,1887,3510 WALLACE ST,Philadelphia,Pennsylvania,52126,6575.6,Philadelphia,54629.0,39.95891,-75.19836,2,6,18,1,8566
19784,19141,190000.0,3,2,1120,1525 W CHAMPLOST ST,Philadelphia,Pennsylvania,33641,7441.8,Philadelphia,51264.0,40.03788,-75.14541,1,6,18,1,19156
34135,19135,115000.0,2,1,812,5708 TULIP ST,Philadelphia,Pennsylvania,36304,6187.2,Philadelphia,69853.0,40.02192,-75.04966,0,6,18,1,33119
34151,19140,45000.0,3,1,1134,4405 N FRANKLIN ST,Philadelphia,Pennsylvania,54831,6715.9,Philadelphia,44659.0,40.01224,-75.14512,0,6,18,1,33134
34127,19134,95000.0,3,1,1214,1943 E MONMOUTH ST,Philadelphia,Pennsylvania,59590,6676.6,Philadelphia,53460.0,39.98953,-75.10838,0,6,18,1,33111
27621,19148,449900.0,3,3,1986,1634 S 8TH ST,Philadelphia,Pennsylvania,51010,4652.6,Philadelphia,89150.0,39.91175,-75.1514,3,6,18,1,26840
19668,19124,150000.0,3,1,960,2005 CHURCH ST,Philadelphia,Pennsylvania,71496,5365.8,Philadelphia,65736.0,40.01728,-75.09387,1,6,18,1,19046
19628,19119,250000.0,4,1,1580,758 CARPENTER LN,Philadelphia,Pennsylvania,29206,3313.6,Philadelphia,120369.0,40.05303,-75.19223,1,6,18,1,19006
19744,19136,190000.0,2,2,914,8043 TERRY ST,Philadelphia,Pennsylvania,37193,2992.9,Philadelphia,80802.0,40.03973,-75.01932,1,6,18,1,19117
5088,19145,549900.0,4,3,2253,1422 CASTLE AVE,Philadelphia,Pennsylvania,45101,3631.1,Philadelphia,88659.0,39.91469,-75.19194,4,6,18,1,4885
34104,19131,98000.0,3,1,1080,655 N CREIGHTON ST,Philadelphia,Pennsylvania,44791,3280.7,Philadelphia,60575.0,39.98865,-75.21835,0,6,18,1,33089
19643,19120,135500.0,3,1,942,329 W ALBANUS ST,Philadelphia,Pennsylvania,73896,8821.9,Philadelphia,62768.0,40.03417,-75.11986,1,6,18,1,19021
19815,19143,250000.0,3,2,960,542 S YEWDALL ST,Philadelphia,Pennsylvania,63861,7914.0,Philadelphia,61781.0,39.94315,-75.22664,1,6,18,1,19187
19842,19146,219900.0,2,1,948,2106 CROSS ST,Philadelphia,Pennsylvania,40983,9178.7,Philadelphia,129271.0,39.93917,-75.18398,1,6,18,1,19213
19825,19144,165900.0,3,2,1226,5124 MARION ST,Philadelphia,Pennsylvania,46854,5041.4,Philadelphia,61854.0,40.03278,-75.17523,1,6,18,1,19196
8901,19114,364500.0,3,2,1806,9342 TULIP ST,Philadelphia,Pennsylvania,31815,2182.8,Philadelphia,92588.0,40.06743,-75.00361,2,6,18,1,8588
19836,19145,225000.0,4,2,1444,2110 S 20TH ST,Philadelphia,Pennsylvania,45101,3631.1,Philadelphia,88659.0,39.91469,-75.19194,1,6,18,1,19207
19817,19143,199000.0,3,2,1110,5736 ADDISON ST,Philadelphia,Pennsylvania,63861,7914.0,Philadelphia,61781.0,39.94315,-75.22664,1,6,18,1,19189
34134,19134,75000.0,3,1,1120,3038 E ST,Philadelphia,Pennsylvania,59590,6676.6,Philadelphia,53460.0,39.98953,-75.10838,0,6,18,1,33118
19750,19137,248900.0,3,2,1332,4433 RICHMOND ST,Philadelphia,Pennsylvania,8470,1350.3,Philadelphia,77072.0,39.99455,-75.074,1,6,18,1,19123
19674,19124,200000.0,4,2,1702,1926 BRIDGE ST,Philadelphia,Pennsylvania,71496,5365.8,Philadelphia,65736.0,40.01728,-75.09387,1,6,18,1,19052
19765,19139,155000.0,3,2,1160,162 N 62ND ST,Philadelphia,Pennsylvania,45642,9964.3,Philadelphia,58668.0,39.96144,-75.22964,1,6,18,1,19138
34162,19140,125000.0,3,1,960,4404 N MARSHALL ST,Philadelphia,Pennsylvania,54831,6715.9,Philadelphia,44659.0,40.01224,-75.14512,0,6,18,1,33145
19879,19153,186500.0,3,2,1152,7508 CHELWYNDE AVE,Philadelphia,Pennsylvania,12810,489.1,Philadelphia,58936.0,39.88391,-75.2343,1,6,18,1,19250
27568,19121,434900.0,3,3,1674,1458 N NEWKIRK ST,Philadelphia,Pennsylvania,34702,5660.1,Philadelphia,60326.0,39.98231,-75.17995,3,6,18,1,26787
34137,19135,115000.0,3,1,1216,6001 TULIP ST,Philadelphia,Pennsylvania,36304,6187.2,Philadelphia,69853.0,40.02192,-75.04966,0,6,18,1,33121
19751,19138,149900.0,3,1,918,2146 CONLYN ST,Philadelphia,Pennsylvania,33197,7265.4,Philadelphia,61093.0,40.05594,-75.15947,1,6,18,1,19124
8994,19143,270000.0,4,2,1232,5847 LARCHWOOD AVE,Philadelphia,Pennsylvania,63861,7914.0,Philadelphia,61781.0,39.94315,-75.22664,2,6,18,1,8680
34176,19143,125000.0,3,1,1430,5812 TRINITY ST,Philadelphia,Pennsylvania,63861,7914.0,Philadelphia,61781.0,39.94315,-75.22664,0,6,18,1,33159
5076,19122,519000.0,2,2,1437,184 W OXFORD ST,Philadelphia,Pennsylvania,22080,6592.2,Philadelphia,87642.0,39.97767,-75.14571,4,6,18,1,4874
27612,19146,450000.0,4,2,1812,1907 CARPENTER ST,Philadelphia,Pennsylvania,40983,9178.7,Philadelphia,129271.0,39.93917,-75.18398,3,6,18,1,26831
18216,19123,945000.0,4,4,2387,607 N 6TH ST,Philadelphia,Pennsylvania,18071,5532.1,Philadelphia,126530.0,39.96399,-75.14568,7,6,18,1,17637
19616,19104,239000.0,3,1,1194,433 N 42ND ST,Philadelphia,Pennsylvania,52126,6575.6,Philadelphia,54629.0,39.95891,-75.19836,1,6,18,1,18994
19832,19145,150000.0,2,1,956,2807 WINTON ST,Philadelphia,Pennsylvania,45101,3631.1,Philadelphia,88659.0,39.91469,-75.19194,1,6,18,1,19203
27559,19119,479000.0,4,3,3310,6848 ANDERSON ST,Philadelphia,Pennsylvania,29206,3313.6,Philadelphia,120369.0,40.05303,-75.19223,3,6,18,1,26778
9054,19151,260000.0,4,2,1540,6056 W GIRARD AVE,Philadelphia,Pennsylvania,31815,5121.3,Philadelphia,70134.0,39.97562,-75.25616,2,6,18,1,8738
19798,19143,249900.0,3,3,1856,1321 S 54TH ST,Philadelphia,Pennsylvania,63861,7914.0,Philadelphia,61781.0,39.94315,-75.22664,1,6,18,1,19170
19830,19145,150000.0,2,1,934,2808 WINTON ST,Philadelphia,Pennsylvania,45101,3631.1,Philadelphia,88659.0,39.91469,-75.19194,1,6,18,1,19201
19857,19149,224900.0,3,1,1176,2124 LARDNER ST,Philadelphia,Pennsylvania,59899,9687.9,Philadelphia,67745.0,40.03781,-75.06544,1,6,18,1,19228
8965,19133,362500.0,4,3,2300,2529 N MASCHER ST,Philadelphia,Pennsylvania,25893,7791.3,Philadelphia,45818.0,39.99238,-75.14149,2,6,18,1,8652
19799,19143,250000.0,4,2,1601,446 S 56TH ST,Philadelphia,Pennsylvania,63861,7914.0,Philadelphia,61781.0,39.94315,-75.22664,1,6,18,1,19171
27562,19119,385000.0,3,2,1829,704 CARPENTER LN,Philadelphia,Pennsylvania,29206,3313.6,Philadelphia,120369.0,40.05303,-75.19223,3,6,18,1,26781
19622,19114,195000.0,2,2,1498,5010 H CONVENT # 130,Philadelphia,Pennsylvania,31815,2182.8,Philadelphia,92588.0,40.06743,-75.00361,1,6,18,1,19000
8931,19127,380000.0,3,2,1694,140 DAVIS ST,Philadelphia,Pennsylvania,5522,3735.5,Philadelphia,140600.0,40.02854,-75.22746,2,6,18,1,8618
9073,19154,330000.0,3,2,1860,3719 WESTHAMPTON DR,Philadelphia,Pennsylvania,34803,2100.3,Philadelphia,102138.0,40.0951,-74.98159,2,6,18,1,8756
19855,19149,169000.0,3,1,1088,1212 ALCOTT ST,Philadelphia,Pennsylvania,59899,9687.9,Philadelphia,67745.0,40.03781,-75.06544,1,6,18,1,19226
8918,19121,279000.0,1,1,564,1501 N 31ST ST APT 205,Philadelphia,Pennsylvania,34702,5660.1,Philadelphia,60326.0,39.98231,-75.17995,2,6,18,1,8605
34110,19132,75000.0,2,1,686,2416 N CLARION ST,Philadelphia,Pennsylvania,32802,5879.3,Philadelphia,48243.0,39.99649,-75.17102,0,6,18,1,33094
106,19143,650000.0,5,4,3400,5010 HAZEL AVE,Philadelphia,Pennsylvania,63861,7914.0,Philadelphia,61781.0,39.94315,-75.22664,5,6,18,1,98
34117,19132,85000.0,3,1,930,2609 W STERNER ST,Philadelphia,Pennsylvania,32802,5879.3,Philadelphia,48243.0,39.99649,-75.17102,0,6,18,1,33101
19627,19119,185000.0,3,1,1400,414 E MONTANA ST,Philadelphia,Pennsylvania,29206,3313.6,Philadelphia,120369.0,40.05303,-75.19223,1,6,18,1,19005
19839,19145,160000.0,2,1,1176,1728 S BANCROFT ST,Philadelphia,Pennsylvania,45101,3631.1,Philadelphia,88659.0,39.91469,-75.19194,1,6,18,1,19210
19713,19133,219000.0,3,2,1088,3154 N 8TH ST,Philadelphia,Pennsylvania,25893,7791.3,Philadelphia,45818.0,39.99238,-75.14149,1,6,18,1,19088
19745,19136,185000.0,3,1,1088,4526 SHEFFIELD AVE,Philadelphia,Pennsylvania,37193,2992.9,Philadelphia,80802.0,40.03973,-75.01932,1,6,18,1,19118
27561,19119,385000.0,3,2,1660,126 W SEDGWICK ST,Philadelphia,Pennsylvania,29206,3313.6,Philadelphia,120369.0,40.05303,-75.19223,3,6,18,1,26780
19769,19140,150000.0,3,2,1450,3237 N SYDENHAM ST,Philadelphia,Pennsylvania,54831,6715.9,Philadelphia,44659.0,40.01224,-75.14512,1,6,18,1,19142
19687,19126,149999.0,4,1,1502,6629 N GRATZ ST,Philadelphia,Pennsylvania,18269,5928.8,Philadelphia,71954.0,40.05516,-75.13728,1,6,18,1,19065
19779,19141,130000.0,4,1,1538,4845 N WARNOCK ST,Philadelphia,Pennsylvania,33641,7441.8,Philadelphia,51264.0,40.03788,-75.14541,1,6,18,1,19151
8878,19104,320000.0,4,4,2805,3213 WALLACE ST,Philadelphia,Pennsylvania,52126,6575.6,Philadelphia,54629.0,39.95891,-75.19836,2,6,18,1,8565
27605,19146,499000.0,3,3,2840,1243 S 24TH ST,Philadelphia,Pennsylvania,40983,9178.7,Philadelphia,129271.0,39.93917,-75.18398,3,6,18,1,26824
19685,19126,239000.0,3,3,1230,6745 N 17TH ST,Philadelphia,Pennsylvania,18269,5928.8,Philadelphia,71954.0,40.05516,-75.13728,1,6,18,1,19063
5072,19115,524900.0,3,3,2267,1002 TWIST RD,Philadelphia,Pennsylvania,35901,2685.3,Philadelphia,99941.0,40.09094,-75.04595,4,6,18,1,4870
107,19145,749900.0,3,3,2970,1822 S BROAD ST,Philadelphia,Pennsylvania,45101,3631.1,Philadelphia,88659.0,39.91469,-75.19194,5,6,18,1,99
34164,19141,110000.0,3,2,1360,4820 N 9TH ST,Philadelphia,Pennsylvania,33641,7441.8,Philadelphia,51264.0,40.03788,-75.14541,0,6,18,1,33147
8899,19114,319999.0,3,2,1488,9226 ACADEMY RD,Philadelphia,Pennsylvania,31815,2182.8,Philadelphia,92588.0,40.06743,-75.00361,2,6,18,1,8586
19829,19145,220000.0,4,2,1356,1430 W SHUNK ST,Philadelphia,Pennsylvania,45101,3631.1,Philadelphia,88659.0,39.91469,-75.19194,1,6,18,1,19200
8959,19132,299900.0,4,4,1915,2411 N 19TH ST,Philadelphia,Pennsylvania,32802,5879.3,Philadelphia,48243.0,39.99649,-75.17102,2,6,18,1,8646
27544,19103,439000.0,2,2,1176,1919 CHESTNUT ST APT 618,Philadelphia,Pennsylvania,25368,15173.9,Philadelphia,159697.0,39.95303,-75.17386,3,6,18,1,26763
5070,19107,525000.0,3,1,933,246 S WARNOCK ST,Philadelphia,Pennsylvania,14984,10634.5,Philadelphia,105692.0,39.9518,-75.15864,4,6,18,1,4868
8968,19134,274900.0,3,2,1644,3476 EDGEMONT ST,Philadelphia,Pennsylvania,59590,6676.6,Philadelphia,53460.0,39.98953,-75.10838,2,6,18,1,8655
19873,19150,179900.0,3,1,1088,1331 E VERNON RD,Philadelphia,Pennsylvania,22760,5942.5,Philadelphia,73243.0,40.07251,-75.17165,1,6,18,1,19244
19806,19143,169900.0,3,1,1066,1017 S PAXON ST,Philadelphia,Pennsylvania,63861,7914.0,Philadelphia,61781.0,39.94315,-75.22664,1,6,18,1,19178
34148,19139,65000.0,2,1,994,207 N VODGES ST,Philadelphia,Pennsylvania,45642,9964.3,Philadelphia,58668.0,39.96144,-75.22964,0,6,18,1,33130
27592,19131,499900.0,4,5,3840,4901 PARKSIDE AVE,Philadelphia,Pennsylvania,44791,3280.7,Philadelphia,60575.0,39.98865,-75.21835,3,6,18,1,26811
9030,19148,380000.0,2,2,1100,1031 DALY ST,Philadelphia,Pennsylvania,51010,4652.6,Philadelphia,89150.0,39.91175,-75.1514,2,6,18,1,8714
19818,19144,200000.0,4,2,1440,123 E MAYLAND ST,Philadelphia,Pennsylvania,46854,5041.4,Philadelphia,61854.0,40.03278,-75.17523,1,6,18,1,19190
34113,19132,87900.0,3,1,1040,2519 N GRATZ ST,Philadelphia,Pennsylvania,32802,5879.3,Philadelphia,48243.0,39.99649,-75.17102,0,6,18,1,33097
19883,19154,250000.0,3,2,1200,2814 NORCOM RD,Philadelphia,Pennsylvania,34803,2100.3,Philadelphia,102138.0,40.0951,-74.98159,1,6,18,1,19254
34133,19134,99900.0,3,1,1008,3542 STOUTON ST,Philadelphia,Pennsylvania,59590,6676.6,Philadelphia,53460.0,39.98953,-75.10838,0,6,18,1,33117
19747,19136,255000.0,3,2,1352,3523 MERIDIAN ST,Philadelphia,Pennsylvania,37193,2992.9,Philadelphia,80802.0,40.03973,-75.01932,1,6,18,1,19120
19828,19145,239900.0,2,3,1240,2805 CANTRELL ST,Philadelphia,Pennsylvania,45101,3631.1,Philadelphia,88659.0,39.91469,-75.19194,1,6,18,1,19199
19772,19140,149900.0,5,2,2700,2127 W ONTARIO ST,Philadelphia,Pennsylvania,54831,6715.9,Philadelphia,44659.0,40.01224,-75.14512,1,6,18,1,19145
34131,19134,40421.0,3,1,1060,3336 KIP ST,Philadelphia,Pennsylvania,59590,6676.6,Philadelphia,53460.0,39.98953,-75.10838,0,6,18,1,33115
19859,19149,249000.0,3,1,1152,2806 KNORR ST,Philadelphia,Pennsylvania,59899,9687.9,Philadelphia,67745.0,40.03781,-75.06544,1,6,18,1,19230
19734,19135,160000.0,2,1,980,6754 MARSDEN ST,Philadelphia,Pennsylvania,36304,6187.2,Philadelphia,69853.0,40.02192,-75.04966,1,6,18,1,19107
19774,19140,184900.0,3,2,1350,3849 N GRATZ ST,Philadelphia,Pennsylvania,54831,6715.9,Philadelphia,44659.0,40.01224,-75.14512,1,6,18,1,19147
19721,19134,224999.0,3,2,1134,2977 WEIKEL ST,Philadelphia,Pennsylvania,59590,6676.6,Philadelphia,53460.0,39.98953,-75.10838,1,6,18,1,19095
19823,19144,250000.0,4,2,1451,132 W ASHMEAD ST,Philadelphia,Pennsylvania,46854,5041.4,Philadelphia,61854.0,40.03278,-75.17523,1,6,18,1,19194
3332,19130,849900.0,5,3,2547,519 N 19TH ST,Philadelphia,Pennsylvania,29378,9166.1,Philadelphia,138891.0,39.9676,-75.17495,6,6,18,1,3189
19833,19145,249900.0,2,1,880,2021 PIERCE ST,Philadelphia,Pennsylvania,45101,3631.1,Philadelphia,88659.0,39.91469,-75.19194,1,6,18,1,19204
9063,19152,350000.0,3,2,1120,7835 REVERE ST,Philadelphia,Pennsylvania,35528,4759.9,Philadelphia,82402.0,40.06158,-75.04663,2,6,18,1,8746
8950,19130,360000.0,1,1,1104,2401 PENNSYLVANIA AVE APT 8B29,Philadelphia,Pennsylvania,29378,9166.1,Philadelphia,138891.0,39.9676,-75.17495,2,6,18,1,8637
19676,19124,249900.0,3,1,1260,2125 ORTHODOX ST,Philadelphia,Pennsylvania,71496,5365.8,Philadelphia,65736.0,40.01728,-75.09387,1,6,18,1,19054
8900,19114,275000.0,3,2,1215,3208 PRIMROSE RD,Philadelphia,Pennsylvania,31815,2182.8,Philadelphia,92588.0,40.06743,-75.00361,2,6,18,1,8587
8887,19111,290000.0,3,3,1550,814 KERPER ST,Philadelphia,Pennsylvania,68452,5454.3,Philadelphia,77163.0,40.06065,-75.08019,2,6,18,1,8574
27558,19116,429900.0,3,3,1656,663 PARLIN ST,Philadelphia,Pennsylvania,33573,2482.7,Philadelphia,86502.0,40.11655,-75.01399,3,6,18,1,26777
27623,19148,449900.0,3,3,2034,604 DUDLEY ST,Philadelphia,Pennsylvania,51010,4652.6,Philadelphia,89150.0,39.91175,-75.1514,3,6,18,1,26842
8960,19132,275000.0,5,3,1656,3137 N 17TH ST,Philadelphia,Pennsylvania,32802,5879.3,Philadelphia,48243.0,39.99649,-75.17102,2,6,18,1,8647
19871,19150,240000.0,3,2,1088,8075 WILLIAMS AVE,Philadelphia,Pennsylvania,22760,5942.5,Philadelphia,73243.0,40.07251,-75.17165,1,6,18,1,19242
8984,19138,275000.0,4,3,1194,7159 ANDREWS AVE,Philadelphia,Pennsylvania,33197,7265.4,Philadelphia,61093.0,40.05594,-75.15947,2,6,18,1,8671
19880,19153,225000.0,3,1,1088,7361 GARMAN ST,Philadelphia,Pennsylvania,12810,489.1,Philadelphia,58936.0,39.88391,-75.2343,1,6,18,1,19251
19664,19124,129900.0,3,2,1350,4145 DUNGAN ST,Philadelphia,Pennsylvania,71496,5365.8,Philadelphia,65736.0,40.01728,-75.09387,1,6,18,1,19042
34179,19144,99900.0,5,1,1723,25 W SEYMOUR ST,Philadelphia,Pennsylvania,46854,5041.4,Philadelphia,61854.0,40.03278,-75.17523,0,6,18,1,33162
92,19118,650000.0,3,2,1440,201 E MEADE ST,Philadelphia,Pennsylvania,10743,1294.2,Philadelphia,173051.0,40.07233,-75.21247,5,6,18,1,85
19739,19136,215000.0,3,1,1126,4023 ALDINE ST,Philadelphia,Pennsylvania,37193,2992.9,Philadelphia,80802.0,40.03973,-75.01932,1,6,18,1,19112
5067,19103,620000.0,2,2,1281,226 W RITTENHOUSE SQ APT 710,Philadelphia,Pennsylvania,25368,15173.9,Philadelphia,159697.0,39.95303,-75.17386,4,6,18,1,4865
27626,19152,439900.0,3,2,1836,2003 ARTHUR ST,Philadelphia,Pennsylvania,35528,4759.9,Philadelphia,82402.0,40.06158,-75.04663,3,6,18,1,26845
19708,19132,136000.0,3,2,1134,2334 N GRATZ ST,Philadelphia,Pennsylvania,32802,5879.3,Philadelphia,48243.0,39.99649,-75.17102,1,6,18,1,19084
8977,19136,259900.0,3,2,1504,3546 ALDINE ST,Philadelphia,Pennsylvania,37193,2992.9,Philadelphia,80802.0,40.03973,-75.01932,2,6,18,1,8664
19726,19135,179900.0,3,1,1314,4021 STIRLING ST,Philadelphia,Pennsylvania,36304,6187.2,Philadelphia,69853.0,40.02192,-75.04966,1,6,18,1,19099
8988,19143,319900.0,3,3,1757,1207 S PEACH ST,Philadelphia,Pennsylvania,63861,7914.0,Philadelphia,61781.0,39.94315,-75.22664,2,6,18,1,8675
19837,19145,200000.0,3,2,1128,2130 TASKER ST,Philadelphia,Pennsylvania,45101,3631.1,Philadelphia,88659.0,39.91469,-75.19194,1,6,18,1,19208
27610,19146,385000.0,3,2,1820,1436 S CHADWICK ST,Philadelphia,Pennsylvania,40983,9178.7,Philadelphia,129271.0,39.93917,-75.18398,3,6,18,1,26829
27585,19128,399000.0,3,3,1472,252 PARKER AVE,Philadelphia,Pennsylvania,38840,2147.0,Philadelphia,107171.0,40.05003,-75.23003,3,6,18,1,26804
27596,19139,399000.0,4,3,1760,5045 CHESTNUT ST,Philadelphia,Pennsylvania,45642,9964.3,Philadelphia,58668.0,39.96144,-75.22964,3,6,18,1,26815
5095,19147,595000.0,3,3,3000,740 S COLUMBUS BLVD UNIT 28,Philadelphia,Pennsylvania,39335,11352.6,Philadelphia,154389.0,39.93645,-75.15468,4,6,18,1,4892
8910,19119,325000.0,3,2,1312,6524 CHEW AVE,Philadelphia,Pennsylvania,29206,3313.6,Philadelphia,120369.0,40.05303,-75.19223,2,6,18,1,8597
34165,19141,99000.0,3,1,1044,4829 N 18TH ST,Philadelphia,Pennsylvania,33641,7441.8,Philadelphia,51264.0,40.03788,-75.14541,0,6,18,1,33148
8919,19122,299000.0,2,1,756,175 W WILT ST,Philadelphia,Pennsylvania,22080,6592.2,Philadelphia,87642.0,39.97767,-75.14571,2,6,18,1,8606
19767,19140,134900.0,3,2,1320,4441 N 5TH ST,Philadelphia,Pennsylvania,54831,6715.9,Philadelphia,44659.0,40.01224,-75.14512,1,6,18,1,19140
27607,19146,399999.0,3,3,1616,1244 S BONSALL ST,Philadelphia,Pennsylvania,40983,9178.7,Philadelphia,129271.0,39.93917,-75.18398,3,6,18,1,26826
94,19122,689900.0,3,3,2250,1634 N 5TH CT,Philadelphia,Pennsylvania,22080,6592.2,Philadelphia,87642.0,39.97767,-75.14571,5,6,18,1,87
34140,19138,74000.0,3,1,978,5811 N WOODSTOCK ST,Philadelphia,Pennsylvania,33197,7265.4,Philadelphia,61093.0,40.05594,-75.15947,0,6,18,1,33124
9068,19153,299900.0,2,2,1250,7426 SANDPIPER PL,Philadelphia,Pennsylvania,12810,489.1,Philadelphia,58936.0,39.88391,-75.2343,2,6,18,1,8751
19840,19146,145000.0,3,2,1050,1545 S 30TH ST,Philadelphia,Pennsylvania,40983,9178.7,Philadelphia,129271.0,39.93917,-75.18398,1,6,18,1,19211
122,19148,649900.0,4,3,1800,1807 S 11TH ST,Philadelphia,Pennsylvania,51010,4652.6,Philadelphia,89150.0,39.91175,-75.1514,5,6,18,1,114
19620,19111,249900.0,2,1,796,7828 VERREE RD,Philadelphia,Pennsylvania,68452,5454.3,Philadelphia,77163.0,40.06065,-75.08019,1,6,18,1,18998
8982,19138,310000.0,3,3,1444,7377 WOOLSTON AVE,Philadelphia,Pennsylvania,33197,7265.4,Philadelphia,61093.0,40.05594,-75.15947,2,6,18,1,8669
19704,19132,209000.0,2,2,958,3109 W ARIZONA ST,Philadelphia,Pennsylvania,32802,5879.3,Philadelphia,48243.0,39.99649,-75.17102,1,6,18,1,19082
19820,19144,149900.0,3,3,1052,122 W DUVAL ST,Philadelphia,Pennsylvania,46854,5041.4,Philadelphia,61854.0,40.03278,-75.17523,1,6,18,1,19192
99,19125,699000.0,3,2,2201,1502 EARL ST,Philadelphia,Pennsylvania,24948,7123.8,Philadelphia,115644.0,39.97611,-75.12472,5,6,18,1,91
19780,19141,230000.0,3,2,1374,5744 N 12TH ST,Philadelphia,Pennsylvania,33641,7441.8,Philadelphia,51264.0,40.03788,-75.14541,1,6,18,1,19152
8925,19125,350000.0,3,2,1935,434 MOYER ST,Philadelphia,Pennsylvania,24948,7123.8,Philadelphia,115644.0,39.97611,-75.12472,2,6,18,1,8612
9080,19154,369900.0,3,2,1332,3856 KIPLING PL,Philadelphia,Pennsylvania,34803,2100.3,Philadelphia,102138.0,40.0951,-74.98159,2,6,18,1,8762
3334,19147,815000.0,3,3,2195,1013 LOMBARD ST,Philadelphia,Pennsylvania,39335,11352.6,Philadelphia,154389.0,39.93645,-75.15468,6,6,18,1,3191
19753,19138,199900.0,3,1,1148,929 CHURCH LN,Philadelphia,Pennsylvania,33197,7265.4,Philadelphia,61093.0,40.05594,-75.15947,1,6,18,1,19126
19816,19143,179900.0,3,1,1320,6045 DELANCEY ST,Philadelphia,Pennsylvania,63861,7914.0,Philadelphia,61781.0,39.94315,-75.22664,1,6,18,1,19188
19802,19143,239900.0,4,3,960,1014 S 56TH ST,Philadelphia,Pennsylvania,63861,7914.0,Philadelphia,61781.0,39.94315,-75.22664,1,6,18,1,19174
8962,19133,362500.0,4,3,2300,2527 N MASCHER ST,Philadelphia,Pennsylvania,25893,7791.3,Philadelphia,45818.0,39.99238,-75.14149,2,6,18,1,8649
9024,19148,309000.0,3,2,942,2512 S ISEMINGER ST,Philadelphia,Pennsylvania,51010,4652.6,Philadelphia,89150.0,39.91175,-75.1514,2,6,18,1,8708
3329,19118,795000.0,8,3,4352,222 E GRAVERS LN,Philadelphia,Pennsylvania,10743,1294.2,Philadelphia,173051.0,40.07233,-75.21247,6,6,18,1,3186
9045,19149,259000.0,3,2,1400,6938 LYNFORD ST,Philadelphia,Pennsylvania,59899,9687.9,Philadelphia,67745.0,40.03781,-75.06544,2,6,18,1,8729
19757,19139,150000.0,3,2,1184,120 N RUBY ST,Philadelphia,Pennsylvania,45642,9964.3,Philadelphia,58668.0,39.96144,-75.22964,1,6,18,1,19130
8884,19107,275000.0,1,1,944,1010 ARCH ST UNIT 206,Philadelphia,Pennsylvania,14984,10634.5,Philadelphia,105692.0,39.9518,-75.15864,2,6,18,1,8571
27595,19138,500000.0,3,2,2650,6208 CLEARVIEW ST,Philadelphia,Pennsylvania,33197,7265.4,Philadelphia,61093.0,40.05594,-75.15947,3,6,18,1,26814
3335,19147,850000.0,3,3,2370,719 S MARVINE ST,Philadelphia,Pennsylvania,39335,11352.6,Philadelphia,154389.0,39.93645,-75.15468,6,6,18,1,3192
19617,19104,229000.0,3,1,964,437 N NAPA ST,Philadelphia,Pennsylvania,52126,6575.6,Philadelphia,54629.0,39.95891,-75.19836,1,6,18,1,18995
8871,19103,329900.0,1,1,614,219 S 18TH ST # 806,Philadelphia,Pennsylvania,25368,15173.9,Philadelphia,159697.0,39.95303,-75.17386,2,6,18,1,8558
8997,19144,312000.0,4,1,1350,410 W WOODLAWN ST,Philadelphia,Pennsylvania,46854,5041.4,Philadelphia,61854.0,40.03278,-75.17523,2,6,18,1,8683
121,19147,639900.0,3,2,1449,715 S 11TH ST,Philadelphia,Pennsylvania,39335,11352.6,Philadelphia,154389.0,39.93645,-75.15468,5,6,18,1,113
19758,19139,149821.0,3,1,990,218 S ALDEN ST,Philadelphia,Pennsylvania,45642,9964.3,Philadelphia,58668.0,39.96144,-75.22964,1,6,18,1,19131
19647,19120,250000.0,3,2,2043,465 VAN KIRK ST,Philadelphia,Pennsylvania,73896,8821.9,Philadelphia,62768.0,40.03417,-75.11986,1,6,18,1,19025
27613,19146,400000.0,3,3,1707,1421 S RINGGOLD ST,Philadelphia,Pennsylvania,40983,9178.7,Philadelphia,129271.0,39.93917,-75.18398,3,6,18,1,26832
9048,19149,269900.0,3,1,1278,2952 MCKINLEY ST,Philadelphia,Pennsylvania,59899,9687.9,Philadelphia,67745.0,40.03781,-75.06544,2,6,18,1,8732
8882,19107,325000.0,2,1,967,1008 SPRUCE ST # 34,Philadelphia,Pennsylvania,14984,10634.5,Philadelphia,105692.0,39.9518,-75.15864,2,6,18,1,8569
9034,19148,259900.0,3,3,1320,1241 W PORTER ST,Philadelphia,Pennsylvania,51010,4652.6,Philadelphia,89150.0,39.91175,-75.1514,2,6,18,1,8718
5079,19123,600000.0,3,2,1386,956 N LAWRENCE ST # A,Philadelphia,Pennsylvania,18071,5532.1,Philadelphia,126530.0,39.96399,-75.14568,4,6,18,1,4876
19775,19140,149900.0,4,2,1334,3318 N GRATZ ST,Philadelphia,Pennsylvania,54831,6715.9,Philadelphia,44659.0,40.01224,-75.14512,1,6,18,1,19148
19665,19124,179900.0,3,2,1350,1615 ALLENGROVE ST,Philadelphia,Pennsylvania,71496,5365.8,Philadelphia,65736.0,40.01728,-75.09387,1,6,18,1,19043
8985,19139,259000.0,4,2,1650,227 N 53RD ST,Philadelphia,Pennsylvania,45642,9964.3,Philadelphia,58668.0,39.96144,-75.22964,2,6,18,1,8672
34100,19124,89900.0,3,2,1260,4054 E CHELTENHAM AVE,Philadelphia,Pennsylvania,71496,5365.8,Philadelphia,65736.0,40.01728,-75.09387,0,6,18,1,33085
8967,19134,289900.0,2,1,840,2718 E CAMBRIA ST,Philadelphia,Pennsylvania,59590,6676.6,Philadelphia,53460.0,39.98953,-75.10838,2,6,18,1,8654
19738,19136,239900.0,3,2,1024,4625 LANSING ST,Philadelphia,Pennsylvania,37193,2992.9,Philadelphia,80802.0,40.03973,-75.01932,1,6,18,1,19111
5090,19146,599000.0,2,2,1408,2149 CATHARINE ST APT 3,Philadelphia,Pennsylvania,40983,9178.7,Philadelphia,129271.0,39.93917,-75.18398,4,6,18,1,4887
19822,19144,239000.0,5,5,5000,4916 GERMANTOWN AVE,Philadelphia,Pennsylvania,46854,5041.4,Philadelphia,61854.0,40.03278,-75.17523,1,6,18,1,19193
8926,19125,264900.0,3,1,960,2346 E ALBERT ST,Philadelphia,Pennsylvania,24948,7123.8,Philadelphia,115644.0,39.97611,-75.12472,2,6,18,1,8613
34180,19144,110000.0,3,1,1200,546 E WALNUT LN,Philadelphia,Pennsylvania,46854,5041.4,Philadelphia,61854.0,40.03278,-75.17523,0,6,18,1,33163
8903,19114,269900.0,2,2,1651,5009 S CONVENT LN APT B,Philadelphia,Pennsylvania,31815,2182.8,Philadelphia,92588.0,40.06743,-75.00361,2,6,18,1,8590
19669,19124,199900.0,4,2,2256,1306 FOULKROD ST,Philadelphia,Pennsylvania,71496,5365.8,Philadelphia,65736.0,40.01728,-75.09387,1,6,18,1,19047
34157,19140,120000.0,4,3,1728,3861 N 17TH ST,Philadelphia,Pennsylvania,54831,6715.9,Philadelphia,44659.0,40.01224,-75.14512,0,6,18,1,33140
18220,19130,918750.0,3,2,1753,1900 HAMILTON ST UNIT D6,Philadelphia,Pennsylvania,29378,9166.1,Philadelphia,138891.0,39.9676,-75.17495,7,6,18,1,17641
8904,19115,349000.0,3,2,1178,2201 CONWELL AVE,Philadelphia,Pennsylvania,35901,2685.3,Philadelphia,99941.0,40.09094,-75.04595,2,6,18,1,8591
19724,19134,174999.0,3,2,1176,941 E RUSSELL ST,Philadelphia,Pennsylvania,59590,6676.6,Philadelphia,53460.0,39.98953,-75.10838,1,6,18,1,19097
19835,19145,200000.0,3,1,1104,2110 MCCLELLAN ST,Philadelphia,Pennsylvania,45101,3631.1,Philadelphia,88659.0,39.91469,-75.19194,1,6,18,1,19206
8894,19111,274900.0,4,1,1956,365 FANSHAWE ST,Philadelphia,Pennsylvania,68452,5454.3,Philadelphia,77163.0,40.06065,-75.08019,2,6,18,1,8581
19632,19120,159900.0,2,1,924,5918 HAMMOND AVE,Philadelphia,Pennsylvania,73896,8821.9,Philadelphia,62768.0,40.03417,-75.11986,1,6,18,1,19010
19748,19137,135500.0,3,1,1190,4733 JAMES ST,Philadelphia,Pennsylvania,8470,1350.3,Philadelphia,77072.0,39.99455,-75.074,1,6,18,1,19121
27617,19147,499900.0,2,3,1050,106 ELLSWORTH ST,Philadelphia,Pennsylvania,39335,11352.6,Philadelphia,154389.0,39.93645,-75.15468,3,6,18,1,26836
19841,19146,206800.0,3,2,1184,1636 REED ST,Philadelphia,Pennsylvania,40983,9178.7,Philadelphia,129271.0,39.93917,-75.18398,1,6,18,1,19212
27575,19125,499000.0,3,2,1608,2232 CEDAR ST,Philadelphia,Pennsylvania,24948,7123.8,Philadelphia,115644.0,39.97611,-75.12472,3,6,18,1,26794
27551,19111,409900.0,3,2,1188,1835 GRIFFITH ST,Philadelphia,Pennsylvania,68452,5454.3,Philadelphia,77163.0,40.06065,-75.08019,3,6,18,1,26770
19770,19140,138900.0,3,1,1282,3531 N MARVINE ST,Philadelphia,Pennsylvania,54831,6715.9,Philadelphia,44659.0,40.01224,-75.14512,1,6,18,1,19143
9026,19148,289900.0,4,1,1520,732 MCKEAN ST,Philadelphia,Pennsylvania,51010,4652.6,Philadelphia,89150.0,39.91175,-75.1514,2,6,18,1,8710
8991,19143,350000.0,4,1,1484,1125 S WILTON ST,Philadelphia,Pennsylvania,63861,7914.0,Philadelphia,61781.0,39.94315,-75.22664,2,6,18,1,8677
18218,19128,899000.0,5,3,4100,952 E CATHEDRAL RD,Philadelphia,Pennsylvania,38840,2147.0,Philadelphia,107171.0,40.05003,-75.23003,7,6,18,1,17639
5077,19122,519000.0,2,2,1437,184 W OXFORD ST,Philadelphia,Pennsylvania,22080,6592.2,Philadelphia,87642.0,39.97767,-75.14571,4,6,18,1,4874
8983,19138,299900.0,3,2,1424,1027 E RITTENHOUSE ST,Philadelphia,Pennsylvania,33197,7265.4,Philadelphia,61093.0,40.05594,-75.15947,2,6,18,1,8670
27611,19146,419000.0,2,2,1470,2141 OAKFORD ST,Philadelphia,Pennsylvania,40983,9178.7,Philadelphia,129271.0,39.93917,-75.18398,3,6,18,1,26830
19771,19140,159000.0,5,2,1503,1827 BRUNNER ST,Philadelphia,Pennsylvania,54831,6715.9,Philadelphia,44659.0,40.01224,-75.14512,1,6,18,1,19144
34175,19143,65000.0,3,1,1368,5501 WARRINGTON AVE,Philadelphia,Pennsylvania,63861,7914.0,Philadelphia,61781.0,39.94315,-75.22664,0,6,18,1,33158
9052,19150,329900.0,3,4,1502,919 E MCPHERSON ST,Philadelphia,Pennsylvania,22760,5942.5,Philadelphia,73243.0,40.07251,-75.17165,2,6,18,1,8736
9081,19154,294900.0,3,2,1528,11707 DIMARCO DR,Philadelphia,Pennsylvania,34803,2100.3,Philadelphia,102138.0,40.0951,-74.98159,2,6,18,1,8763
8885,19111,299000.0,3,2,1600,321 FANSHAWE ST,Philadelphia,Pennsylvania,68452,5454.3,Philadelphia,77163.0,40.06065,-75.08019,2,6,18,1,8572
8990,19143,319900.0,3,3,1757,1207 S PEACH ST,Philadelphia,Pennsylvania,63861,7914.0,Philadelphia,61781.0,39.94315,-75.22664,2,6,18,1,8675
9074,19154,330000.0,3,2,1860,3719 WESTHAMPTON DR,Philadelphia,Pennsylvania,34803,2100.3,Philadelphia,102138.0,40.0951,-74.98159,2,6,18,1,8756
8964,19133,362500.0,4,3,2300,2525 N MASCHER ST,Philadelphia,Pennsylvania,25893,7791.3,Philadelphia,45818.0,39.99238,-75.14149,2,6,18,1,8651
27569,19122,499000.0,3,3,2034,1220 GERMANTOWN AVE,Philadelphia,Pennsylvania,22080,6592.2,Philadelphia,87642.0,39.97767,-75.14571,3,6,18,1,26788
19630,19119,209999.0,3,2,1108,6634 CHEW AVE,Philadelphia,Pennsylvania,29206,3313.6,Philadelphia,120369.0,40.05303,-75.19223,1,6,18,1,19008
8953,19130,315000.0,1,1,758,714 N CHADWICK ST UNIT 6,Philadelphia,Pennsylvania,29378,9166.1,Philadelphia,138891.0,39.9676,-75.17495,2,6,18,1,8640
19740,19136,230000.0,3,2,1152,8719 JACKSON ST,Philadelphia,Pennsylvania,37193,2992.9,Philadelphia,80802.0,40.03973,-75.01932,1,6,18,1,19113
34099,19121,42900.0,3,1,876,2156 N NEWKIRK ST,Philadelphia,Pennsylvania,34702,5660.1,Philadelphia,60326.0,39.98231,-75.17995,0,6,18,1,33084
19866,19149,225000.0,4,3,1600,6633 RUTLAND ST,Philadelphia,Pennsylvania,59899,9687.9,Philadelphia,67745.0,40.03781,-75.06544,1,6,18,1,19237
3333,19130,875000.0,3,3,2210,850 N TAYLOR ST,Philadelphia,Pennsylvania,29378,9166.1,Philadelphia,138891.0,39.9676,-75.17495,6,6,18,1,3190
8924,19123,290000.0,2,1,850,1025 N LAWRENCE ST APT B,Philadelphia,Pennsylvania,18071,5532.1,Philadelphia,126530.0,39.96399,-75.14568,2,6,18,1,8611
8908,19116,375999.0,3,2,1224,807 AVON RD,Philadelphia,Pennsylvania,33573,2482.7,Philadelphia,86502.0,40.11655,-75.01399,2,6,18,1,8595
19634,19120,185000.0,3,1,1120,266 RUBICAM ST,Philadelphia,Pennsylvania,73896,8821.9,Philadelphia,62768.0,40.03417,-75.11986,1,6,18,1,19012
9058,19152,348000.0,3,3,1552,3033 NESPER ST,Philadelphia,Pennsylvania,35528,4759.9,Philadelphia,82402.0,40.06158,-75.04663,2,6,18,1,8742
34145,19139,125000.0,2,1,900,124 N DEARBORN ST,Philadelphia,Pennsylvania,45642,9964.3,Philadelphia,58668.0,39.96144,-75.22964,0,6,18,1,33129
34123,19134,86500.0,3,1,1064,3424 BRADDOCK ST,Philadelphia,Pennsylvania,59590,6676.6,Philadelphia,53460.0,39.98953,-75.10838,0,6,18,1,33107
34103,19129,70000.0,3,1,914,2705 W WESTMORELAND ST,Philadelphia,Pennsylvania,11551,2174.1,Philadelphia,115650.0,40.01338,-75.18454,0,6,18,1,33088
34102,19129,95000.0,3,1,1152,3229 N 26TH ST,Philadelphia,Pennsylvania,11551,2174.1,Philadelphia,115650.0,40.01338,-75.18454,0,6,18,1,33087
8897,19114,374900.0,3,2,1860,9212 CRISPIN ST,Philadelphia,Pennsylvania,31815,2182.8,Philadelphia,92588.0,40.06743,-75.00361,2,6,18,1,8584
34115,19132,90000.0,2,1,924,2736 N OPAL ST,Philadelphia,Pennsylvania,32802,5879.3,Philadelphia,48243.0,39.99649,-75.17102,0,6,18,1,33099
98,19125,699000.0,3,2,2201,1502 EARL ST,Philadelphia,Pennsylvania,24948,7123.8,Philadelphia,115644.0,39.97611,-75.12472,5,6,18,1,91
19796,19142,150000.0,3,1,1224,1728 S EDGEWOOD ST,Philadelphia,Pennsylvania,29993,6632.5,Philadelphia,52935.0,39.92278,-75.23375,1,6,18,1,19168
8932,19127,370000.0,3,2,1910,126 HERMIT ST,Philadelphia,Pennsylvania,5522,3735.5,Philadelphia,140600.0,40.02854,-75.22746,2,6,18,1,8619
34182,19144,85000.0,4,1,1468,5243 KNOX ST,Philadelphia,Pennsylvania,46854,5041.4,Philadelphia,61854.0,40.03278,-75.17523,0,6,18,1,33165
105,19130,679000.0,3,3,1755,827 N 25TH ST,Philadelphia,Pennsylvania,29378,9166.1,Philadelphia,138891.0,39.9676,-75.17495,5,6,18,1,97
19794,19142,179900.0,3,1,1174,6917 DICKS AVE,Philadelphia,Pennsylvania,29993,6632.5,Philadelphia,52935.0,39.92278,-75.23375,1,6,18,1,19166
8938,19128,310000.0,3,1,1148,447 PARKER AVE,Philadelphia,Pennsylvania,38840,2147.0,Philadelphia,107171.0,40.05003,-75.23003,2,6,18,1,8625
19870,19149,226000.0,3,2,1236,6520 KINDRED ST,Philadelphia,Pennsylvania,59899,9687.9,Philadelphia,67745.0,40.03781,-75.06544,1,6,18,1,19241
8969,19134,299000.0,3,3,1152,2926 ARAMINGO AVE,Philadelphia,Pennsylvania,59590,6676.6,Philadelphia,53460.0,39.98953,-75.10838,2,6,18,1,8656
8923,19123,350000.0,3,2,1218,152 BROWN ST,Philadelphia,Pennsylvania,18071,5532.1,Philadelphia,126530.0,39.96399,-75.14568,2,6,18,1,8610
19814,19143,169000.0,3,1,1578,5542 DELANCEY ST,Philadelphia,Pennsylvania,63861,7914.0,Philadelphia,61781.0,39.94315,-75.22664,1,6,18,1,19186
19623,19114,231500.0,3,1,1368,3603 PRINCE CIR,Philadelphia,Pennsylvania,31815,2182.8,Philadelphia,92588.0,40.06743,-75.00361,1,6,18,1,19001
34181,19144,99000.0,2,1,804,505 E BRINGHURST ST,Philadelphia,Pennsylvania,46854,5041.4,Philadelphia,61854.0,40.03278,-75.17523,0,6,18,1,33164
8999,19145,359900.0,2,2,1024,1714 WATKINS ST,Philadelphia,Pennsylvania,45101,3631.1,Philadelphia,88659.0,39.91469,-75.19194,2,6,18,1,8685
9046,19149,295000.0,3,2,1512,3146 FANSHAWE ST,Philadelphia,Pennsylvania,59899,9687.9,Philadelphia,67745.0,40.03781,-75.06544,2,6,18,1,8730
8874,19103,319900.0,1,1,661,219 S 18TH ST # 1119,Philadelphia,Pennsylvania,25368,15173.9,Philadelphia,159697.0,39.95303,-75.17386,2,6,18,1,8561
19619,19106,249000.0,1,1,750,3 N COLUMBUS BLVD # PL231,Philadelphia,Pennsylvania,14211,6454.7,Philadelphia,176029.0,39.94589,-75.14224,1,6,18,1,18997
27548,19106,428000.0,2,1,1063,604 S WASHINGTON SQ APT 2514,Philadelphia,Pennsylvania,14211,6454.7,Philadelphia,176029.0,39.94589,-75.14224,3,6,18,1,26767
27578,19125,439999.0,2,2,1275,1510 FRANKFORD AVE APT 4,Philadelphia,Pennsylvania,24948,7123.8,Philadelphia,115644.0,39.97611,-75.12472,3,6,18,1,26797
8936,19128,360000.0,3,2,1216,619 ACORN ST,Philadelphia,Pennsylvania,38840,2147.0,Philadelphia,107171.0,40.05003,-75.23003,2,6,18,1,8623
19725,19135,147500.0,3,1,1076,6319 MARSDEN ST,Philadelphia,Pennsylvania,36304,6187.2,Philadelphia,69853.0,40.02192,-75.04966,1,6,18,1,19098
34126,19134,79000.0,3,1,960,3244 F ST,Philadelphia,Pennsylvania,59590,6676.6,Philadelphia,53460.0,39.98953,-75.10838,0,6,18,1,33110
19631,19120,179999.0,3,2,1037,5012 N FRANKLIN ST,Philadelphia,Pennsylvania,73896,8821.9,Philadelphia,62768.0,40.03417,-75.11986,1,6,18,1,19009
34142,19139,119000.0,3,1,1240,5312 CHANCELLOR ST,Philadelphia,Pennsylvania,45642,9964.3,Philadelphia,58668.0,39.96144,-75.22964,0,6,18,1,33126
19642,19120,185000.0,3,2,1504,572 E SANGER ST,Philadelphia,Pennsylvania,73896,8821.9,Philadelphia,62768.0,40.03417,-75.11986,1,6,18,1,19020
119,19147,750000.0,3,3,1818,729 BRADFORD ALY,Philadelphia,Pennsylvania,39335,11352.6,Philadelphia,154389.0,39.93645,-75.15468,5,6,18,1,111
19863,19149,209000.0,3,1,1046,3008 HALE ST,Philadelphia,Pennsylvania,59899,9687.9,Philadelphia,67745.0,40.03781,-75.06544,1,6,18,1,19234
34129,19134,58000.0,2,1,840,3123 ARBOR ST,Philadelphia,Pennsylvania,59590,6676.6,Philadelphia,53460.0,39.98953,-75.10838,0,6,18,1,33113
19789,19142,165000.0,3,1,953,6317 BUIST AVE,Philadelphia,Pennsylvania,29993,6632.5,Philadelphia,52935.0,39.92278,-75.23375,1,6,18,1,19161
26743,19103,1150000.0,2,2,1634,2101 MARKET ST UNIT 3506,Philadelphia,Pennsylvania,25368,15173.9,Philadelphia,159697.0,39.95303,-75.17386,9,6,18,1,25988
34167,19142,69900.0,3,2,1200,2139 S SIMPSON ST,Philadelphia,Pennsylvania,29993,6632.5,Philadelphia,52935.0,39.92278,-75.23375,0,6,18,1,33150
19860,19149,170900.0,2,1,693,1607 CRESTON ST,Philadelphia,Pennsylvania,59899,9687.9,Philadelphia,67745.0,40.03781,-75.06544,1,6,18,1,19231
9037,19148,289900.0,2,2,687,2840 S HUTCHINSON ST,Philadelphia,Pennsylvania,51010,4652.6,Philadelphia,89150.0,39.91175,-75.1514,2,6,18,1,8721
8933,19127,314000.0,3,1,1200,164 CARSON ST,Philadelphia,Pennsylvania,5522,3735.5,Philadelphia,140600.0,40.02854,-75.22746,2,6,18,1,8620
19858,19149,180000.0,2,1,1120,6027 SUMMERDALE AVE,Philadelphia,Pennsylvania,59899,9687.9,Philadelphia,67745.0,40.03781,-75.06544,1,6,18,1,19229
27600,19144,385000.0,6,3,2859,306 W SCHOOL HOUSE LN,Philadelphia,Pennsylvania,46854,5041.4,Philadelphia,61854.0,40.03278,-75.17523,3,6,18,1,26819
34118,19133,49000.0,5,1,1680,2811 N MUTTER ST,Philadelphia,Pennsylvania,25893,7791.3,Philadelphia,45818.0,39.99238,-75.14149,0,6,18,1,33102
8954,19131,345000.0,3,3,1938,2413 N 57TH ST,Philadelphia,Pennsylvania,44791,3280.7,Philadelphia,60575.0,39.98865,-75.21835,2,6,18,1,8641
19850,19148,149000.0,2,1,848,319 TREE ST,Philadelphia,Pennsylvania,51010,4652.6,Philadelphia,89150.0,39.91175,-75.1514,1,6,18,1,19221
19663,19124,160000.0,4,2,1230,4128 GLENDALE ST,Philadelphia,Pennsylvania,71496,5365.8,Philadelphia,65736.0,40.01728,-75.09387,1,6,18,1,19041
19677,19124,239900.0,4,2,1960,4340 MALTA ST,Philadelphia,Pennsylvania,71496,5365.8,Philadelphia,65736.0,40.01728,-75.09387,1,6,18,1,19055
34105,19131,78995.0,3,1,1030,409 N WANAMAKER ST,Philadelphia,Pennsylvania,44791,3280.7,Philadelphia,60575.0,39.98865,-75.21835,0,6,18,1,33090
19854,19148,239900.0,3,2,940,139 W PORTER ST,Philadelphia,Pennsylvania,51010,4652.6,Philadelphia,89150.0,39.91175,-75.1514,1,6,18,1,19225
19693,19131,175000.0,4,2,1504,1619 N 55TH ST,Philadelphia,Pennsylvania,44791,3280.7,Philadelphia,60575.0,39.98865,-75.21835,1,6,18,1,19071
9012,19146,300000.0,3,2,1120,1316 S CHADWICK ST,Philadelphia,Pennsylvania,40983,9178.7,Philadelphia,129271.0,39.93917,-75.18398,2,6,18,1,8696
34172,19143,89999.0,4,2,1560,5632 CEDAR AVE,Philadelphia,Pennsylvania,63861,7914.0,Philadelphia,61781.0,39.94315,-75.22664,0,6,18,1,33155
19809,19143,229900.0,3,1,1024,1000 S FRAZIER ST,Philadelphia,Pennsylvania,63861,7914.0,Philadelphia,61781.0,39.94315,-75.22664,1,6,18,1,19181
19790,19142,150000.0,3,1,960,2608 S 70TH ST,Philadelphia,Pennsylvania,29993,6632.5,Philadelphia,52935.0,39.92278,-75.23375,1,6,18,1,19162
19683,19125,235000.0,2,2,952,2529 JASPER ST,Philadelphia,Pennsylvania,24948,7123.8,Philadelphia,115644.0,39.97611,-75.12472,1,6,18,1,19061
19742,19136,179900.0,3,2,1179,4750 OAKMONT ST,Philadelphia,Pennsylvania,37193,2992.9,Philadelphia,80802.0,40.03973,-75.01932,1,6,18,1,19115
27550,19111,395000.0,5,3,1828,933 FANSHAWE ST,Philadelphia,Pennsylvania,68452,5454.3,Philadelphia,77163.0,40.06065,-75.08019,3,6,18,1,26769
19720,19134,155000.0,3,1,1158,3420 AMBER ST,Philadelphia,Pennsylvania,59590,6676.6,Philadelphia,53460.0,39.98953,-75.10838,1,6,18,1,19094
34108,19132,122000.0,4,1,1634,2355 N 19TH ST,Philadelphia,Pennsylvania,32802,5879.3,Philadelphia,48243.0,39.99649,-75.17102,0,6,18,1,33092
9044,19149,269900.0,3,1,1332,3237 ENGLEWOOD ST,Philadelphia,Pennsylvania,59899,9687.9,Philadelphia,67745.0,40.03781,-75.06544,2,6,18,1,8728
19785,19141,249900.0,4,3,1408,4827 N 9TH ST,Philadelphia,Pennsylvania,33641,7441.8,Philadelphia,51264.0,40.03788,-75.14541,1,6,18,1,19157
27583,19127,450000.0,5,2,1970,162 GREEN LN,Philadelphia,Pennsylvania,5522,3735.5,Philadelphia,140600.0,40.02854,-75.22746,3,6,18,1,26802
19655,19121,238000.0,2,1,1476,1218 N 16TH ST,Philadelphia,Pennsylvania,34702,5660.1,Philadelphia,60326.0,39.98231,-75.17995,1,6,18,1,19033
5085,19125,575000.0,4,3,2400,2511 EMERALD ST,Philadelphia,Pennsylvania,24948,7123.8,Philadelphia,115644.0,39.97611,-75.12472,4,6,18,1,4882
9072,19154,349500.0,3,3,1384,2902 NESTOR RD,Philadelphia,Pennsylvania,34803,2100.3,Philadelphia,102138.0,40.0951,-74.98159,2,6,18,1,8755
34149,19140,35000.0,3,1,1120,3523 N 7TH ST,Philadelphia,Pennsylvania,54831,6715.9,Philadelphia,44659.0,40.01224,-75.14512,0,6,18,1,33132
19755,19139,145000.0,3,1,1194,6021 SANSOM ST,Philadelphia,Pennsylvania,45642,9964.3,Philadelphia,58668.0,39.96144,-75.22964,1,6,18,1,19128
104,19129,650000.0,3,3,2592,3525 W SCHOOL HOUSE LN,Philadelphia,Pennsylvania,11551,2174.1,Philadelphia,115650.0,40.01338,-75.18454,5,6,18,1,96
19624,19114,215000.0,2,2,1651,5023 S CONVENT LN APT H,Philadelphia,Pennsylvania,31815,2182.8,Philadelphia,92588.0,40.06743,-75.00361,1,6,18,1,19002
8952,19130,368000.0,2,1,937,2001 HAMILTON ST APT 415,Philadelphia,Pennsylvania,29378,9166.1,Philadelphia,138891.0,39.9676,-75.17495,2,6,18,1,8639
8892,19111,315000.0,3,2,1380,1235 MCKINLEY ST,Philadelphia,Pennsylvania,68452,5454.3,Philadelphia,77163.0,40.06065,-75.08019,2,6,18,1,8579
19636,19120,199900.0,3,2,1120,5835 NEWTOWN AVE,Philadelphia,Pennsylvania,73896,8821.9,Philadelphia,62768.0,40.03417,-75.11986,1,6,18,1,19014
19694,19131,219900.0,2,2,1251,3600 CONSHOHOCKEN AVE APT 1511,Philadelphia,Pennsylvania,44791,3280.7,Philadelphia,60575.0,39.98865,-75.21835,1,6,18,1,19072
5081,19123,619900.0,2,2,1520,440 OLIVE ST,Philadelphia,Pennsylvania,18071,5532.1,Philadelphia,126530.0,39.96399,-75.14568,4,6,18,1,4878
8951,19130,275000.0,1,1,1005,2401 PENNSYLVANIA AVE APT 5A9,Philadelphia,Pennsylvania,29378,9166.1,Philadelphia,138891.0,39.9676,-75.17495,2,6,18,1,8638
34184,19145,110000.0,3,1,988,2341 MCCLELLAN ST,Philadelphia,Pennsylvania,45101,3631.1,Philadelphia,88659.0,39.91469,-75.19194,0,6,18,1,33167
5074,19116,529900.0,3,3,2032,806 REGINA ST,Philadelphia,Pennsylvania,33573,2482.7,Philadelphia,86502.0,40.11655,-75.01399,4,6,18,1,4872
34168,19142,119000.0,4,1,1044,6527 PASCHALL AVE,Philadelphia,Pennsylvania,29993,6632.5,Philadelphia,52935.0,39.92278,-75.23375,0,6,18,1,33151
8915,19121,345000.0,2,2,1230,3132 W MASTER ST,Philadelphia,Pennsylvania,34702,5660.1,Philadelphia,60326.0,39.98231,-75.17995,2,6,18,1,8602
8973,19136,259900.0,3,2,1152,8607 GILLESPIE ST,Philadelphia,Pennsylvania,37193,2992.9,Philadelphia,80802.0,40.03973,-75.01932,2,6,18,1,8660
19645,19120,135500.0,3,1,1120,237 W SHELDON ST,Philadelphia,Pennsylvania,73896,8821.9,Philadelphia,62768.0,40.03417,-75.11986,1,6,18,1,19023
27579,19125,400000.0,2,3,1690,2130 E SERGEANT ST APT 1,Philadelphia,Pennsylvania,24948,7123.8,Philadelphia,115644.0,39.97611,-75.12472,3,6,18,1,26798
34159,19140,120000.0,3,1,1050,3852 N FAIRHILL ST,Philadelphia,Pennsylvania,54831,6715.9,Philadelphia,44659.0,40.01224,-75.14512,0,6,18,1,33142
9053,19150,299000.0,3,2,1383,8622 TEMPLE RD,Philadelphia,Pennsylvania,22760,5942.5,Philadelphia,73243.0,40.07251,-75.17165,2,6,18,1,8737
27603,19146,499000.0,2,2,1228,755 S 20TH ST # A,Philadelphia,Pennsylvania,40983,9178.7,Philadelphia,129271.0,39.93917,-75.18398,3,6,18,1,26822
19723,19134,199700.0,3,1,1156,2538 E CLEARFIELD ST,Philadelphia,Pennsylvania,59590,6676.6,Philadelphia,53460.0,39.98953,-75.10838,1,6,18,1,19096
19867,19149,209000.0,3,2,1332,6218 BROUS AVE,Philadelphia,Pennsylvania,59899,9687.9,Philadelphia,67745.0,40.03781,-75.06544,1,6,18,1,19238
34155,19140,90000.0,2,2,1120,4235 N CLARISSA ST,Philadelphia,Pennsylvania,54831,6715.9,Philadelphia,44659.0,40.01224,-75.14512,0,6,18,1,33138
34150,19140,115000.0,2,1,840,1707 W JUNIATA ST,Philadelphia,Pennsylvania,54831,6715.9,Philadelphia,44659.0,40.01224,-75.14512,0,6,18,1,33133
9002,19145,299000.0,3,2,940,2418 S CHADWICK ST,Philadelphia,Pennsylvania,45101,3631.1,Philadelphia,88659.0,39.91469,-75.19194,2,6,18,1,8688
8914,19120,264900.0,4,3,1332,5970 REACH ST,Philadelphia,Pennsylvania,73896,8821.9,Philadelphia,62768.0,40.03417,-75.11986,2,6,18,1,8601
19872,19150,205000.0,3,1,1176,8048 FAYETTE ST,Philadelphia,Pennsylvania,22760,5942.5,Philadelphia,73243.0,40.07251,-75.17165,1,6,18,1,19243
8896,19114,315000.0,3,3,1540,9929 S CANTERBURY RD,Philadelphia,Pennsylvania,31815,2182.8,Philadelphia,92588.0,40.06743,-75.00361,2,6,18,1,8583
8963,19133,265000.0,5,4,1908,2816 N 11TH ST,Philadelphia,Pennsylvania,25893,7791.3,Philadelphia,45818.0,39.99238,-75.14149,2,6,18,1,8650
5068,19103,570000.0,2,2,1317,2200 ARCH ST UNIT 1008,Philadelphia,Pennsylvania,25368,15173.9,Philadelphia,159697.0,39.95303,-75.17386,4,6,18,1,4866
9008,19145,335000.0,3,2,848,1829 S MOLE ST,Philadelphia,Pennsylvania,45101,3631.1,Philadelphia,88659.0,39.91469,-75.19194,2,6,18,1,8693
19722,19134,199700.0,3,1,1156,2538 E CLEARFIELD ST,Philadelphia,Pennsylvania,59590,6676.6,Philadelphia,53460.0,39.98953,-75.10838,1,6,18,1,19096
19701,19132,155000.0,3,2,1162,2823 CHALMERS AVE,Philadelphia,Pennsylvania,32802,5879.3,Philadelphia,48243.0,39.99649,-75.17102,1,6,18,1,19079
34119,19133,115000.0,3,1,1332,1121 W INDIANA AVE,Philadelphia,Pennsylvania,25893,7791.3,Philadelphia,45818.0,39.99238,-75.14149,0,6,18,1,33103
19729,19135,150000.0,2,1,896,4819 KNORR ST,Philadelphia,Pennsylvania,36304,6187.2,Philadelphia,69853.0,40.02192,-75.04966,1,6,18,1,19102
18221,19146,975000.0,3,4,2800,924 S BONSALL ST,Philadelphia,Pennsylvania,40983,9178.7,Philadelphia,129271.0,39.93917,-75.18398,7,6,18,1,17642
112,19146,685000.0,3,4,2350,1330 S WOODSTOCK ST,Philadelphia,Pennsylvania,40983,9178.7,Philadelphia,129271.0,39.93917,-75.18398,5,6,18,1,104
8956,19131,285000.0,4,3,1079,5659 ARLINGTON ST,Philadelphia,Pennsylvania,44791,3280.7,Philadelphia,60575.0,39.98865,-75.21835,2,6,18,1,8643
110,19146,650000.0,3,3,1620,1801 WEBSTER ST,Philadelphia,Pennsylvania,40983,9178.7,Philadelphia,129271.0,39.93917,-75.18398,5,6,18,1,102
27584,19128,450000.0,4,2,2250,7932 RIDGE AVE,Philadelphia,Pennsylvania,38840,2147.0,Philadelphia,107171.0,40.05003,-75.23003,3,6,18,1,26803
9003,19145,324900.0,3,2,1200,1836 S 29TH ST,Philadelphia,Pennsylvania,45101,3631.1,Philadelphia,88659.0,39.91469,-75.19194,2,6,18,1,8684
5089,19145,635000.0,3,4,2885,3207 SALERNO WAY,Philadelphia,Pennsylvania,45101,3631.1,Philadelphia,88659.0,39.91469,-75.19194,4,6,18,1,4886
19881,19153,155000.0,3,1,960,2435 S MILAN ST,Philadelphia,Pennsylvania,12810,489.1,Philadelphia,58936.0,39.88391,-75.2343,1,6,18,1,19252
19715,19134,209900.0,3,1,1086,3145 ARAMINGO AVE,Philadelphia,Pennsylvania,59590,6676.6,Philadelphia,53460.0,39.98953,-75.10838,1,6,18,1,19090
5091,19146,625000.0,3,4,3096,2046 REED ST,Philadelphia,Pennsylvania,40983,9178.7,Philadelphia,129271.0,39.93917,-75.18398,4,6,18,1,4888
8955,19131,324999.0,4,3,1574,5333 ARLINGTON ST,Philadelphia,Pennsylvania,44791,3280.7,Philadelphia,60575.0,39.98865,-75.21835,2,6,18,1,8642
90,19104,689500.0,6,3,1935,3722 HAMILTON ST,Philadelphia,Pennsylvania,52126,6575.6,Philadelphia,54629.0,39.95891,-75.19836,5,6,18,1,83
34114,19132,69900.0,3,1,962,3152 N 27TH ST,Philadelphia,Pennsylvania,32802,5879.3,Philadelphia,48243.0,39.99649,-75.17102,0,6,18,1,33098
8934,19128,264900.0,2,1,1100,212 FOUNTAIN ST,Philadelphia,Pennsylvania,38840,2147.0,Philadelphia,107171.0,40.05003,-75.23003,2,6,18,1,8621
19811,19143,195000.0,3,1,1227,1412 S 55TH ST,Philadelphia,Pennsylvania,63861,7914.0,Philadelphia,61781.0,39.94315,-75.22664,1,6,18,1,19183
27566,19121,449900.0,4,6,2276,3142 CLIFFORD ST,Philadelphia,Pennsylvania,34702,5660.1,Philadelphia,60326.0,39.98231,-75.17995,3,6,18,1,26785
8893,19111,263000.0,3,1,1330,1301 FAUNCE ST,Philadelphia,Pennsylvania,68452,5454.3,Philadelphia,77163.0,40.06065,-75.08019,2,6,18,1,8580
120,19147,750000.0,4,3,1888,416 S 11TH ST,Philadelphia,Pennsylvania,39335,11352.6,Philadelphia,154389.0,39.93645,-75.15468,5,6,18,1,112
123,19148,699900.0,4,4,2400,1611 S 6TH ST,Philadelphia,Pennsylvania,51010,4652.6,Philadelphia,89150.0,39.91175,-75.1514,5,6,18,1,115
27567,19121,392999.0,3,4,2000,1641 N NEWKIRK ST,Philadelphia,Pennsylvania,34702,5660.1,Philadelphia,60326.0,39.98231,-75.17995,3,6,18,1,26786
19846,19148,139500.0,2,2,944,2417 S BEULAH ST,Philadelphia,Pennsylvania,51010,4652.6,Philadelphia,89150.0,39.91175,-75.1514,1,6,18,1,19217
8987,19142,260000.0,3,2,1224,6823 LINDBERGH BLVD,Philadelphia,Pennsylvania,29993,6632.5,Philadelphia,52935.0,39.92278,-75.23375,2,6,18,1,8674
19692,19130,205000.0,1,1,632,2601 PENNSYLVANIA AVE APT 307,Philadelphia,Pennsylvania,29378,9166.1,Philadelphia,138891.0,39.9676,-75.17495,1,6,18,1,19070
19865,19149,240000.0,2,2,958,7245 OAKLAND ST,Philadelphia,Pennsylvania,59899,9687.9,Philadelphia,67745.0,40.03781,-75.06544,1,6,18,1,19236
19783,19141,150000.0,3,1,1398,6062 N CAMAC ST,Philadelphia,Pennsylvania,33641,7441.8,Philadelphia,51264.0,40.03788,-75.14541,1,6,18,1,19155
118,19147,674500.0,4,3,2187,827 DICKINSON ST,Philadelphia,Pennsylvania,39335,11352.6,Philadelphia,154389.0,39.93645,-75.15468,5,6,18,1,110
19762,19139,185000.0,3,2,1092,40 N REDFIELD ST,Philadelphia,Pennsylvania,45642,9964.3,Philadelphia,58668.0,39.96144,-75.22964,1,6,18,1,19135
8916,19121,285999.0,4,4,1640,3146 EUCLID AVE,Philadelphia,Pennsylvania,34702,5660.1,Philadelphia,60326.0,39.98231,-75.17995,2,6,18,1,8603
3336,19147,810000.0,3,3,2286,1 CHRISTIAN ST UNIT 17,Philadelphia,Pennsylvania,39335,11352.6,Philadelphia,154389.0,39.93645,-75.15468,6,6,18,1,3193
27598,19143,497900.0,3,4,2464,936 S 50TH ST,Philadelphia,Pennsylvania,63861,7914.0,Philadelphia,61781.0,39.94315,-75.22664,3,6,18,1,26817
9016,19146,285000.0,3,2,1128,1632 ELLSWORTH ST,Philadelphia,Pennsylvania,40983,9178.7,Philadelphia,129271.0,39.93917,-75.18398,2,6,18,1,8700
8902,19114,377999.0,4,3,1498,3508 GRANT AVE,Philadelphia,Pennsylvania,31815,2182.8,Philadelphia,92588.0,40.06743,-75.00361,2,6,18,1,8589
8913,19119,314990.0,4,2,1530,6777 MUSGRAVE ST,Philadelphia,Pennsylvania,29206,3313.6,Philadelphia,120369.0,40.05303,-75.19223,2,6,18,1,8600
26746,19146,1200000.0,3,3,2615,2314 SOUTH ST,Philadelphia,Pennsylvania,40983,9178.7,Philadelphia,129271.0,39.93917,-75.18398,9,6,18,1,25991
9014,19146,279900.0,3,2,1176,3213 WHARTON ST,Philadelphia,Pennsylvania,40983,9178.7,Philadelphia,129271.0,39.93917,-75.18398,2,6,18,1,8698
8922,19122,259000.0,2,1,706,2010 N 5TH ST # 2C,Philadelphia,Pennsylvania,22080,6592.2,Philadelphia,87642.0,39.97767,-75.14571,2,6,18,1,8609
27564,19119,449900.0,4,4,1917,826 E DORSET ST,Philadelphia,Pennsylvania,29206,3313.6,Philadelphia,120369.0,40.05303,-75.19223,3,6,18,1,26783
19712,19133,185000.0,3,2,1160,1142 W NEVADA ST,Philadelphia,Pennsylvania,25893,7791.3,Philadelphia,45818.0,39.99238,-75.14149,1,6,18,1,19087
34166,19142,110000.0,3,1,1200,2906 S DEWEY ST,Philadelphia,Pennsylvania,29993,6632.5,Philadelphia,52935.0,39.92278,-75.23375,0,6,18,1,33149
5092,19146,545000.0,2,2,1260,746 S CLEVELAND ST,Philadelphia,Pennsylvania,40983,9178.7,Philadelphia,129271.0,39.93917,-75.18398,4,6,18,1,4889
19852,19148,219900.0,3,2,1054,637 FERNON ST,Philadelphia,Pennsylvania,51010,4652.6,Philadelphia,89150.0,39.91175,-75.1514,1,6,18,1,19223
27597,19143,399900.0,4,3,1500,5212 WEBSTER ST,Philadelphia,Pennsylvania,63861,7914.0,Philadelphia,61781.0,39.94315,-75.22664,3,6,18,1,26816
19695,19131,179900.0,3,3,1388,5728 NASSAU RD,Philadelphia,Pennsylvania,44791,3280.7,Philadelphia,60575.0,39.98865,-75.21835,1,6,18,1,19073
8948,19129,265000.0,4,2,1192,3252 N NEWKIRK ST,Philadelphia,Pennsylvania,11551,2174.1,Philadelphia,115650.0,40.01338,-75.18454,2,6,18,1,8635
19654,19121,225000.0,2,1,948,1749 N BAMBREY ST,Philadelphia,Pennsylvania,34702,5660.1,Philadelphia,60326.0,39.98231,-75.17995,1,6,18,1,19032
19727,19135,215000.0,4,2,1600,7029 TORRESDALE AVE,Philadelphia,Pennsylvania,36304,6187.2,Philadelphia,69853.0,40.02192,-75.04966,1,6,18,1,19100
9077,19154,284900.0,2,2,900,245 GOODFORD RD,Philadelphia,Pennsylvania,34803,2100.3,Philadelphia,102138.0,40.0951,-74.98159,2,6,18,1,8759
115,19146,675000.0,4,3,3375,2113 REED ST,Philadelphia,Pennsylvania,40983,9178.7,Philadelphia,129271.0,39.93917,-75.18398,5,6,18,1,107
19756,19139,244000.0,4,2,1560,5438 LOCUST ST,Philadelphia,Pennsylvania,45642,9964.3,Philadelphia,58668.0,39.96144,-75.22964,1,6,18,1,19129
34171,19142,115500.0,3,1,1223,6445 GARMAN ST,Philadelphia,Pennsylvania,29993,6632.5,Philadelphia,52935.0,39.92278,-75.23375,0,6,18,1,33154
18217,19123,999000.0,2,3,2950,1238 CALLOWHILL ST STE 801,Philadelphia,Pennsylvania,18071,5532.1,Philadelphia,126530.0,39.96399,-75.14568,7,6,18,1,17638
9031,19148,315000.0,3,1,1272,931 WOLF ST,Philadelphia,Pennsylvania,51010,4652.6,Philadelphia,89150.0,39.91175,-75.1514,2,6,18,1,8715
8889,19111,275000.0,3,2,1170,1032 TYSON AVE,Philadelphia,Pennsylvania,68452,5454.3,Philadelphia,77163.0,40.06065,-75.08019,2,6,18,1,8576
19709,19132,160000.0,3,3,2100,3008 W DAUPHIN ST,Philadelphia,Pennsylvania,32802,5879.3,Philadelphia,48243.0,39.99649,-75.17102,1,6,18,1,19085
116,19146,650000.0,3,2,1300,2117 RODMAN ST,Philadelphia,Pennsylvania,40983,9178.7,Philadelphia,129271.0,39.93917,-75.18398,5,6,18,1,108
27582,19125,432500.0,3,2,1150,2200 E YORK ST # 1,Philadelphia,Pennsylvania,24948,7123.8,Philadelphia,115644.0,39.97611,-75.12472,3,6,18,1,26801
8907,19116,370000.0,3,3,1200,433 WARING ST,Philadelphia,Pennsylvania,33573,2482.7,Philadelphia,86502.0,40.11655,-75.01399,2,6,18,1,8594
27586,19128,399900.0,3,2,1728,438 FLAMINGO ST,Philadelphia,Pennsylvania,38840,2147.0,Philadelphia,107171.0,40.05003,-75.23003,3,6,18,1,26805
27563,19119,469900.0,4,3,1835,304 W MOUNT PLEASANT AVE,Philadelphia,Pennsylvania,29206,3313.6,Philadelphia,120369.0,40.05303,-75.19223,3,6,18,1,26782
19766,19140,140500.0,3,1,1486,2046 W WESTMORELAND ST,Philadelphia,Pennsylvania,54831,6715.9,Philadelphia,44659.0,40.01224,-75.14512,1,6,18,1,19139
34146,19139,65000.0,2,1,994,207 N VODGES ST,Philadelphia,Pennsylvania,45642,9964.3,Philadelphia,58668.0,39.96144,-75.22964,0,6,18,1,33130
8872,19103,375000.0,2,1,1134,1919 CHESTNUT ST APT 1320,Philadelphia,Pennsylvania,25368,15173.9,Philadelphia,159697.0,39.95303,-75.17386,2,6,18,1,8559
8943,19128,259900.0,3,1,1490,314 PENSDALE ST,Philadelphia,Pennsylvania,38840,2147.0,Philadelphia,107171.0,40.05003,-75.23003,2,6,18,1,8630
19672,19124,229000.0,3,3,1540,972 BRIDGE ST,Philadelphia,Pennsylvania,71496,5365.8,Philadelphia,65736.0,40.01728,-75.09387,1,6,18,1,19050
34138,19136,79900.0,3,1,1248,4317 SHEFFIELD AVE,Philadelphia,Pennsylvania,37193,2992.9,Philadelphia,80802.0,40.03973,-75.01932,0,6,18,1,33122
2708,19106,1100000.0,2,2,1100,160 N 2ND ST # 1,Philadelphia,Pennsylvania,14211,6454.7,Philadelphia,176029.0,39.94589,-75.14224,8,6,18,1,2596
27625,19152,399900.0,3,3,1920,1510 SOLLY AVE,Philadelphia,Pennsylvania,35528,4759.9,Philadelphia,82402.0,40.06158,-75.04663,3,6,18,1,26844
27594,19138,500000.0,3,2,2650,6210 CLEARVIEW ST,Philadelphia,Pennsylvania,33197,7265.4,Philadelphia,61093.0,40.05594,-75.15947,3,6,18,1,26813
19874,19151,250000.0,3,1,1062,808 KENMORE RD,Philadelphia,Pennsylvania,31815,5121.3,Philadelphia,70134.0,39.97562,-75.25616,1,6,18,1,19245
9062,19152,350000.0,3,2,1995,2122 GRIFFITH ST,Philadelphia,Pennsylvania,35528,4759.9,Philadelphia,82402.0,40.06158,-75.04663,2,6,18,1,8745
19848,19148,220000.0,3,1,930,2602 S MARSHALL ST,Philadelphia,Pennsylvania,51010,4652.6,Philadelphia,89150.0,39.91175,-75.1514,1,6,18,1,19219
34095,19120,124900.0,3,1,1080,6045 N MASCHER ST,Philadelphia,Pennsylvania,73896,8821.9,Philadelphia,62768.0,40.03417,-75.11986,0,6,18,1,33081
18215,19118,895000.0,9,8,7119,8760 STENTON AVE,Philadelphia,Pennsylvania,10743,1294.2,Philadelphia,173051.0,40.07233,-75.21247,7,6,18,1,17636
9060,19152,290000.0,3,3,1047,8560 CASTOR AVE,Philadelphia,Pennsylvania,35528,4759.9,Philadelphia,82402.0,40.06158,-75.04663,2,6,18,1,8744
27615,19146,460000.0,3,3,1461,1304 S CLEVELAND ST,Philadelphia,Pennsylvania,40983,9178.7,Philadelphia,129271.0,39.93917,-75.18398,3,6,18,1,26834
9000,19145,359000.0,4,2,1795,1714 WOLF ST,Philadelphia,Pennsylvania,45101,3631.1,Philadelphia,88659.0,39.91469,-75.19194,2,6,18,1,8686
19764,19139,139900.0,3,1,1156,116 N SALFORD ST,Philadelphia,Pennsylvania,45642,9964.3,Philadelphia,58668.0,39.96144,-75.22964,1,6,18,1,19137
19684,19125,220000.0,2,2,956,2618 ALMOND ST,Philadelphia,Pennsylvania,24948,7123.8,Philadelphia,115644.0,39.97611,-75.12472,1,6,18,1,19062
34109,19132,91000.0,3,1,1040,2529 N GRATZ ST,Philadelphia,Pennsylvania,32802,5879.3,Philadelphia,48243.0,39.99649,-75.17102,0,6,18,1,33093
27560,19119,399990.0,3,3,1684,6479 MILTON ST,Philadelphia,Pennsylvania,29206,3313.6,Philadelphia,120369.0,40.05303,-75.19223,3,6,18,1,26779
34120,19133,95000.0,2,1,625,2668 N ORKNEY ST,Philadelphia,Pennsylvania,25893,7791.3,Philadelphia,45818.0,39.99238,-75.14149,0,6,18,1,33104
9071,19154,299900.0,3,2,1360,3583 OAKHILL RD,Philadelphia,Pennsylvania,34803,2100.3,Philadelphia,102138.0,40.0951,-74.98159,2,6,18,1,8754
3330,19118,800000.0,3,1,2584,8226 GERMANTOWN AVE,Philadelphia,Pennsylvania,10743,1294.2,Philadelphia,173051.0,40.07233,-75.21247,6,6,18,1,3187
8939,19128,349900.0,3,2,1320,155 W SALAIGNAC ST,Philadelphia,Pennsylvania,38840,2147.0,Philadelphia,107171.0,40.05003,-75.23003,2,6,18,1,8626
19728,19135,212900.0,3,3,1634,4111 PRINCETON AVE,Philadelphia,Pennsylvania,36304,6187.2,Philadelphia,69853.0,40.02192,-75.04966,1,6,18,1,19101
109,19145,749900.0,3,3,3150,2208 S BROAD ST,Philadelphia,Pennsylvania,45101,3631.1,Philadelphia,88659.0,39.91469,-75.19194,5,6,18,1,101
5100,19148,515000.0,5,5,3250,1933 S 6TH ST,Philadelphia,Pennsylvania,51010,4652.6,Philadelphia,89150.0,39.91175,-75.1514,4,6,18,1,4896
19731,19135,204999.0,3,2,960,6336 ALGARD ST,Philadelphia,Pennsylvania,36304,6187.2,Philadelphia,69853.0,40.02192,-75.04966,1,6,18,1,19104
117,19147,760000.0,3,3,1942,1020 E MOYAMENSING AVE,Philadelphia,Pennsylvania,39335,11352.6,Philadelphia,154389.0,39.93645,-75.15468,5,6,18,1,109
9059,19152,305000.0,3,2,1164,2840 SHIPLEY RD,Philadelphia,Pennsylvania,35528,4759.9,Philadelphia,82402.0,40.06158,-75.04663,2,6,18,1,8743
34121,19133,99000.0,3,2,1384,2358 N 12TH ST,Philadelphia,Pennsylvania,25893,7791.3,Philadelphia,45818.0,39.99238,-75.14149,0,6,18,1,33105
19800,19143,177900.0,3,1,1230,5846 PENTRIDGE ST,Philadelphia,Pennsylvania,63861,7914.0,Philadelphia,61781.0,39.94315,-75.22664,1,6,18,1,19172
8941,19128,339900.0,3,2,1680,355 DAWSON ST,Philadelphia,Pennsylvania,38840,2147.0,Philadelphia,107171.0,40.05003,-75.23003,2,6,18,1,8628
36382,19146,1350000.0,5,3,2500,2233 CATHARINE ST,Philadelphia,Pennsylvania,40983,9178.7,Philadelphia,129271.0,39.93917,-75.18398,10,6,18,1,35342
9079,19154,349900.0,3,3,1470,4460 ERNIE DAVIS CIR,Philadelphia,Pennsylvania,34803,2100.3,Philadelphia,102138.0,40.0951,-74.98159,2,6,18,1,8761
19699,19132,130000.0,3,1,1726,2514 W CUMBERLAND ST,Philadelphia,Pennsylvania,32802,5879.3,Philadelphia,48243.0,39.99649,-75.17102,1,6,18,1,19077
9019,19147,267000.0,2,1,1008,610 S CLIFTON ST,Philadelphia,Pennsylvania,39335,11352.6,Philadelphia,154389.0,39.93645,-75.15468,2,6,18,1,8703
27590,19130,450000.0,2,2,1430,744 N RINGGOLD ST,Philadelphia,Pennsylvania,29378,9166.1,Philadelphia,138891.0,39.9676,-75.17495,3,6,18,1,26809
19710,19132,209000.0,2,2,958,3109 W ARIZONA ST,Philadelphia,Pennsylvania,32802,5879.3,Philadelphia,48243.0,39.99649,-75.17102,1,6,18,1,19082
19736,19135,149000.0,3,1,1200,6624 HEGERMAN ST,Philadelphia,Pennsylvania,36304,6187.2,Philadelphia,69853.0,40.02192,-75.04966,1,6,18,1,19109
19824,19144,249999.0,4,2,960,328 W MILNE ST,Philadelphia,Pennsylvania,46854,5041.4,Philadelphia,61854.0,40.03278,-75.17523,1,6,18,1,19195
9009,19145,309900.0,4,3,1535,1617 PACKER AVE,Philadelphia,Pennsylvania,45101,3631.1,Philadelphia,88659.0,39.91469,-75.19194,2,6,18,1,8694
19703,19132,150000.0,3,1,1008,2415 W INDIANA AVE,Philadelphia,Pennsylvania,32802,5879.3,Philadelphia,48243.0,39.99649,-75.17102,1,6,18,1,19081
19682,19125,250000.0,3,2,990,2505 EMERALD ST,Philadelphia,Pennsylvania,24948,7123.8,Philadelphia,115644.0,39.97611,-75.12472,1,6,18,1,19060
9066,19152,299900.0,3,2,1128,7705 BRADFORD ST,Philadelphia,Pennsylvania,35528,4759.9,Philadelphia,82402.0,40.06158,-75.04663,2,6,18,1,8749
19797,19142,150000.0,3,1,1220,6322 THEODORE ST,Philadelphia,Pennsylvania,29993,6632.5,Philadelphia,52935.0,39.92278,-75.23375,1,6,18,1,19169
34160,19140,109900.0,3,1,960,3950 N PERCY ST,Philadelphia,Pennsylvania,54831,6715.9,Philadelphia,44659.0,40.01224,-75.14512,0,6,18,1,33143
101,19125,699900.0,4,3,2332,2434 E CUMBERLAND ST,Philadelphia,Pennsylvania,24948,7123.8,Philadelphia,115644.0,39.97611,-75.12472,5,6,18,1,93
8989,19143,275000.0,3,2,1066,1046 S PAXON ST,Philadelphia,Pennsylvania,63861,7914.0,Philadelphia,61781.0,39.94315,-75.22664,2,6,18,1,8676
27557,19115,425000.0,3,2,2082,9527 NORTHEAST AVE,Philadelphia,Pennsylvania,35901,2685.3,Philadelphia,99941.0,40.09094,-75.04595,3,6,18,1,26776
8957,19131,269900.0,3,2,1284,1704 N 57TH ST,Philadelphia,Pennsylvania,44791,3280.7,Philadelphia,60575.0,39.98865,-75.21835,2,6,18,1,8644
19718,19134,225000.0,4,3,2116,3618 EMERALD ST,Philadelphia,Pennsylvania,59590,6676.6,Philadelphia,53460.0,39.98953,-75.10838,1,6,18,1,19093
96,19123,690000.0,3,4,2034,849 N ORIANNA ST,Philadelphia,Pennsylvania,18071,5532.1,Philadelphia,126530.0,39.96399,-75.14568,5,6,18,1,89
19670,19124,175000.0,3,1,956,843 ANCHOR ST,Philadelphia,Pennsylvania,71496,5365.8,Philadelphia,65736.0,40.01728,-75.09387,1,6,18,1,19048
19705,19132,150000.0,3,1,1065,1604 W CLEARFIELD ST,Philadelphia,Pennsylvania,32802,5879.3,Philadelphia,48243.0,39.99649,-75.17102,1,6,18,1,19083
19844,19146,242900.0,4,2,1024,1507 S CORLIES ST,Philadelphia,Pennsylvania,40983,9178.7,Philadelphia,129271.0,39.93917,-75.18398,1,6,18,1,19215
34141,19138,90000.0,3,1,1064,6510 WISTER ST,Philadelphia,Pennsylvania,33197,7265.4,Philadelphia,61093.0,40.05594,-75.15947,0,6,18,1,33125
19781,19141,159500.0,3,2,1310,6231 N GRATZ ST,Philadelphia,Pennsylvania,33641,7441.8,Philadelphia,51264.0,40.03788,-75.14541,1,6,18,1,19153
34169,19142,125000.0,3,1,1216,6160 WHEELER ST,Philadelphia,Pennsylvania,29993,6632.5,Philadelphia,52935.0,39.92278,-75.23375,0,6,18,1,33152
8937,19128,359000.0,3,1,1331,677 RECTOR ST,Philadelphia,Pennsylvania,38840,2147.0,Philadelphia,107171.0,40.05003,-75.23003,2,6,18,1,8624
3328,19106,850000.0,2,2,1790,121 WALNUT ST # 503,Philadelphia,Pennsylvania,14211,6454.7,Philadelphia,176029.0,39.94589,-75.14224,6,6,18,1,3185
8881,19106,300000.0,1,1,902,50 N FRONT ST APT 402,Philadelphia,Pennsylvania,14211,6454.7,Philadelphia,176029.0,39.94589,-75.14224,2,6,18,1,8568
19700,19132,199900.0,3,2,1618,2543 W GORDON ST,Philadelphia,Pennsylvania,32802,5879.3,Philadelphia,48243.0,39.99649,-75.17102,1,6,18,1,19078
19768,19140,130000.0,3,1,1062,4154 N 8TH ST,Philadelphia,Pennsylvania,54831,6715.9,Philadelphia,44659.0,40.01224,-75.14512,1,6,18,1,19141
27599,19143,400000.0,3,3,1821,351 S 47TH ST APT B410,Philadelphia,Pennsylvania,63861,7914.0,Philadelphia,61781.0,39.94315,-75.22664,3,6,18,1,26818
8971,19135,260000.0,3,2,1350,7010 CHARLES ST,Philadelphia,Pennsylvania,36304,6187.2,Philadelphia,69853.0,40.02192,-75.04966,2,6,18,1,8658
34185,19152,117000.0,1,1,712,7600 ROOSEVELT BLVD APT 604,Philadelphia,Pennsylvania,35528,4759.9,Philadelphia,82402.0,40.06158,-75.04663,0,6,18,1,33168
19819,19144,154900.0,3,2,1654,6129 MUSGRAVE ST,Philadelphia,Pennsylvania,46854,5041.4,Philadelphia,61854.0,40.03278,-75.17523,1,6,18,1,19191
8930,19127,259900.0,3,1,1100,224 CARSON ST,Philadelphia,Pennsylvania,5522,3735.5,Philadelphia,140600.0,40.02854,-75.22746,2,6,18,1,8617
19849,19148,219900.0,2,1,868,252 SIGEL ST,Philadelphia,Pennsylvania,51010,4652.6,Philadelphia,89150.0,39.91175,-75.1514,1,6,18,1,19220
9035,19148,275000.0,3,1,1084,1912 S 9TH ST,Philadelphia,Pennsylvania,51010,4652.6,Philadelphia,89150.0,39.91175,-75.1514,2,6,18,1,8719
19761,19139,194900.0,3,2,1008,5952 LOCUST ST,Philadelphia,Pennsylvania,45642,9964.3,Philadelphia,58668.0,39.96144,-75.22964,1,6,18,1,19134
34096,19120,90000.0,3,1,1560,445 W ROOSEVELT BLVD,Philadelphia,Pennsylvania,73896,8821.9,Philadelphia,62768.0,40.03417,-75.11986,0,6,18,1,33082
34122,19133,74900.0,2,1,1088,2839 N HOPE ST,Philadelphia,Pennsylvania,25893,7791.3,Philadelphia,45818.0,39.99238,-75.14149,0,6,18,1,33106
19661,19122,255000.0,2,1,714,2010 N 5TH ST # 2B,Philadelphia,Pennsylvania,22080,6592.2,Philadelphia,87642.0,39.97767,-75.14571,1,6,18,1,19039
5099,19148,600000.0,4,3,2633,1729 S BROAD ST,Philadelphia,Pennsylvania,51010,4652.6,Philadelphia,89150.0,39.91175,-75.1514,4,6,18,1,4895
19878,19152,135000.0,2,2,961,7600 ROOSEVELT BLVD APT 911,Philadelphia,Pennsylvania,35528,4759.9,Philadelphia,82402.0,40.06158,-75.04663,1,6,18,1,19249
27608,19146,500000.0,4,3,2184,2616 LATONA ST,Philadelphia,Pennsylvania,40983,9178.7,Philadelphia,129271.0,39.93917,-75.18398,3,6,18,1,26827
34161,19140,79900.0,3,1,1120,3842 N PERCY ST,Philadelphia,Pennsylvania,54831,6715.9,Philadelphia,44659.0,40.01224,-75.14512,0,6,18,1,33144
34125,19134,75000.0,2,1,968,2833 N LEE ST,Philadelphia,Pennsylvania,59590,6676.6,Philadelphia,53460.0,39.98953,-75.10838,0,6,18,1,33109
8928,19125,295000.0,2,1,672,2545 TULIP ST,Philadelphia,Pennsylvania,24948,7123.8,Philadelphia,115644.0,39.97611,-75.12472,2,6,18,1,8615
19869,19149,219000.0,2,2,896,7136 BUSTLETON AVE,Philadelphia,Pennsylvania,59899,9687.9,Philadelphia,67745.0,40.03781,-75.06544,1,6,18,1,19240
8961,19132,285000.0,7,3,1973,2254 N PARK AVE,Philadelphia,Pennsylvania,32802,5879.3,Philadelphia,48243.0,39.99649,-75.17102,2,6,18,1,8648
27552,19114,499000.0,4,2,1600,9318 TREATY RD,Philadelphia,Pennsylvania,31815,2182.8,Philadelphia,92588.0,40.06743,-75.00361,3,6,18,1,26771
9043,19149,289500.0,3,2,1344,3435 BRIGHTON ST,Philadelphia,Pennsylvania,59899,9687.9,Philadelphia,67745.0,40.03781,-75.06544,2,6,18,1,8727
19675,19124,159900.0,3,1,1064,1615 WOMRATH ST,Philadelphia,Pennsylvania,71496,5365.8,Philadelphia,65736.0,40.01728,-75.09387,1,6,18,1,19053
19877,19151,170000.0,3,2,1408,6457 MORRIS PARK RD,Philadelphia,Pennsylvania,31815,5121.3,Philadelphia,70134.0,39.97562,-75.25616,1,6,18,1,19248
34128,19134,89900.0,2,1,870,1844 HART LN,Philadelphia,Pennsylvania,59590,6676.6,Philadelphia,53460.0,39.98953,-75.10838,0,6,18,1,33112
8920,19122,349000.0,2,2,1157,1521 N FRANKLIN ST APT 3,Philadelphia,Pennsylvania,22080,6592.2,Philadelphia,87642.0,39.97767,-75.14571,2,6,18,1,8607
8912,19119,265000.0,3,1,1440,319 E MEEHAN AVE,Philadelphia,Pennsylvania,29206,3313.6,Philadelphia,120369.0,40.05303,-75.19223,2,6,18,1,8599
27616,19146,430000.0,2,1,1008,2206 KATER ST,Philadelphia,Pennsylvania,40983,9178.7,Philadelphia,129271.0,39.93917,-75.18398,3,6,18,1,26835
8875,19104,314900.0,5,3,1428,529 N 33RD ST,Philadelphia,Pennsylvania,52126,6575.6,Philadelphia,54629.0,39.95891,-75.19836,2,6,18,1,8562
19788,19142,145000.0,3,2,952,2049 S AIKENS ST,Philadelphia,Pennsylvania,29993,6632.5,Philadelphia,52935.0,39.92278,-75.23375,1,6,18,1,19160
19813,19143,189000.0,3,1,1088,6202 HAZEL AVE,Philadelphia,Pennsylvania,63861,7914.0,Philadelphia,61781.0,39.94315,-75.22664,1,6,18,1,19185
9004,19145,279900.0,2,3,1282,2802 SNYDER AVE,Philadelphia,Pennsylvania,45101,3631.1,Philadelphia,88659.0,39.91469,-75.19194,2,6,18,1,8689
19629,19119,225000.0,3,2,1150,155 E PLEASANT ST,Philadelphia,Pennsylvania,29206,3313.6,Philadelphia,120369.0,40.05303,-75.19223,1,6,18,1,19007
8981,19138,339000.0,3,3,1728,1231 E JOHNSON ST,Philadelphia,Pennsylvania,33197,7265.4,Philadelphia,61093.0,40.05594,-75.15947,2,6,18,1,8668
19671,19124,199900.0,5,2,1440,4333 WORTH ST,Philadelphia,Pennsylvania,71496,5365.8,Philadelphia,65736.0,40.01728,-75.09387,1,6,18,1,19049
9033,19148,289900.0,2,1,1000,437 DUDLEY ST,Philadelphia,Pennsylvania,51010,4652.6,Philadelphia,89150.0,39.91175,-75.1514,2,6,18,1,8717
8992,19143,299900.0,4,2,1555,6156 WEBSTER ST,Philadelphia,Pennsylvania,63861,7914.0,Philadelphia,61781.0,39.94315,-75.22664,2,6,18,1,8678
19792,19142,179500.0,3,2,1124,7275 SAYBROOK AVE,Philadelphia,Pennsylvania,29993,6632.5,Philadelphia,52935.0,39.92278,-75.23375,1,6,18,1,19164
27606,19146,415000.0,4,3,1995,2933 WHARTON ST,Philadelphia,Pennsylvania,40983,9178.7,Philadelphia,129271.0,39.93917,-75.18398,3,6,18,1,26825
27565,19121,445000.0,4,3,1848,1814 W THOMPSON ST,Philadelphia,Pennsylvania,34702,5660.1,Philadelphia,60326.0,39.98231,-75.17995,3,6,18,1,26784
8979,19137,269999.0,3,2,1368,2601 CROYDON ST,Philadelphia,Pennsylvania,8470,1350.3,Philadelphia,77072.0,39.99455,-75.074,2,6,18,1,8666
19786,19141,159000.0,3,2,1136,5454 N MARVINE ST,Philadelphia,Pennsylvania,33641,7441.8,Philadelphia,51264.0,40.03788,-75.14541,1,6,18,1,19158
27587,19128,419900.0,4,3,1800,305 GINGER LN,Philadelphia,Pennsylvania,38840,2147.0,Philadelphia,107171.0,40.05003,-75.23003,3,6,18,1,26806
8998,19145,324900.0,3,2,1200,1836 S 29TH ST,Philadelphia,Pennsylvania,45101,3631.1,Philadelphia,88659.0,39.91469,-75.19194,2,6,18,1,8684
27576,19125,429500.0,3,3,1629,2050 E SERGEANT ST,Philadelphia,Pennsylvania,24948,7123.8,Philadelphia,115644.0,39.97611,-75.12472,3,6,18,1,26795
9050,19149,299000.0,3,2,1120,7053 LARGE ST,Philadelphia,Pennsylvania,59899,9687.9,Philadelphia,67745.0,40.03781,-75.06544,2,6,18,1,8734
19737,19135,150000.0,2,1,1108,4149 PASSMORE ST,Philadelphia,Pennsylvania,36304,6187.2,Philadelphia,69853.0,40.02192,-75.04966,1,6,18,1,19110
19773,19140,219000.0,3,2,1200,4048 N FRANKLIN ST,Philadelphia,Pennsylvania,54831,6715.9,Philadelphia,44659.0,40.01224,-75.14512,1,6,18,1,19146
8993,19143,258900.0,3,2,1420,5315 HADFIELD ST,Philadelphia,Pennsylvania,63861,7914.0,Philadelphia,61781.0,39.94315,-75.22664,2,6,18,1,8679
27554,19115,389900.0,5,3,1200,9819 HALDEMAN AVE,Philadelphia,Pennsylvania,35901,2685.3,Philadelphia,99941.0,40.09094,-75.04595,3,6,18,1,26773
19626,19116,235000.0,2,2,1074,301 BYBERRY RD APT E32,Philadelphia,Pennsylvania,33573,2482.7,Philadelphia,86502.0,40.11655,-75.01399,1,6,18,1,19004
9051,19149,299000.0,3,1,1272,7128 RUTLAND ST,Philadelphia,Pennsylvania,59899,9687.9,Philadelphia,67745.0,40.03781,-75.06544,2,6,18,1,8735
19640,19120,195000.0,3,2,948,633 E SANGER ST,Philadelphia,Pennsylvania,73896,8821.9,Philadelphia,62768.0,40.03417,-75.11986,1,6,18,1,19018
9029,19148,289900.0,3,2,1032,1011 FERNON ST,Philadelphia,Pennsylvania,51010,4652.6,Philadelphia,89150.0,39.91175,-75.1514,2,6,18,1,8713
27555,19115,499000.0,3,2,1596,9615 EVANS ST,Philadelphia,Pennsylvania,35901,2685.3,Philadelphia,99941.0,40.09094,-75.04595,3,6,18,1,26774
9015,19146,324900.0,4,1,1833,1508 DICKINSON ST,Philadelphia,Pennsylvania,40983,9178.7,Philadelphia,129271.0,39.93917,-75.18398,2,6,18,1,8699
8974,19136,275000.0,3,2,1152,2716 MAXWELL ST,Philadelphia,Pennsylvania,37193,2992.9,Philadelphia,80802.0,40.03973,-75.01932,2,6,18,1,8661
34174,19143,99900.0,3,1,1230,5640 THOMAS AVE,Philadelphia,Pennsylvania,63861,7914.0,Philadelphia,61781.0,39.94315,-75.22664,0,6,18,1,33157
34130,19134,115000.0,3,1,1064,3140 CUSTER ST,Philadelphia,Pennsylvania,59590,6676.6,Philadelphia,53460.0,39.98953,-75.10838,0,6,18,1,33114
19690,19129,199900.0,2,2,1054,4000 GYPSY LN # 219A2,Philadelphia,Pennsylvania,11551,2174.1,Philadelphia,115650.0,40.01338,-75.18454,1,6,18,1,19068
34098,19121,42900.0,3,1,876,2156 N NEWKIRK ST,Philadelphia,Pennsylvania,34702,5660.1,Philadelphia,60326.0,39.98231,-75.17995,0,6,18,1,33084
19810,19143,175000.0,3,1,1109,2038 S CECIL ST,Philadelphia,Pennsylvania,63861,7914.0,Philadelphia,61781.0,39.94315,-75.22664,1,6,18,1,19182
8972,19136,269000.0,3,1,1152,3556 MERIDIAN ST,Philadelphia,Pennsylvania,37193,2992.9,Philadelphia,80802.0,40.03973,-75.01932,2,6,18,1,8659
19651,19121,250000.0,3,1,984,1721 N TANEY ST,Philadelphia,Pennsylvania,34702,5660.1,Philadelphia,60326.0,39.98231,-75.17995,1,6,18,1,19029
9067,19152,315000.0,3,2,1224,2685 WINCHESTER AVE,Philadelphia,Pennsylvania,35528,4759.9,Philadelphia,82402.0,40.06158,-75.04663,2,6,18,1,8750
8940,19128,299900.0,2,2,1556,411 PAOLI AVE,Philadelphia,Pennsylvania,38840,2147.0,Philadelphia,107171.0,40.05003,-75.23003,2,6,18,1,8627
34094,19119,105000.0,3,1,1252,333 E SHARPNACK ST,Philadelphia,Pennsylvania,29206,3313.6,Philadelphia,120369.0,40.05303,-75.19223,0,6,18,1,33080
9055,19152,359000.0,4,3,1440,1811 ARNOLD ST,Philadelphia,Pennsylvania,35528,4759.9,Philadelphia,82402.0,40.06158,-75.04663,2,6,18,1,8739
34173,19143,125000.0,3,1,1024,5649 RIDGEWOOD ST,Philadelphia,Pennsylvania,63861,7914.0,Philadelphia,61781.0,39.94315,-75.22664,0,6,18,1,33156
27593,19134,499900.0,3,3,1380,2714 E ONTARIO ST,Philadelphia,Pennsylvania,59590,6676.6,Philadelphia,53460.0,39.98953,-75.10838,3,6,18,1,26812
8888,19111,309000.0,3,2,1260,8012 JEANES ST,Philadelphia,Pennsylvania,68452,5454.3,Philadelphia,77163.0,40.06065,-75.08019,2,6,18,1,8575
19652,19121,225000.0,2,1,749,1737 N DOVER ST,Philadelphia,Pennsylvania,34702,5660.1,Philadelphia,60326.0,39.98231,-75.17995,1,6,18,1,19030
27571,19123,420000.0,2,2,1106,1148 N 2ND ST UNIT 2D,Philadelphia,Pennsylvania,18071,5532.1,Philadelphia,126530.0,39.96399,-75.14568,3,6,18,1,26790
19667,19124,150000.0,3,1,1164,1031 HERBERT ST,Philadelphia,Pennsylvania,71496,5365.8,Philadelphia,65736.0,40.01728,-75.09387,1,6,18,1,19045
8921,19122,285000.0,2,3,215,2010 N 5TH ST # 2A,Philadelphia,Pennsylvania,22080,6592.2,Philadelphia,87642.0,39.97767,-75.14571,2,6,18,1,8608
5080,19123,549900.0,3,3,605,920 N MARSHALL ST UNIT 2,Philadelphia,Pennsylvania,18071,5532.1,Philadelphia,126530.0,39.96399,-75.14568,4,6,18,1,4877
8873,19103,350000.0,1,1,707,2429 LOCUST ST APT 516,Philadelphia,Pennsylvania,25368,15173.9,Philadelphia,159697.0,39.95303,-75.17386,2,6,18,1,8560
19696,19131,219900.0,3,2,1024,5745 STEWART ST,Philadelphia,Pennsylvania,44791,3280.7,Philadelphia,60575.0,39.98865,-75.21835,1,6,18,1,19074
19657,19121,160000.0,4,2,1160,1621 FRENCH ST,Philadelphia,Pennsylvania,34702,5660.1,Philadelphia,60326.0,39.98231,-75.17995,1,6,18,1,19035
27601,19144,429900.0,5,3,2974,646 E CHELTEN AVE,Philadelphia,Pennsylvania,46854,5041.4,Philadelphia,61854.0,40.03278,-75.17523,3,6,18,1,26820
19641,19120,204900.0,4,2,1216,648 E SANGER ST,Philadelphia,Pennsylvania,73896,8821.9,Philadelphia,62768.0,40.03417,-75.11986,1,6,18,1,19019
19843,19146,214999.0,3,2,1020,1529 S PATTON ST,Philadelphia,Pennsylvania,40983,9178.7,Philadelphia,129271.0,39.93917,-75.18398,1,6,18,1,19214
9070,19154,289900.0,2,2,1600,11929 FARWELL RD,Philadelphia,Pennsylvania,34803,2100.3,Philadelphia,102138.0,40.0951,-74.98159,2,6,18,1,8753
19625,19114,214900.0,3,1,1596,2809 ANGUS RD,Philadelphia,Pennsylvania,31815,2182.8,Philadelphia,92588.0,40.06743,-75.00361,1,6,18,1,19003
9010,19145,374900.0,3,3,1700,1906 S 22ND ST,Philadelphia,Pennsylvania,45101,3631.1,Philadelphia,88659.0,39.91469,-75.19194,2,6,18,1,8695
19834,19145,215000.0,3,2,1448,1837 MORRIS ST,Philadelphia,Pennsylvania,45101,3631.1,Philadelphia,88659.0,39.91469,-75.19194,1,6,18,1,19205
9022,19147,299000.0,2,1,1440,1312 S 3RD ST,Philadelphia,Pennsylvania,39335,11352.6,Philadelphia,154389.0,39.93645,-75.15468,2,6,18,1,8706
27553,19114,499900.0,4,2,2700,9601 STATE RD,Philadelphia,Pennsylvania,31815,2182.8,Philadelphia,92588.0,40.06743,-75.00361,3,6,18,1,26772
19875,19151,240000.0,3,2,1120,7538 BROCKTON RD,Philadelphia,Pennsylvania,31815,5121.3,Philadelphia,70134.0,39.97562,-75.25616,1,6,18,1,19246
9041,19149,284900.0,3,2,1702,1500 ALCOTT ST,Philadelphia,Pennsylvania,59899,9687.9,Philadelphia,67745.0,40.03781,-75.06544,2,6,18,1,8725
19868,19149,180000.0,3,1,1170,2206 SAINT VINCENT ST,Philadelphia,Pennsylvania,59899,9687.9,Philadelphia,67745.0,40.03781,-75.06544,1,6,18,1,19239
27614,19146,425000.0,2,1,912,1935 KATER ST,Philadelphia,Pennsylvania,40983,9178.7,Philadelphia,129271.0,39.93917,-75.18398,3,6,18,1,26833
34183,19144,114900.0,3,1,1070,519 E PENN ST,Philadelphia,Pennsylvania,46854,5041.4,Philadelphia,61854.0,40.03278,-75.17523,0,6,18,1,33166
19862,19149,199000.0,3,2,1088,6005 SHISLER ST,Philadelphia,Pennsylvania,59899,9687.9,Philadelphia,67745.0,40.03781,-75.06544,1,6,18,1,19233
5094,19146,595000.0,3,3,1780,1831 WEBSTER ST,Philadelphia,Pennsylvania,40983,9178.7,Philadelphia,129271.0,39.93917,-75.18398,4,6,18,1,4891
19831,19145,234000.0,2,1,971,2033 S CLEVELAND ST,Philadelphia,Pennsylvania,45101,3631.1,Philadelphia,88659.0,39.91469,-75.19194,1,6,18,1,19202
19759,19139,200000.0,2,1,900,160 N DEARBORN ST,Philadelphia,Pennsylvania,45642,9964.3,Philadelphia,58668.0,39.96144,-75.22964,1,6,18,1,19132
