Unnamed: 0,Zip Code,Price,Beds,Baths,Living Space,Address,City,State,Zip Code Population,Zip Code Density,County,Median Household Income,Latitude,Longitude,price_label,county_num,city_num,state_num,address_num
9101,20008,315000.0,1,1,790,2939 VAN NESS ST NW APT 820,Washington,District of Columbia,30461,3807.2,District of Columbia,193521.0,38.93539,-77.05935,2,7,19,2,8783
36401,20018,1275000.0,5,6,3300,2223 TAYLOR ST NE,Washington,District of Columbia,20084,2569.3,District of Columbia,117238.0,38.92596,-76.97281,10,7,19,2,35361
27658,20005,429900.0,1,1,467,1311 13TH ST NW UNIT 308,Washington,District of Columbia,13444,11974.2,District of Columbia,157958.0,38.90443,-77.0316,3,7,19,2,26877
5151,20009,540000.0,1,2,876,1810 CALVERT ST NW APT 4,Washington,District of Columbia,51288,15023.9,District of Columbia,179185.0,38.91986,-77.03749,4,7,19,2,4947
18251,20002,890000.0,4,4,2176,1508 D ST NE,Washington,District of Columbia,68201,5126.3,District of Columbia,147338.0,38.90511,-76.98431,7,7,19,2,17672
27693,20011,499900.0,2,3,851,5507 7TH ST NW # 2,Washington,District of Columbia,67386,4851.3,District of Columbia,137295.0,38.95295,-77.02323,3,7,19,2,26912
145,20002,695000.0,3,2,1367,1814 N CAPITOL ST NW UNIT 103,Washington,District of Columbia,68201,5126.3,District of Columbia,147338.0,38.90511,-76.98431,5,7,19,2,137
3370,20003,849900.0,4,2,1840,1740 MASSACHUSETTS AVE SE,Washington,District of Columbia,34535,5867.2,District of Columbia,191871.0,38.88193,-76.99033,6,7,19,2,3227
5220,20037,524900.0,1,1,602,2525 PENNSYLVANIA AVE NW # 203,Washington,District of Columbia,13037,6875.3,District of Columbia,137114.0,38.89213,-77.0535,4,7,19,2,5016
27651,20002,419000.0,3,1,792,1036 6TH ST NE APT 102,Washington,District of Columbia,68201,5126.3,District of Columbia,147338.0,38.90511,-76.98431,3,7,19,2,26870
5146,20007,549000.0,2,1,729,2217 40TH PL NW # 11,Washington,District of Columbia,24311,3037.9,District of Columbia,240888.0,38.91259,-77.07756,4,7,19,2,4942
182,20010,640000.0,1,1,770,3324 18TH ST NW APT 5,Washington,District of Columbia,33656,13060.3,District of Columbia,150699.0,38.93255,-77.03128,5,7,19,2,174
27633,20001,469999.0,1,1,754,440 L ST NW UNIT 706,Washington,District of Columbia,45551,8590.7,District of Columbia,165650.0,38.91002,-77.018,3,7,19,2,26852
36396,20011,1299000.0,3,4,2114,4114 ARKANSAS AVE NW,Washington,District of Columbia,67386,4851.3,District of Columbia,137295.0,38.95295,-77.02323,10,7,19,2,35356
27703,20012,409900.0,1,1,641,7175 12TH ST NW # 201,Washington,District of Columbia,17526,3280.5,District of Columbia,148264.0,38.97863,-77.03076,3,7,19,2,26922
27634,20001,409000.0,2,1,700,1020 FAIRMONT ST NW APT 2,Washington,District of Columbia,45551,8590.7,District of Columbia,165650.0,38.91002,-77.018,3,7,19,2,26853
27741,20019,459000.0,3,2,1702,4005 E ST SE,Washington,District of Columbia,64031,4029.0,District of Columbia,76897.0,38.89214,-76.94195,3,7,19,2,26960
3402,20011,850000.0,4,4,1890,5118 3RD ST NW,Washington,District of Columbia,67386,4851.3,District of Columbia,137295.0,38.95295,-77.02323,6,7,19,2,3259
212,20024,749000.0,4,3,1980,383 N ST SW # 95,Washington,District of Columbia,14525,2556.4,District of Columbia,129167.0,38.87517,-77.0295,5,7,19,2,204
2718,20002,1109000.0,3,3,2184,1020 C ST NE,Washington,District of Columbia,68201,5126.3,District of Columbia,147338.0,38.90511,-76.98431,8,7,19,2,2606
18222,20001,899000.0,3,3,1998,34 U ST NW,Washington,District of Columbia,45551,8590.7,District of Columbia,165650.0,38.91002,-77.018,7,7,19,2,17643
9149,20024,368500.0,1,1,708,520 N ST SW APT S319,Washington,District of Columbia,14525,2556.4,District of Columbia,129167.0,38.87517,-77.0295,2,7,19,2,8831
27692,20011,395000.0,3,1,800,921 RANDOLPH ST NW APT B,Washington,District of Columbia,67386,4851.3,District of Columbia,137295.0,38.95295,-77.02323,3,7,19,2,26911
3362,20002,875000.0,4,2,1794,1221 D ST NE,Washington,District of Columbia,68201,5126.3,District of Columbia,147338.0,38.90511,-76.98431,6,7,19,2,3219
3341,20001,859999.0,2,2,1310,1117 10TH ST NW APT 504,Washington,District of Columbia,45551,8590.7,District of Columbia,165650.0,38.91002,-77.018,6,7,19,2,3198
5212,20024,615000.0,2,2,1069,355 I ST SW # S-402,Washington,District of Columbia,14525,2556.4,District of Columbia,129167.0,38.87517,-77.0295,4,7,19,2,5008
36394,20010,1349000.0,3,4,2218,1844 MONROE ST NW # 2,Washington,District of Columbia,33656,13060.3,District of Columbia,150699.0,38.93255,-77.03128,10,7,19,2,35354
27683,20009,479900.0,1,1,700,1701 16TH ST NW APT 527,Washington,District of Columbia,51288,15023.9,District of Columbia,179185.0,38.91986,-77.03749,3,7,19,2,26902
18267,20007,950000.0,1,2,777,1305-1315 30TH ST NW # 1C,Washington,District of Columbia,24311,3037.9,District of Columbia,240888.0,38.91259,-77.07756,7,7,19,2,17688
18242,20002,950000.0,4,4,1796,2035 2ND ST NE,Washington,District of Columbia,68201,5126.3,District of Columbia,147338.0,38.90511,-76.98431,7,7,19,2,17663
9126,20016,380000.0,1,1,1038,4201 CATHEDRAL AVE NW APT 1222E,Washington,District of Columbia,34422,2999.2,District of Columbia,268683.0,38.93822,-77.09139,2,7,19,2,8808
5207,20020,599999.0,3,4,2592,2525 1/2 ELVANS RD SE,Washington,District of Columbia,54812,4601.9,District of Columbia,70334.0,38.86234,-76.97446,4,7,19,2,5003
5198,20019,549900.0,4,3,1346,4408 DUBOIS PL SE,Washington,District of Columbia,64031,4029.0,District of Columbia,76897.0,38.89214,-76.94195,4,7,19,2,4994
27705,20016,429000.0,2,1,950,4101 CATHEDRAL AVE NW APT 1207,Washington,District of Columbia,34422,2999.2,District of Columbia,268683.0,38.93822,-77.09139,3,7,19,2,26924
27752,20020,465000.0,3,3,1584,2419 SHANNON PL SE,Washington,District of Columbia,54812,4601.9,District of Columbia,70334.0,38.86234,-76.97446,3,7,19,2,26971
18223,20001,899950.0,2,3,1318,2009 VERMONT AVE NW,Washington,District of Columbia,45551,8590.7,District of Columbia,165650.0,38.91002,-77.018,7,7,19,2,17644
27695,20011,394900.0,1,1,593,3934 14TH ST NW # C,Washington,District of Columbia,67386,4851.3,District of Columbia,137295.0,38.95295,-77.02323,3,7,19,2,26914
19890,20011,199900.0,1,1,716,208 FARRAGUT ST NW APT 104,Washington,District of Columbia,67386,4851.3,District of Columbia,137295.0,38.95295,-77.02323,1,7,19,2,19261
153,20003,699000.0,3,1,1532,22 18TH ST SE,Washington,District of Columbia,34535,5867.2,District of Columbia,191871.0,38.88193,-76.99033,5,7,19,2,145
9158,20032,325000.0,3,2,1440,347 PARKLAND PL SE,Washington,District of Columbia,40716,2995.8,District of Columbia,73852.0,38.83142,-77.01514,2,7,19,2,8840
27766,20020,500000.0,3,3,1440,3818 POPE ST SE,Washington,District of Columbia,54812,4601.9,District of Columbia,70334.0,38.86234,-76.97446,3,7,19,2,26985
168,20009,699000.0,1,1,940,1401 Q ST NW APT 501,Washington,District of Columbia,51288,15023.9,District of Columbia,179185.0,38.91986,-77.03749,5,7,19,2,160
27663,20008,471500.0,1,1,702,2818 CONNECTICUT AVE NW APT 11,Washington,District of Columbia,30461,3807.2,District of Columbia,193521.0,38.93539,-77.05935,3,7,19,2,26882
19908,20032,220000.0,3,2,1543,700 CHESAPEAKE ST SE,Washington,District of Columbia,40716,2995.8,District of Columbia,73852.0,38.83142,-77.01514,1,7,19,2,19279
9129,20018,376700.0,2,1,1409,3437 SUMMIT CT NE # 3437,Washington,District of Columbia,20084,2569.3,District of Columbia,117238.0,38.92596,-76.97281,2,7,19,2,8811
215,20024,660000.0,2,2,1400,803 DELAWARE AVE SW,Washington,District of Columbia,14525,2556.4,District of Columbia,129167.0,38.87517,-77.0295,5,7,19,2,207
147,20002,699900.0,3,2,1804,1311 QUEEN ST NE,Washington,District of Columbia,68201,5126.3,District of Columbia,147338.0,38.90511,-76.98431,5,7,19,2,139
26769,20011,1199900.0,4,4,2560,4209 ILLINOIS AVE NW,Washington,District of Columbia,67386,4851.3,District of Columbia,137295.0,38.95295,-77.02323,9,7,19,2,26014
18229,20001,895000.0,3,3,1698,1639 MARION ST NW APT 101,Washington,District of Columbia,45551,8590.7,District of Columbia,165650.0,38.91002,-77.018,7,7,19,2,17650
9159,20036,300000.0,1,1,500,1026 16TH ST NW APT 406,Washington,District of Columbia,4669,5552.9,District of Columbia,150884.0,38.90705,-77.04155,2,7,19,2,8841
5216,20032,599900.0,4,3,2840,1125 BELLEVUE ST SE,Washington,District of Columbia,40716,2995.8,District of Columbia,73852.0,38.83142,-77.01514,4,7,19,2,5012
27674,20009,479900.0,1,1,660,1431 CLIFTON ST NW UNIT 5,Washington,District of Columbia,51288,15023.9,District of Columbia,179185.0,38.91986,-77.03749,3,7,19,2,26893
3338,20001,875000.0,2,2,1298,440 L ST NW UNIT 905,Washington,District of Columbia,45551,8590.7,District of Columbia,165650.0,38.91002,-77.018,6,7,19,2,3195
27775,20032,475000.0,3,3,1599,791 BARNABY ST SE,Washington,District of Columbia,40716,2995.8,District of Columbia,73852.0,38.83142,-77.01514,3,7,19,2,26994
3400,20011,819555.0,4,4,2048,842 MADISON ST NW # A,Washington,District of Columbia,67386,4851.3,District of Columbia,137295.0,38.95295,-77.02323,6,7,19,2,3257
5105,20001,525000.0,1,1,728,2022 FLAGLER PL NW APT F101,Washington,District of Columbia,45551,8590.7,District of Columbia,165650.0,38.91002,-77.018,4,7,19,2,4901
26757,20003,1146000.0,4,2,1968,114 6TH ST SE,Washington,District of Columbia,34535,5867.2,District of Columbia,191871.0,38.88193,-76.99033,9,7,19,2,26002
18243,20002,924900.0,2,3,1325,1337 EMERALD ST NE,Washington,District of Columbia,68201,5126.3,District of Columbia,147338.0,38.90511,-76.98431,7,7,19,2,17664
5177,20012,569900.0,1,1,825,7175 12TH ST NW # 303,Washington,District of Columbia,17526,3280.5,District of Columbia,148264.0,38.97863,-77.03076,4,7,19,2,4973
3396,20010,800000.0,3,2,1708,1354 NEWTON ST NW,Washington,District of Columbia,33656,13060.3,District of Columbia,150699.0,38.93255,-77.03128,6,7,19,2,3253
18226,20001,939000.0,3,3,2068,143 S ST NW # 2,Washington,District of Columbia,45551,8590.7,District of Columbia,165650.0,38.91002,-77.018,7,7,19,2,17647
5173,20011,539000.0,3,2,1734,5227 CHILLUM PL NE,Washington,District of Columbia,67386,4851.3,District of Columbia,137295.0,38.95295,-77.02323,4,7,19,2,4969
5178,20012,524900.0,2,2,990,7700 GEORGIA AVENUE NW # UNIT 303,Washington,District of Columbia,17526,3280.5,District of Columbia,148264.0,38.97863,-77.03076,4,7,19,2,4974
9107,20009,335000.0,1,1,496,1415 T ST NW APT 201,Washington,District of Columbia,51288,15023.9,District of Columbia,179185.0,38.91986,-77.03749,2,7,19,2,8789
27732,20019,449000.0,3,3,1108,4636 A ST SE,Washington,District of Columbia,64031,4029.0,District of Columbia,76897.0,38.89214,-76.94195,3,7,19,2,26951
18241,20002,899900.0,3,3,1500,2029 3RD ST NE # 1,Washington,District of Columbia,68201,5126.3,District of Columbia,147338.0,38.90511,-76.98431,7,7,19,2,17662
5112,20001,599995.0,1,1,635,920 I ST NW APT 912,Washington,District of Columbia,45551,8590.7,District of Columbia,165650.0,38.91002,-77.018,4,7,19,2,4908
18274,20010,995000.0,4,2,2071,713 OTIS PL NW,Washington,District of Columbia,33656,13060.3,District of Columbia,150699.0,38.93255,-77.03128,7,7,19,2,17695
27669,20009,474000.0,2,2,993,1669 COLUMBIA RD NW APT 411,Washington,District of Columbia,51288,15023.9,District of Columbia,179185.0,38.91986,-77.03749,3,7,19,2,26888
27772,20032,409000.0,5,2,1732,868 YUMA ST SE,Washington,District of Columbia,40716,2995.8,District of Columbia,73852.0,38.83142,-77.01514,3,7,19,2,26991
27764,20020,431000.0,4,2,1524,1756 W ST SE,Washington,District of Columbia,54812,4601.9,District of Columbia,70334.0,38.86234,-76.97446,3,7,19,2,26983
27744,20019,450000.0,3,2,1525,5648 BLAINE ST NE,Washington,District of Columbia,64031,4029.0,District of Columbia,76897.0,38.89214,-76.94195,3,7,19,2,26963
27702,20011,499500.0,4,3,1572,1008 RITTENHOUSE ST NW # 15,Washington,District of Columbia,67386,4851.3,District of Columbia,137295.0,38.95295,-77.02323,3,7,19,2,26921
3364,20002,843000.0,3,2,1552,628 13TH ST NE,Washington,District of Columbia,68201,5126.3,District of Columbia,147338.0,38.90511,-76.98431,6,7,19,2,3221
9134,20019,349500.0,3,2,1390,4243 DIX ST NE,Washington,District of Columbia,64031,4029.0,District of Columbia,76897.0,38.89214,-76.94195,2,7,19,2,8816
3355,20002,848971.0,3,3,2203,1638 TRINIDAD AVE NE # 3,Washington,District of Columbia,68201,5126.3,District of Columbia,147338.0,38.90511,-76.98431,6,7,19,2,3212
18284,20011,945000.0,4,4,1950,4006 14TH ST NW,Washington,District of Columbia,67386,4851.3,District of Columbia,137295.0,38.95295,-77.02323,7,7,19,2,17705
161,20008,695000.0,2,2,1462,2737 DEVONSHIRE PL NW APT 502,Washington,District of Columbia,30461,3807.2,District of Columbia,193521.0,38.93539,-77.05935,5,7,19,2,153
9148,20024,375000.0,1,2,775,300 M ST SW # N412,Washington,District of Columbia,14525,2556.4,District of Columbia,129167.0,38.87517,-77.0295,2,7,19,2,8830
36397,20012,1299900.0,5,3,3928,1930 TULIP ST NW,Washington,District of Columbia,17526,3280.5,District of Columbia,148264.0,38.97863,-77.03076,10,7,19,2,35357
27749,20019,494900.0,3,2,1195,4118 BECK ST SE,Washington,District of Columbia,64031,4029.0,District of Columbia,76897.0,38.89214,-76.94195,3,7,19,2,26968
26748,20002,1249900.0,4,4,1512,1528 A ST NE,Washington,District of Columbia,68201,5126.3,District of Columbia,147338.0,38.90511,-76.98431,9,7,19,2,25993
27740,20019,389900.0,2,2,1264,3321 ALDEN PL NE,Washington,District of Columbia,64031,4029.0,District of Columbia,76897.0,38.89214,-76.94195,3,7,19,2,26959
5204,20020,539000.0,3,3,1412,3605 36TH PL SE,Washington,District of Columbia,54812,4601.9,District of Columbia,70334.0,38.86234,-76.97446,4,7,19,2,5000
9160,20037,275000.0,1,1,600,950 25TH ST NW APT 814N,Washington,District of Columbia,13037,6875.3,District of Columbia,137114.0,38.89213,-77.0535,2,7,19,2,8842
9123,20011,345000.0,1,1,507,623 KENNEDY ST NW # 3,Washington,District of Columbia,67386,4851.3,District of Columbia,137295.0,38.95295,-77.02323,2,7,19,2,8805
3349,20002,849000.0,4,3,1260,412 21ST ST NE,Washington,District of Columbia,68201,5126.3,District of Columbia,147338.0,38.90511,-76.98431,6,7,19,2,3206
19884,20002,249900.0,1,1,504,820 18TH ST NE UNIT 1,Washington,District of Columbia,68201,5126.3,District of Columbia,147338.0,38.90511,-76.98431,1,7,19,2,19255
3369,20003,859000.0,3,3,1978,817 KENTUCKY AVE SE,Washington,District of Columbia,34535,5867.2,District of Columbia,191871.0,38.88193,-76.99033,6,7,19,2,3226
18281,20011,889999.0,4,3,2048,842 MADISON ST NW # B,Washington,District of Columbia,67386,4851.3,District of Columbia,137295.0,38.95295,-77.02323,7,7,19,2,17702
2730,20010,1120000.0,5,4,2944,443 PARK RD NW,Washington,District of Columbia,33656,13060.3,District of Columbia,150699.0,38.93255,-77.03128,8,7,19,2,2618
164,20009,699999.0,2,2,1336,2829 13TH ST NW # 1,Washington,District of Columbia,51288,15023.9,District of Columbia,179185.0,38.91986,-77.03749,5,7,19,2,156
3347,20002,812000.0,4,4,2030,1143 16TH ST NE # B,Washington,District of Columbia,68201,5126.3,District of Columbia,147338.0,38.90511,-76.98431,6,7,19,2,3204
133,20002,750000.0,4,2,2084,22 TODD PL NE,Washington,District of Columbia,68201,5126.3,District of Columbia,147338.0,38.90511,-76.98431,5,7,19,2,125
5137,20003,599000.0,2,2,1002,1000 NEW JERSEY AVE SE APT 419,Washington,District of Columbia,34535,5867.2,District of Columbia,191871.0,38.88193,-76.99033,4,7,19,2,4933
5218,20036,520000.0,1,1,850,1026 16TH ST NW APT 405,Washington,District of Columbia,4669,5552.9,District of Columbia,150884.0,38.90705,-77.04155,4,7,19,2,5014
36388,20002,1350000.0,3,3,1876,922 MARYLAND AVE NE,Washington,District of Columbia,68201,5126.3,District of Columbia,147338.0,38.90511,-76.98431,10,7,19,2,35348
9091,20002,340000.0,3,1,700,1247 PENN ST NE APT 1,Washington,District of Columbia,68201,5126.3,District of Columbia,147338.0,38.90511,-76.98431,2,7,19,2,8773
27676,20009,449900.0,2,1,807,2100 19TH ST NW APT 506,Washington,District of Columbia,51288,15023.9,District of Columbia,179185.0,38.91986,-77.03749,3,7,19,2,26895
34189,20019,100000.0,2,1,894,715 50TH ST NE,Washington,District of Columbia,64031,4029.0,District of Columbia,76897.0,38.89214,-76.94195,0,7,19,2,33172
130,20001,670000.0,2,2,922,910 M ST NW APT 527,Washington,District of Columbia,45551,8590.7,District of Columbia,165650.0,38.91002,-77.018,5,7,19,2,122
18262,20003,899900.0,3,2,1956,1420 K ST SE,Washington,District of Columbia,34535,5867.2,District of Columbia,191871.0,38.88193,-76.99033,7,7,19,2,17683
217,20037,699000.0,2,2,938,2301 N ST NW APT 708,Washington,District of Columbia,13037,6875.3,District of Columbia,137114.0,38.89213,-77.0535,5,7,19,2,209
26779,20037,1150000.0,2,2,1196,2425 L ST NW APT 337,Washington,District of Columbia,13037,6875.3,District of Columbia,137114.0,38.89213,-77.0535,9,7,19,2,26024
128,20001,730000.0,2,2,1050,910 M ST NW APT 618,Washington,District of Columbia,45551,8590.7,District of Columbia,165650.0,38.91002,-77.018,5,7,19,2,120
3382,20009,784000.0,2,2,873,1431 CORCORAN ST NW UNIT 2,Washington,District of Columbia,51288,15023.9,District of Columbia,179185.0,38.91986,-77.03749,6,7,19,2,3239
26749,20002,1225000.0,4,4,2211,1215 OATES ST NE,Washington,District of Columbia,68201,5126.3,District of Columbia,147338.0,38.90511,-76.98431,9,7,19,2,25994
203,20018,663000.0,3,3,2219,1453 EVARTS ST NE,Washington,District of Columbia,20084,2569.3,District of Columbia,117238.0,38.92596,-76.97281,5,7,19,2,195
5109,20001,600000.0,2,2,991,911 T ST NW # 1,Washington,District of Columbia,45551,8590.7,District of Columbia,165650.0,38.91002,-77.018,4,7,19,2,4905
213,20024,699900.0,2,2,1461,213 G ST SW # 132,Washington,District of Columbia,14525,2556.4,District of Columbia,129167.0,38.87517,-77.0295,5,7,19,2,205
27711,20017,399000.0,2,1,945,3719 12TH ST NE APT 201,Washington,District of Columbia,20221,3514.2,District of Columbia,128320.0,38.93813,-76.99294,3,7,19,2,26930
26774,20017,1150000.0,4,3,2330,3814 12TH ST NE,Washington,District of Columbia,20221,3514.2,District of Columbia,128320.0,38.93813,-76.99294,9,7,19,2,26019
9108,20009,279000.0,1,1,429,2440 16TH ST NW APT 504,Washington,District of Columbia,51288,15023.9,District of Columbia,179185.0,38.91986,-77.03749,2,7,19,2,8790
27661,20007,475000.0,2,2,1150,2500 Q ST NW APT 314,Washington,District of Columbia,24311,3037.9,District of Columbia,240888.0,38.91259,-77.07756,3,7,19,2,26880
204,20018,725000.0,3,4,1536,2322 13TH PL NE,Washington,District of Columbia,20084,2569.3,District of Columbia,117238.0,38.92596,-76.97281,5,7,19,2,196
3352,20002,796971.0,3,3,2264,1638 TRINIDAD AVE NE # 2,Washington,District of Columbia,68201,5126.3,District of Columbia,147338.0,38.90511,-76.98431,6,7,19,2,3209
36390,20009,1295000.0,2,2,1200,2328 CHAMPLAIN ST NW # PH424,Washington,District of Columbia,51288,15023.9,District of Columbia,179185.0,38.91986,-77.03749,10,7,19,2,35350
19891,20016,254400.0,1,1,779,3601 WISCONSIN AVE NW APT 106,Washington,District of Columbia,34422,2999.2,District of Columbia,268683.0,38.93822,-77.09139,1,7,19,2,19262
5196,20019,624900.0,5,4,2421,4723 DIX ST NE,Washington,District of Columbia,64031,4029.0,District of Columbia,76897.0,38.89214,-76.94195,4,7,19,2,4992
5169,20011,549000.0,3,2,1452,226 MADISON ST NW,Washington,District of Columbia,67386,4851.3,District of Columbia,137295.0,38.95295,-77.02323,4,7,19,2,4965
5184,20016,525000.0,1,1,771,4101 ALBEMARLE ST NW APT 642,Washington,District of Columbia,34422,2999.2,District of Columbia,268683.0,38.93822,-77.09139,4,7,19,2,4980
27719,20018,506000.0,3,2,1496,4102 18TH ST NE,Washington,District of Columbia,20084,2569.3,District of Columbia,117238.0,38.92596,-76.97281,3,7,19,2,26938
5172,20011,599000.0,2,2,964,1380 QUINCY ST NW UNIT 4A,Washington,District of Columbia,67386,4851.3,District of Columbia,137295.0,38.95295,-77.02323,4,7,19,2,4968
19887,20007,255000.0,1,1,700,2720 WISCONSIN AVE NW APT 704,Washington,District of Columbia,24311,3037.9,District of Columbia,240888.0,38.91259,-77.07756,1,7,19,2,19258
5134,20002,610000.0,3,1,1723,1412 TRINIDAD AVE NE,Washington,District of Columbia,68201,5126.3,District of Columbia,147338.0,38.90511,-76.98431,4,7,19,2,4930
19892,20017,234999.0,1,1,502,3000 7TH ST NE APT 205,Washington,District of Columbia,20221,3514.2,District of Columbia,128320.0,38.93813,-76.99294,1,7,19,2,19263
9131,20019,369900.0,3,2,1853,4400 NANNIE HELEN BURROUGHS AVE NE,Washington,District of Columbia,64031,4029.0,District of Columbia,76897.0,38.89214,-76.94195,2,7,19,2,8813
3373,20003,825000.0,2,2,1014,427 12TH ST SE,Washington,District of Columbia,34535,5867.2,District of Columbia,191871.0,38.88193,-76.99033,6,7,19,2,3230
27667,20008,480000.0,1,1,780,2737 DEVONSHIRE PL NW APT 422,Washington,District of Columbia,30461,3807.2,District of Columbia,193521.0,38.93539,-77.05935,3,7,19,2,26886
36386,20002,1289000.0,4,4,2076,332 17TH PL NE,Washington,District of Columbia,68201,5126.3,District of Columbia,147338.0,38.90511,-76.98431,10,7,19,2,35346
27647,20002,459900.0,2,2,1020,1019 17TH PL NE UNIT 402,Washington,District of Columbia,68201,5126.3,District of Columbia,147338.0,38.90511,-76.98431,3,7,19,2,26866
27644,20002,450000.0,1,1,615,911 2ND ST NE UNIT 403,Washington,District of Columbia,68201,5126.3,District of Columbia,147338.0,38.90511,-76.98431,3,7,19,2,26863
27677,20009,450000.0,1,1,710,2750 14TH ST NW APT 606,Washington,District of Columbia,51288,15023.9,District of Columbia,179185.0,38.91986,-77.03749,3,7,19,2,26896
9117,20011,374900.0,3,2,1450,28 HAWAII AVE NE,Washington,District of Columbia,67386,4851.3,District of Columbia,137295.0,38.95295,-77.02323,2,7,19,2,8799
3399,20011,799900.0,3,4,1754,4317 8TH ST NW # B,Washington,District of Columbia,67386,4851.3,District of Columbia,137295.0,38.95295,-77.02323,6,7,19,2,3256
2710,20001,1050000.0,3,3,2075,753 COLUMBIA RD NW,Washington,District of Columbia,45551,8590.7,District of Columbia,165650.0,38.91002,-77.018,8,7,19,2,2598
3377,20003,825000.0,4,2,1760,415 18TH ST SE,Washington,District of Columbia,34535,5867.2,District of Columbia,191871.0,38.88193,-76.99033,6,7,19,2,3234
3375,20003,779000.0,3,3,1513,256 15TH ST SE UNIT 7,Washington,District of Columbia,34535,5867.2,District of Columbia,191871.0,38.88193,-76.99033,6,7,19,2,3232
27761,20020,469000.0,4,2,1504,1572 41ST ST SE,Washington,District of Columbia,54812,4601.9,District of Columbia,70334.0,38.86234,-76.97446,3,7,19,2,26980
190,20011,660000.0,4,4,2226,207 KENNEDY ST NW,Washington,District of Columbia,67386,4851.3,District of Columbia,137295.0,38.95295,-77.02323,5,7,19,2,182
27648,20002,474900.0,3,2,1002,1102 STAPLES ST NE # 1,Washington,District of Columbia,68201,5126.3,District of Columbia,147338.0,38.90511,-76.98431,3,7,19,2,26867
9103,20009,289000.0,1,1,605,1415 GIRARD ST NW APT 206,Washington,District of Columbia,51288,15023.9,District of Columbia,179185.0,38.91986,-77.03749,2,7,19,2,8785
2713,20001,1069000.0,4,4,2403,47 NEW YORK AVE NW,Washington,District of Columbia,45551,8590.7,District of Columbia,165650.0,38.91002,-77.018,8,7,19,2,2601
27751,20020,425000.0,3,2,1248,3016 24TH PL SE,Washington,District of Columbia,54812,4601.9,District of Columbia,70334.0,38.86234,-76.97446,3,7,19,2,26970
5138,20003,569000.0,2,2,1050,1000 NEW JERSEY AVE SE APT 312,Washington,District of Columbia,34535,5867.2,District of Columbia,191871.0,38.88193,-76.99033,4,7,19,2,4934
27697,20011,495000.0,2,2,750,4226 7TH ST NW UNIT 203,Washington,District of Columbia,67386,4851.3,District of Columbia,137295.0,38.95295,-77.02323,3,7,19,2,26916
5162,20010,625000.0,3,2,1731,3206 WARDER ST NW,Washington,District of Columbia,33656,13060.3,District of Columbia,150699.0,38.93255,-77.03128,4,7,19,2,4958
18275,20010,930000.0,3,3,2325,3610 PARK PL NW # 2,Washington,District of Columbia,33656,13060.3,District of Columbia,150699.0,38.93255,-77.03128,7,7,19,2,17696
27685,20010,499000.0,3,3,1505,1021 SPRING RD NW # 1,Washington,District of Columbia,33656,13060.3,District of Columbia,150699.0,38.93255,-77.03128,3,7,19,2,26904
9127,20016,295000.0,1,1,950,4000 CATHEDRAL AVE NW APT 607B,Washington,District of Columbia,34422,2999.2,District of Columbia,268683.0,38.93822,-77.09139,2,7,19,2,8809
132,20002,700000.0,3,3,1224,322 18TH ST NE,Washington,District of Columbia,68201,5126.3,District of Columbia,147338.0,38.90511,-76.98431,5,7,19,2,124
2724,20007,1095000.0,2,2,1461,1015 33RD ST NW APT 502,Washington,District of Columbia,24311,3037.9,District of Columbia,240888.0,38.91259,-77.07756,8,7,19,2,2612
5144,20005,629000.0,2,2,930,1209 13TH ST NW APT 406,Washington,District of Columbia,13444,11974.2,District of Columbia,157958.0,38.90443,-77.0316,4,7,19,2,4940
19889,20010,239200.0,2,2,678,3701 9TH ST NW APT 2,Washington,District of Columbia,33656,13060.3,District of Columbia,150699.0,38.93255,-77.03128,1,7,19,2,19260
5114,20001,599000.0,2,1,1016,713 EUCLID ST NW,Washington,District of Columbia,45551,8590.7,District of Columbia,165650.0,38.91002,-77.018,4,7,19,2,4910
5118,20001,549000.0,1,1,750,2120 VERMONT AVE NW APT 301,Washington,District of Columbia,45551,8590.7,District of Columbia,165650.0,38.91002,-77.018,4,7,19,2,4914
26771,20011,1179000.0,4,4,2486,5925 16TH ST NW,Washington,District of Columbia,67386,4851.3,District of Columbia,137295.0,38.95295,-77.02323,9,7,19,2,26016
165,20009,709000.0,2,2,1109,2020 12TH ST NW APT T13,Washington,District of Columbia,51288,15023.9,District of Columbia,179185.0,38.91986,-77.03749,5,7,19,2,157
34188,20019,100000.0,1,1,517,5000 CALL PL SE APT 303,Washington,District of Columbia,64031,4029.0,District of Columbia,76897.0,38.89214,-76.94195,0,7,19,2,33171
144,20002,649900.0,2,2,840,2414 2ND ST NE,Washington,District of Columbia,68201,5126.3,District of Columbia,147338.0,38.90511,-76.98431,5,7,19,2,136
3384,20009,799900.0,2,2,904,1721 21ST ST NW APT 204,Washington,District of Columbia,51288,15023.9,District of Columbia,179185.0,38.91986,-77.03749,6,7,19,2,3241
18277,20011,899000.0,4,2,2250,121 WEBSTER ST NW,Washington,District of Columbia,67386,4851.3,District of Columbia,137295.0,38.95295,-77.02323,7,7,19,2,17698
9120,20011,260000.0,1,1,596,712 MARIETTA PL NW APT 302,Washington,District of Columbia,67386,4851.3,District of Columbia,137295.0,38.95295,-77.02323,2,7,19,2,8802
9094,20005,299000.0,1,1,428,1125 12TH ST NW APT 83,Washington,District of Columbia,13444,11974.2,District of Columbia,157958.0,38.90443,-77.0316,2,7,19,2,8776
157,20003,669900.0,3,2,1166,1391 PENNSYLVANIA AVE SE UNIT 315,Washington,District of Columbia,34535,5867.2,District of Columbia,191871.0,38.88193,-76.99033,5,7,19,2,149
9146,20020,310000.0,3,2,1238,1502 19TH ST SE,Washington,District of Columbia,54812,4601.9,District of Columbia,70334.0,38.86234,-76.97446,2,7,19,2,8828
3403,20011,875000.0,3,2,1750,512 TAYLOR ST NW,Washington,District of Columbia,67386,4851.3,District of Columbia,137295.0,38.95295,-77.02323,6,7,19,2,3260
18246,20002,965000.0,3,2,1945,253 10TH ST NE,Washington,District of Columbia,68201,5126.3,District of Columbia,147338.0,38.90511,-76.98431,7,7,19,2,17667
18255,20003,899000.0,3,3,1684,1358 E CAPITOL ST NE,Washington,District of Columbia,34535,5867.2,District of Columbia,191871.0,38.88193,-76.99033,7,7,19,2,17676
5128,20002,625000.0,3,2,930,10 FRANKLIN ST NE,Washington,District of Columbia,68201,5126.3,District of Columbia,147338.0,38.90511,-76.98431,4,7,19,2,4924
176,20010,649900.0,2,2,1181,1390 KENYON ST NW APT 601,Washington,District of Columbia,33656,13060.3,District of Columbia,150699.0,38.93255,-77.03128,5,7,19,2,168
3378,20005,849900.0,2,2,940,1529 14TH ST NW APT 604,Washington,District of Columbia,13444,11974.2,District of Columbia,157958.0,38.90443,-77.0316,6,7,19,2,3235
178,20010,699900.0,3,2,2296,723 PARK RD NW,Washington,District of Columbia,33656,13060.3,District of Columbia,150699.0,38.93255,-77.03128,5,7,19,2,170
27671,20009,499000.0,1,1,728,2360 CHAMPLAIN ST NW # 3.4,Washington,District of Columbia,51288,15023.9,District of Columbia,179185.0,38.91986,-77.03749,3,7,19,2,26890
201,20017,645000.0,3,3,1850,638 FRANKLIN ST NE # 1,Washington,District of Columbia,20221,3514.2,District of Columbia,128320.0,38.93813,-76.99294,5,7,19,2,193
135,20002,749000.0,2,2,888,646 H ST NE APT 504,Washington,District of Columbia,68201,5126.3,District of Columbia,147338.0,38.90511,-76.98431,5,7,19,2,127
3348,20002,799900.0,8,4,4000,1274 MEIGS PL NE,Washington,District of Columbia,68201,5126.3,District of Columbia,147338.0,38.90511,-76.98431,6,7,19,2,3205
27628,20001,475000.0,1,1,692,811 4TH ST NW UNIT 915,Washington,District of Columbia,45551,8590.7,District of Columbia,165650.0,38.91002,-77.018,3,7,19,2,26847
5214,20032,589000.0,4,2,1933,140 WILMINGTON PL SE,Washington,District of Columbia,40716,2995.8,District of Columbia,73852.0,38.83142,-77.01514,4,7,19,2,5010
3357,20002,850000.0,3,3,1484,1158 ABBEY PL NE,Washington,District of Columbia,68201,5126.3,District of Columbia,147338.0,38.90511,-76.98431,6,7,19,2,3214
9115,20010,375000.0,1,1,663,3504 13TH ST NW # 2,Washington,District of Columbia,33656,13060.3,District of Columbia,150699.0,38.93255,-77.03128,2,7,19,2,8797
5102,20001,599999.0,3,1,1384,1546 3RD ST NW,Washington,District of Columbia,45551,8590.7,District of Columbia,165650.0,38.91002,-77.018,4,7,19,2,4898
3367,20002,849900.0,3,4,1540,162 U ST NE,Washington,District of Columbia,68201,5126.3,District of Columbia,147338.0,38.90511,-76.98431,6,7,19,2,3224
18259,20003,975000.0,2,2,1426,127 DUDDINGTON PL SE,Washington,District of Columbia,34535,5867.2,District of Columbia,191871.0,38.88193,-76.99033,7,7,19,2,17680
197,20015,689000.0,2,2,1024,5233 CONNECTICUT AVE NW APT 101,Washington,District of Columbia,15677,1741.5,District of Columbia,299348.0,38.96661,-77.05837,5,7,19,2,189
27709,20016,425000.0,1,2,715,3823 PORTER ST NW APT 301,Washington,District of Columbia,34422,2999.2,District of Columbia,268683.0,38.93822,-77.09139,3,7,19,2,26928
27679,20009,445000.0,1,1,621,2853 ONTARIO RD NW APT 308,Washington,District of Columbia,51288,15023.9,District of Columbia,179185.0,38.91986,-77.03749,3,7,19,2,26898
5189,20018,600000.0,4,1,1726,1010 DOUGLAS ST NE,Washington,District of Columbia,20084,2569.3,District of Columbia,117238.0,38.92596,-76.97281,4,7,19,2,4985
5156,20009,574900.0,1,1,801,2125 14TH ST NW APT 707,Washington,District of Columbia,51288,15023.9,District of Columbia,179185.0,38.91986,-77.03749,4,7,19,2,4952
18238,20002,899000.0,3,3,1724,1020 FLORIDA AVE NE # PH10,Washington,District of Columbia,68201,5126.3,District of Columbia,147338.0,38.90511,-76.98431,7,7,19,2,17659
26767,20010,1199000.0,4,4,2529,3500 16TH ST NW,Washington,District of Columbia,33656,13060.3,District of Columbia,150699.0,38.93255,-77.03128,9,7,19,2,26012
18257,20003,949900.0,3,3,1440,725 KENTUCKY AVE SE,Washington,District of Columbia,34535,5867.2,District of Columbia,191871.0,38.88193,-76.99033,7,7,19,2,17678
18232,20002,929000.0,3,2,1912,46 QUINCY PL NE,Washington,District of Columbia,68201,5126.3,District of Columbia,147338.0,38.90511,-76.98431,7,7,19,2,17653
26777,20024,1237000.0,4,4,2544,629 4TH ST SW,Washington,District of Columbia,14525,2556.4,District of Columbia,129167.0,38.87517,-77.0295,9,7,19,2,26022
27713,20017,385000.0,2,2,1128,631 GALLATIN ST NE,Washington,District of Columbia,20221,3514.2,District of Columbia,128320.0,38.93813,-76.99294,3,7,19,2,26932
3340,20001,779000.0,3,2,1016,1550 11TH ST NW APT 408,Washington,District of Columbia,45551,8590.7,District of Columbia,165650.0,38.91002,-77.018,6,7,19,2,3197
5131,20002,535000.0,2,3,1180,1838 PROVIDENCE ST NE APT 2,Washington,District of Columbia,68201,5126.3,District of Columbia,147338.0,38.90511,-76.98431,4,7,19,2,4927
27731,20019,449900.0,3,2,1410,14 BURNS ST NE,Washington,District of Columbia,64031,4029.0,District of Columbia,76897.0,38.89214,-76.94195,3,7,19,2,26950
5188,20018,585000.0,3,4,1224,3105 18TH ST NE,Washington,District of Columbia,20084,2569.3,District of Columbia,117238.0,38.92596,-76.97281,4,7,19,2,4984
9121,20011,275000.0,1,1,589,4424 1ST PL NE APT 12,Washington,District of Columbia,67386,4851.3,District of Columbia,137295.0,38.95295,-77.02323,2,7,19,2,8803
3409,20018,835000.0,5,4,2085,3209 WALNUT ST NE,Washington,District of Columbia,20084,2569.3,District of Columbia,117238.0,38.92596,-76.97281,6,7,19,2,3266
27756,20020,499999.0,4,3,1418,3214 W ST SE,Washington,District of Columbia,54812,4601.9,District of Columbia,70334.0,38.86234,-76.97446,3,7,19,2,26975
5194,20019,520000.0,3,3,1392,716 CROISSANT PL SE,Washington,District of Columbia,64031,4029.0,District of Columbia,76897.0,38.89214,-76.94195,4,7,19,2,4990
27657,20004,495000.0,1,1,743,616 E ST NW APT 1105,Washington,District of Columbia,1685,3353.8,District of Columbia,209333.0,38.89504,-77.02661,3,7,19,2,26876
34187,20010,95473.0,1,1,518,3701 13TH ST NW APT 1,Washington,District of Columbia,33656,13060.3,District of Columbia,150699.0,38.93255,-77.03128,0,7,19,2,33170
18244,20002,999000.0,3,3,1414,1206 G ST NE,Washington,District of Columbia,68201,5126.3,District of Columbia,147338.0,38.90511,-76.98431,7,7,19,2,17665
27670,20009,414000.0,1,1,775,2039 NEW HAMPSHIRE AVE NW # 608,Washington,District of Columbia,51288,15023.9,District of Columbia,179185.0,38.91986,-77.03749,3,7,19,2,26889
9152,20024,315000.0,1,1,532,240 M ST SW # E310,Washington,District of Columbia,14525,2556.4,District of Columbia,129167.0,38.87517,-77.0295,2,7,19,2,8834
27640,20002,449000.0,2,1,800,1151 SUMMIT ST NE,Washington,District of Columbia,68201,5126.3,District of Columbia,147338.0,38.90511,-76.98431,3,7,19,2,26859
139,20002,699900.0,3,2,1224,2216 S ST NE,Washington,District of Columbia,68201,5126.3,District of Columbia,147338.0,38.90511,-76.98431,5,7,19,2,131
3359,20002,850000.0,4,4,1478,1204 STAPLES ST NE,Washington,District of Columbia,68201,5126.3,District of Columbia,147338.0,38.90511,-76.98431,6,7,19,2,3216
9119,20011,345000.0,1,1,558,623 KENNEDY ST NW # 4,Washington,District of Columbia,67386,4851.3,District of Columbia,137295.0,38.95295,-77.02323,2,7,19,2,8801
27700,20011,474900.0,2,1,732,4804 GEORGIA AVE NW UNIT 303,Washington,District of Columbia,67386,4851.3,District of Columbia,137295.0,38.95295,-77.02323,3,7,19,2,26919
19909,20032,163000.0,2,1,705,3864 9TH ST SE APT 201,Washington,District of Columbia,40716,2995.8,District of Columbia,73852.0,38.83142,-77.01514,1,7,19,2,19280
207,20019,649000.0,5,4,1811,3139 M ST SE,Washington,District of Columbia,64031,4029.0,District of Columbia,76897.0,38.89214,-76.94195,5,7,19,2,199
27721,20018,499900.0,2,3,980,1018 BRYANT ST NE UNIT 4,Washington,District of Columbia,20084,2569.3,District of Columbia,117238.0,38.92596,-76.97281,3,7,19,2,26940
26750,20002,1149000.0,4,4,2580,426 15TH ST NE,Washington,District of Columbia,68201,5126.3,District of Columbia,147338.0,38.90511,-76.98431,9,7,19,2,25995
18247,20002,929000.0,3,2,1750,1431 AMES PL NE,Washington,District of Columbia,68201,5126.3,District of Columbia,147338.0,38.90511,-76.98431,7,7,19,2,17668
129,20001,710000.0,2,2,927,2101 11TH ST NW APT 402,Washington,District of Columbia,45551,8590.7,District of Columbia,165650.0,38.91002,-77.018,5,7,19,2,121
5140,20003,635000.0,2,2,780,37 L ST SE APT 1001,Washington,District of Columbia,34535,5867.2,District of Columbia,191871.0,38.88193,-76.99033,4,7,19,2,4936
3388,20009,799000.0,2,3,1210,1646 BEEKMAN PL NW APT D,Washington,District of Columbia,51288,15023.9,District of Columbia,179185.0,38.91986,-77.03749,6,7,19,2,3245
18285,20011,999888.0,4,4,2460,419 HAMILTON ST NW,Washington,District of Columbia,67386,4851.3,District of Columbia,137295.0,38.95295,-77.02323,7,7,19,2,17706
5171,20011,565000.0,3,2,1534,53 BUCHANAN ST NE,Washington,District of Columbia,67386,4851.3,District of Columbia,137295.0,38.95295,-77.02323,4,7,19,2,4967
208,20020,759000.0,3,3,2709,3024 Q ST SE,Washington,District of Columbia,54812,4601.9,District of Columbia,70334.0,38.86234,-76.97446,5,7,19,2,200
2726,20007,1095000.0,3,3,1585,1507 FOXHALL RD NW,Washington,District of Columbia,24311,3037.9,District of Columbia,240888.0,38.91259,-77.07756,8,7,19,2,2614
134,20002,700000.0,3,3,1530,613 16TH ST NE,Washington,District of Columbia,68201,5126.3,District of Columbia,147338.0,38.90511,-76.98431,5,7,19,2,126
3414,20037,800000.0,2,2,1246,955 26TH ST NW APT 201,Washington,District of Columbia,13037,6875.3,District of Columbia,137114.0,38.89213,-77.0535,6,7,19,2,3271
27689,20011,449900.0,2,2,782,30 KENNEDY ST NW UNIT 5,Washington,District of Columbia,67386,4851.3,District of Columbia,137295.0,38.95295,-77.02323,3,7,19,2,26908
18245,20002,998500.0,3,3,1428,431 3RD ST NE,Washington,District of Columbia,68201,5126.3,District of Columbia,147338.0,38.90511,-76.98431,7,7,19,2,17666
19899,20020,229900.0,3,2,1188,2549 ALABAMA AVE SE,Washington,District of Columbia,54812,4601.9,District of Columbia,70334.0,38.86234,-76.97446,1,7,19,2,19270
18237,20002,914900.0,4,4,1997,1277 OWEN PL NE,Washington,District of Columbia,68201,5126.3,District of Columbia,147338.0,38.90511,-76.98431,7,7,19,2,17658
150,20003,650000.0,2,2,1400,1428 E CAPITOL ST NE # 1428,Washington,District of Columbia,34535,5867.2,District of Columbia,191871.0,38.88193,-76.99033,5,7,19,2,142
200,20017,675000.0,3,4,1638,414 AVA WAY NE,Washington,District of Columbia,20221,3514.2,District of Columbia,128320.0,38.93813,-76.99294,5,7,19,2,192
18292,20020,979900.0,3,3,2474,2126 15TH ST SE,Washington,District of Columbia,54812,4601.9,District of Columbia,70334.0,38.86234,-76.97446,7,7,19,2,17713
9110,20009,340000.0,1,1,604,1441 EUCLID ST NW APT 106,Washington,District of Columbia,51288,15023.9,District of Columbia,179185.0,38.91986,-77.03749,2,7,19,2,8792
27688,20011,445000.0,2,2,911,911 KENNEDY ST NW APT 5,Washington,District of Columbia,67386,4851.3,District of Columbia,137295.0,38.95295,-77.02323,3,7,19,2,26907
34191,20019,110000.0,1,1,517,5000 CALL PL SE APT 402,Washington,District of Columbia,64031,4029.0,District of Columbia,76897.0,38.89214,-76.94195,0,7,19,2,33174
2712,20001,1130000.0,3,4,1850,426 WARNER ST NW # 2A,Washington,District of Columbia,45551,8590.7,District of Columbia,165650.0,38.91002,-77.018,8,7,19,2,2600
9145,20020,256000.0,2,1,1225,2024 37TH ST SE UNIT B,Washington,District of Columbia,54812,4601.9,District of Columbia,70334.0,38.86234,-76.97446,2,7,19,2,8827
181,20010,649900.0,3,3,1412,520 PARK RD NW # M-1,Washington,District of Columbia,33656,13060.3,District of Columbia,150699.0,38.93255,-77.03128,5,7,19,2,173
27643,20002,499900.0,2,2,728,629 18TH ST NE,Washington,District of Columbia,68201,5126.3,District of Columbia,147338.0,38.90511,-76.98431,3,7,19,2,26862
9098,20007,349900.0,1,1,530,4629 MACARTHUR BLVD NW # 1/2A,Washington,District of Columbia,24311,3037.9,District of Columbia,240888.0,38.91259,-77.07756,2,7,19,2,8780
36392,20010,1269000.0,5,4,2325,1001 KENYON ST NW,Washington,District of Columbia,33656,13060.3,District of Columbia,150699.0,38.93255,-77.03128,10,7,19,2,35352
146,20002,699900.0,4,3,1503,1413 STAPLES ST NE APT 3,Washington,District of Columbia,68201,5126.3,District of Columbia,147338.0,38.90511,-76.98431,5,7,19,2,138
3406,20016,770000.0,2,3,1273,4100 CATHEDRAL AVE NW # 615,Washington,District of Columbia,34422,2999.2,District of Columbia,268683.0,38.93822,-77.09139,6,7,19,2,3263
18266,20007,975000.0,2,3,1454,2111 WISCONSIN AVE NW # PH8,Washington,District of Columbia,24311,3037.9,District of Columbia,240888.0,38.91259,-77.07756,7,7,19,2,17687
18240,20002,965000.0,3,3,1642,829 3RD ST NE,Washington,District of Columbia,68201,5126.3,District of Columbia,147338.0,38.90511,-76.98431,7,7,19,2,17661
27773,20032,470000.0,3,3,1506,604 GALVESTON PL SE,Washington,District of Columbia,40716,2995.8,District of Columbia,73852.0,38.83142,-77.01514,3,7,19,2,26992
5201,20019,599900.0,3,3,2146,33 46TH ST NE,Washington,District of Columbia,64031,4029.0,District of Columbia,76897.0,38.89214,-76.94195,4,7,19,2,4997
27672,20009,449999.0,1,1,790,1661 CRESCENT PL NW APT 101,Washington,District of Columbia,51288,15023.9,District of Columbia,179185.0,38.91986,-77.03749,3,7,19,2,26891
27680,20009,459500.0,2,2,1100,3025 ONTARIO RD NW APT 104,Washington,District of Columbia,51288,15023.9,District of Columbia,179185.0,38.91986,-77.03749,3,7,19,2,26899
9089,20002,375000.0,2,1,750,1900 CONSTITUTION AVE NE APT 1,Washington,District of Columbia,68201,5126.3,District of Columbia,147338.0,38.90511,-76.98431,2,7,19,2,8771
27748,20019,490000.0,4,3,1510,557 47TH ST NE,Washington,District of Columbia,64031,4029.0,District of Columbia,76897.0,38.89214,-76.94195,3,7,19,2,26967
5126,20002,550000.0,3,2,1660,1511 W VIRGINIA AVE NE,Washington,District of Columbia,68201,5126.3,District of Columbia,147338.0,38.90511,-76.98431,4,7,19,2,4922
9085,20002,375000.0,2,1,725,1915 BENNING RD NE UNIT 5,Washington,District of Columbia,68201,5126.3,District of Columbia,147338.0,38.90511,-76.98431,2,7,19,2,8767
5186,20017,629900.0,4,4,1548,1261 GALLATIN ST NE,Washington,District of Columbia,20221,3514.2,District of Columbia,128320.0,38.93813,-76.99294,4,7,19,2,4982
5103,20001,625000.0,3,3,1740,1819 8TH ST NW,Washington,District of Columbia,45551,8590.7,District of Columbia,165650.0,38.91002,-77.018,4,7,19,2,4899
3358,20002,845000.0,4,4,1740,1919 BENNETT PL NE,Washington,District of Columbia,68201,5126.3,District of Columbia,147338.0,38.90511,-76.98431,6,7,19,2,3215
27757,20020,455000.0,3,2,1420,1624 16TH ST SE,Washington,District of Columbia,54812,4601.9,District of Columbia,70334.0,38.86234,-76.97446,3,7,19,2,26976
27734,20019,395000.0,2,2,1250,5327 CENTRAL AVE SE,Washington,District of Columbia,64031,4029.0,District of Columbia,76897.0,38.89214,-76.94195,3,7,19,2,26953
27733,20019,479999.0,4,3,1568,501 HILLTOP TER SE,Washington,District of Columbia,64031,4029.0,District of Columbia,76897.0,38.89214,-76.94195,3,7,19,2,26952
3351,20002,849900.0,3,3,1830,52 QUINCY PL NE # 2,Washington,District of Columbia,68201,5126.3,District of Columbia,147338.0,38.90511,-76.98431,6,7,19,2,3208
151,20003,650000.0,2,1,896,320 KENTUCKY AVE SE,Washington,District of Columbia,34535,5867.2,District of Columbia,191871.0,38.88193,-76.99033,5,7,19,2,143
18291,20017,989999.0,3,2,1636,4414 13TH PL NE,Washington,District of Columbia,20221,3514.2,District of Columbia,128320.0,38.93813,-76.99294,7,7,19,2,17712
19896,20019,199995.0,2,1,769,5009 D ST SE APT 201,Washington,District of Columbia,64031,4029.0,District of Columbia,76897.0,38.89214,-76.94195,1,7,19,2,19267
9142,20020,300000.0,2,1,1325,2051 38TH ST SE,Washington,District of Columbia,54812,4601.9,District of Columbia,70334.0,38.86234,-76.97446,2,7,19,2,8824
27739,20019,392000.0,2,3,1386,5208 SHERIFF RD NE,Washington,District of Columbia,64031,4029.0,District of Columbia,76897.0,38.89214,-76.94195,3,7,19,2,26958
27753,20020,400000.0,3,2,1558,1965 S ST SE,Washington,District of Columbia,54812,4601.9,District of Columbia,70334.0,38.86234,-76.97446,3,7,19,2,26972
5132,20002,599500.0,2,3,997,1420 STAPLES ST NE # PH4,Washington,District of Columbia,68201,5126.3,District of Columbia,147338.0,38.90511,-76.98431,4,7,19,2,4928
211,20020,675000.0,3,3,2038,1421 34TH ST SE,Washington,District of Columbia,54812,4601.9,District of Columbia,70334.0,38.86234,-76.97446,5,7,19,2,203
5180,20016,565000.0,2,2,1370,4100 CATHEDRAL AVE NW # 716,Washington,District of Columbia,34422,2999.2,District of Columbia,268683.0,38.93822,-77.09139,4,7,19,2,4976
27666,20008,495000.0,1,1,800,2737 DEVONSHIRE PL NW APT 428,Washington,District of Columbia,30461,3807.2,District of Columbia,193521.0,38.93539,-77.05935,3,7,19,2,26885
18271,20010,925000.0,3,4,2154,507 LAMONT ST NW,Washington,District of Columbia,33656,13060.3,District of Columbia,150699.0,38.93255,-77.03128,7,7,19,2,17692
9141,20020,379000.0,2,1,1176,2408 T ST SE,Washington,District of Columbia,54812,4601.9,District of Columbia,70334.0,38.86234,-76.97446,2,7,19,2,8823
179,20010,639900.0,3,2,2498,613 PRINCETON PL NW,Washington,District of Columbia,33656,13060.3,District of Columbia,150699.0,38.93255,-77.03128,5,7,19,2,171
9113,20010,365000.0,1,1,514,3619 GEORGIA AVE NW # 45,Washington,District of Columbia,33656,13060.3,District of Columbia,150699.0,38.93255,-77.03128,2,7,19,2,8795
5185,20017,550000.0,2,2,1093,1201 KEARNY ST NE APT 202,Washington,District of Columbia,20221,3514.2,District of Columbia,128320.0,38.93813,-76.99294,4,7,19,2,4981
18263,20005,899950.0,2,2,1077,1400 CHURCH ST NW APT 202,Washington,District of Columbia,13444,11974.2,District of Columbia,157958.0,38.90443,-77.0316,7,7,19,2,17684
5127,20002,610000.0,4,2,1811,1260 OWEN PL NE,Washington,District of Columbia,68201,5126.3,District of Columbia,147338.0,38.90511,-76.98431,4,7,19,2,4923
9155,20024,299900.0,1,1,726,1435 4TH ST SW APT B615,Washington,District of Columbia,14525,2556.4,District of Columbia,129167.0,38.87517,-77.0295,2,7,19,2,8837
180,20010,639000.0,2,2,1020,653 IRVING ST NW UNIT 8,Washington,District of Columbia,33656,13060.3,District of Columbia,150699.0,38.93255,-77.03128,5,7,19,2,172
36391,20009,1350000.0,2,2,1203,1427 Q ST NW # 2,Washington,District of Columbia,51288,15023.9,District of Columbia,179185.0,38.91986,-77.03749,10,7,19,2,35351
2722,20003,1049000.0,2,2,1275,70 N ST SE APT 813,Washington,District of Columbia,34535,5867.2,District of Columbia,191871.0,38.88193,-76.99033,8,7,19,2,2610
27742,20019,429000.0,3,2,810,5074 JAY ST NE,Washington,District of Columbia,64031,4029.0,District of Columbia,76897.0,38.89214,-76.94195,3,7,19,2,26961
167,20009,749000.0,2,2,1013,2020 12TH ST NW APT 511,Washington,District of Columbia,51288,15023.9,District of Columbia,179185.0,38.91986,-77.03749,5,7,19,2,159
9154,20024,375000.0,1,1,836,1245 4TH ST SW APT E403,Washington,District of Columbia,14525,2556.4,District of Columbia,129167.0,38.87517,-77.0295,2,7,19,2,8836
19901,20020,145000.0,2,1,780,2835 GAINESVILLE ST SE APT 104,Washington,District of Columbia,54812,4601.9,District of Columbia,70334.0,38.86234,-76.97446,1,7,19,2,19272
3371,20003,825000.0,3,2,1276,1523 D ST SE,Washington,District of Columbia,34535,5867.2,District of Columbia,191871.0,38.88193,-76.99033,6,7,19,2,3228
18249,20002,975000.0,2,3,1265,646 H ST NE # PH-3,Washington,District of Columbia,68201,5126.3,District of Columbia,147338.0,38.90511,-76.98431,7,7,19,2,17670
27728,20019,419000.0,3,2,1584,3956 CLAY PL NE,Washington,District of Columbia,64031,4029.0,District of Columbia,76897.0,38.89214,-76.94195,3,7,19,2,26947
9109,20009,365000.0,1,1,600,2707 ADAMS MILL RD NW APT 409,Washington,District of Columbia,51288,15023.9,District of Columbia,179185.0,38.91986,-77.03749,2,7,19,2,8791
27656,20004,399000.0,1,1,748,915 E ST NW APT 1011,Washington,District of Columbia,1685,3353.8,District of Columbia,209333.0,38.89504,-77.02661,3,7,19,2,26875
154,20003,749999.0,3,3,1450,1426 PENNSYLVANIA AVE SE,Washington,District of Columbia,34535,5867.2,District of Columbia,191871.0,38.88193,-76.99033,5,7,19,2,146
27691,20011,499000.0,2,2,1135,5511 COLORADO AVE NW UNIT 201,Washington,District of Columbia,67386,4851.3,District of Columbia,137295.0,38.95295,-77.02323,3,7,19,2,26910
198,20016,700000.0,2,3,1184,4331 MASSACHUSETTS AVE NW,Washington,District of Columbia,34422,2999.2,District of Columbia,268683.0,38.93822,-77.09139,5,7,19,2,190
19907,20032,250000.0,5,2,1991,3940 1ST ST SW,Washington,District of Columbia,40716,2995.8,District of Columbia,73852.0,38.83142,-77.01514,1,7,19,2,19278
2741,20037,1099000.0,1,2,1500,700 NEW HAMPSHIRE AVE NW # 619,Washington,District of Columbia,13037,6875.3,District of Columbia,137114.0,38.89213,-77.0535,8,7,19,2,2629
18248,20002,899000.0,4,4,2173,1327 W VIRGINIA AVE NE,Washington,District of Columbia,68201,5126.3,District of Columbia,147338.0,38.90511,-76.98431,7,7,19,2,17669
9122,20011,299900.0,1,1,552,505 KENNEDY ST NW UNIT 101,Washington,District of Columbia,67386,4851.3,District of Columbia,137295.0,38.95295,-77.02323,2,7,19,2,8804
9083,20002,305000.0,1,1,440,410 15TH ST NE APT 12,Washington,District of Columbia,68201,5126.3,District of Columbia,147338.0,38.90511,-76.98431,2,7,19,2,8765
9092,20003,272600.0,2,1,592,256 15TH ST SE UNIT 6,Washington,District of Columbia,34535,5867.2,District of Columbia,191871.0,38.88193,-76.99033,2,7,19,2,8774
9161,20037,350000.0,1,1,581,2401 H ST NW APT 506,Washington,District of Columbia,13037,6875.3,District of Columbia,137114.0,38.89213,-77.0535,2,7,19,2,8843
2742,20037,1084900.0,2,2,1150,2525 PENNSYLVANIA AVE NW PH 504,Washington,District of Columbia,13037,6875.3,District of Columbia,137114.0,38.89213,-77.0535,8,7,19,2,2630
5159,20010,569000.0,2,2,1060,3573 WARDER ST NW APT 2,Washington,District of Columbia,33656,13060.3,District of Columbia,150699.0,38.93255,-77.03128,4,7,19,2,4955
202,20018,709000.0,3,4,2772,3635 JAMISON ST NE,Washington,District of Columbia,20084,2569.3,District of Columbia,117238.0,38.92596,-76.97281,5,7,19,2,194
3339,20001,850000.0,2,2,1265,1812 10TH ST NW,Washington,District of Columbia,45551,8590.7,District of Columbia,165650.0,38.91002,-77.018,6,7,19,2,3196
27765,20020,409000.0,4,2,1060,2322 14TH PL SE,Washington,District of Columbia,54812,4601.9,District of Columbia,70334.0,38.86234,-76.97446,3,7,19,2,26984
5147,20009,524990.0,2,1,875,1701 16TH ST NW APT 334,Washington,District of Columbia,51288,15023.9,District of Columbia,179185.0,38.91986,-77.03749,4,7,19,2,4943
18280,20011,935000.0,3,4,2200,424 MISSOURI AVE NW # B,Washington,District of Columbia,67386,4851.3,District of Columbia,137295.0,38.95295,-77.02323,7,7,19,2,17701
2716,20002,1049974.0,4,3,1614,1034 5TH ST NE # 2,Washington,District of Columbia,68201,5126.3,District of Columbia,147338.0,38.90511,-76.98431,8,7,19,2,2604
2731,20010,1095000.0,7,3,3141,1019 LAMONT ST NW,Washington,District of Columbia,33656,13060.3,District of Columbia,150699.0,38.93255,-77.03128,8,7,19,2,2619
27654,20003,450000.0,1,1,732,1391 PENNSYLVANIA AVE SE UNIT 518,Washington,District of Columbia,34535,5867.2,District of Columbia,191871.0,38.88193,-76.99033,3,7,19,2,26873
27645,20002,399900.0,2,2,859,1019 17TH PL NE UNIT 2,Washington,District of Columbia,68201,5126.3,District of Columbia,147338.0,38.90511,-76.98431,3,7,19,2,26864
5215,20032,625000.0,5,3,2304,25 BRANDYWINE ST SW,Washington,District of Columbia,40716,2995.8,District of Columbia,73852.0,38.83142,-77.01514,4,7,19,2,5011
5192,20018,625000.0,4,4,2176,1860 BRYANT ST NE,Washington,District of Columbia,20084,2569.3,District of Columbia,117238.0,38.92596,-76.97281,4,7,19,2,4988
27660,20007,399000.0,1,1,625,2111 WISCONSIN AVE NW APT 602,Washington,District of Columbia,24311,3037.9,District of Columbia,240888.0,38.91259,-77.07756,3,7,19,2,26879
5210,20020,574900.0,3,2,1526,2021 36TH ST SE,Washington,District of Columbia,54812,4601.9,District of Columbia,70334.0,38.86234,-76.97446,4,7,19,2,5006
5222,20037,575000.0,2,2,853,2114 N ST NW APT 12,Washington,District of Columbia,13037,6875.3,District of Columbia,137114.0,38.89213,-77.0535,4,7,19,2,5018
34192,20020,106000.0,2,1,739,2636 WADE RD SE APT 14,Washington,District of Columbia,54812,4601.9,District of Columbia,70334.0,38.86234,-76.97446,0,7,19,2,33175
27725,20018,464900.0,2,2,894,1007 BRYANT ST NE # 1,Washington,District of Columbia,20084,2569.3,District of Columbia,117238.0,38.92596,-76.97281,3,7,19,2,26944
5145,20005,524900.0,1,1,885,1133 14TH ST NW APT 211,Washington,District of Columbia,13444,11974.2,District of Columbia,157958.0,38.90443,-77.0316,4,7,19,2,4941
5106,20001,535000.0,1,1,800,437 NEW YORK AVE NW APT 909,Washington,District of Columbia,45551,8590.7,District of Columbia,165650.0,38.91002,-77.018,4,7,19,2,4902
27737,20019,419900.0,3,2,810,857 51ST ST NE,Washington,District of Columbia,64031,4029.0,District of Columbia,76897.0,38.89214,-76.94195,3,7,19,2,26956
177,20010,715000.0,3,3,1414,520 PARK RD NW # M-2,Washington,District of Columbia,33656,13060.3,District of Columbia,150699.0,38.93255,-77.03128,5,7,19,2,169
5136,20003,615000.0,2,2,1029,1025 1ST ST SE APT 201,Washington,District of Columbia,34535,5867.2,District of Columbia,191871.0,38.88193,-76.99033,4,7,19,2,4932
27686,20010,474900.0,2,2,764,3319 11TH ST NW # 1,Washington,District of Columbia,33656,13060.3,District of Columbia,150699.0,38.93255,-77.03128,3,7,19,2,26905
18282,20011,910000.0,7,4,2228,900 WEBSTER ST NW,Washington,District of Columbia,67386,4851.3,District of Columbia,137295.0,38.95295,-77.02323,7,7,19,2,17703
26760,20007,1259000.0,3,4,1747,2459 TUNLAW RD NW,Washington,District of Columbia,24311,3037.9,District of Columbia,240888.0,38.91259,-77.07756,9,7,19,2,26005
2735,20011,1099000.0,4,4,2297,703 RANDOLPH ST NW # A,Washington,District of Columbia,67386,4851.3,District of Columbia,137295.0,38.95295,-77.02323,8,7,19,2,2623
5179,20012,619900.0,2,2,1008,7175 12TH ST NW # 213,Washington,District of Columbia,17526,3280.5,District of Columbia,148264.0,38.97863,-77.03076,4,7,19,2,4975
27629,20001,439990.0,1,1,649,555 MASSACHUSETTS AVE NW APT 311,Washington,District of Columbia,45551,8590.7,District of Columbia,165650.0,38.91002,-77.018,3,7,19,2,26848
18265,20007,925000.0,1,2,1100,3251 PROSPECT ST NW APT 411,Washington,District of Columbia,24311,3037.9,District of Columbia,240888.0,38.91259,-77.07756,7,7,19,2,17686
26780,20037,1249000.0,3,3,1574,2535 QUEEN ANNES LN NW,Washington,District of Columbia,13037,6875.3,District of Columbia,137114.0,38.89213,-77.0535,9,7,19,2,26025
9095,20005,269000.0,1,1,480,1125 12TH ST NW APT 2,Washington,District of Columbia,13444,11974.2,District of Columbia,157958.0,38.90443,-77.0316,2,7,19,2,8777
18258,20003,979900.0,2,3,1292,1409 S CAPITOL ST SW,Washington,District of Columbia,34535,5867.2,District of Columbia,191871.0,38.88193,-76.99033,7,7,19,2,17679
5217,20036,585000.0,2,2,750,1401 17TH ST NW APT 601,Washington,District of Columbia,4669,5552.9,District of Columbia,150884.0,38.90705,-77.04155,4,7,19,2,5013
9140,20019,310000.0,2,1,720,4820 HAYES ST NE,Washington,District of Columbia,64031,4029.0,District of Columbia,76897.0,38.89214,-76.94195,2,7,19,2,8822
3368,20003,849500.0,2,2,1021,1001 E CAPITOL ST SE,Washington,District of Columbia,34535,5867.2,District of Columbia,191871.0,38.88193,-76.99033,6,7,19,2,3225
5165,20011,625000.0,4,3,1588,5922 EASTERN AVE NE,Washington,District of Columbia,67386,4851.3,District of Columbia,137295.0,38.95295,-77.02323,4,7,19,2,4961
36389,20005,1300000.0,2,2,1600,1427 RHODE ISLAND AVE NW APT 404,Washington,District of Columbia,13444,11974.2,District of Columbia,157958.0,38.90443,-77.0316,10,7,19,2,35349
27729,20019,450000.0,3,2,1554,4446 ORD ST NE,Washington,District of Columbia,64031,4029.0,District of Columbia,76897.0,38.89214,-76.94195,3,7,19,2,26948
27635,20001,399900.0,1,1,485,304 FLORIDA AVE NW # 1,Washington,District of Columbia,45551,8590.7,District of Columbia,165650.0,38.91002,-77.018,3,7,19,2,26854
5149,20009,575000.0,2,2,712,1753 U ST NW # 1,Washington,District of Columbia,51288,15023.9,District of Columbia,179185.0,38.91986,-77.03749,4,7,19,2,4945
26756,20003,1225000.0,4,3,1954,547 4TH ST SE,Washington,District of Columbia,34535,5867.2,District of Columbia,191871.0,38.88193,-76.99033,9,7,19,2,26001
5139,20003,550000.0,2,1,735,1105 E CAPITOL ST SE APT 4,Washington,District of Columbia,34535,5867.2,District of Columbia,191871.0,38.88193,-76.99033,4,7,19,2,4935
36395,20011,1365000.0,4,4,2785,4404 ILLINOIS AVE NW,Washington,District of Columbia,67386,4851.3,District of Columbia,137295.0,38.95295,-77.02323,10,7,19,2,35355
18286,20012,975000.0,3,3,2356,1130 KALMIA RD NW,Washington,District of Columbia,17526,3280.5,District of Columbia,148264.0,38.97863,-77.03076,7,7,19,2,17707
27636,20002,384900.0,1,1,581,1350 MARYLAND AVE NE UNIT 505,Washington,District of Columbia,68201,5126.3,District of Columbia,147338.0,38.90511,-76.98431,3,7,19,2,26855
5133,20002,599000.0,2,2,926,1625 ECKINGTON PL NE # PH301,Washington,District of Columbia,68201,5126.3,District of Columbia,147338.0,38.90511,-76.98431,4,7,19,2,4929
3404,20011,799900.0,3,3,1609,426 RANDOLPH ST NW # 2,Washington,District of Columbia,67386,4851.3,District of Columbia,137295.0,38.95295,-77.02323,6,7,19,2,3261
3401,20011,825000.0,3,2,1296,511 JEFFERSON ST NW,Washington,District of Columbia,67386,4851.3,District of Columbia,137295.0,38.95295,-77.02323,6,7,19,2,3258
18239,20002,889900.0,3,3,1406,1230 G ST NE,Washington,District of Columbia,68201,5126.3,District of Columbia,147338.0,38.90511,-76.98431,7,7,19,2,17660
125,20001,750000.0,2,2,1118,1220 11TH ST NW APT 2,Washington,District of Columbia,45551,8590.7,District of Columbia,165650.0,38.91002,-77.018,5,7,19,2,117
27698,20011,399900.0,2,1,668,505 KENNEDY ST NW UNIT 201,Washington,District of Columbia,67386,4851.3,District of Columbia,137295.0,38.95295,-77.02323,3,7,19,2,26917
9093,20005,340000.0,1,1,542,1101 L ST NW APT 603,Washington,District of Columbia,13444,11974.2,District of Columbia,157958.0,38.90443,-77.0316,2,7,19,2,8775
172,20009,650000.0,2,3,938,1421 T ST NW APT 9,Washington,District of Columbia,51288,15023.9,District of Columbia,179185.0,38.91986,-77.03749,5,7,19,2,164
9128,20016,329000.0,1,1,1050,3900 CATHEDRAL AVE NW APT 601A,Washington,District of Columbia,34422,2999.2,District of Columbia,268683.0,38.93822,-77.09139,2,7,19,2,8810
9137,20019,305000.0,2,2,1012,828 52ND ST NE,Washington,District of Columbia,64031,4029.0,District of Columbia,76897.0,38.89214,-76.94195,2,7,19,2,8819
18254,20003,899000.0,2,2,1350,1025 1ST ST SE APT 1406,Washington,District of Columbia,34535,5867.2,District of Columbia,191871.0,38.88193,-76.99033,7,7,19,2,17675
36387,20002,1349900.0,3,3,2243,303 MASSACHUSETTS AVE NE,Washington,District of Columbia,68201,5126.3,District of Columbia,147338.0,38.90511,-76.98431,10,7,19,2,35347
5208,20020,510000.0,3,2,1325,1915 21ST PL SE,Washington,District of Columbia,54812,4601.9,District of Columbia,70334.0,38.86234,-76.97446,4,7,19,2,5004
36400,20016,1375000.0,3,4,2403,4370 WESTOVER PL NW,Washington,District of Columbia,34422,2999.2,District of Columbia,268683.0,38.93822,-77.09139,10,7,19,2,35360
2727,20009,1099000.0,2,2,1529,1320 BELMONT ST NW # 201,Washington,District of Columbia,51288,15023.9,District of Columbia,179185.0,38.91986,-77.03749,8,7,19,2,2615
19885,20002,178300.0,2,2,871,1020 FLORIDA AVE NE UNIT 4,Washington,District of Columbia,68201,5126.3,District of Columbia,147338.0,38.90511,-76.98431,1,7,19,2,19256
3385,20009,819000.0,3,2,1136,2244 12TH PL NW,Washington,District of Columbia,51288,15023.9,District of Columbia,179185.0,38.91986,-77.03749,6,7,19,2,3242
9151,20024,350000.0,1,2,718,1250 4TH ST SW # W413,Washington,District of Columbia,14525,2556.4,District of Columbia,129167.0,38.87517,-77.0295,2,7,19,2,8833
18270,20009,945000.0,2,2,1023,1704 19TH ST NW APT 5,Washington,District of Columbia,51288,15023.9,District of Columbia,179185.0,38.91986,-77.03749,7,7,19,2,17691
26763,20009,1149999.0,3,3,1912,2829 13TH ST NW # 3,Washington,District of Columbia,51288,15023.9,District of Columbia,179185.0,38.91986,-77.03749,9,7,19,2,26008
3344,20002,780000.0,3,4,2030,1143 16TH ST NE # A,Washington,District of Columbia,68201,5126.3,District of Columbia,147338.0,38.90511,-76.98431,6,7,19,2,3201
3366,20002,789000.0,4,4,1588,1129 HOLBROOK TER NE,Washington,District of Columbia,68201,5126.3,District of Columbia,147338.0,38.90511,-76.98431,6,7,19,2,3223
27779,20036,439900.0,1,1,744,1280 21ST ST NW APT 606,Washington,District of Columbia,4669,5552.9,District of Columbia,150884.0,38.90705,-77.04155,3,7,19,2,26998
3394,20010,815000.0,3,3,2000,3526 PARK PL NW UNIT 2,Washington,District of Columbia,33656,13060.3,District of Columbia,150699.0,38.93255,-77.03128,6,7,19,2,3251
27782,20037,450000.0,1,1,625,2301 N ST NW APT 408,Washington,District of Columbia,13037,6875.3,District of Columbia,137114.0,38.89213,-77.0535,3,7,19,2,27001
3350,20002,869500.0,3,2,1342,1357 EMERALD ST NE,Washington,District of Columbia,68201,5126.3,District of Columbia,147338.0,38.90511,-76.98431,6,7,19,2,3207
9157,20032,330000.0,3,2,1536,639 BRANDYWINE ST SE,Washington,District of Columbia,40716,2995.8,District of Columbia,73852.0,38.83142,-77.01514,2,7,19,2,8839
18279,20011,999000.0,4,4,2106,818 DECATUR ST NW,Washington,District of Columbia,67386,4851.3,District of Columbia,137295.0,38.95295,-77.02323,7,7,19,2,17700
27630,20001,500000.0,1,1,675,1215 11TH ST NW APT 1,Washington,District of Columbia,45551,8590.7,District of Columbia,165650.0,38.91002,-77.018,3,7,19,2,26849
18278,20011,999900.0,4,4,2232,6106 9TH ST NW,Washington,District of Columbia,67386,4851.3,District of Columbia,137295.0,38.95295,-77.02323,7,7,19,2,17699
171,20009,749900.0,2,2,900,1634 14TH ST NW UNIT 403,Washington,District of Columbia,51288,15023.9,District of Columbia,179185.0,38.91986,-77.03749,5,7,19,2,163
27678,20009,385000.0,1,1,512,1308 CLIFTON ST NW APT 210,Washington,District of Columbia,51288,15023.9,District of Columbia,179185.0,38.91986,-77.03749,3,7,19,2,26897
5135,20003,620000.0,2,2,1029,1391 PENNSYLVANIA AVE SE UNIT 203,Washington,District of Columbia,34535,5867.2,District of Columbia,191871.0,38.88193,-76.99033,4,7,19,2,4931
5104,20001,569999.0,2,2,975,150 RHODE ISLAND AVE NW APT 403,Washington,District of Columbia,45551,8590.7,District of Columbia,165650.0,38.91002,-77.018,4,7,19,2,4900
159,20005,699900.0,2,2,793,1520 O ST NW APT 305,Washington,District of Columbia,13444,11974.2,District of Columbia,157958.0,38.90443,-77.0316,5,7,19,2,151
3356,20002,799900.0,3,3,1232,1425 DUNCAN ST NE,Washington,District of Columbia,68201,5126.3,District of Columbia,147338.0,38.90511,-76.98431,6,7,19,2,3213
2738,20012,1125000.0,4,4,3024,7527 12TH ST NW,Washington,District of Columbia,17526,3280.5,District of Columbia,148264.0,38.97863,-77.03076,8,7,19,2,2626
5197,20019,557500.0,4,3,1938,5327 BLAINE ST NE,Washington,District of Columbia,64031,4029.0,District of Columbia,76897.0,38.89214,-76.94195,4,7,19,2,4993
209,20020,650000.0,3,3,1103,2104 16TH ST SE,Washington,District of Columbia,54812,4601.9,District of Columbia,70334.0,38.86234,-76.97446,5,7,19,2,201
9144,20020,369000.0,3,2,1782,2349 S ST SE,Washington,District of Columbia,54812,4601.9,District of Columbia,70334.0,38.86234,-76.97446,2,7,19,2,8826
19897,20019,235000.0,2,1,1114,914 52ND ST NE,Washington,District of Columbia,64031,4029.0,District of Columbia,76897.0,38.89214,-76.94195,1,7,19,2,19268
9090,20002,379000.0,1,2,670,2213 M ST NE APT 2,Washington,District of Columbia,68201,5126.3,District of Columbia,147338.0,38.90511,-76.98431,2,7,19,2,8772
5123,20002,599000.0,2,2,1279,216 T ST NE APT 1,Washington,District of Columbia,68201,5126.3,District of Columbia,147338.0,38.90511,-76.98431,4,7,19,2,4919
3379,20005,799000.0,2,2,1061,1306 RHODE ISLAND AVE NW APT 2,Washington,District of Columbia,13444,11974.2,District of Columbia,157958.0,38.90443,-77.0316,6,7,19,2,3236
189,20011,749900.0,3,4,1707,4317 8TH ST NW # A,Washington,District of Columbia,67386,4851.3,District of Columbia,137295.0,38.95295,-77.02323,5,7,19,2,181
5191,20018,514900.0,2,2,769,1009 RHODE ISLAND AVE NE UNIT 4,Washington,District of Columbia,20084,2569.3,District of Columbia,117238.0,38.92596,-76.97281,4,7,19,2,4987
26770,20011,1199999.0,4,4,3462,1500 WEBSTER ST NW,Washington,District of Columbia,67386,4851.3,District of Columbia,137295.0,38.95295,-77.02323,9,7,19,2,26015
3374,20003,810000.0,2,2,1014,518 10TH ST SE,Washington,District of Columbia,34535,5867.2,District of Columbia,191871.0,38.88193,-76.99033,6,7,19,2,3231
9088,20002,365000.0,1,2,637,1028 BLADENSBURG RD NE APT 25,Washington,District of Columbia,68201,5126.3,District of Columbia,147338.0,38.90511,-76.98431,2,7,19,2,8770
5148,20009,524900.0,2,1,741,2517 ONTARIO RD NW # 6,Washington,District of Columbia,51288,15023.9,District of Columbia,179185.0,38.91986,-77.03749,4,7,19,2,4944
5181,20016,600000.0,2,1,1286,3801 39TH ST NW APT F84,Washington,District of Columbia,34422,2999.2,District of Columbia,268683.0,38.93822,-77.09139,4,7,19,2,4977
5124,20002,625000.0,3,3,1379,1512 F ST NE APT 1,Washington,District of Columbia,68201,5126.3,District of Columbia,147338.0,38.90511,-76.98431,4,7,19,2,4920
26766,20010,1180000.0,5,3,2250,1370 PERRY PL NW,Washington,District of Columbia,33656,13060.3,District of Columbia,150699.0,38.93255,-77.03128,9,7,19,2,26011
9125,20016,375000.0,1,1,888,4201 CATHEDRAL AVE NW APT 1106W,Washington,District of Columbia,34422,2999.2,District of Columbia,268683.0,38.93822,-77.09139,2,7,19,2,8807
166,20009,650000.0,2,1,955,1724 17TH ST NW APT 74,Washington,District of Columbia,51288,15023.9,District of Columbia,179185.0,38.91986,-77.03749,5,7,19,2,158
27778,20036,437730.0,1,1,500,1515 16TH ST NW APT 2C,Washington,District of Columbia,4669,5552.9,District of Columbia,150884.0,38.90705,-77.04155,3,7,19,2,26997
5175,20011,550000.0,3,3,1198,505 KENNEDY ST NW UNIT 402,Washington,District of Columbia,67386,4851.3,District of Columbia,137295.0,38.95295,-77.02323,4,7,19,2,4971
27696,20011,424900.0,1,1,610,3934 14TH ST NW # 102,Washington,District of Columbia,67386,4851.3,District of Columbia,137295.0,38.95295,-77.02323,3,7,19,2,26915
3412,20020,850000.0,5,4,2597,1711 25TH ST SE,Washington,District of Columbia,54812,4601.9,District of Columbia,70334.0,38.86234,-76.97446,6,7,19,2,3269
19895,20019,155000.0,2,1,876,5106 F ST SE APT 8,Washington,District of Columbia,64031,4029.0,District of Columbia,76897.0,38.89214,-76.94195,1,7,19,2,19266
34193,20024,120010.0,1,1,600,650 WHARF ST SW UNIT 91,Washington,District of Columbia,14525,2556.4,District of Columbia,129167.0,38.87517,-77.0295,0,7,19,2,33176
3391,20010,769500.0,3,2,1336,735 IRVING ST NW,Washington,District of Columbia,33656,13060.3,District of Columbia,150699.0,38.93255,-77.03128,6,7,19,2,3248
3343,20002,812000.0,4,4,2030,1145 16TH ST NE UNIT B,Washington,District of Columbia,68201,5126.3,District of Columbia,147338.0,38.90511,-76.98431,6,7,19,2,3200
18276,20010,925000.0,3,4,1936,712 KENYON ST NW,Washington,District of Columbia,33656,13060.3,District of Columbia,150699.0,38.93255,-77.03128,7,7,19,2,17697
26765,20010,1200000.0,5,3,2998,1700 KENYON ST NW,Washington,District of Columbia,33656,13060.3,District of Columbia,150699.0,38.93255,-77.03128,9,7,19,2,26010
160,20007,675000.0,1,2,900,3101 P ST NW APT 1,Washington,District of Columbia,24311,3037.9,District of Columbia,240888.0,38.91259,-77.07756,5,7,19,2,152
9143,20020,305000.0,3,2,1408,3462 23RD ST SE,Washington,District of Columbia,54812,4601.9,District of Columbia,70334.0,38.86234,-76.97446,2,7,19,2,8825
9104,20009,372000.0,1,1,650,1705 LANIER PL NW APT 105,Washington,District of Columbia,51288,15023.9,District of Columbia,179185.0,38.91986,-77.03749,2,7,19,2,8786
34195,20032,85000.0,1,1,582,12 GALVESTON ST SW APT 102,Washington,District of Columbia,40716,2995.8,District of Columbia,73852.0,38.83142,-77.01514,0,7,19,2,33178
27631,20001,499500.0,1,1,761,2035 2ND ST NW APT G304,Washington,District of Columbia,45551,8590.7,District of Columbia,165650.0,38.91002,-77.018,3,7,19,2,26850
2732,20011,1125000.0,3,4,2200,424 MISSOURI AVE NW # C,Washington,District of Columbia,67386,4851.3,District of Columbia,137295.0,38.95295,-77.02323,8,7,19,2,2620
27777,20032,453000.0,4,2,1775,521 FOXHALL PL SE,Washington,District of Columbia,40716,2995.8,District of Columbia,73852.0,38.83142,-77.01514,3,7,19,2,26996
26762,20009,1195000.0,2,2,1325,1603 16TH ST NW APT 5,Washington,District of Columbia,51288,15023.9,District of Columbia,179185.0,38.91986,-77.03749,9,7,19,2,26007
3376,20003,799999.0,2,3,1178,1211 VAN ST SE # TH-1A,Washington,District of Columbia,34535,5867.2,District of Columbia,191871.0,38.88193,-76.99033,6,7,19,2,3233
174,20010,719800.0,2,3,1700,726 KENYON ST NW # 2,Washington,District of Columbia,33656,13060.3,District of Columbia,150699.0,38.93255,-77.03128,5,7,19,2,166
18253,20003,899900.0,3,2,1294,1101 G ST SE,Washington,District of Columbia,34535,5867.2,District of Columbia,191871.0,38.88193,-76.99033,7,7,19,2,17674
194,20011,649900.0,3,4,1580,313 RIGGS RD NE # BARNETT,Washington,District of Columbia,67386,4851.3,District of Columbia,137295.0,38.95295,-77.02323,5,7,19,2,186
5168,20011,620000.0,3,3,1712,65 ALLISON ST NE,Washington,District of Columbia,67386,4851.3,District of Columbia,137295.0,38.95295,-77.02323,4,7,19,2,4964
26752,20002,1249000.0,4,4,2248,502 12TH ST NE,Washington,District of Columbia,68201,5126.3,District of Columbia,147338.0,38.90511,-76.98431,9,7,19,2,25997
27750,20019,435000.0,2,2,1216,515 45TH ST NE,Washington,District of Columbia,64031,4029.0,District of Columbia,76897.0,38.89214,-76.94195,3,7,19,2,26969
27738,20019,497000.0,4,3,1736,3958 AMES ST NE,Washington,District of Columbia,64031,4029.0,District of Columbia,76897.0,38.89214,-76.94195,3,7,19,2,26957
27726,20018,490000.0,3,2,1056,1511 MONTANA AVE NE,Washington,District of Columbia,20084,2569.3,District of Columbia,117238.0,38.92596,-76.97281,3,7,19,2,26945
18272,20010,1000000.0,4,2,1628,541 IRVING ST NW,Washington,District of Columbia,33656,13060.3,District of Columbia,150699.0,38.93255,-77.03128,7,7,19,2,17693
27743,20019,399999.0,6,3,1683,5154 H ST SE,Washington,District of Columbia,64031,4029.0,District of Columbia,76897.0,38.89214,-76.94195,3,7,19,2,26962
27722,20018,405000.0,3,1,1160,2236 15TH ST NE,Washington,District of Columbia,20084,2569.3,District of Columbia,117238.0,38.92596,-76.97281,3,7,19,2,26941
3337,20001,870000.0,2,2,1276,1815 6TH ST NW # 2,Washington,District of Columbia,45551,8590.7,District of Columbia,165650.0,38.91002,-77.018,6,7,19,2,3194
162,20009,715000.0,2,2,1100,2301 CHAMPLAIN ST NW APT 101,Washington,District of Columbia,51288,15023.9,District of Columbia,179185.0,38.91986,-77.03749,5,7,19,2,154
27724,20018,499500.0,3,3,1920,3110 CHERRY RD NE # 36,Washington,District of Columbia,20084,2569.3,District of Columbia,117238.0,38.92596,-76.97281,3,7,19,2,26943
196,20012,699900.0,2,2,880,7700 GEORGIA AVE NW APT 502,Washington,District of Columbia,17526,3280.5,District of Columbia,148264.0,38.97863,-77.03076,5,7,19,2,188
5166,20011,600000.0,4,3,1365,445 DECATUR ST NW,Washington,District of Columbia,67386,4851.3,District of Columbia,137295.0,38.95295,-77.02323,4,7,19,2,4962
27718,20018,399000.0,2,2,780,1352 BRYANT ST NE APT 4A,Washington,District of Columbia,20084,2569.3,District of Columbia,117238.0,38.92596,-76.97281,3,7,19,2,26937
27730,20019,500000.0,3,3,1396,1219 50TH ST NE,Washington,District of Columbia,64031,4029.0,District of Columbia,76897.0,38.89214,-76.94195,3,7,19,2,26949
5116,20001,589000.0,2,2,980,150 RHODE ISLAND AVE NW APT 401,Washington,District of Columbia,45551,8590.7,District of Columbia,165650.0,38.91002,-77.018,4,7,19,2,4912
195,20012,649000.0,2,2,1680,6725 2ND ST NW,Washington,District of Columbia,17526,3280.5,District of Columbia,148264.0,38.97863,-77.03076,5,7,19,2,187
27758,20020,420000.0,2,2,1098,2329 POMEROY RD SE,Washington,District of Columbia,54812,4601.9,District of Columbia,70334.0,38.86234,-76.97446,3,7,19,2,26977
26761,20009,1200000.0,3,3,1480,1829 KALORAMA RD NW # 2,Washington,District of Columbia,51288,15023.9,District of Columbia,179185.0,38.91986,-77.03749,9,7,19,2,26006
131,20001,650000.0,2,2,914,1106 5TH ST NW APT 2,Washington,District of Columbia,45551,8590.7,District of Columbia,165650.0,38.91002,-77.018,5,7,19,2,123
27727,20018,450000.0,6,5,3400,2804 CHANNING ST NE,Washington,District of Columbia,20084,2569.3,District of Columbia,117238.0,38.92596,-76.97281,3,7,19,2,26946
34194,20032,50000.0,1,1,621,20 CHESAPEAKE ST SE APT 38,Washington,District of Columbia,40716,2995.8,District of Columbia,73852.0,38.83142,-77.01514,0,7,19,2,33177
18269,20008,916000.0,2,3,1595,2642 1/2 WOODLEY PL NW # 2642 1/2,Washington,District of Columbia,30461,3807.2,District of Columbia,193521.0,38.93539,-77.05935,7,7,19,2,17690
34190,20019,125000.0,2,1,810,5077 JUST ST NE,Washington,District of Columbia,64031,4029.0,District of Columbia,76897.0,38.89214,-76.94195,0,7,19,2,33173
27759,20020,499900.0,4,3,2160,3140 15TH PL SE,Washington,District of Columbia,54812,4601.9,District of Columbia,70334.0,38.86234,-76.97446,3,7,19,2,26978
18283,20011,925000.0,3,4,2200,424 MISSOURI AVE NW # A,Washington,District of Columbia,67386,4851.3,District of Columbia,137295.0,38.95295,-77.02323,7,7,19,2,17704
136,20002,675000.0,3,3,1863,1806 M ST NE,Washington,District of Columbia,68201,5126.3,District of Columbia,147338.0,38.90511,-76.98431,5,7,19,2,128
26778,20037,1249000.0,2,3,1241,2501 M ST NW UNIT 720,Washington,District of Columbia,13037,6875.3,District of Columbia,137114.0,38.89213,-77.0535,9,7,19,2,26023
5141,20003,585000.0,2,2,1058,1345 K ST SE UNIT T01,Washington,District of Columbia,34535,5867.2,District of Columbia,191871.0,38.88193,-76.99033,4,7,19,2,4937
27769,20024,450000.0,2,1,700,650 WHARF ST SW # Z14,Washington,District of Columbia,14525,2556.4,District of Columbia,129167.0,38.87517,-77.0295,3,7,19,2,26988
5219,20037,624900.0,1,1,929,1511 22ND ST NW APT 31,Washington,District of Columbia,13037,6875.3,District of Columbia,137114.0,38.89213,-77.0535,4,7,19,2,5015
5113,20001,565000.0,1,1,770,460 NEW YORK AVE NW UNIT 703,Washington,District of Columbia,45551,8590.7,District of Columbia,165650.0,38.91002,-77.018,4,7,19,2,4909
5164,20010,635000.0,2,2,1020,1344 MONROE ST NW UNIT A,Washington,District of Columbia,33656,13060.3,District of Columbia,150699.0,38.93255,-77.03128,4,7,19,2,4960
18230,20001,900000.0,3,3,2053,755 COLUMBIA RD NW UNIT 2,Washington,District of Columbia,45551,8590.7,District of Columbia,165650.0,38.91002,-77.018,7,7,19,2,17651
9116,20010,340000.0,2,1,702,1495 NEWTON ST NW APT 303,Washington,District of Columbia,33656,13060.3,District of Columbia,150699.0,38.93255,-77.03128,2,7,19,2,8798
3408,20018,785000.0,3,4,2249,2624 BRENTWOOD RD NE,Washington,District of Columbia,20084,2569.3,District of Columbia,117238.0,38.92596,-76.97281,6,7,19,2,3265
19893,20019,160000.0,1,1,685,4272 E CAPITOL ST NE APT 201,Washington,District of Columbia,64031,4029.0,District of Columbia,76897.0,38.89214,-76.94195,1,7,19,2,19264
9111,20010,379000.0,1,1,638,1390 KENYON ST NW APT 419,Washington,District of Columbia,33656,13060.3,District of Columbia,150699.0,38.93255,-77.03128,2,7,19,2,8793
9114,20010,315000.0,1,1,505,1708 NEWTON ST NW APT 101,Washington,District of Columbia,33656,13060.3,District of Columbia,150699.0,38.93255,-77.03128,2,7,19,2,8796
9156,20024,359555.0,1,1,600,800 4TH ST SW APT S613,Washington,District of Columbia,14525,2556.4,District of Columbia,129167.0,38.87517,-77.0295,2,7,19,2,8838
36385,20002,1374999.0,4,4,2150,1130 MARYLAND AVE NE # 1,Washington,District of Columbia,68201,5126.3,District of Columbia,147338.0,38.90511,-76.98431,10,7,19,2,35345
5107,20001,549900.0,2,2,1005,809 6TH ST NW APT 14,Washington,District of Columbia,45551,8590.7,District of Columbia,165650.0,38.91002,-77.018,4,7,19,2,4903
169,20009,750000.0,2,2,1022,1615 NEW HAMPSHIRE AVE NW # 42,Washington,District of Columbia,51288,15023.9,District of Columbia,179185.0,38.91986,-77.03749,5,7,19,2,161
5152,20009,585900.0,2,2,837,2028 16TH ST NW APT 2,Washington,District of Columbia,51288,15023.9,District of Columbia,179185.0,38.91986,-77.03749,4,7,19,2,4948
156,20003,699000.0,2,2,1020,1243 K ST SE,Washington,District of Columbia,34535,5867.2,District of Columbia,191871.0,38.88193,-76.99033,5,7,19,2,148
3395,20010,849900.0,4,2,1934,1354 OTIS PL NW,Washington,District of Columbia,33656,13060.3,District of Columbia,150699.0,38.93255,-77.03128,6,7,19,2,3252
9082,20002,299900.0,1,1,521,1910 BENNING RD NE # 101,Washington,District of Columbia,68201,5126.3,District of Columbia,147338.0,38.90511,-76.98431,2,7,19,2,8764
36393,20010,1325000.0,3,4,2200,1329 IRVING ST NW # CONDO-1,Washington,District of Columbia,33656,13060.3,District of Columbia,150699.0,38.93255,-77.03128,10,7,19,2,35353
5163,20010,550000.0,3,2,1862,731 OTIS PL NW,Washington,District of Columbia,33656,13060.3,District of Columbia,150699.0,38.93255,-77.03128,4,7,19,2,4959
2743,20037,1050000.0,2,2,1126,2600 PENNSYLVANIA AVE NW # 502,Washington,District of Columbia,13037,6875.3,District of Columbia,137114.0,38.89213,-77.0535,8,7,19,2,2631
27781,20037,450000.0,1,1,635,2301 N ST NW APT 207,Washington,District of Columbia,13037,6875.3,District of Columbia,137114.0,38.89213,-77.0535,3,7,19,2,27000
5143,20005,515000.0,1,1,762,1312 MASSACHUSETTS AVE NW APT 707,Washington,District of Columbia,13444,11974.2,District of Columbia,157958.0,38.90443,-77.0316,4,7,19,2,4939
27653,20003,440000.0,1,1,632,1391 PENNSYLVANIA AVE SE UNIT 310,Washington,District of Columbia,34535,5867.2,District of Columbia,191871.0,38.88193,-76.99033,3,7,19,2,26872
5155,20009,565000.0,2,1,735,1615 Q ST NW APT 203,Washington,District of Columbia,51288,15023.9,District of Columbia,179185.0,38.91986,-77.03749,4,7,19,2,4951
5129,20002,569000.0,2,2,900,904 H ST NE # 2,Washington,District of Columbia,68201,5126.3,District of Columbia,147338.0,38.90511,-76.98431,4,7,19,2,4925
27655,20003,415000.0,1,1,725,1000 NEW JERSEY AVE SE APT 921,Washington,District of Columbia,34535,5867.2,District of Columbia,191871.0,38.88193,-76.99033,3,7,19,2,26874
3413,20020,799000.0,4,3,1421,2321 HIGH ST SE,Washington,District of Columbia,54812,4601.9,District of Columbia,70334.0,38.86234,-76.97446,6,7,19,2,3270
5142,20005,599000.0,1,2,802,1515 15TH ST NW APT 420,Washington,District of Columbia,13444,11974.2,District of Columbia,157958.0,38.90443,-77.0316,4,7,19,2,4938
26747,20001,1250000.0,5,4,2512,140 S ST NW,Washington,District of Columbia,45551,8590.7,District of Columbia,165650.0,38.91002,-77.018,9,7,19,2,25992
155,20003,639000.0,2,2,932,401 15TH ST SE APT 402,Washington,District of Columbia,34535,5867.2,District of Columbia,191871.0,38.88193,-76.99033,5,7,19,2,147
2728,20009,1029900.0,2,2,1343,1700 EUCLID ST NW UNIT B6,Washington,District of Columbia,51288,15023.9,District of Columbia,179185.0,38.91986,-77.03749,8,7,19,2,2616
3405,20012,850000.0,4,2,2858,615 UNDERWOOD ST NW,Washington,District of Columbia,17526,3280.5,District of Columbia,148264.0,38.97863,-77.03076,6,7,19,2,3262
3398,20011,849900.0,4,4,2085,5512 7TH ST NW,Washington,District of Columbia,67386,4851.3,District of Columbia,137295.0,38.95295,-77.02323,6,7,19,2,3255
26754,20003,1250000.0,3,2,1917,405 11TH ST SE,Washington,District of Columbia,34535,5867.2,District of Columbia,191871.0,38.88193,-76.99033,9,7,19,2,25999
5182,20016,509000.0,1,1,743,4101 ALBEMARLE ST NW APT 525,Washington,District of Columbia,34422,2999.2,District of Columbia,268683.0,38.93822,-77.09139,4,7,19,2,4978
9133,20019,314900.0,3,2,1292,15 54TH ST SE,Washington,District of Columbia,64031,4029.0,District of Columbia,76897.0,38.89214,-76.94195,2,7,19,2,8815
5221,20037,614900.0,1,1,675,2525 PENNSYLVANIA AVE NW # 402,Washington,District of Columbia,13037,6875.3,District of Columbia,137114.0,38.89213,-77.0535,4,7,19,2,5017
36384,20001,1380000.0,4,4,2465,1134 10TH ST NW,Washington,District of Columbia,45551,8590.7,District of Columbia,165650.0,38.91002,-77.018,10,7,19,2,35344
9124,20016,290000.0,1,1,802,4200 CATHEDRAL AVE NW APT 509,Washington,District of Columbia,34422,2999.2,District of Columbia,268683.0,38.93822,-77.09139,2,7,19,2,8806
19898,20020,150000.0,2,1,795,2850 HARTFORD ST SE APT 102,Washington,District of Columbia,54812,4601.9,District of Columbia,70334.0,38.86234,-76.97446,1,7,19,2,19269
9136,20019,275000.0,2,1,756,4445 NANNIE HELEN BURROUGHS AVE NE # 301,Washington,District of Columbia,64031,4029.0,District of Columbia,76897.0,38.89214,-76.94195,2,7,19,2,8818
9150,20024,359900.0,1,1,670,1250 4TH ST SW # W607,Washington,District of Columbia,14525,2556.4,District of Columbia,129167.0,38.87517,-77.0295,2,7,19,2,8832
5187,20018,550000.0,2,2,769,1009 RHODE ISLAND AVE NE UNIT 5,Washington,District of Columbia,20084,2569.3,District of Columbia,117238.0,38.92596,-76.97281,4,7,19,2,4983
26768,20011,1150000.0,4,4,2246,1341 HAMILTON ST NW,Washington,District of Columbia,67386,4851.3,District of Columbia,137295.0,38.95295,-77.02323,9,7,19,2,26013
2740,20024,1100000.0,3,3,2051,811 G ST SW,Washington,District of Columbia,14525,2556.4,District of Columbia,129167.0,38.87517,-77.0295,8,7,19,2,2628
27754,20020,450000.0,4,2,1484,1339 28TH ST SE,Washington,District of Columbia,54812,4601.9,District of Columbia,70334.0,38.86234,-76.97446,3,7,19,2,26973
2721,20003,1020000.0,2,3,2018,522 13TH ST SE # B,Washington,District of Columbia,34535,5867.2,District of Columbia,191871.0,38.88193,-76.99033,8,7,19,2,2609
27770,20024,450000.0,2,1,700,650 WHARF ST SW # X52,Washington,District of Columbia,14525,2556.4,District of Columbia,129167.0,38.87517,-77.0295,3,7,19,2,26989
9112,20010,287900.0,1,1,600,1457 PARK RD NW APT 208,Washington,District of Columbia,33656,13060.3,District of Columbia,150699.0,38.93255,-77.03128,2,7,19,2,8794
27664,20008,499000.0,1,1,933,3100 CONNECTICUT AVE NW APT 341,Washington,District of Columbia,30461,3807.2,District of Columbia,193521.0,38.93539,-77.05935,3,7,19,2,26883
3354,20002,775000.0,4,3,1586,1169 NEAL ST NE # 1,Washington,District of Columbia,68201,5126.3,District of Columbia,147338.0,38.90511,-76.98431,6,7,19,2,3211
27638,20002,449972.0,2,2,732,209 20TH ST NE # 101,Washington,District of Columbia,68201,5126.3,District of Columbia,147338.0,38.90511,-76.98431,3,7,19,2,26857
5176,20012,599950.0,3,2,1278,6618 BLAIR RD NW,Washington,District of Columbia,17526,3280.5,District of Columbia,148264.0,38.97863,-77.03076,4,7,19,2,4972
5122,20002,565000.0,2,1,786,911 2ND ST NE UNIT 104,Washington,District of Columbia,68201,5126.3,District of Columbia,147338.0,38.90511,-76.98431,4,7,19,2,4918
26755,20003,1175000.0,4,4,1920,1738 D ST SE,Washington,District of Columbia,34535,5867.2,District of Columbia,191871.0,38.88193,-76.99033,9,7,19,2,26000
5195,20019,625000.0,4,4,2211,4815 MEADE ST NE,Washington,District of Columbia,64031,4029.0,District of Columbia,76897.0,38.89214,-76.94195,4,7,19,2,4991
36398,20015,1280000.0,4,2,1973,3809 INGOMAR ST NW,Washington,District of Columbia,15677,1741.5,District of Columbia,299348.0,38.96661,-77.05837,10,7,19,2,35358
149,20002,649900.0,3,3,1492,1413 STAPLES ST NE APT 1,Washington,District of Columbia,68201,5126.3,District of Columbia,147338.0,38.90511,-76.98431,5,7,19,2,141
187,20011,699900.0,3,3,1568,426 RANDOLPH ST NW # 1,Washington,District of Columbia,67386,4851.3,District of Columbia,137295.0,38.95295,-77.02323,5,7,19,2,179
2733,20011,1050000.0,4,4,1935,509 QUINCY ST NW,Washington,District of Columbia,67386,4851.3,District of Columbia,137295.0,38.95295,-77.02323,8,7,19,2,2621
199,20017,695000.0,3,2,1667,4820 S DAKOTA AVE NE,Washington,District of Columbia,20221,3514.2,District of Columbia,128320.0,38.93813,-76.99294,5,7,19,2,191
5110,20001,515000.0,1,1,755,910 M ST NW APT 906,Washington,District of Columbia,45551,8590.7,District of Columbia,165650.0,38.91002,-77.018,4,7,19,2,4906
27768,20024,460000.0,1,1,930,300 M ST SW # N600,Washington,District of Columbia,14525,2556.4,District of Columbia,129167.0,38.87517,-77.0295,3,7,19,2,26987
3392,20010,825000.0,2,2,1019,1682 IRVING ST NW APT 3,Washington,District of Columbia,33656,13060.3,District of Columbia,150699.0,38.93255,-77.03128,6,7,19,2,3249
19902,20020,185000.0,2,1,733,2109 FORT DAVIS ST SE APT 101,Washington,District of Columbia,54812,4601.9,District of Columbia,70334.0,38.86234,-76.97446,1,7,19,2,19273
27710,20017,420000.0,4,4,2414,4326 VARNUM PL NE,Washington,District of Columbia,20221,3514.2,District of Columbia,128320.0,38.93813,-76.99294,3,7,19,2,26929
218,20037,725000.0,1,1,750,1111 24TH ST NW UNIT 58,Washington,District of Columbia,13037,6875.3,District of Columbia,137114.0,38.89213,-77.0535,5,7,19,2,210
26775,20018,1200000.0,5,4,2771,1252 EVARTS ST NE,Washington,District of Columbia,20084,2569.3,District of Columbia,117238.0,38.92596,-76.97281,9,7,19,2,26020
27735,20019,465000.0,3,2,1008,5030 BENNING RD SE,Washington,District of Columbia,64031,4029.0,District of Columbia,76897.0,38.89214,-76.94195,3,7,19,2,26954
27639,20002,399900.0,1,1,847,820 18TH ST NE UNIT 304,Washington,District of Columbia,68201,5126.3,District of Columbia,147338.0,38.90511,-76.98431,3,7,19,2,26858
27704,20012,439900.0,1,1,602,7175 12TH ST NW # 308,Washington,District of Columbia,17526,3280.5,District of Columbia,148264.0,38.97863,-77.03076,3,7,19,2,26923
27774,20032,415000.0,4,2,2321,771 WHEELER HILL DR SE,Washington,District of Columbia,40716,2995.8,District of Columbia,73852.0,38.83142,-77.01514,3,7,19,2,26993
2720,20002,1095000.0,4,4,2120,120 V ST NE,Washington,District of Columbia,68201,5126.3,District of Columbia,147338.0,38.90511,-76.98431,8,7,19,2,2608
18295,20037,950000.0,1,2,1350,2510 VIRGINIA AVE NW # 1201-N,Washington,District of Columbia,13037,6875.3,District of Columbia,137114.0,38.89213,-77.0535,7,7,19,2,17716
27684,20010,489000.0,2,1,641,3619 GEORGIA AVE NW # 43,Washington,District of Columbia,33656,13060.3,District of Columbia,150699.0,38.93255,-77.03128,3,7,19,2,26903
27745,20019,435000.0,2,2,1216,513 45TH ST NE,Washington,District of Columbia,64031,4029.0,District of Columbia,76897.0,38.89214,-76.94195,3,7,19,2,26964
27716,20017,430000.0,2,2,870,711 IRVING ST NE APT 1,Washington,District of Columbia,20221,3514.2,District of Columbia,128320.0,38.93813,-76.99294,3,7,19,2,26935
5121,20001,524900.0,2,2,765,18 O ST NW # 18-B,Washington,District of Columbia,45551,8590.7,District of Columbia,165650.0,38.91002,-77.018,4,7,19,2,4917
2737,20011,1045000.0,4,4,2180,247 ROCK CREEK CHURCH RD NW,Washington,District of Columbia,67386,4851.3,District of Columbia,137295.0,38.95295,-77.02323,8,7,19,2,2625
126,20001,650000.0,1,2,1364,400 MASSACHUSETTS AVE NW APT 508,Washington,District of Columbia,45551,8590.7,District of Columbia,165650.0,38.91002,-77.018,5,7,19,2,118
18273,20010,1000000.0,3,3,2430,3601 10TH ST NW,Washington,District of Columbia,33656,13060.3,District of Columbia,150699.0,38.93255,-77.03128,7,7,19,2,17694
184,20011,724900.0,2,3,1195,3934 14TH ST NW # 404,Washington,District of Columbia,67386,4851.3,District of Columbia,137295.0,38.95295,-77.02323,5,7,19,2,176
9132,20019,375000.0,3,2,1600,48 53RD PL SE,Washington,District of Columbia,64031,4029.0,District of Columbia,76897.0,38.89214,-76.94195,2,7,19,2,8814
9087,20002,325000.0,2,2,708,1229 18TH ST NE # 201,Washington,District of Columbia,68201,5126.3,District of Columbia,147338.0,38.90511,-76.98431,2,7,19,2,8769
5108,20001,550000.0,2,2,1417,753 COLUMBIA RD NW UNIT 1,Washington,District of Columbia,45551,8590.7,District of Columbia,165650.0,38.91002,-77.018,4,7,19,2,4904
18294,20024,899900.0,5,2,1740,1219 CARROLLSBURG PL SW,Washington,District of Columbia,14525,2556.4,District of Columbia,129167.0,38.87517,-77.0295,7,7,19,2,17715
27668,20008,449000.0,2,1,855,2716 ORDWAY ST NW APT 4,Washington,District of Columbia,30461,3807.2,District of Columbia,193521.0,38.93539,-77.05935,3,7,19,2,26887
19888,20009,249900.0,1,1,580,1415 GIRARD ST NW APT 205,Washington,District of Columbia,51288,15023.9,District of Columbia,179185.0,38.91986,-77.03749,1,7,19,2,19259
2719,20002,1085000.0,4,4,1938,1607 D ST NE,Washington,District of Columbia,68201,5126.3,District of Columbia,147338.0,38.90511,-76.98431,8,7,19,2,2607
9139,20019,357000.0,3,2,1344,4561 C ST SE,Washington,District of Columbia,64031,4029.0,District of Columbia,76897.0,38.89214,-76.94195,2,7,19,2,8821
3410,20020,789000.0,4,3,2031,3000 NASH PL SE,Washington,District of Columbia,54812,4601.9,District of Columbia,70334.0,38.86234,-76.97446,6,7,19,2,3267
5161,20010,574900.0,3,1,1080,3323 SHERMAN AVE NW,Washington,District of Columbia,33656,13060.3,District of Columbia,150699.0,38.93255,-77.03128,4,7,19,2,4957
27701,20011,460000.0,3,2,1443,408 INGRAHAM ST NW,Washington,District of Columbia,67386,4851.3,District of Columbia,137295.0,38.95295,-77.02323,3,7,19,2,26920
27682,20009,419000.0,1,1,613,2656 15TH ST NW APT 203,Washington,District of Columbia,51288,15023.9,District of Columbia,179185.0,38.91986,-77.03749,3,7,19,2,26901
18268,20007,975000.0,2,2,864,1035 CECIL PL NW,Washington,District of Columbia,24311,3037.9,District of Columbia,240888.0,38.91259,-77.07756,7,7,19,2,17689
27717,20017,450000.0,2,2,801,428 EVARTS ST NE APT 2,Washington,District of Columbia,20221,3514.2,District of Columbia,128320.0,38.93813,-76.99294,3,7,19,2,26936
5154,20009,595000.0,2,2,880,1348 EUCLID ST NW APT 204,Washington,District of Columbia,51288,15023.9,District of Columbia,179185.0,38.91986,-77.03749,4,7,19,2,4950
5202,20019,579999.0,5,3,2376,4709 JAY ST NE,Washington,District of Columbia,64031,4029.0,District of Columbia,76897.0,38.89214,-76.94195,4,7,19,2,4998
19905,20020,156000.0,1,1,520,1722 28TH ST SE APT 103,Washington,District of Columbia,54812,4601.9,District of Columbia,70334.0,38.86234,-76.97446,1,7,19,2,19276
27708,20016,399000.0,1,1,627,3401 38TH ST NW APT 220,Washington,District of Columbia,34422,2999.2,District of Columbia,268683.0,38.93822,-77.09139,3,7,19,2,26927
2723,20005,1045000.0,2,3,1417,1515 15TH ST NW APT 219,Washington,District of Columbia,13444,11974.2,District of Columbia,157958.0,38.90443,-77.0316,8,7,19,2,2611
3386,20009,824999.0,2,2,1078,2831 13TH ST NW # A,Washington,District of Columbia,51288,15023.9,District of Columbia,179185.0,38.91986,-77.03749,6,7,19,2,3243
5203,20019,550000.0,3,2,1920,5105 AYERS PL SE,Washington,District of Columbia,64031,4029.0,District of Columbia,76897.0,38.89214,-76.94195,4,7,19,2,4999
18231,20002,948000.0,3,3,1440,1171 ABBEY PL NE,Washington,District of Columbia,68201,5126.3,District of Columbia,147338.0,38.90511,-76.98431,7,7,19,2,17652
216,20032,699000.0,6,4,3450,231 VALLEY AVE SE,Washington,District of Columbia,40716,2995.8,District of Columbia,73852.0,38.83142,-77.01514,5,7,19,2,208
26772,20016,1150000.0,3,3,2057,4400 SPRINGDALE ST NW,Washington,District of Columbia,34422,2999.2,District of Columbia,268683.0,38.93822,-77.09139,9,7,19,2,26017
18296,20037,895000.0,2,2,1217,700 NEW HAMPSHIRE AVE NW # 807,Washington,District of Columbia,13037,6875.3,District of Columbia,137114.0,38.89213,-77.0535,7,7,19,2,17717
5158,20009,520000.0,1,2,710,1842 CALIFORNIA ST NW APT 3B,Washington,District of Columbia,51288,15023.9,District of Columbia,179185.0,38.91986,-77.03749,4,7,19,2,4954
27736,20019,399999.0,2,1,1275,4326 GAULT PL NE,Washington,District of Columbia,64031,4029.0,District of Columbia,76897.0,38.89214,-76.94195,3,7,19,2,26955
5119,20001,539900.0,2,2,921,809 6TH ST NW APT 55,Washington,District of Columbia,45551,8590.7,District of Columbia,165650.0,38.91002,-77.018,4,7,19,2,4915
27694,20011,419900.0,1,1,620,30 KENNEDY ST NW # 16,Washington,District of Columbia,67386,4851.3,District of Columbia,137295.0,38.95295,-77.02323,3,7,19,2,26913
18293,20024,950000.0,3,3,2240,609 6TH PL SW,Washington,District of Columbia,14525,2556.4,District of Columbia,129167.0,38.87517,-77.0295,7,7,19,2,17714
3383,20009,839000.0,2,2,1239,2435 ONTARIO RD NW APT 3,Washington,District of Columbia,51288,15023.9,District of Columbia,179185.0,38.91986,-77.03749,6,7,19,2,3240
19900,20020,159900.0,2,1,775,2838 HARTFORD ST SE APT 204,Washington,District of Columbia,54812,4601.9,District of Columbia,70334.0,38.86234,-76.97446,1,7,19,2,19271
9147,20020,340000.0,3,1,1100,1921 R ST SE,Washington,District of Columbia,54812,4601.9,District of Columbia,70334.0,38.86234,-76.97446,2,7,19,2,8829
3372,20003,824900.0,2,2,1264,1606 E ST SE,Washington,District of Columbia,34535,5867.2,District of Columbia,191871.0,38.88193,-76.99033,6,7,19,2,3229
9106,20009,339900.0,1,1,556,1415 CHAPIN ST NW APT 301,Washington,District of Columbia,51288,15023.9,District of Columbia,179185.0,38.91986,-77.03749,2,7,19,2,8788
18252,20002,899990.0,3,2,1561,1427 AMES PL NE,Washington,District of Columbia,68201,5126.3,District of Columbia,147338.0,38.90511,-76.98431,7,7,19,2,17673
5200,20019,598000.0,5,3,2388,6109 CLAY ST NE,Washington,District of Columbia,64031,4029.0,District of Columbia,76897.0,38.89214,-76.94195,4,7,19,2,4996
27649,20002,449900.0,2,2,1002,1102 STAPLES ST NE UNIT 2,Washington,District of Columbia,68201,5126.3,District of Columbia,147338.0,38.90511,-76.98431,3,7,19,2,26868
188,20011,695000.0,3,4,1140,5407 5TH ST NW,Washington,District of Columbia,67386,4851.3,District of Columbia,137295.0,38.95295,-77.02323,5,7,19,2,180
141,20002,685000.0,3,3,2179,1704 E ST NE APT 4,Washington,District of Columbia,68201,5126.3,District of Columbia,147338.0,38.90511,-76.98431,5,7,19,2,133
5117,20001,600000.0,2,2,867,811 4TH ST NW # 204,Washington,District of Columbia,45551,8590.7,District of Columbia,165650.0,38.91002,-77.018,4,7,19,2,4913
27763,20020,485000.0,3,3,1430,2507 BOWEN RD SE,Washington,District of Columbia,54812,4601.9,District of Columbia,70334.0,38.86234,-76.97446,3,7,19,2,26982
5190,20018,550000.0,5,2,2275,3705 24TH ST NE,Washington,District of Columbia,20084,2569.3,District of Columbia,117238.0,38.92596,-76.97281,4,7,19,2,4986
3407,20017,799900.0,3,3,1620,4485 JOSEPH PL NE # HOMESITE,Washington,District of Columbia,20221,3514.2,District of Columbia,128320.0,38.93813,-76.99294,6,7,19,2,3264
210,20020,749000.0,4,3,2352,3317 HIGHWOOD DR SE,Washington,District of Columbia,54812,4601.9,District of Columbia,70334.0,38.86234,-76.97446,5,7,19,2,202
2736,20011,1050000.0,5,4,2613,5910 1ST ST NE,Washington,District of Columbia,67386,4851.3,District of Columbia,137295.0,38.95295,-77.02323,8,7,19,2,2624
152,20003,650000.0,1,1,648,520 E ARCHIBALD WALK SE,Washington,District of Columbia,34535,5867.2,District of Columbia,191871.0,38.88193,-76.99033,5,7,19,2,144
27780,20037,489900.0,1,1,660,1318 22ND ST NW APT 304,Washington,District of Columbia,13037,6875.3,District of Columbia,137114.0,38.89213,-77.0535,3,7,19,2,26999
5174,20011,610000.0,4,3,1500,4116 13TH ST NW,Washington,District of Columbia,67386,4851.3,District of Columbia,137295.0,38.95295,-77.02323,4,7,19,2,4970
5213,20032,599461.0,3,3,1500,906 HEIGHTS ALY SE LOT 893,Washington,District of Columbia,40716,2995.8,District of Columbia,73852.0,38.83142,-77.01514,4,7,19,2,5009
27760,20020,425000.0,2,2,1532,2116 16TH ST SE,Washington,District of Columbia,54812,4601.9,District of Columbia,70334.0,38.86234,-76.97446,3,7,19,2,26979
27767,20024,449000.0,1,1,916,700 7TH ST SW APT 809,Washington,District of Columbia,14525,2556.4,District of Columbia,129167.0,38.87517,-77.0295,3,7,19,2,26986
34186,20007,8000.0,4,3,3296,4725 MACARTHUR BLVD NW,Washington,District of Columbia,24311,3037.9,District of Columbia,240888.0,38.91259,-77.07756,0,7,19,2,33169
36399,20016,1300000.0,2,3,1830,4200 MASSACHUSETTS AVE NW APT 1009,Washington,District of Columbia,34422,2999.2,District of Columbia,268683.0,38.93822,-77.09139,10,7,19,2,35359
18224,20001,900000.0,4,3,1802,1841 9TH ST NW,Washington,District of Columbia,45551,8590.7,District of Columbia,165650.0,38.91002,-77.018,7,7,19,2,17645
9097,20007,274500.0,1,1,463,4840 MACARTHUR BLVD NW APT 606,Washington,District of Columbia,24311,3037.9,District of Columbia,240888.0,38.91259,-77.07756,2,7,19,2,8779
2711,20001,1099900.0,4,4,2220,1934 3RD ST NW,Washington,District of Columbia,45551,8590.7,District of Columbia,165650.0,38.91002,-77.018,8,7,19,2,2599
127,20001,695000.0,2,2,1193,440 R ST NW # 003,Washington,District of Columbia,45551,8590.7,District of Columbia,165650.0,38.91002,-77.018,5,7,19,2,119
3360,20002,835000.0,2,2,1203,410 5TH ST NE UNIT 16,Washington,District of Columbia,68201,5126.3,District of Columbia,147338.0,38.90511,-76.98431,6,7,19,2,3217
27637,20002,450000.0,1,1,504,11 15TH ST NE APT 3,Washington,District of Columbia,68201,5126.3,District of Columbia,147338.0,38.90511,-76.98431,3,7,19,2,26856
27659,20005,489000.0,2,2,917,1239 VERMONT AVE NW APT 508,Washington,District of Columbia,13444,11974.2,District of Columbia,157958.0,38.90443,-77.0316,3,7,19,2,26878
3361,20002,799950.0,3,4,1860,1124 MORSE ST NE UNIT 1,Washington,District of Columbia,68201,5126.3,District of Columbia,147338.0,38.90511,-76.98431,6,7,19,2,3218
19904,20020,214900.0,2,1,810,2333 16TH ST SE APT 204,Washington,District of Columbia,54812,4601.9,District of Columbia,70334.0,38.86234,-76.97446,1,7,19,2,19275
3365,20002,825000.0,3,2,1778,1306 F ST NE,Washington,District of Columbia,68201,5126.3,District of Columbia,147338.0,38.90511,-76.98431,6,7,19,2,3222
214,20024,649000.0,2,2,1244,1435 4TH ST SW APT B205,Washington,District of Columbia,14525,2556.4,District of Columbia,129167.0,38.87517,-77.0295,5,7,19,2,206
192,20011,755000.0,4,2,2596,1320 INGRAHAM ST NW,Washington,District of Columbia,67386,4851.3,District of Columbia,137295.0,38.95295,-77.02323,5,7,19,2,184
175,20010,725000.0,3,4,1725,702 OTIS PL NW # A,Washington,District of Columbia,33656,13060.3,District of Columbia,150699.0,38.93255,-77.03128,5,7,19,2,167
205,20018,689999.0,3,4,2236,3233 THEODORE R HAGANS DR NE,Washington,District of Columbia,20084,2569.3,District of Columbia,117238.0,38.92596,-76.97281,5,7,19,2,197
185,20011,750000.0,4,4,1890,5107 NEW HAMPSHIRE AVE NW,Washington,District of Columbia,67386,4851.3,District of Columbia,137295.0,38.95295,-77.02323,5,7,19,2,177
27755,20020,415000.0,2,2,1340,3456 21ST ST SE,Washington,District of Columbia,54812,4601.9,District of Columbia,70334.0,38.86234,-76.97446,3,7,19,2,26974
18290,20016,935000.0,3,3,1628,3297 SUTTON PL NW APT D,Washington,District of Columbia,34422,2999.2,District of Columbia,268683.0,38.93822,-77.09139,7,7,19,2,17711
