Unnamed: 0,Zip Code,Price,Beds,Baths,Living Space,Address,City,State,Zip Code Population,Zip Code Density,County,Median Household Income,Latitude,Longitude,price_label,county_num,city_num,state_num,address_num
5319,23457,569900.0,4,3,2274,5345 BLACKWATER RD,Virginia Beach,Virginia,4689,26.7,Virginia Beach,117598.0,36.61686,-76.01576,4,9,22,4,5115
20252,23462,199000.0,3,2,1400,5803 W HASTINGS CT,Virginia Beach,Virginia,66949,2343.8,Virginia Beach,82642.0,36.8366,-76.15105,1,9,22,4,19623
9619,23462,375000.0,4,2,1652,249 LOWTHER DR,Virginia Beach,Virginia,66949,2343.8,Virginia Beach,82642.0,36.8366,-76.15105,2,9,22,4,9299
9519,23455,299900.0,3,2,1306,849 RODIN LN,Virginia Beach,Virginia,49826,1267.6,Virginia Beach,108310.0,36.88974,-76.1441,2,9,22,4,9200
9592,23462,347500.0,3,3,1900,3513 DAVIES CT,Virginia Beach,Virginia,66949,2343.8,Virginia Beach,82642.0,36.8366,-76.15105,2,9,22,4,9272
9425,23452,314900.0,4,2,1429,216 CASSADY AVE,Virginia Beach,Virginia,56854,1451.3,Virginia Beach,110980.0,36.84604,-76.09197,2,9,22,4,9106
5299,23456,540000.0,4,3,2584,2532 PINTO DR,Virginia Beach,Virginia,60158,463.3,Virginia Beach,150363.0,36.73435,-76.03492,4,9,22,4,5095
5254,23451,519000.0,3,3,1656,3205 PAGE AVE # A,Virginia Beach,Virginia,43885,857.2,Virginia Beach,136673.0,36.87175,-76.00689,4,9,22,4,5050
9651,23464,375000.0,4,2,1942,1405 WHITE MARSH CT,Virginia Beach,Virginia,77139,1786.9,Virginia Beach,108999.0,36.79732,-76.17899,2,9,22,4,9331
5286,23455,560000.0,3,4,2678,5436 SEASON LN,Virginia Beach,Virginia,49826,1267.6,Virginia Beach,108310.0,36.88974,-76.1441,4,9,22,4,5082
9641,23464,365000.0,3,2,1757,5000 JOHN SMITH CT,Virginia Beach,Virginia,77139,1786.9,Virginia Beach,108999.0,36.79732,-76.17899,2,9,22,4,9321
27936,23454,428500.0,3,2,1596,1512 SELDEN ST,Virginia Beach,Virginia,57942,994.7,Virginia Beach,119364.0,36.83216,-76.02616,3,9,22,4,27155
5256,23451,545000.0,2,2,1245,4004 ATLANTIC AVE APT 1806,Virginia Beach,Virginia,43885,857.2,Virginia Beach,136673.0,36.87175,-76.00689,4,9,22,4,5052
9543,23456,357715.0,2,2,1316,1732 DROMOLIN DR STE 102,Virginia Beach,Virginia,60158,463.3,Virginia Beach,150363.0,36.73435,-76.03492,2,9,22,4,9223
28049,23464,499999.0,4,3,2769,917 DUNHILL DR,Virginia Beach,Virginia,77139,1786.9,Virginia Beach,108999.0,36.79732,-76.17899,3,9,22,4,27267
5305,23456,543200.0,3,2,2567,2816 EINSTEIN DR,Virginia Beach,Virginia,60158,463.3,Virginia Beach,150363.0,36.73435,-76.03492,4,9,22,4,5101
9526,23455,330000.0,3,2,1300,4717 HOLLADAY RD,Virginia Beach,Virginia,49826,1267.6,Virginia Beach,108310.0,36.88974,-76.1441,2,9,22,4,9206
20263,23464,250000.0,4,3,2418,5912 COLD HARBOR CT,Virginia Beach,Virginia,77139,1786.9,Virginia Beach,108999.0,36.79732,-76.17899,1,9,22,4,19634
20230,23462,227000.0,3,2,1396,5610 DODINGTON CT,Virginia Beach,Virginia,66949,2343.8,Virginia Beach,82642.0,36.8366,-76.15105,1,9,22,4,19601
9591,23462,260000.0,4,3,1476,5936 W HASTINGS ARCH,Virginia Beach,Virginia,66949,2343.8,Virginia Beach,82642.0,36.8366,-76.15105,2,9,22,4,9271
263,23455,679000.0,4,4,2151,2332 PLEASURE HOUSE RD # A,Virginia Beach,Virginia,49826,1267.6,Virginia Beach,108310.0,36.88974,-76.1441,5,9,22,4,255
9444,23452,369900.0,4,2,1700,3229 BOW CREEK BLVD,Virginia Beach,Virginia,56854,1451.3,Virginia Beach,110980.0,36.84604,-76.09197,2,9,22,4,9125
9476,23454,259000.0,2,3,1338,482 FALLING LN,Virginia Beach,Virginia,57942,994.7,Virginia Beach,119364.0,36.83216,-76.02616,2,9,22,4,9157
9590,23462,260000.0,3,2,1310,5948 BUCKMINISTER LN,Virginia Beach,Virginia,66949,2343.8,Virginia Beach,82642.0,36.8366,-76.15105,2,9,22,4,9270
20176,23451,250000.0,1,1,713,1440 GANNET RUN,Virginia Beach,Virginia,43885,857.2,Virginia Beach,136673.0,36.87175,-76.00689,1,9,22,4,19547
5300,23456,601469.0,4,4,2891,2404 DUNNING ARCH,Virginia Beach,Virginia,60158,463.3,Virginia Beach,150363.0,36.73435,-76.03492,4,9,22,4,5096
3435,23452,825000.0,5,4,3668,3433 MIDDLE PLANTATION QUAY,Virginia Beach,Virginia,56854,1451.3,Virginia Beach,110980.0,36.84604,-76.09197,6,9,22,4,3292
9627,23462,330000.0,3,2,1500,513 CARNATION AVE,Virginia Beach,Virginia,66949,2343.8,Virginia Beach,82642.0,36.8366,-76.15105,2,9,22,4,9307
28012,23462,419000.0,3,3,2174,5301 THORNBURY LN,Virginia Beach,Virginia,66949,2343.8,Virginia Beach,82642.0,36.8366,-76.15105,3,9,22,4,27231
18310,23451,899000.0,5,3,2100,319 34TH ST,Virginia Beach,Virginia,43885,857.2,Virginia Beach,136673.0,36.87175,-76.00689,7,9,22,4,17731
9411,23452,348000.0,4,2,1710,608 FORRESTER CT,Virginia Beach,Virginia,56854,1451.3,Virginia Beach,110980.0,36.84604,-76.09197,2,9,22,4,9092
264,23455,749000.0,4,3,2890,1716 LAMBS CREEK LN,Virginia Beach,Virginia,49826,1267.6,Virginia Beach,108310.0,36.88974,-76.1441,5,9,22,4,256
27868,23451,409900.0,2,2,1100,1464 GOOSE LNDG,Virginia Beach,Virginia,43885,857.2,Virginia Beach,136673.0,36.87175,-76.00689,3,9,22,4,27087
9413,23452,339900.0,4,3,1480,405 KINGSWOOD PL,Virginia Beach,Virginia,56854,1451.3,Virginia Beach,110980.0,36.84604,-76.09197,2,9,22,4,9094
18324,23456,899900.0,3,2,1599,3700 SANDPIPER RD APT 104,Virginia Beach,Virginia,60158,463.3,Virginia Beach,150363.0,36.73435,-76.03492,7,9,22,4,17745
28052,23464,435000.0,4,2,1791,5817 AVALON WOODS DR,Virginia Beach,Virginia,77139,1786.9,Virginia Beach,108999.0,36.79732,-76.17899,3,9,22,4,27270
5324,23462,610000.0,4,3,3035,5217 OVERLAND CT,Virginia Beach,Virginia,66949,2343.8,Virginia Beach,82642.0,36.8366,-76.15105,4,9,22,4,5120
27938,23454,383999.0,3,4,1800,1537 OCEAN GARDEN ST,Virginia Beach,Virginia,57942,994.7,Virginia Beach,119364.0,36.83216,-76.02616,3,9,22,4,27157
20262,23464,170000.0,2,1,977,1415 OLIVEWOOD CT,Virginia Beach,Virginia,77139,1786.9,Virginia Beach,108999.0,36.79732,-76.17899,1,9,22,4,19633
5275,23454,525000.0,5,3,2109,2205 TRANT LAKE DR,Virginia Beach,Virginia,57942,994.7,Virginia Beach,119364.0,36.83216,-76.02616,4,9,22,4,5071
248,23452,719500.0,5,3,3370,924 SALISBURY GRN,Virginia Beach,Virginia,56854,1451.3,Virginia Beach,110980.0,36.84604,-76.09197,5,9,22,4,240
26795,23456,1175000.0,4,2,1810,3652 SANDPIPER RD,Virginia Beach,Virginia,60158,463.3,Virginia Beach,150363.0,36.73435,-76.03492,9,9,22,4,26040
5320,23457,599900.0,4,3,3121,2044 MUNDEN POINT RD,Virginia Beach,Virginia,4689,26.7,Virginia Beach,117598.0,36.61686,-76.01576,4,9,22,4,5116
9532,23456,344900.0,3,2,1909,2809 MORNING MIST CT,Virginia Beach,Virginia,60158,463.3,Virginia Beach,150363.0,36.73435,-76.03492,2,9,22,4,9212
9587,23462,264900.0,3,3,1424,4552 MARLWOOD WAY,Virginia Beach,Virginia,66949,2343.8,Virginia Beach,82642.0,36.8366,-76.15105,2,9,22,4,9267
20236,23462,164900.0,2,1,866,514 PILLAR CT,Virginia Beach,Virginia,66949,2343.8,Virginia Beach,82642.0,36.8366,-76.15105,1,9,22,4,19607
9469,23453,329900.0,4,3,1834,3401 DANDELION CRES,Virginia Beach,Virginia,35199,1489.4,Virginia Beach,95447.0,36.785,-76.07679,2,9,22,4,9150
5313,23456,614900.0,5,3,3057,724 BLOSSOM CIR,Virginia Beach,Virginia,60158,463.3,Virginia Beach,150363.0,36.73435,-76.03492,4,9,22,4,5109
27906,23452,410000.0,3,3,1800,3713 BEACON LN,Virginia Beach,Virginia,56854,1451.3,Virginia Beach,110980.0,36.84604,-76.09197,3,9,22,4,27125
18339,23456,975000.0,6,5,4445,3044 HERON RIDGE DR,Virginia Beach,Virginia,60158,463.3,Virginia Beach,150363.0,36.73435,-76.03492,7,9,22,4,17760
5273,23454,584900.0,3,2,2000,2113 SAINT MARSHALL DR,Virginia Beach,Virginia,57942,994.7,Virginia Beach,119364.0,36.83216,-76.02616,4,9,22,4,5069
2751,23454,1075000.0,4,3,3562,1720 LOVETTS POND LN,Virginia Beach,Virginia,57942,994.7,Virginia Beach,119364.0,36.83216,-76.02616,8,9,22,4,2639
9567,23457,300000.0,1,1,800,3241 OLD CAROLINA RD,Virginia Beach,Virginia,4689,26.7,Virginia Beach,117598.0,36.61686,-76.01576,2,9,22,4,9247
27997,23456,385000.0,4,3,1852,2128 SPRUCE KNOB CT,Virginia Beach,Virginia,60158,463.3,Virginia Beach,150363.0,36.73435,-76.03492,3,9,22,4,27216
27945,23454,465000.0,3,3,2032,1253 WARNER HALL DR,Virginia Beach,Virginia,57942,994.7,Virginia Beach,119364.0,36.83216,-76.02616,3,9,22,4,27164
28011,23462,385000.0,3,2,1438,525 WILLIAMSBURG RD,Virginia Beach,Virginia,66949,2343.8,Virginia Beach,82642.0,36.8366,-76.15105,3,9,22,4,27230
26787,23451,1175000.0,4,4,3545,816 KENNEDY AVE,Virginia Beach,Virginia,43885,857.2,Virginia Beach,136673.0,36.87175,-76.00689,9,9,22,4,26032
9664,23464,279900.0,3,3,1665,1506 APRIL CT,Virginia Beach,Virginia,77139,1786.9,Virginia Beach,108999.0,36.79732,-76.17899,2,9,22,4,9343
27970,23456,499999.0,3,2,1400,3738 SANDPIPER RD APT 424B,Virginia Beach,Virginia,60158,463.3,Virginia Beach,150363.0,36.73435,-76.03492,3,9,22,4,27189
27888,23451,460000.0,2,3,1779,2320 CROIX DR,Virginia Beach,Virginia,43885,857.2,Virginia Beach,136673.0,36.87175,-76.00689,3,9,22,4,27107
34299,23462,85000.0,3,2,1178,326 HARRIER ST,Virginia Beach,Virginia,66949,2343.8,Virginia Beach,82642.0,36.8366,-76.15105,0,9,22,4,33282
27964,23456,440000.0,4,3,2399,2565 GAINES MILL DR,Virginia Beach,Virginia,60158,463.3,Virginia Beach,150363.0,36.73435,-76.03492,3,9,22,4,27183
20175,23451,220000.0,3,1,1463,161 HUGHES AVE,Virginia Beach,Virginia,43885,857.2,Virginia Beach,136673.0,36.87175,-76.00689,1,9,22,4,19546
28029,23464,460000.0,5,3,2766,801 YEARLING CT,Virginia Beach,Virginia,77139,1786.9,Virginia Beach,108999.0,36.79732,-76.17899,3,9,22,4,27247
237,23451,650000.0,2,2,1903,700 ORIOLE DR # 323,Virginia Beach,Virginia,43885,857.2,Virginia Beach,136673.0,36.87175,-76.00689,5,9,22,4,229
271,23456,720000.0,4,3,2276,3738 SANDPIPER RD APT 427B,Virginia Beach,Virginia,60158,463.3,Virginia Beach,150363.0,36.73435,-76.03492,5,9,22,4,263
9452,23453,264999.0,3,3,1408,3056 BRESLAW CT,Virginia Beach,Virginia,35199,1489.4,Virginia Beach,95447.0,36.785,-76.07679,2,9,22,4,9133
9392,23451,309900.0,2,2,1501,2738 MANOOMIN PL,Virginia Beach,Virginia,43885,857.2,Virginia Beach,136673.0,36.87175,-76.00689,2,9,22,4,9073
5278,23454,575000.0,4,2,2443,2364 S WOLFSNARE DR,Virginia Beach,Virginia,57942,994.7,Virginia Beach,119364.0,36.83216,-76.02616,4,9,22,4,5074
28015,23464,420000.0,4,2,1754,1929 MARBLE TRL,Virginia Beach,Virginia,77139,1786.9,Virginia Beach,108999.0,36.79732,-76.17899,3,9,22,4,27234
20207,23454,169000.0,3,2,1200,458 HILL MEADOW DR,Virginia Beach,Virginia,57942,994.7,Virginia Beach,119364.0,36.83216,-76.02616,1,9,22,4,19578
9672,23464,299500.0,3,2,1474,1712 CAPEHART CT,Virginia Beach,Virginia,77139,1786.9,Virginia Beach,108999.0,36.79732,-76.17899,2,9,22,4,9351
20181,23451,229000.0,2,2,1000,1120 OCEAN TRACE LN APT 203,Virginia Beach,Virginia,43885,857.2,Virginia Beach,136673.0,36.87175,-76.00689,1,9,22,4,19552
9676,23464,299990.0,3,2,1272,1444 BRIDLE CREEK BLVD,Virginia Beach,Virginia,77139,1786.9,Virginia Beach,108999.0,36.79732,-76.17899,2,9,22,4,9355
27901,23452,449900.0,3,2,1550,3009 MILFORD LN,Virginia Beach,Virginia,56854,1451.3,Virginia Beach,110980.0,36.84604,-76.09197,3,9,22,4,27120
9606,23462,289900.0,3,3,1584,5000 DUNDERDALE CT,Virginia Beach,Virginia,66949,2343.8,Virginia Beach,82642.0,36.8366,-76.15105,2,9,22,4,9286
18316,23452,899000.0,5,4,4272,3232 STAPLEFORD CHASE,Virginia Beach,Virginia,56854,1451.3,Virginia Beach,110980.0,36.84604,-76.09197,7,9,22,4,17737
36404,23451,1295000.0,5,4,3282,427 LAKE DR,Virginia Beach,Virginia,43885,857.2,Virginia Beach,136673.0,36.87175,-76.00689,10,9,22,4,35364
9540,23456,350000.0,3,3,1550,4137 STARWOOD ARCH,Virginia Beach,Virginia,60158,463.3,Virginia Beach,150363.0,36.73435,-76.03492,2,9,22,4,9220
9652,23464,369369.0,3,3,1324,949 THOMPSON WAY,Virginia Beach,Virginia,77139,1786.9,Virginia Beach,108999.0,36.79732,-76.17899,2,9,22,4,9332
9577,23462,335000.0,3,3,2036,944 NICHOLS RIDGE RD,Virginia Beach,Virginia,66949,2343.8,Virginia Beach,82642.0,36.8366,-76.15105,2,9,22,4,9257
9457,23453,319900.0,4,2,1286,3108 NICHOLSON CT,Virginia Beach,Virginia,35199,1489.4,Virginia Beach,95447.0,36.785,-76.07679,2,9,22,4,9138
3437,23453,880000.0,4,3,3052,2190 ALLEN GIMBERT WAY,Virginia Beach,Virginia,35199,1489.4,Virginia Beach,95447.0,36.785,-76.07679,6,9,22,4,3294
265,23456,675000.0,3,2,1376,1529 INDIAN RIVER RD,Virginia Beach,Virginia,60158,463.3,Virginia Beach,150363.0,36.73435,-76.03492,5,9,22,4,257
9456,23453,265000.0,3,3,1261,3638 SYLVAN CT,Virginia Beach,Virginia,35199,1489.4,Virginia Beach,95447.0,36.785,-76.07679,2,9,22,4,9137
27902,23452,385000.0,4,3,1800,3029 JOHN HANCOCK DR,Virginia Beach,Virginia,56854,1451.3,Virginia Beach,110980.0,36.84604,-76.09197,3,9,22,4,27121
257,23454,699900.0,4,3,2903,2100 MITCHELL CIR,Virginia Beach,Virginia,57942,994.7,Virginia Beach,119364.0,36.83216,-76.02616,5,9,22,4,249
9550,23456,285750.0,2,2,1293,1732 DROMOLIN DR STE 304,Virginia Beach,Virginia,60158,463.3,Virginia Beach,150363.0,36.73435,-76.03492,2,9,22,4,9230
9562,23456,332535.0,2,2,1316,1724 DROMOLIN DR STE 101,Virginia Beach,Virginia,60158,463.3,Virginia Beach,150363.0,36.73435,-76.03492,2,9,22,4,9242
27920,23453,474998.0,4,3,2300,1520 HOOF CT,Virginia Beach,Virginia,35199,1489.4,Virginia Beach,95447.0,36.785,-76.07679,3,9,22,4,27139
18312,23451,975000.0,4,4,3000,2826 CHARLEMAGNE DR,Virginia Beach,Virginia,43885,857.2,Virginia Beach,136673.0,36.87175,-76.00689,7,9,22,4,17733
20212,23455,230000.0,2,2,1300,5321 WARMINSTER DR UNIT 302,Virginia Beach,Virginia,49826,1267.6,Virginia Beach,108310.0,36.88974,-76.1441,1,9,22,4,19583
9611,23462,304900.0,2,3,1996,4549 CARRIAGE DR,Virginia Beach,Virginia,66949,2343.8,Virginia Beach,82642.0,36.8366,-76.15105,2,9,22,4,9291
28034,23464,500000.0,4,2,2300,908 LACONIA CT,Virginia Beach,Virginia,77139,1786.9,Virginia Beach,108999.0,36.79732,-76.17899,3,9,22,4,27252
3427,23451,839900.0,4,3,2300,533 HIGH POINT AVE,Virginia Beach,Virginia,43885,857.2,Virginia Beach,136673.0,36.87175,-76.00689,6,9,22,4,3284
9629,23462,325000.0,3,3,2036,4617 TOTTERIDGE LN,Virginia Beach,Virginia,66949,2343.8,Virginia Beach,82642.0,36.8366,-76.15105,2,9,22,4,9309
27940,23454,439900.0,4,2,1478,725 N GREAT NECK RD,Virginia Beach,Virginia,57942,994.7,Virginia Beach,119364.0,36.83216,-76.02616,3,9,22,4,27159
20208,23454,220000.0,2,2,1088,709 TILDEN PL,Virginia Beach,Virginia,57942,994.7,Virginia Beach,119364.0,36.83216,-76.02616,1,9,22,4,19579
28003,23462,500000.0,4,3,2805,521 BEN HOGAN DR,Virginia Beach,Virginia,66949,2343.8,Virginia Beach,82642.0,36.8366,-76.15105,3,9,22,4,27222
28021,23464,390000.0,4,2,1790,5328 ALBRIGHT DR,Virginia Beach,Virginia,77139,1786.9,Virginia Beach,108999.0,36.79732,-76.17899,3,9,22,4,27240
9530,23456,375000.0,3,2,1778,3409 MISTY DAWN CT,Virginia Beach,Virginia,60158,463.3,Virginia Beach,150363.0,36.73435,-76.03492,2,9,22,4,9210
9568,23462,339990.0,3,3,2036,4588 WILLOW CROFT DR,Virginia Beach,Virginia,66949,2343.8,Virginia Beach,82642.0,36.8366,-76.15105,2,9,22,4,9248
27900,23452,389900.0,4,2,2000,3549 SILINA DR,Virginia Beach,Virginia,56854,1451.3,Virginia Beach,110980.0,36.84604,-76.09197,3,9,22,4,27119
5317,23456,599900.0,4,3,3107,949 MORADO CT,Virginia Beach,Virginia,60158,463.3,Virginia Beach,150363.0,36.73435,-76.03492,4,9,22,4,5113
28038,23464,450000.0,5,3,2481,733 AVALON AVE,Virginia Beach,Virginia,77139,1786.9,Virginia Beach,108999.0,36.79732,-76.17899,3,9,22,4,27256
20224,23462,235000.0,3,2,1447,426 PEREGRINE ST,Virginia Beach,Virginia,66949,2343.8,Virginia Beach,82642.0,36.8366,-76.15105,1,9,22,4,19595
9679,23464,334900.0,3,3,1600,2341 BIZZONE CIR,Virginia Beach,Virginia,77139,1786.9,Virginia Beach,108999.0,36.79732,-76.17899,2,9,22,4,9358
20189,23452,230000.0,3,2,1587,3776 HISTORYLAND DR,Virginia Beach,Virginia,56854,1451.3,Virginia Beach,110980.0,36.84604,-76.09197,1,9,22,4,19560
20202,23453,249900.0,2,2,1282,851 OLD CLUBHOUSE RD,Virginia Beach,Virginia,35199,1489.4,Virginia Beach,95447.0,36.785,-76.07679,1,9,22,4,19573
9527,23455,260000.0,3,2,1261,4741 OLD HICKORY RD,Virginia Beach,Virginia,49826,1267.6,Virginia Beach,108310.0,36.88974,-76.1441,2,9,22,4,9207
9677,23464,349000.0,4,3,1620,5396 MAPLE FOREST DR,Virginia Beach,Virginia,77139,1786.9,Virginia Beach,108999.0,36.79732,-76.17899,2,9,22,4,9356
5321,23457,597500.0,3,3,3103,6477 KNOTTS ISLAND RD,Virginia Beach,Virginia,4689,26.7,Virginia Beach,117598.0,36.61686,-76.01576,4,9,22,4,5117
236,23451,725000.0,3,3,1998,3187 PAGE AVE,Virginia Beach,Virginia,43885,857.2,Virginia Beach,136673.0,36.87175,-76.00689,5,9,22,4,228
283,23456,645000.0,4,3,2534,2680 LEVEL LOOP RD,Virginia Beach,Virginia,60158,463.3,Virginia Beach,150363.0,36.73435,-76.03492,5,9,22,4,275
5261,23451,599000.0,3,2,2056,1613 DENDRON DR,Virginia Beach,Virginia,43885,857.2,Virginia Beach,136673.0,36.87175,-76.00689,4,9,22,4,5057
9461,23453,360000.0,4,3,1664,1408 SNOW CRES,Virginia Beach,Virginia,35199,1489.4,Virginia Beach,95447.0,36.785,-76.07679,2,9,22,4,9142
27863,23451,455000.0,2,1,918,218 67TH ST # B,Virginia Beach,Virginia,43885,857.2,Virginia Beach,136673.0,36.87175,-76.00689,3,9,22,4,27082
20239,23462,237000.0,2,3,1254,103 SEASIDE LN,Virginia Beach,Virginia,66949,2343.8,Virginia Beach,82642.0,36.8366,-76.15105,1,9,22,4,19610
27939,23454,473000.0,4,3,2230,237 FIGHTER DR,Virginia Beach,Virginia,57942,994.7,Virginia Beach,119364.0,36.83216,-76.02616,3,9,22,4,27158
27914,23453,425000.0,4,3,2182,1428 STALLS WAY,Virginia Beach,Virginia,35199,1489.4,Virginia Beach,95447.0,36.785,-76.07679,3,9,22,4,27133
20246,23462,239000.0,3,2,1400,755 LAKE EDWARD DR,Virginia Beach,Virginia,66949,2343.8,Virginia Beach,82642.0,36.8366,-76.15105,1,9,22,4,19617
27880,23451,498500.0,3,2,1220,5604 HOLLY RD # B,Virginia Beach,Virginia,43885,857.2,Virginia Beach,136673.0,36.87175,-76.00689,3,9,22,4,27099
9655,23464,375000.0,3,3,1634,1324 KASBA CT,Virginia Beach,Virginia,77139,1786.9,Virginia Beach,108999.0,36.79732,-76.17899,2,9,22,4,9335
9612,23462,289950.0,3,1,1008,4833 MANDAN RD,Virginia Beach,Virginia,66949,2343.8,Virginia Beach,82642.0,36.8366,-76.15105,2,9,22,4,9292
5327,23464,517500.0,4,3,2383,1032 YARDLEY LNDG,Virginia Beach,Virginia,77139,1786.9,Virginia Beach,108999.0,36.79732,-76.17899,4,9,22,4,5123
26785,23451,1225000.0,4,4,2820,5602 HOLLY RD,Virginia Beach,Virginia,43885,857.2,Virginia Beach,136673.0,36.87175,-76.00689,9,9,22,4,26030
3433,23451,849000.0,4,4,2649,1412 MEDITERRANEAN AVE,Virginia Beach,Virginia,43885,857.2,Virginia Beach,136673.0,36.87175,-76.00689,6,9,22,4,3290
9578,23462,339900.0,4,3,1622,637 AMBER WAY,Virginia Beach,Virginia,66949,2343.8,Virginia Beach,82642.0,36.8366,-76.15105,2,9,22,4,9258
27911,23452,410000.0,3,3,1850,132 S THALIA RD,Virginia Beach,Virginia,56854,1451.3,Virginia Beach,110980.0,36.84604,-76.09197,3,9,22,4,27130
34300,23462,100900.0,2,2,957,501 SUMMIT CT # 101,Virginia Beach,Virginia,66949,2343.8,Virginia Beach,82642.0,36.8366,-76.15105,0,9,22,4,33283
278,23456,645000.0,4,3,2891,2521 EAGLES LAKE RD,Virginia Beach,Virginia,60158,463.3,Virginia Beach,150363.0,36.73435,-76.03492,5,9,22,4,270
20178,23451,217500.0,1,1,644,1021 COASTAWAY DR,Virginia Beach,Virginia,43885,857.2,Virginia Beach,136673.0,36.87175,-76.00689,1,9,22,4,19549
5269,23453,579000.0,3,3,2829,2816 CHRISTOPHER FARMS DR,Virginia Beach,Virginia,35199,1489.4,Virginia Beach,95447.0,36.785,-76.07679,4,9,22,4,5065
27957,23455,449500.0,4,3,2374,1721 KEELING RD,Virginia Beach,Virginia,49826,1267.6,Virginia Beach,108310.0,36.88974,-76.1441,3,9,22,4,27176
9571,23462,375000.0,4,3,2800,708 ROCKY RUN CT,Virginia Beach,Virginia,66949,2343.8,Virginia Beach,82642.0,36.8366,-76.15105,2,9,22,4,9251
9597,23462,354818.0,3,2,1900,365 E CHICKASAW RD,Virginia Beach,Virginia,66949,2343.8,Virginia Beach,82642.0,36.8366,-76.15105,2,9,22,4,9277
27930,23454,410000.0,4,3,1889,904 MARTINGALE CT,Virginia Beach,Virginia,57942,994.7,Virginia Beach,119364.0,36.83216,-76.02616,3,9,22,4,27149
9648,23464,350000.0,3,2,1450,2016 DOVE VIEW DR,Virginia Beach,Virginia,77139,1786.9,Virginia Beach,108999.0,36.79732,-76.17899,2,9,22,4,9328
262,23455,649900.0,4,3,2455,5433 LAWSON HALL KY,Virginia Beach,Virginia,49826,1267.6,Virginia Beach,108310.0,36.88974,-76.1441,5,9,22,4,254
9435,23452,309900.0,4,2,1564,409 BARCELONA LN,Virginia Beach,Virginia,56854,1451.3,Virginia Beach,110980.0,36.84604,-76.09197,2,9,22,4,9116
5288,23455,605000.0,4,3,2692,1324 FRONT ST,Virginia Beach,Virginia,49826,1267.6,Virginia Beach,108310.0,36.88974,-76.1441,4,9,22,4,5084
9394,23451,270000.0,2,3,1202,1128 GLENGARRY WAY,Virginia Beach,Virginia,43885,857.2,Virginia Beach,136673.0,36.87175,-76.00689,2,9,22,4,9075
9465,23453,310000.0,3,2,1368,1257 GLADIOLA CRES,Virginia Beach,Virginia,35199,1489.4,Virginia Beach,95447.0,36.785,-76.07679,2,9,22,4,9146
28030,23464,445000.0,4,3,2200,5257 ALBRIGHT DR,Virginia Beach,Virginia,77139,1786.9,Virginia Beach,108999.0,36.79732,-76.17899,3,9,22,4,27248
9390,23451,325000.0,2,2,1125,2325 SEA SHELL RD APT 211,Virginia Beach,Virginia,43885,857.2,Virginia Beach,136673.0,36.87175,-76.00689,2,9,22,4,9071
20220,23456,221000.0,2,2,1167,1765 GRAND BAY DR,Virginia Beach,Virginia,60158,463.3,Virginia Beach,150363.0,36.73435,-76.03492,1,9,22,4,19591
27960,23455,434800.0,4,3,2080,1009 PASTERN BRIEF,Virginia Beach,Virginia,49826,1267.6,Virginia Beach,108310.0,36.88974,-76.1441,3,9,22,4,27179
246,23452,659000.0,3,2,2128,516 CHESOPEIAN TRL,Virginia Beach,Virginia,56854,1451.3,Virginia Beach,110980.0,36.84604,-76.09197,5,9,22,4,238
27987,23456,464900.0,4,3,2455,1620 FALL MEADOW CT,Virginia Beach,Virginia,60158,463.3,Virginia Beach,150363.0,36.73435,-76.03492,3,9,22,4,27206
28020,23464,399400.0,4,3,2150,5513 GLEN VIEW DR,Virginia Beach,Virginia,77139,1786.9,Virginia Beach,108999.0,36.79732,-76.17899,3,9,22,4,27239
9419,23452,375000.0,4,3,1792,668 PRESIDENTIAL CT,Virginia Beach,Virginia,56854,1451.3,Virginia Beach,110980.0,36.84604,-76.09197,2,9,22,4,9100
3423,23451,799900.0,3,3,2525,620 BUSHNELL CT,Virginia Beach,Virginia,43885,857.2,Virginia Beach,136673.0,36.87175,-76.00689,6,9,22,4,3280
27931,23454,425000.0,3,3,2008,1127 CHANCELLOR WALK CT,Virginia Beach,Virginia,57942,994.7,Virginia Beach,119364.0,36.83216,-76.02616,3,9,22,4,27150
9632,23464,349900.0,3,1,1240,1104 BURLINGTON RD,Virginia Beach,Virginia,77139,1786.9,Virginia Beach,108999.0,36.79732,-76.17899,2,9,22,4,9312
27979,23456,450000.0,3,3,1986,2405 DABNEY CT,Virginia Beach,Virginia,60158,463.3,Virginia Beach,150363.0,36.73435,-76.03492,3,9,22,4,27198
27898,23452,400000.0,4,3,2000,3853 WINDSOR GATE RD,Virginia Beach,Virginia,56854,1451.3,Virginia Beach,110980.0,36.84604,-76.09197,3,9,22,4,27117
27909,23452,445000.0,4,3,2194,401 CUMMINGS RD,Virginia Beach,Virginia,56854,1451.3,Virginia Beach,110980.0,36.84604,-76.09197,3,9,22,4,27128
20225,23462,154250.0,2,2,957,5631 SUMMIT ARCH,Virginia Beach,Virginia,66949,2343.8,Virginia Beach,82642.0,36.8366,-76.15105,1,9,22,4,19596
18332,23456,969900.0,5,4,3984,MM GARDENIA IL (ASHVILLE PARK),Virginia Beach,Virginia,60158,463.3,Virginia Beach,150363.0,36.73435,-76.03492,7,9,22,4,17753
20250,23462,195000.0,2,1,1000,549 PEREGRINE ST,Virginia Beach,Virginia,66949,2343.8,Virginia Beach,82642.0,36.8366,-76.15105,1,9,22,4,19621
9447,23452,325000.0,3,2,1254,3825 OLD FORGE RD,Virginia Beach,Virginia,56854,1451.3,Virginia Beach,110980.0,36.84604,-76.09197,2,9,22,4,9128
20206,23454,225000.0,2,1,840,1116 VERMILYA CT,Virginia Beach,Virginia,57942,994.7,Virginia Beach,119364.0,36.83216,-76.02616,1,9,22,4,19577
27923,23453,425000.0,4,3,2140,1516 SADDLE CT,Virginia Beach,Virginia,35199,1489.4,Virginia Beach,95447.0,36.785,-76.07679,3,9,22,4,27142
20265,23464,209000.0,2,2,1160,6340 KNOB HILL DR,Virginia Beach,Virginia,77139,1786.9,Virginia Beach,108999.0,36.79732,-76.17899,1,9,22,4,19636
3420,23451,825000.0,2,2,1903,700 ORIOLE DR APT 121A,Virginia Beach,Virginia,43885,857.2,Virginia Beach,136673.0,36.87175,-76.00689,6,9,22,4,3277
27963,23456,507000.0,4,3,2132,2337 ESPLANADE DR,Virginia Beach,Virginia,60158,463.3,Virginia Beach,150363.0,36.73435,-76.03492,3,9,22,4,27182
27990,23456,450000.0,4,3,1907,3009 VANCE WAY,Virginia Beach,Virginia,60158,463.3,Virginia Beach,150363.0,36.73435,-76.03492,3,9,22,4,27209
26783,23451,1250000.0,4,4,2580,216 66TH ST APT B,Virginia Beach,Virginia,43885,857.2,Virginia Beach,136673.0,36.87175,-76.00689,9,9,22,4,26028
20177,23451,220000.0,2,2,1000,501 OCEAN TRACE ARCH APT 301,Virginia Beach,Virginia,43885,857.2,Virginia Beach,136673.0,36.87175,-76.00689,1,9,22,4,19548
28050,23464,385000.0,3,3,2066,5396 CHATHAM LAKE DR,Virginia Beach,Virginia,77139,1786.9,Virginia Beach,108999.0,36.79732,-76.17899,3,9,22,4,27268
27886,23451,399000.0,1,1,602,315 34 1/2 ST # B,Virginia Beach,Virginia,43885,857.2,Virginia Beach,136673.0,36.87175,-76.00689,3,9,22,4,27105
36407,23451,1275000.0,5,4,3566,441 CROATAN RD,Virginia Beach,Virginia,43885,857.2,Virginia Beach,136673.0,36.87175,-76.00689,10,9,22,4,35367
20223,23462,245000.0,3,3,1470,540 PEREGRINE ST,Virginia Beach,Virginia,66949,2343.8,Virginia Beach,82642.0,36.8366,-76.15105,1,9,22,4,19594
234,23451,734000.0,4,4,2421,2245 STARFISH RD # B,Virginia Beach,Virginia,43885,857.2,Virginia Beach,136673.0,36.87175,-76.00689,5,9,22,4,226
9642,23464,349500.0,3,3,2082,1413 PEBBLEBROOK WAY,Virginia Beach,Virginia,77139,1786.9,Virginia Beach,108999.0,36.79732,-76.17899,2,9,22,4,9322
284,23456,695000.0,5,3,3086,2904 CHILTON PL,Virginia Beach,Virginia,60158,463.3,Virginia Beach,150363.0,36.73435,-76.03492,5,9,22,4,276
5325,23464,570000.0,4,3,2872,5308 LARKINS LAIR CT,Virginia Beach,Virginia,77139,1786.9,Virginia Beach,108999.0,36.79732,-76.17899,4,9,22,4,5121
9499,23455,380000.0,3,2,1535,1409 EWELL RD,Virginia Beach,Virginia,49826,1267.6,Virginia Beach,108310.0,36.88974,-76.1441,2,9,22,4,9180
18311,23451,945000.0,3,3,2387,2428 OCEAN SHORE CRES APT 201,Virginia Beach,Virginia,43885,857.2,Virginia Beach,136673.0,36.87175,-76.00689,7,9,22,4,17732
9661,23464,340000.0,5,2,1640,1840 OLD RIDGE RD,Virginia Beach,Virginia,77139,1786.9,Virginia Beach,108999.0,36.79732,-76.17899,2,9,22,4,9341
28051,23464,385000.0,4,3,1982,2133 FORT BELVOIR DR,Virginia Beach,Virginia,77139,1786.9,Virginia Beach,108999.0,36.79732,-76.17899,3,9,22,4,27269
9485,23454,299800.0,3,3,1632,438 LAKE HAVASU DR,Virginia Beach,Virginia,57942,994.7,Virginia Beach,119364.0,36.83216,-76.02616,2,9,22,4,9166
28048,23464,435000.0,4,2,2148,1105 CRESTHAVEN LN,Virginia Beach,Virginia,77139,1786.9,Virginia Beach,108999.0,36.79732,-76.17899,3,9,22,4,27266
20256,23462,225000.0,4,2,1727,317 SOUTHGATE AVE,Virginia Beach,Virginia,66949,2343.8,Virginia Beach,82642.0,36.8366,-76.15105,1,9,22,4,19627
18315,23451,985000.0,3,4,3035,3810 ATLANTIC AVE APT 805,Virginia Beach,Virginia,43885,857.2,Virginia Beach,136673.0,36.87175,-76.00689,7,9,22,4,17736
277,23456,644900.0,4,4,2891,2636 ROCHAMBEAU WAY,Virginia Beach,Virginia,60158,463.3,Virginia Beach,150363.0,36.73435,-76.03492,5,9,22,4,269
27941,23454,435000.0,4,3,1708,512 HILLSHIRE WAY,Virginia Beach,Virginia,57942,994.7,Virginia Beach,119364.0,36.83216,-76.02616,3,9,22,4,27160
9558,23456,379900.0,5,3,1950,3908 MORNING LIGHT LN,Virginia Beach,Virginia,60158,463.3,Virginia Beach,150363.0,36.73435,-76.03492,2,9,22,4,9238
3424,23451,772500.0,3,4,2075,213 LINKHORN DR,Virginia Beach,Virginia,43885,857.2,Virginia Beach,136673.0,36.87175,-76.00689,6,9,22,4,3281
26788,23451,1185000.0,3,3,2405,3416 POINT CHESAPEAKE QUAY UNIT 5016,Virginia Beach,Virginia,43885,857.2,Virginia Beach,136673.0,36.87175,-76.00689,9,9,22,4,26033
9479,23454,355000.0,3,2,1614,1835 CALASH WAY,Virginia Beach,Virginia,57942,994.7,Virginia Beach,119364.0,36.83216,-76.02616,2,9,22,4,9160
3453,23456,880000.0,5,4,3689,1721 CHAMPION CIR,Virginia Beach,Virginia,60158,463.3,Virginia Beach,150363.0,36.73435,-76.03492,6,9,22,4,3310
9415,23452,350000.0,4,2,1500,3000 BEAVER DR,Virginia Beach,Virginia,56854,1451.3,Virginia Beach,110980.0,36.84604,-76.09197,2,9,22,4,9096
20227,23462,205000.0,2,2,1140,5408 CLEEVE ABBEY,Virginia Beach,Virginia,66949,2343.8,Virginia Beach,82642.0,36.8366,-76.15105,1,9,22,4,19598
9395,23451,279000.0,1,2,1235,3810 ATLANTIC AVE APT 605,Virginia Beach,Virginia,43885,857.2,Virginia Beach,136673.0,36.87175,-76.00689,2,9,22,4,9076
36403,23451,1349000.0,4,4,2718,225 74TH ST,Virginia Beach,Virginia,43885,857.2,Virginia Beach,136673.0,36.87175,-76.00689,10,9,22,4,35363
5287,23455,629000.0,4,3,2945,874 FIVE FORKS RD,Virginia Beach,Virginia,49826,1267.6,Virginia Beach,108310.0,36.88974,-76.1441,4,9,22,4,5083
9650,23464,270000.0,3,3,1750,1213 CLYDESDALE LN,Virginia Beach,Virginia,77139,1786.9,Virginia Beach,108999.0,36.79732,-76.17899,2,9,22,4,9330
26792,23455,1200000.0,3,2,2500,3840 JEFFERSON BLVD,Virginia Beach,Virginia,49826,1267.6,Virginia Beach,108310.0,36.88974,-76.1441,9,9,22,4,26037
240,23451,639000.0,3,2,1280,7200 ATLANTIC AVE,Virginia Beach,Virginia,43885,857.2,Virginia Beach,136673.0,36.87175,-76.00689,5,9,22,4,232
20228,23462,215000.0,3,2,1396,5814 W HASTINGS ARCH,Virginia Beach,Virginia,66949,2343.8,Virginia Beach,82642.0,36.8366,-76.15105,1,9,22,4,19599
9637,23464,297900.0,4,3,2000,1336 FERNSIDE CT,Virginia Beach,Virginia,77139,1786.9,Virginia Beach,108999.0,36.79732,-76.17899,2,9,22,4,9317
9625,23462,299900.0,3,3,1486,416 TROON CHASE,Virginia Beach,Virginia,66949,2343.8,Virginia Beach,82642.0,36.8366,-76.15105,2,9,22,4,9305
9445,23452,275000.0,3,1,1168,3217 BARRINGTON DR,Virginia Beach,Virginia,56854,1451.3,Virginia Beach,110980.0,36.84604,-76.09197,2,9,22,4,9126
3425,23451,799900.0,4,5,2527,MM DIMITRI (PROSPERITY AT THE PINES),Virginia Beach,Virginia,43885,857.2,Virginia Beach,136673.0,36.87175,-76.00689,6,9,22,4,3282
2759,23456,1078136.0,5,5,3690,2933 WESTON LOOP,Virginia Beach,Virginia,60158,463.3,Virginia Beach,150363.0,36.73435,-76.03492,8,9,22,4,2647
9498,23454,315000.0,2,1,1014,1416 DOVE DR,Virginia Beach,Virginia,57942,994.7,Virginia Beach,119364.0,36.83216,-76.02616,2,9,22,4,9179
26789,23452,1195000.0,4,3,2662,3021 LITTLE HAVEN RD,Virginia Beach,Virginia,56854,1451.3,Virginia Beach,110980.0,36.84604,-76.09197,9,9,22,4,26034
9432,23452,349900.0,4,2,1550,3348 TERRAZZO TRL,Virginia Beach,Virginia,56854,1451.3,Virginia Beach,110980.0,36.84604,-76.09197,2,9,22,4,9113
27905,23452,399000.0,3,2,1928,2520 HAVEN RD,Virginia Beach,Virginia,56854,1451.3,Virginia Beach,110980.0,36.84604,-76.09197,3,9,22,4,27124
20209,23455,225000.0,2,3,1310,4657 GEORGETOWN PL,Virginia Beach,Virginia,49826,1267.6,Virginia Beach,108310.0,36.88974,-76.1441,1,9,22,4,19580
27956,23455,450000.0,5,3,2435,4845 SHELDON DR,Virginia Beach,Virginia,49826,1267.6,Virginia Beach,108310.0,36.88974,-76.1441,3,9,22,4,27175
27947,23454,439900.0,4,3,1588,833 MAITLAND DR,Virginia Beach,Virginia,57942,994.7,Virginia Beach,119364.0,36.83216,-76.02616,3,9,22,4,27166
20184,23452,210000.0,3,2,1316,947 S CLUB HOUSE RD,Virginia Beach,Virginia,56854,1451.3,Virginia Beach,110980.0,36.84604,-76.09197,1,9,22,4,19555
27893,23452,395000.0,4,3,1700,3705 SILINA DR,Virginia Beach,Virginia,56854,1451.3,Virginia Beach,110980.0,36.84604,-76.09197,3,9,22,4,27112
2757,23456,1099900.0,5,5,3690,2945 WESTON LOOP,Virginia Beach,Virginia,60158,463.3,Virginia Beach,150363.0,36.73435,-76.03492,8,9,22,4,2645
9638,23464,345000.0,4,3,1750,5125 CLIFFONY DR,Virginia Beach,Virginia,77139,1786.9,Virginia Beach,108999.0,36.79732,-76.17899,2,9,22,4,9318
9549,23456,279000.0,2,2,1352,1733 DROMOLIN DR STE 306,Virginia Beach,Virginia,60158,463.3,Virginia Beach,150363.0,36.73435,-76.03492,2,9,22,4,9229
275,23456,745000.0,5,4,3428,2401 EDENTON CT,Virginia Beach,Virginia,60158,463.3,Virginia Beach,150363.0,36.73435,-76.03492,5,9,22,4,267
9528,23455,375000.0,3,2,1800,1105 CAPSTONE XING,Virginia Beach,Virginia,49826,1267.6,Virginia Beach,108310.0,36.88974,-76.1441,2,9,22,4,9208
9552,23456,340750.0,2,2,1316,1732 DROMOLIN DR STE 301,Virginia Beach,Virginia,60158,463.3,Virginia Beach,150363.0,36.73435,-76.03492,2,9,22,4,9232
26798,23456,1199000.0,6,5,4360,2813 WESTON LOOP,Virginia Beach,Virginia,60158,463.3,Virginia Beach,150363.0,36.73435,-76.03492,9,9,22,4,26043
27958,23455,449900.0,5,3,2711,1269 SMITH COVE CIR,Virginia Beach,Virginia,49826,1267.6,Virginia Beach,108310.0,36.88974,-76.1441,3,9,22,4,27177
9534,23456,359900.0,3,2,1909,2816 MAJESTIC OAK CT,Virginia Beach,Virginia,60158,463.3,Virginia Beach,150363.0,36.73435,-76.03492,2,9,22,4,9214
9474,23453,379000.0,4,2,1590,687 ORANGEWOOD DR,Virginia Beach,Virginia,35199,1489.4,Virginia Beach,95447.0,36.785,-76.07679,2,9,22,4,9155
9513,23455,325000.0,3,2,1190,844 ROMNEY LN,Virginia Beach,Virginia,49826,1267.6,Virginia Beach,108310.0,36.88974,-76.1441,2,9,22,4,9194
9441,23452,380000.0,4,3,1935,424 PRESIDENTIAL BLVD,Virginia Beach,Virginia,56854,1451.3,Virginia Beach,110980.0,36.84604,-76.09197,2,9,22,4,9122
3444,23455,875000.0,4,4,3284,4225 HERMITAGE RD,Virginia Beach,Virginia,49826,1267.6,Virginia Beach,108310.0,36.88974,-76.1441,6,9,22,4,3301
18322,23456,999000.0,4,2,2240,2945 WOOD DUCK DR,Virginia Beach,Virginia,60158,463.3,Virginia Beach,150363.0,36.73435,-76.03492,7,9,22,4,17743
9621,23462,350000.0,4,4,2300,4517 BARKINGDALE DR,Virginia Beach,Virginia,66949,2343.8,Virginia Beach,82642.0,36.8366,-76.15105,2,9,22,4,9301
20244,23462,185000.0,2,2,1028,5305 GRAND LAKE CRES,Virginia Beach,Virginia,66949,2343.8,Virginia Beach,82642.0,36.8366,-76.15105,1,9,22,4,19615
20193,23453,235000.0,2,2,1068,3836 LASALLE DR APT 103,Virginia Beach,Virginia,35199,1489.4,Virginia Beach,95447.0,36.785,-76.07679,1,9,22,4,19564
9616,23462,270000.0,3,3,1509,5379 PALMYRA CT,Virginia Beach,Virginia,66949,2343.8,Virginia Beach,82642.0,36.8366,-76.15105,2,9,22,4,9296
27937,23454,435000.0,3,3,1831,961 WASSERMAN DR,Virginia Beach,Virginia,57942,994.7,Virginia Beach,119364.0,36.83216,-76.02616,3,9,22,4,27156
9424,23452,374997.0,4,2,1750,469 BARCELONA LN,Virginia Beach,Virginia,56854,1451.3,Virginia Beach,110980.0,36.84604,-76.09197,2,9,22,4,9105
9481,23454,315000.0,3,2,1539,429 WEST LN,Virginia Beach,Virginia,57942,994.7,Virginia Beach,119364.0,36.83216,-76.02616,2,9,22,4,9162
20261,23464,235000.0,2,3,1368,856 WHISTLING SWAN DR,Virginia Beach,Virginia,77139,1786.9,Virginia Beach,108999.0,36.79732,-76.17899,1,9,22,4,19632
5253,23451,525000.0,2,2,1498,500 WINSTON SALEM AVE APT 301,Virginia Beach,Virginia,43885,857.2,Virginia Beach,136673.0,36.87175,-76.00689,4,9,22,4,5049
287,23456,650000.0,5,3,3400,3044 CLARKE DR,Virginia Beach,Virginia,60158,463.3,Virginia Beach,150363.0,36.73435,-76.03492,5,9,22,4,279
9512,23455,289900.0,3,3,1605,843 SAINT DENIS CT,Virginia Beach,Virginia,49826,1267.6,Virginia Beach,108310.0,36.88974,-76.1441,2,9,22,4,9193
247,23452,710000.0,5,2,2599,1343 LITTLE NECK RD,Virginia Beach,Virginia,56854,1451.3,Virginia Beach,110980.0,36.84604,-76.09197,5,9,22,4,239
27933,23454,500000.0,4,3,2106,2404 BRUSH CREEK LN,Virginia Beach,Virginia,57942,994.7,Virginia Beach,119364.0,36.83216,-76.02616,3,9,22,4,27152
5312,23456,539500.0,4,3,2210,1884 CLIFTON BRIDGE DR,Virginia Beach,Virginia,60158,463.3,Virginia Beach,150363.0,36.73435,-76.03492,4,9,22,4,5108
9520,23455,275000.0,2,1,1144,5592 SHELL RD,Virginia Beach,Virginia,49826,1267.6,Virginia Beach,108310.0,36.88974,-76.1441,2,9,22,4,9201
28024,23464,469000.0,4,2,2746,4936 BRANDYWINE DR,Virginia Beach,Virginia,77139,1786.9,Virginia Beach,108999.0,36.79732,-76.17899,3,9,22,4,27242
3440,23454,799990.0,4,2,2307,1509 BAYCLIFF LN,Virginia Beach,Virginia,57942,994.7,Virginia Beach,119364.0,36.83216,-76.02616,6,9,22,4,3297
27952,23455,420000.0,3,2,1710,1683 MEREDITH RD,Virginia Beach,Virginia,49826,1267.6,Virginia Beach,108310.0,36.88974,-76.1441,3,9,22,4,27171
27971,23456,465000.0,4,3,2253,2629 GAINES MILL DR,Virginia Beach,Virginia,60158,463.3,Virginia Beach,150363.0,36.73435,-76.03492,3,9,22,4,27190
28027,23464,389899.0,4,3,1983,1073 TAYLOR RD,Virginia Beach,Virginia,77139,1786.9,Virginia Beach,108999.0,36.79732,-76.17899,3,9,22,4,27245
27922,23453,419995.0,3,3,2330,3313 BARBERRY LN,Virginia Beach,Virginia,35199,1489.4,Virginia Beach,95447.0,36.785,-76.07679,3,9,22,4,27141
9551,23456,332715.0,2,2,1316,1732 DROMOLIN DR STE 201,Virginia Beach,Virginia,60158,463.3,Virginia Beach,150363.0,36.73435,-76.03492,2,9,22,4,9231
9391,23451,337500.0,2,2,1400,2830 WIIGWAAS LN,Virginia Beach,Virginia,43885,857.2,Virginia Beach,136673.0,36.87175,-76.00689,2,9,22,4,9072
9509,23455,334999.0,2,2,1604,4911 CYPRESS POINT CIR,Virginia Beach,Virginia,49826,1267.6,Virginia Beach,108310.0,36.88974,-76.1441,2,9,22,4,9190
290,23462,675000.0,4,4,2700,4450 OLD PRINCESS ANNE RD,Virginia Beach,Virginia,66949,2343.8,Virginia Beach,82642.0,36.8366,-76.15105,5,9,22,4,282
27980,23456,464000.0,3,3,2279,2669 MAJESTY LN,Virginia Beach,Virginia,60158,463.3,Virginia Beach,150363.0,36.73435,-76.03492,3,9,22,4,27199
9473,23453,339900.0,4,3,1836,3436 DANDELION CRES,Virginia Beach,Virginia,35199,1489.4,Virginia Beach,95447.0,36.785,-76.07679,2,9,22,4,9154
20260,23464,250000.0,2,3,1254,689 OLEANDER CIR,Virginia Beach,Virginia,77139,1786.9,Virginia Beach,108999.0,36.79732,-76.17899,1,9,22,4,19631
9518,23455,319000.0,4,3,1450,5012 SULLIVAN BLVD,Virginia Beach,Virginia,49826,1267.6,Virginia Beach,108310.0,36.88974,-76.1441,2,9,22,4,9199
20231,23462,164900.0,2,2,957,420 SHELTER DR # 102,Virginia Beach,Virginia,66949,2343.8,Virginia Beach,82642.0,36.8366,-76.15105,1,9,22,4,19602
27869,23451,460000.0,2,2,1217,2300 BEACH HAVEN DR APT 202,Virginia Beach,Virginia,43885,857.2,Virginia Beach,136673.0,36.87175,-76.00689,3,9,22,4,27088
18343,23456,950000.0,5,4,3082,2305 PRINCESS ANNE RD,Virginia Beach,Virginia,60158,463.3,Virginia Beach,150363.0,36.73435,-76.03492,7,9,22,4,17764
281,23456,640000.0,4,3,2759,2912 MACON ST,Virginia Beach,Virginia,60158,463.3,Virginia Beach,150363.0,36.73435,-76.03492,5,9,22,4,273
18348,23456,924900.0,4,4,3626,MM CONCORD,Virginia Beach,Virginia,60158,463.3,Virginia Beach,150363.0,36.73435,-76.03492,7,9,22,4,17769
5316,23456,600000.0,4,4,2788,4177 ARCHSTONE DR,Virginia Beach,Virginia,60158,463.3,Virginia Beach,150363.0,36.73435,-76.03492,4,9,22,4,5112
273,23456,729900.0,4,4,3798,1665 PRINCESS ANNE RD,Virginia Beach,Virginia,60158,463.3,Virginia Beach,150363.0,36.73435,-76.03492,5,9,22,4,265
27861,23451,400000.0,4,3,2000,1075 HOPE AVE,Virginia Beach,Virginia,43885,857.2,Virginia Beach,136673.0,36.87175,-76.00689,3,9,22,4,27080
18335,23456,895895.0,5,4,3335,3100 COOPERS ARCH,Virginia Beach,Virginia,60158,463.3,Virginia Beach,150363.0,36.73435,-76.03492,7,9,22,4,17756
276,23456,705000.0,3,2,1104,2260 WIDGEON LN,Virginia Beach,Virginia,60158,463.3,Virginia Beach,150363.0,36.73435,-76.03492,5,9,22,4,268
3448,23455,799900.0,4,3,2400,4500 CORONET AVE,Virginia Beach,Virginia,49826,1267.6,Virginia Beach,108310.0,36.88974,-76.1441,6,9,22,4,3305
268,23456,759900.0,4,3,2687,1933 QUINCY WAY,Virginia Beach,Virginia,60158,463.3,Virginia Beach,150363.0,36.73435,-76.03492,5,9,22,4,260
27961,23455,419000.0,3,2,1623,5021 SMITH FARM RD,Virginia Beach,Virginia,49826,1267.6,Virginia Beach,108310.0,36.88974,-76.1441,3,9,22,4,27180
9524,23455,335000.0,3,2,1306,4744 DEERFIELD LN,Virginia Beach,Virginia,49826,1267.6,Virginia Beach,108310.0,36.88974,-76.1441,2,9,22,4,9204
5323,23462,625000.0,4,2,2400,4452 OLD PRINCESS ANNE RD,Virginia Beach,Virginia,66949,2343.8,Virginia Beach,82642.0,36.8366,-76.15105,4,9,22,4,5119
9546,23456,295570.0,2,2,1293,1724 DROMOLIN DRIVE # 203,Virginia Beach,Virginia,60158,463.3,Virginia Beach,150363.0,36.73435,-76.03492,2,9,22,4,9226
28031,23464,469900.0,4,3,2400,2408 CREEKMORE CT,Virginia Beach,Virginia,77139,1786.9,Virginia Beach,108999.0,36.79732,-76.17899,3,9,22,4,27249
28014,23462,399000.0,4,3,2326,5400 KIAWAH CT,Virginia Beach,Virginia,66949,2343.8,Virginia Beach,82642.0,36.8366,-76.15105,3,9,22,4,27233
288,23457,735000.0,4,4,3264,1601 GUM BRIDGE RD,Virginia Beach,Virginia,4689,26.7,Virginia Beach,117598.0,36.61686,-76.01576,5,9,22,4,280
27921,23453,444900.0,4,3,2300,1857 BLOOMFIELD DR,Virginia Beach,Virginia,35199,1489.4,Virginia Beach,95447.0,36.785,-76.07679,3,9,22,4,27140
9602,23462,369900.0,4,3,1850,173 CHEYENNE RD,Virginia Beach,Virginia,66949,2343.8,Virginia Beach,82642.0,36.8366,-76.15105,2,9,22,4,9282
9427,23452,325000.0,4,2,1600,648 N PIPING ROCK RD,Virginia Beach,Virginia,56854,1451.3,Virginia Beach,110980.0,36.84604,-76.09197,2,9,22,4,9108
27965,23456,442000.0,3,3,2039,4637 BOXFORD RD,Virginia Beach,Virginia,60158,463.3,Virginia Beach,150363.0,36.73435,-76.03492,3,9,22,4,27184
9487,23454,354900.0,3,3,1944,1003 COLLECTION CREEK WAY,Virginia Beach,Virginia,57942,994.7,Virginia Beach,119364.0,36.83216,-76.02616,2,9,22,4,9168
9539,23456,297715.0,2,2,1316,1732 DROMOLIN DR STE 308,Virginia Beach,Virginia,60158,463.3,Virginia Beach,150363.0,36.73435,-76.03492,2,9,22,4,9219
27935,23454,434900.0,4,3,2011,1861 FINSBURY LN,Virginia Beach,Virginia,57942,994.7,Virginia Beach,119364.0,36.83216,-76.02616,3,9,22,4,27154
27983,23456,435000.0,3,3,1909,2525 ALLEGHANY LOOP,Virginia Beach,Virginia,60158,463.3,Virginia Beach,150363.0,36.73435,-76.03492,3,9,22,4,27202
3422,23451,870000.0,4,4,2368,3969 OCEAN HILLS CT,Virginia Beach,Virginia,43885,857.2,Virginia Beach,136673.0,36.87175,-76.00689,6,9,22,4,3279
3431,23451,826574.0,4,4,2567,1416 MEDITERRANEAN AVE,Virginia Beach,Virginia,43885,857.2,Virginia Beach,136673.0,36.87175,-76.00689,6,9,22,4,3288
9607,23462,350000.0,4,3,1732,425 SIRINE AVE,Virginia Beach,Virginia,66949,2343.8,Virginia Beach,82642.0,36.8366,-76.15105,2,9,22,4,9287
20259,23464,245000.0,2,1,968,1405 DIGHTON CT,Virginia Beach,Virginia,77139,1786.9,Virginia Beach,108999.0,36.79732,-76.17899,1,9,22,4,19630
20248,23462,200000.0,3,3,1222,703 AYLESBURY DR,Virginia Beach,Virginia,66949,2343.8,Virginia Beach,82642.0,36.8366,-76.15105,1,9,22,4,19619
27934,23454,430000.0,4,2,1900,2468 ELON DR,Virginia Beach,Virginia,57942,994.7,Virginia Beach,119364.0,36.83216,-76.02616,3,9,22,4,27153
9588,23462,276000.0,3,3,1994,5141 CHAYOTE CT # 20,Virginia Beach,Virginia,66949,2343.8,Virginia Beach,82642.0,36.8366,-76.15105,2,9,22,4,9268
27982,23456,414900.0,4,3,1696,3825 JOUSTING ARCH,Virginia Beach,Virginia,60158,463.3,Virginia Beach,150363.0,36.73435,-76.03492,3,9,22,4,27201
27873,23451,425000.0,4,3,1600,500 BROOKLYN CT,Virginia Beach,Virginia,43885,857.2,Virginia Beach,136673.0,36.87175,-76.00689,3,9,22,4,27092
28033,23464,449900.0,4,3,2327,5493 BEAUFAIN BLVD,Virginia Beach,Virginia,77139,1786.9,Virginia Beach,108999.0,36.79732,-76.17899,3,9,22,4,27251
9467,23453,297500.0,3,1,1082,1255 NEW LAND DR,Virginia Beach,Virginia,35199,1489.4,Virginia Beach,95447.0,36.785,-76.07679,2,9,22,4,9148
270,23456,724900.0,4,3,2287,2049 GRANDON LOOP RD,Virginia Beach,Virginia,60158,463.3,Virginia Beach,150363.0,36.73435,-76.03492,5,9,22,4,262
9645,23464,259900.0,3,2,1334,1733 WILLOW CREEK CT,Virginia Beach,Virginia,77139,1786.9,Virginia Beach,108999.0,36.79732,-76.17899,2,9,22,4,9325
20203,23453,215000.0,2,1,900,1610 FAIRFAX DR,Virginia Beach,Virginia,35199,1489.4,Virginia Beach,95447.0,36.785,-76.07679,1,9,22,4,19574
5304,23456,625000.0,5,3,3064,2133 BRODEUR LN,Virginia Beach,Virginia,60158,463.3,Virginia Beach,150363.0,36.73435,-76.03492,4,9,22,4,5100
9583,23462,269900.0,4,2,1600,813 TAMARACK CT,Virginia Beach,Virginia,66949,2343.8,Virginia Beach,82642.0,36.8366,-76.15105,2,9,22,4,9263
9559,23456,267635.0,2,2,1293,1732 DROMOLIN DR STE 206,Virginia Beach,Virginia,60158,463.3,Virginia Beach,150363.0,36.73435,-76.03492,2,9,22,4,9239
2749,23451,1095000.0,4,4,2906,2820 CHARLEMAGNE DR,Virginia Beach,Virginia,43885,857.2,Virginia Beach,136673.0,36.87175,-76.00689,8,9,22,4,2637
9529,23455,340000.0,3,2,1976,5505 FROG POND LN,Virginia Beach,Virginia,49826,1267.6,Virginia Beach,108310.0,36.88974,-76.1441,2,9,22,4,9209
27949,23455,390000.0,4,3,2800,4837 LONEWILLOW LN,Virginia Beach,Virginia,49826,1267.6,Virginia Beach,108310.0,36.88974,-76.1441,3,9,22,4,27168
5291,23455,624900.0,4,3,2897,797 HARRIS POINT DR,Virginia Beach,Virginia,49826,1267.6,Virginia Beach,108310.0,36.88974,-76.1441,4,9,22,4,5087
235,23451,750000.0,4,3,2662,2822 CROIX CT,Virginia Beach,Virginia,43885,857.2,Virginia Beach,136673.0,36.87175,-76.00689,5,9,22,4,227
20211,23455,240000.0,3,3,1340,5040 GATEHOUSE WAY,Virginia Beach,Virginia,49826,1267.6,Virginia Beach,108310.0,36.88974,-76.1441,1,9,22,4,19582
20257,23462,139900.0,2,2,957,5619 SUMMIT ARCH,Virginia Beach,Virginia,66949,2343.8,Virginia Beach,82642.0,36.8366,-76.15105,1,9,22,4,19628
244,23451,749900.0,4,4,1912,606 23 1/2 ST,Virginia Beach,Virginia,43885,857.2,Virginia Beach,136673.0,36.87175,-76.00689,5,9,22,4,236
28028,23464,478000.0,4,3,2044,1236 KITTERY DR,Virginia Beach,Virginia,77139,1786.9,Virginia Beach,108999.0,36.79732,-76.17899,3,9,22,4,27246
238,23451,699000.0,3,2,1414,309 34TH ST,Virginia Beach,Virginia,43885,857.2,Virginia Beach,136673.0,36.87175,-76.00689,5,9,22,4,230
27950,23455,449990.0,5,4,3200,5016 MADEIRA RD,Virginia Beach,Virginia,49826,1267.6,Virginia Beach,108310.0,36.88974,-76.1441,3,9,22,4,27169
9482,23454,259900.0,2,2,1215,2428 SEDGEWICK DR,Virginia Beach,Virginia,57942,994.7,Virginia Beach,119364.0,36.83216,-76.02616,2,9,22,4,9163
9403,23451,335000.0,2,2,1100,2313 ESTUARY CT,Virginia Beach,Virginia,43885,857.2,Virginia Beach,136673.0,36.87175,-76.00689,2,9,22,4,9084
282,23456,689900.0,5,3,2600,1009 CAMINO CT,Virginia Beach,Virginia,60158,463.3,Virginia Beach,150363.0,36.73435,-76.03492,5,9,22,4,274
27942,23454,485000.0,4,3,2448,1661 FLAMMARION DR,Virginia Beach,Virginia,57942,994.7,Virginia Beach,119364.0,36.83216,-76.02616,3,9,22,4,27161
20254,23462,134900.0,2,1,816,632 SPIRIT CT,Virginia Beach,Virginia,66949,2343.8,Virginia Beach,82642.0,36.8366,-76.15105,1,9,22,4,19625
27864,23451,475000.0,4,3,2106,708 SEQUOIA WAY,Virginia Beach,Virginia,43885,857.2,Virginia Beach,136673.0,36.87175,-76.00689,3,9,22,4,27083
18345,23456,1000000.0,4,3,2436,2080 PRINCESS ANNE RD,Virginia Beach,Virginia,60158,463.3,Virginia Beach,150363.0,36.73435,-76.03492,7,9,22,4,17766
18330,23456,909900.0,5,3,3270,MM IRIS,Virginia Beach,Virginia,60158,463.3,Virginia Beach,150363.0,36.73435,-76.03492,7,9,22,4,17751
5270,23453,535000.0,5,3,2708,3577 STORM BIRD LOOP,Virginia Beach,Virginia,35199,1489.4,Virginia Beach,95447.0,36.785,-76.07679,4,9,22,4,5066
28007,23462,400000.0,3,3,1770,5553 CONNIE LN,Virginia Beach,Virginia,66949,2343.8,Virginia Beach,82642.0,36.8366,-76.15105,3,9,22,4,27226
3426,23451,769900.0,4,3,2404,MM HARRIET (PROSPERITY AT THE PINES),Virginia Beach,Virginia,43885,857.2,Virginia Beach,136673.0,36.87175,-76.00689,6,9,22,4,3283
20249,23462,250000.0,2,3,1254,4594 GENOA CIR,Virginia Beach,Virginia,66949,2343.8,Virginia Beach,82642.0,36.8366,-76.15105,1,9,22,4,19620
27955,23455,470000.0,4,3,2204,4609 CHIPPENDALE CT,Virginia Beach,Virginia,49826,1267.6,Virginia Beach,108310.0,36.88974,-76.1441,3,9,22,4,27174
5252,23451,519900.0,3,3,1460,832 23RD ST,Virginia Beach,Virginia,43885,857.2,Virginia Beach,136673.0,36.87175,-76.00689,4,9,22,4,5048
9554,23456,335000.0,3,2,1445,3905 SUNSTREAM PKWY,Virginia Beach,Virginia,60158,463.3,Virginia Beach,150363.0,36.73435,-76.03492,2,9,22,4,9234
252,23454,665000.0,5,3,2755,973 GIDEON RD,Virginia Beach,Virginia,57942,994.7,Virginia Beach,119364.0,36.83216,-76.02616,5,9,22,4,244
28040,23464,439990.0,4,3,2002,5412 CAWDOR CIR,Virginia Beach,Virginia,77139,1786.9,Virginia Beach,108999.0,36.79732,-76.17899,3,9,22,4,27258
243,23451,749500.0,3,4,2236,216 71ST ST # A,Virginia Beach,Virginia,43885,857.2,Virginia Beach,136673.0,36.87175,-76.00689,5,9,22,4,235
26786,23451,1235000.0,4,4,2501,7908 ATLANTIC AVE # B,Virginia Beach,Virginia,43885,857.2,Virginia Beach,136673.0,36.87175,-76.00689,9,9,22,4,26031
9409,23451,310000.0,2,3,1258,967 B ST,Virginia Beach,Virginia,43885,857.2,Virginia Beach,136673.0,36.87175,-76.00689,2,9,22,4,9090
9525,23455,278000.0,2,3,1424,1008 FARRCROFT WAY,Virginia Beach,Virginia,49826,1267.6,Virginia Beach,108310.0,36.88974,-76.1441,2,9,22,4,9205
2758,23456,1100000.0,6,4,3600,2325 TIERRA MONTE ARCH,Virginia Beach,Virginia,60158,463.3,Virginia Beach,150363.0,36.73435,-76.03492,8,9,22,4,2646
289,23457,660000.0,4,3,2430,1624 DEERE CT,Virginia Beach,Virginia,4689,26.7,Virginia Beach,117598.0,36.61686,-76.01576,5,9,22,4,281
9560,23456,287455.0,2,2,1293,1724 DROMOLIN DRIVE # 306,Virginia Beach,Virginia,60158,463.3,Virginia Beach,150363.0,36.73435,-76.03492,2,9,22,4,9240
3428,23451,785000.0,2,2,1903,700 ORIOLE DR APT 124A,Virginia Beach,Virginia,43885,857.2,Virginia Beach,136673.0,36.87175,-76.00689,6,9,22,4,3285
5263,23451,539000.0,3,2,1734,2277 CAPE ARBOR DR,Virginia Beach,Virginia,43885,857.2,Virginia Beach,136673.0,36.87175,-76.00689,4,9,22,4,5059
9575,23462,350000.0,4,2,1660,5613 PONTIAC RD,Virginia Beach,Virginia,66949,2343.8,Virginia Beach,82642.0,36.8366,-76.15105,2,9,22,4,9255
3456,23456,775000.0,4,4,2917,1936 TERRAMAR LN,Virginia Beach,Virginia,60158,463.3,Virginia Beach,150363.0,36.73435,-76.03492,6,9,22,4,3313
27929,23454,465000.0,3,2,1500,817 N GREAT NECK RD,Virginia Beach,Virginia,57942,994.7,Virginia Beach,119364.0,36.83216,-76.02616,3,9,22,4,27148
5259,23451,521000.0,3,2,2062,804 PLYMOUTH LN,Virginia Beach,Virginia,43885,857.2,Virginia Beach,136673.0,36.87175,-76.00689,4,9,22,4,5055
2753,23456,1100000.0,4,4,2627,3738 SANDPIPER RD APT 409B,Virginia Beach,Virginia,60158,463.3,Virginia Beach,150363.0,36.73435,-76.03492,8,9,22,4,2641
9620,23462,349900.0,3,3,1550,3586 MARVELL RD,Virginia Beach,Virginia,66949,2343.8,Virginia Beach,82642.0,36.8366,-76.15105,2,9,22,4,9300
9541,23456,300750.0,2,2,1293,1732 DROMOLIN DR STE 205,Virginia Beach,Virginia,60158,463.3,Virginia Beach,150363.0,36.73435,-76.03492,2,9,22,4,9221
3449,23455,799900.0,4,3,2400,4502 CORONET AVE,Virginia Beach,Virginia,49826,1267.6,Virginia Beach,108310.0,36.88974,-76.1441,6,9,22,4,3306
18341,23456,985000.0,5,3,2022,3023 LITTLE ISLAND RD,Virginia Beach,Virginia,60158,463.3,Virginia Beach,150363.0,36.73435,-76.03492,7,9,22,4,17762
9670,23464,355000.0,4,2,1628,1004 PINE FOREST CT,Virginia Beach,Virginia,77139,1786.9,Virginia Beach,108999.0,36.79732,-76.17899,2,9,22,4,9349
5330,23464,520000.0,5,3,2908,1617 TALLWOOD MANOR CT,Virginia Beach,Virginia,77139,1786.9,Virginia Beach,108999.0,36.79732,-76.17899,4,9,22,4,5126
3434,23451,770000.0,2,2,1903,700 ORIOLE DR APT 225A,Virginia Beach,Virginia,43885,857.2,Virginia Beach,136673.0,36.87175,-76.00689,6,9,22,4,3291
5295,23456,549000.0,3,3,2548,2633 WONDERLAND CT,Virginia Beach,Virginia,60158,463.3,Virginia Beach,150363.0,36.73435,-76.03492,4,9,22,4,5091
9455,23453,354900.0,4,3,1664,1353 NESBITT DR,Virginia Beach,Virginia,35199,1489.4,Virginia Beach,95447.0,36.785,-76.07679,2,9,22,4,9136
269,23456,660000.0,4,3,2475,2208 MARTLET LN,Virginia Beach,Virginia,60158,463.3,Virginia Beach,150363.0,36.73435,-76.03492,5,9,22,4,261
9451,23453,354900.0,4,3,2408,1525 HEDGEFIELD LN,Virginia Beach,Virginia,35199,1489.4,Virginia Beach,95447.0,36.785,-76.07679,2,9,22,4,9132
9553,23456,307715.0,2,2,1316,1732 DROMOLIN DR STE 302,Virginia Beach,Virginia,60158,463.3,Virginia Beach,150363.0,36.73435,-76.03492,2,9,22,4,9233
20192,23452,199000.0,3,2,1360,3273 LAKECREST RD,Virginia Beach,Virginia,56854,1451.3,Virginia Beach,110980.0,36.84604,-76.09197,1,9,22,4,19563
5264,23451,519900.0,2,2,1216,2317 MOORING PL,Virginia Beach,Virginia,43885,857.2,Virginia Beach,136673.0,36.87175,-76.00689,4,9,22,4,5060
5260,23451,548000.0,3,3,1930,2950 BALTIC AVE APT 401,Virginia Beach,Virginia,43885,857.2,Virginia Beach,136673.0,36.87175,-76.00689,4,9,22,4,5056
27972,23456,450000.0,3,2,1783,2700 EINSTEIN DR,Virginia Beach,Virginia,60158,463.3,Virginia Beach,150363.0,36.73435,-76.03492,3,9,22,4,27191
9458,23453,270000.0,3,2,1554,1327 PERSHING CT,Virginia Beach,Virginia,35199,1489.4,Virginia Beach,95447.0,36.785,-76.07679,2,9,22,4,9139
28039,23464,384777.0,3,2,1635,968 JOSEPHINE CRES,Virginia Beach,Virginia,77139,1786.9,Virginia Beach,108999.0,36.79732,-76.17899,3,9,22,4,27257
5272,23454,515000.0,4,2,1987,2388 KERR DR,Virginia Beach,Virginia,57942,994.7,Virginia Beach,119364.0,36.83216,-76.02616,4,9,22,4,5068
27908,23452,419900.0,4,3,1994,3772 HARTON RD,Virginia Beach,Virginia,56854,1451.3,Virginia Beach,110980.0,36.84604,-76.09197,3,9,22,4,27127
9609,23462,351998.0,4,2,1523,409 KELLAM RD,Virginia Beach,Virginia,66949,2343.8,Virginia Beach,82642.0,36.8366,-76.15105,2,9,22,4,9289
9502,23455,320000.0,3,3,1600,5333 PANDORIA AVE,Virginia Beach,Virginia,49826,1267.6,Virginia Beach,108310.0,36.88974,-76.1441,2,9,22,4,9183
272,23456,688000.0,4,3,2800,3345 INDIAN RIVER RD,Virginia Beach,Virginia,60158,463.3,Virginia Beach,150363.0,36.73435,-76.03492,5,9,22,4,264
9494,23454,280000.0,4,2,1248,1427 GOLDFINCH LN,Virginia Beach,Virginia,57942,994.7,Virginia Beach,119364.0,36.83216,-76.02616,2,9,22,4,9175
9517,23455,359900.0,2,2,957,3558 SHORE DR APT 607,Virginia Beach,Virginia,49826,1267.6,Virginia Beach,108310.0,36.88974,-76.1441,2,9,22,4,9198
9634,23464,299900.0,3,2,1240,1651 MILL OAK DR,Virginia Beach,Virginia,77139,1786.9,Virginia Beach,108999.0,36.79732,-76.17899,2,9,22,4,9314
9643,23464,320000.0,3,2,1492,1245 LORD DUNMORE DR,Virginia Beach,Virginia,77139,1786.9,Virginia Beach,108999.0,36.79732,-76.17899,2,9,22,4,9323
9420,23452,322900.0,3,3,1784,4031 WYCKOFF DR,Virginia Beach,Virginia,56854,1451.3,Virginia Beach,110980.0,36.84604,-76.09197,2,9,22,4,9101
27927,23454,495000.0,4,2,1987,2069 TOWNFIELD LN,Virginia Beach,Virginia,57942,994.7,Virginia Beach,119364.0,36.83216,-76.02616,3,9,22,4,27146
249,23452,749900.0,5,3,3411,797 COVERDALE CT,Virginia Beach,Virginia,56854,1451.3,Virginia Beach,110980.0,36.84604,-76.09197,5,9,22,4,241
28045,23464,399500.0,4,3,2000,1080 AUTUMN HARVEST DR,Virginia Beach,Virginia,77139,1786.9,Virginia Beach,108999.0,36.79732,-76.17899,3,9,22,4,27263
9433,23452,334900.0,3,2,1800,3248 LAKECREST RD,Virginia Beach,Virginia,56854,1451.3,Virginia Beach,110980.0,36.84604,-76.09197,2,9,22,4,9114
9653,23464,340000.0,3,3,1810,5757 LUCK LN,Virginia Beach,Virginia,77139,1786.9,Virginia Beach,108999.0,36.79732,-76.17899,2,9,22,4,9333
20187,23452,249900.0,3,2,1208,801 KINGS ARMS DR,Virginia Beach,Virginia,56854,1451.3,Virginia Beach,110980.0,36.84604,-76.09197,1,9,22,4,19558
18317,23454,979900.0,5,5,4236,1508 MIRASSOU LN,Virginia Beach,Virginia,57942,994.7,Virginia Beach,119364.0,36.83216,-76.02616,7,9,22,4,17738
9463,23453,320000.0,3,2,1318,3438 DANDELION CRES,Virginia Beach,Virginia,35199,1489.4,Virginia Beach,95447.0,36.785,-76.07679,2,9,22,4,9144
20214,23455,239000.0,3,1,1092,4833 SULLIVAN BLVD,Virginia Beach,Virginia,49826,1267.6,Virginia Beach,108310.0,36.88974,-76.1441,1,9,22,4,19585
27876,23451,484900.0,2,2,1200,211 57TH ST # A,Virginia Beach,Virginia,43885,857.2,Virginia Beach,136673.0,36.87175,-76.00689,3,9,22,4,27095
27892,23452,425000.0,4,3,2015,3620 BRITT TER,Virginia Beach,Virginia,56854,1451.3,Virginia Beach,110980.0,36.84604,-76.09197,3,9,22,4,27111
18318,23454,995000.0,5,3,2533,1529 BAY POINT DR,Virginia Beach,Virginia,57942,994.7,Virginia Beach,119364.0,36.83216,-76.02616,7,9,22,4,17739
9564,23456,375000.0,3,3,1743,1876 RIVER ROCK ARCH,Virginia Beach,Virginia,60158,463.3,Virginia Beach,150363.0,36.73435,-76.03492,2,9,22,4,9244
20180,23451,255000.0,2,2,1000,1120 INDIAN RD,Virginia Beach,Virginia,43885,857.2,Virginia Beach,136673.0,36.87175,-76.00689,1,9,22,4,19551
2748,23451,1100000.0,5,4,2300,483 SOUTHSIDE RD,Virginia Beach,Virginia,43885,857.2,Virginia Beach,136673.0,36.87175,-76.00689,8,9,22,4,2636
9630,23462,369369.0,4,4,2200,912 BUCKHURST LN,Virginia Beach,Virginia,66949,2343.8,Virginia Beach,82642.0,36.8366,-76.15105,2,9,22,4,9310
27932,23454,445000.0,4,3,2113,1020 TORNGAT CT,Virginia Beach,Virginia,57942,994.7,Virginia Beach,119364.0,36.83216,-76.02616,3,9,22,4,27151
9489,23454,260000.0,2,2,1278,332 RIVER FOREST RD,Virginia Beach,Virginia,57942,994.7,Virginia Beach,119364.0,36.83216,-76.02616,2,9,22,4,9170
27882,23451,399900.0,2,3,1600,2905 BENTE WAY # 3,Virginia Beach,Virginia,43885,857.2,Virginia Beach,136673.0,36.87175,-76.00689,3,9,22,4,27101
5293,23456,550000.0,3,3,2369,2953 ELEGANCE LN,Virginia Beach,Virginia,60158,463.3,Virginia Beach,150363.0,36.73435,-76.03492,4,9,22,4,5089
9389,23451,324900.0,2,2,1125,2325 SEA SHELL RD APT 107,Virginia Beach,Virginia,43885,857.2,Virginia Beach,136673.0,36.87175,-76.00689,2,9,22,4,9070
20196,23453,220000.0,2,2,1148,3836 LASALLE DR APT 110,Virginia Beach,Virginia,35199,1489.4,Virginia Beach,95447.0,36.785,-76.07679,1,9,22,4,19567
9547,23456,300000.0,5,3,2600,1409 TAPSCOTT CT,Virginia Beach,Virginia,60158,463.3,Virginia Beach,150363.0,36.73435,-76.03492,2,9,22,4,9227
28019,23464,449900.0,4,3,2100,1649 KILT ST,Virginia Beach,Virginia,77139,1786.9,Virginia Beach,108999.0,36.79732,-76.17899,3,9,22,4,27238
9460,23453,319900.0,3,2,1309,1320 PIERSIDE CT,Virginia Beach,Virginia,35199,1489.4,Virginia Beach,95447.0,36.785,-76.07679,2,9,22,4,9141
5326,23464,509000.0,4,3,2450,1129 OLIVE RD,Virginia Beach,Virginia,77139,1786.9,Virginia Beach,108999.0,36.79732,-76.17899,4,9,22,4,5122
9500,23455,285000.0,3,1,1125,1928 KING WILLIAM RD,Virginia Beach,Virginia,49826,1267.6,Virginia Beach,108310.0,36.88974,-76.1441,2,9,22,4,9181
28035,23464,450000.0,4,3,2316,816 AQUEDUCT CT,Virginia Beach,Virginia,77139,1786.9,Virginia Beach,108999.0,36.79732,-76.17899,3,9,22,4,27253
18336,23456,890000.0,3,3,1782,3738 SANDPIPER RD APT 106B,Virginia Beach,Virginia,60158,463.3,Virginia Beach,150363.0,36.73435,-76.03492,7,9,22,4,17757
5311,23456,559000.0,3,3,2139,2624 HIGHLAND MEADOWS WAY,Virginia Beach,Virginia,60158,463.3,Virginia Beach,150363.0,36.73435,-76.03492,4,9,22,4,5107
20218,23456,229900.0,2,1,1124,4117 LAUREL GREEN CIR,Virginia Beach,Virginia,60158,463.3,Virginia Beach,150363.0,36.73435,-76.03492,1,9,22,4,19589
256,23454,659000.0,5,3,2618,1349 BAYCLIFF DR,Virginia Beach,Virginia,57942,994.7,Virginia Beach,119364.0,36.83216,-76.02616,5,9,22,4,248
9649,23464,269000.0,3,2,1300,1323 LONGLAC RD,Virginia Beach,Virginia,77139,1786.9,Virginia Beach,108999.0,36.79732,-76.17899,2,9,22,4,9329
27975,23456,415000.0,3,3,2061,1141 EAGLE WAY,Virginia Beach,Virginia,60158,463.3,Virginia Beach,150363.0,36.73435,-76.03492,3,9,22,4,27194
9511,23455,375000.0,3,2,1449,1441 LAKESIDE RD,Virginia Beach,Virginia,49826,1267.6,Virginia Beach,108310.0,36.88974,-76.1441,2,9,22,4,9192
233,23451,699900.0,3,4,2264,3217 HUNTWICK LN,Virginia Beach,Virginia,43885,857.2,Virginia Beach,136673.0,36.87175,-76.00689,5,9,22,4,225
9454,23453,324777.0,3,2,1272,2844 BAMBERG PL,Virginia Beach,Virginia,35199,1489.4,Virginia Beach,95447.0,36.785,-76.07679,2,9,22,4,9135
28004,23462,495000.0,4,3,2597,229 OAKENGATE TURN,Virginia Beach,Virginia,66949,2343.8,Virginia Beach,82642.0,36.8366,-76.15105,3,9,22,4,27223
9675,23464,285000.0,3,3,1316,5828 LUDINGTON DR,Virginia Beach,Virginia,77139,1786.9,Virginia Beach,108999.0,36.79732,-76.17899,2,9,22,4,9354
9486,23454,295000.0,3,1,1063,225 LAVERGNE LN,Virginia Beach,Virginia,57942,994.7,Virginia Beach,119364.0,36.83216,-76.02616,2,9,22,4,9167
9599,23462,303000.0,3,1,1100,620 SPOONER RD,Virginia Beach,Virginia,66949,2343.8,Virginia Beach,82642.0,36.8366,-76.15105,2,9,22,4,9279
9466,23453,364900.0,4,2,1490,1401 WATERBURY PL,Virginia Beach,Virginia,35199,1489.4,Virginia Beach,95447.0,36.785,-76.07679,2,9,22,4,9147
5298,23456,534900.0,3,3,2742,3057 CADENCE WAY,Virginia Beach,Virginia,60158,463.3,Virginia Beach,150363.0,36.73435,-76.03492,4,9,22,4,5094
27954,23455,384900.0,4,2,1763,5525 MERNER LN,Virginia Beach,Virginia,49826,1267.6,Virginia Beach,108310.0,36.88974,-76.1441,3,9,22,4,27173
9416,23452,300000.0,3,2,1712,213 HOSPITAL DR,Virginia Beach,Virginia,56854,1451.3,Virginia Beach,110980.0,36.84604,-76.09197,2,9,22,4,9097
9423,23452,320000.0,4,2,1265,3024 COBBLESTONE DR,Virginia Beach,Virginia,56854,1451.3,Virginia Beach,110980.0,36.84604,-76.09197,2,9,22,4,9104
9563,23456,337715.0,2,2,1316,1732 DROMOLIN DR STE 307,Virginia Beach,Virginia,60158,463.3,Virginia Beach,150363.0,36.73435,-76.03492,2,9,22,4,9243
27953,23455,499900.0,4,2,2432,5157 SHENSTONE DR,Virginia Beach,Virginia,49826,1267.6,Virginia Beach,108310.0,36.88974,-76.1441,3,9,22,4,27172
20215,23456,230000.0,2,2,1017,4137 LAUREL GREEN CIR,Virginia Beach,Virginia,60158,463.3,Virginia Beach,150363.0,36.73435,-76.03492,1,9,22,4,19586
27896,23452,389000.0,5,3,2316,3049 CAPITAL HILL LN,Virginia Beach,Virginia,56854,1451.3,Virginia Beach,110980.0,36.84604,-76.09197,3,9,22,4,27115
3451,23456,850000.0,3,4,2243,3700 SANDPIPER RD APT 409,Virginia Beach,Virginia,60158,463.3,Virginia Beach,150363.0,36.73435,-76.03492,6,9,22,4,3308
242,23451,759900.0,4,3,2219,1341 NARROW WAY,Virginia Beach,Virginia,43885,857.2,Virginia Beach,136673.0,36.87175,-76.00689,5,9,22,4,234
3447,23455,809900.0,4,4,2473,2356 MADISON AVE,Virginia Beach,Virginia,49826,1267.6,Virginia Beach,108310.0,36.88974,-76.1441,6,9,22,4,3304
5258,23451,589900.0,4,2,1842,1337 BRANT RD,Virginia Beach,Virginia,43885,857.2,Virginia Beach,136673.0,36.87175,-76.00689,4,9,22,4,5054
9417,23452,326999.0,4,2,1678,3513 GOOD HOPE RD,Virginia Beach,Virginia,56854,1451.3,Virginia Beach,110980.0,36.84604,-76.09197,2,9,22,4,9098
27943,23454,382500.0,3,2,1300,445 W PLANTATION RD,Virginia Beach,Virginia,57942,994.7,Virginia Beach,119364.0,36.83216,-76.02616,3,9,22,4,27162
9468,23453,310000.0,3,2,1400,3505 DANDELION CRES,Virginia Beach,Virginia,35199,1489.4,Virginia Beach,95447.0,36.785,-76.07679,2,9,22,4,9149
27903,23452,405000.0,3,3,1900,213 THALIA RD,Virginia Beach,Virginia,56854,1451.3,Virginia Beach,110980.0,36.84604,-76.09197,3,9,22,4,27122
9436,23452,274900.0,3,1,1248,225 MARLENE ST,Virginia Beach,Virginia,56854,1451.3,Virginia Beach,110980.0,36.84604,-76.09197,2,9,22,4,9117
20258,23464,249900.0,3,3,1400,1313 HAFFORD RD,Virginia Beach,Virginia,77139,1786.9,Virginia Beach,108999.0,36.79732,-76.17899,1,9,22,4,19629
9561,23456,340570.0,2,2,1316,1724 DROMOLIN DR STE 107,Virginia Beach,Virginia,60158,463.3,Virginia Beach,150363.0,36.73435,-76.03492,2,9,22,4,9241
27897,23452,425000.0,3,2,1567,513 BOSWELL CT,Virginia Beach,Virginia,56854,1451.3,Virginia Beach,110980.0,36.84604,-76.09197,3,9,22,4,27116
9615,23462,355000.0,4,4,1815,221 FELDSPAR ST,Virginia Beach,Virginia,66949,2343.8,Virginia Beach,82642.0,36.8366,-76.15105,2,9,22,4,9295
9604,23462,302500.0,3,3,1600,229 MANNINGS LN,Virginia Beach,Virginia,66949,2343.8,Virginia Beach,82642.0,36.8366,-76.15105,2,9,22,4,9284
258,23455,650000.0,3,4,2600,4628 LOOKOUT RD,Virginia Beach,Virginia,49826,1267.6,Virginia Beach,108310.0,36.88974,-76.1441,5,9,22,4,250
20200,23453,199900.0,2,2,1126,1300 IVYWOOD RD,Virginia Beach,Virginia,35199,1489.4,Virginia Beach,95447.0,36.785,-76.07679,1,9,22,4,19571
27877,23451,455000.0,2,2,1217,2300 BEACH HAVEN DR APT 203,Virginia Beach,Virginia,43885,857.2,Virginia Beach,136673.0,36.87175,-76.00689,3,9,22,4,27096
9504,23455,308000.0,4,3,1982,4817 HONEYGROVE RD,Virginia Beach,Virginia,49826,1267.6,Virginia Beach,108310.0,36.88974,-76.1441,2,9,22,4,9185
9626,23462,320000.0,3,3,2146,4784 KEMPSVILLE GREENS PKWY,Virginia Beach,Virginia,66949,2343.8,Virginia Beach,82642.0,36.8366,-76.15105,2,9,22,4,9306
9618,23462,374999.0,4,2,1556,5816 SUSQUEHANNA DR,Virginia Beach,Virginia,66949,2343.8,Virginia Beach,82642.0,36.8366,-76.15105,2,9,22,4,9298
27976,23456,425000.0,4,3,1954,3108 CROSSTIMBER WAY,Virginia Beach,Virginia,60158,463.3,Virginia Beach,150363.0,36.73435,-76.03492,3,9,22,4,27195
241,23451,749900.0,3,3,2230,509 VIRGINIA AVE,Virginia Beach,Virginia,43885,857.2,Virginia Beach,136673.0,36.87175,-76.00689,5,9,22,4,233
9508,23455,335000.0,2,3,1424,1256 FOURSOME LN,Virginia Beach,Virginia,49826,1267.6,Virginia Beach,108310.0,36.88974,-76.1441,2,9,22,4,9189
9538,23456,309990.0,3,3,1440,3924 MORNING VIEW DR,Virginia Beach,Virginia,60158,463.3,Virginia Beach,150363.0,36.73435,-76.03492,2,9,22,4,9218
27894,23452,400000.0,3,3,1733,111 N BUDDING AVE,Virginia Beach,Virginia,56854,1451.3,Virginia Beach,110980.0,36.84604,-76.09197,3,9,22,4,27113
9459,23453,275000.0,3,2,1272,1428 CANADIAN CT,Virginia Beach,Virginia,35199,1489.4,Virginia Beach,95447.0,36.785,-76.07679,2,9,22,4,9140
36410,23456,1289349.0,6,6,4772,2844 BATTEN ARCH,Virginia Beach,Virginia,60158,463.3,Virginia Beach,150363.0,36.73435,-76.03492,10,9,22,4,35370
20243,23462,249000.0,2,3,1254,102 SEASIDE LN,Virginia Beach,Virginia,66949,2343.8,Virginia Beach,82642.0,36.8366,-76.15105,1,9,22,4,19614
26793,23456,1150000.0,4,4,2627,3738 SANDPIPER RD APT 407B,Virginia Beach,Virginia,60158,463.3,Virginia Beach,150363.0,36.73435,-76.03492,9,9,22,4,26038
9430,23452,324000.0,4,2,1561,3252 CLUB HOUSE RD,Virginia Beach,Virginia,56854,1451.3,Virginia Beach,110980.0,36.84604,-76.09197,2,9,22,4,9111
245,23451,739000.0,2,2,1903,700 ORIOLE DR APT 223A,Virginia Beach,Virginia,43885,857.2,Virginia Beach,136673.0,36.87175,-76.00689,5,9,22,4,237
9614,23462,285000.0,2,3,1458,537 MULLIGAN DR,Virginia Beach,Virginia,66949,2343.8,Virginia Beach,82642.0,36.8366,-76.15105,2,9,22,4,9294
3452,23456,875000.0,5,4,4395,3164 COOPERS ARCH,Virginia Beach,Virginia,60158,463.3,Virginia Beach,150363.0,36.73435,-76.03492,6,9,22,4,3309
20213,23455,215000.0,2,2,1046,5273 MILE COURSE WALK,Virginia Beach,Virginia,49826,1267.6,Virginia Beach,108310.0,36.88974,-76.1441,1,9,22,4,19584
18347,23456,934900.0,5,5,3690,MM PRINCETON,Virginia Beach,Virginia,60158,463.3,Virginia Beach,150363.0,36.73435,-76.03492,7,9,22,4,17768
20204,23453,229000.0,2,2,1162,1429 IVYWOOD RD # 2,Virginia Beach,Virginia,35199,1489.4,Virginia Beach,95447.0,36.785,-76.07679,1,9,22,4,19575
20219,23456,250000.0,3,2,1326,2605 SALEM RD,Virginia Beach,Virginia,60158,463.3,Virginia Beach,150363.0,36.73435,-76.03492,1,9,22,4,19590
36411,23456,1369000.0,5,5,3588,2401 SABINA WAY,Virginia Beach,Virginia,60158,463.3,Virginia Beach,150363.0,36.73435,-76.03492,10,9,22,4,35371
20198,23453,180000.0,2,2,904,3536 DUBLIN CT,Virginia Beach,Virginia,35199,1489.4,Virginia Beach,95447.0,36.785,-76.07679,1,9,22,4,19569
9678,23464,320000.0,4,2,1357,1320 MILLINGTON CT,Virginia Beach,Virginia,77139,1786.9,Virginia Beach,108999.0,36.79732,-76.17899,2,9,22,4,9357
3442,23454,875000.0,4,3,2771,1513 LAYDEN COVE WAY,Virginia Beach,Virginia,57942,994.7,Virginia Beach,119364.0,36.83216,-76.02616,6,9,22,4,3299
26794,23456,1156495.0,5,4,3984,2817 WESTON LOOP,Virginia Beach,Virginia,60158,463.3,Virginia Beach,150363.0,36.73435,-76.03492,9,9,22,4,26039
28018,23464,394000.0,3,2,1868,800 CHARLAN PL,Virginia Beach,Virginia,77139,1786.9,Virginia Beach,108999.0,36.79732,-76.17899,3,9,22,4,27237
9397,23451,379000.0,1,2,960,3300 OCEAN SHORE AVE APT 1407,Virginia Beach,Virginia,43885,857.2,Virginia Beach,136673.0,36.87175,-76.00689,2,9,22,4,9078
28044,23464,490000.0,5,3,2632,700 ROLO LN,Virginia Beach,Virginia,77139,1786.9,Virginia Beach,108999.0,36.79732,-76.17899,3,9,22,4,27262
20266,23464,180000.0,2,1,977,1427 OLIVEWOOD CT,Virginia Beach,Virginia,77139,1786.9,Virginia Beach,108999.0,36.79732,-76.17899,1,9,22,4,19637
18327,23456,889900.0,5,4,3496,MM ROSELEIGH IL (ASHVILLE PARK),Virginia Beach,Virginia,60158,463.3,Virginia Beach,150363.0,36.73435,-76.03492,7,9,22,4,17748
3445,23455,795000.0,4,4,2400,3710 W STRATFORD RD,Virginia Beach,Virginia,49826,1267.6,Virginia Beach,108310.0,36.88974,-76.1441,6,9,22,4,3302
5306,23456,530000.0,4,3,2406,2816 LIVINGSTON LOOP,Virginia Beach,Virginia,60158,463.3,Virginia Beach,150363.0,36.73435,-76.03492,4,9,22,4,5102
9593,23462,300000.0,3,3,1600,319 GAMBRILL CT,Virginia Beach,Virginia,66949,2343.8,Virginia Beach,82642.0,36.8366,-76.15105,2,9,22,4,9273
9595,23462,274900.0,2,3,1416,4811 HAYMARKET DR,Virginia Beach,Virginia,66949,2343.8,Virginia Beach,82642.0,36.8366,-76.15105,2,9,22,4,9275
9495,23454,334900.0,3,3,1616,604 SHEAFE CT,Virginia Beach,Virginia,57942,994.7,Virginia Beach,119364.0,36.83216,-76.02616,2,9,22,4,9176
9450,23453,263000.0,3,3,1261,3711 SYLVAN LN,Virginia Beach,Virginia,35199,1489.4,Virginia Beach,95447.0,36.785,-76.07679,2,9,22,4,9131
20201,23453,235000.0,2,2,1250,1310 WINDMILL POINT CRES,Virginia Beach,Virginia,35199,1489.4,Virginia Beach,95447.0,36.785,-76.07679,1,9,22,4,19572
27891,23452,425000.0,4,3,2068,665 E CORAL KY,Virginia Beach,Virginia,56854,1451.3,Virginia Beach,110980.0,36.84604,-76.09197,3,9,22,4,27110
9640,23464,300000.0,5,3,2050,5333 TUZA LN,Virginia Beach,Virginia,77139,1786.9,Virginia Beach,108999.0,36.79732,-76.17899,2,9,22,4,9320
9624,23462,349900.0,2,3,2080,4601 TOTTERIDGE LN,Virginia Beach,Virginia,66949,2343.8,Virginia Beach,82642.0,36.8366,-76.15105,2,9,22,4,9304
9586,23462,285000.0,3,3,1412,4305 GADWALL PL,Virginia Beach,Virginia,66949,2343.8,Virginia Beach,82642.0,36.8366,-76.15105,2,9,22,4,9266
28013,23462,434900.0,4,3,2379,433 EDWIN DR,Virginia Beach,Virginia,66949,2343.8,Virginia Beach,82642.0,36.8366,-76.15105,3,9,22,4,27232
9654,23464,299900.0,3,2,1168,1205 SADDLEBRED DR,Virginia Beach,Virginia,77139,1786.9,Virginia Beach,108999.0,36.79732,-76.17899,2,9,22,4,9334
5318,23457,523000.0,4,2,1824,1448 GUM BRIDGE RD,Virginia Beach,Virginia,4689,26.7,Virginia Beach,117598.0,36.61686,-76.01576,4,9,22,4,5114
9428,23452,350000.0,4,2,1561,408 LINEBERRY RD,Virginia Beach,Virginia,56854,1451.3,Virginia Beach,110980.0,36.84604,-76.09197,2,9,22,4,9109
18342,23456,1015000.0,6,5,4500,1817 CHAMPION CIR,Virginia Beach,Virginia,60158,463.3,Virginia Beach,150363.0,36.73435,-76.03492,7,9,22,4,17763
5307,23456,509220.0,4,4,2405,2421 DUNNING ARCH,Virginia Beach,Virginia,60158,463.3,Virginia Beach,150363.0,36.73435,-76.03492,4,9,22,4,5103
9490,23454,280000.0,2,3,1400,2024 HARDWICK CT,Virginia Beach,Virginia,57942,994.7,Virginia Beach,119364.0,36.83216,-76.02616,2,9,22,4,9171
9613,23462,315000.0,3,3,1416,4761 OPEN GREENS DR,Virginia Beach,Virginia,66949,2343.8,Virginia Beach,82642.0,36.8366,-76.15105,2,9,22,4,9293
2756,23456,1070565.0,5,5,3846,1805 MALVERN DRIVE,Virginia Beach,Virginia,60158,463.3,Virginia Beach,150363.0,36.73435,-76.03492,8,9,22,4,2644
9480,23454,300000.0,3,2,1439,1404 NIGHTINGALE WAY,Virginia Beach,Virginia,57942,994.7,Virginia Beach,119364.0,36.83216,-76.02616,2,9,22,4,9161
9669,23464,339000.0,3,2,1552,5896 GLEN VIEW DR,Virginia Beach,Virginia,77139,1786.9,Virginia Beach,108999.0,36.79732,-76.17899,2,9,22,4,9348
27944,23454,499900.0,4,2,1858,908 STORM LAKE DR,Virginia Beach,Virginia,57942,994.7,Virginia Beach,119364.0,36.83216,-76.02616,3,9,22,4,27163
20237,23462,187900.0,2,2,990,5477 DAVIS WAY,Virginia Beach,Virginia,66949,2343.8,Virginia Beach,82642.0,36.8366,-76.15105,1,9,22,4,19608
27966,23456,500000.0,4,3,2408,1828 SUMMERHEDGE CLOSE,Virginia Beach,Virginia,60158,463.3,Virginia Beach,150363.0,36.73435,-76.03492,3,9,22,4,27185
9674,23464,347000.0,3,3,1566,920 SANDERLIN LN,Virginia Beach,Virginia,77139,1786.9,Virginia Beach,108999.0,36.79732,-76.17899,2,9,22,4,9353
9580,23462,377000.0,4,3,1793,5220 OINTMENT LN,Virginia Beach,Virginia,66949,2343.8,Virginia Beach,82642.0,36.8366,-76.15105,2,9,22,4,9260
9565,23456,277455.0,2,2,1293,1724 DROMOLIN DR STE 305,Virginia Beach,Virginia,60158,463.3,Virginia Beach,150363.0,36.73435,-76.03492,2,9,22,4,9245
9556,23456,315000.0,3,2,1143,1716 STAR CT,Virginia Beach,Virginia,60158,463.3,Virginia Beach,150363.0,36.73435,-76.03492,2,9,22,4,9236
9594,23462,317900.0,4,1,1203,657 TYSON RD,Virginia Beach,Virginia,66949,2343.8,Virginia Beach,82642.0,36.8366,-76.15105,2,9,22,4,9274
9668,23464,341500.0,3,2,1551,1449 THAMESFORD DR,Virginia Beach,Virginia,77139,1786.9,Virginia Beach,108999.0,36.79732,-76.17899,2,9,22,4,9347
3446,23455,795000.0,4,4,2400,3708 W STRATFORD RD,Virginia Beach,Virginia,49826,1267.6,Virginia Beach,108310.0,36.88974,-76.1441,6,9,22,4,3303
5296,23456,520080.0,4,4,2342,2413 DUNNING ARCH,Virginia Beach,Virginia,60158,463.3,Virginia Beach,150363.0,36.73435,-76.03492,4,9,22,4,5092
9405,23451,257000.0,1,1,550,500 PACIFIC AVE UNIT 506,Virginia Beach,Virginia,43885,857.2,Virginia Beach,136673.0,36.87175,-76.00689,2,9,22,4,9086
9402,23451,264900.0,3,2,1030,1000 BARNACLE CT,Virginia Beach,Virginia,43885,857.2,Virginia Beach,136673.0,36.87175,-76.00689,2,9,22,4,9083
36405,23451,1299900.0,5,4,3667,702 VANDERBILT AVE,Virginia Beach,Virginia,43885,857.2,Virginia Beach,136673.0,36.87175,-76.00689,10,9,22,4,35365
9566,23456,352000.0,3,2,1778,2689 BROWNING DR,Virginia Beach,Virginia,60158,463.3,Virginia Beach,150363.0,36.73435,-76.03492,2,9,22,4,9246
20245,23462,207000.0,2,1,1045,590 PEREGRINE ST,Virginia Beach,Virginia,66949,2343.8,Virginia Beach,82642.0,36.8366,-76.15105,1,9,22,4,19616
5267,23453,520000.0,5,4,2400,3584 STORM BIRD LOOP,Virginia Beach,Virginia,35199,1489.4,Virginia Beach,95447.0,36.785,-76.07679,4,9,22,4,5063
9438,23452,345000.0,3,2,1080,516 BALDWIN ST,Virginia Beach,Virginia,56854,1451.3,Virginia Beach,110980.0,36.84604,-76.09197,2,9,22,4,9119
18337,23456,949000.0,5,4,2970,2865 BLUEBILL DR,Virginia Beach,Virginia,60158,463.3,Virginia Beach,150363.0,36.73435,-76.03492,7,9,22,4,17758
20205,23454,239900.0,2,2,921,2333 LONDON POINTE DR,Virginia Beach,Virginia,57942,994.7,Virginia Beach,119364.0,36.83216,-76.02616,1,9,22,4,19576
5266,23452,550000.0,5,3,2400,801 ARROW CIR,Virginia Beach,Virginia,56854,1451.3,Virginia Beach,110980.0,36.84604,-76.09197,4,9,22,4,5062
260,23455,699000.0,3,4,1846,3630 E STRATFORD RD,Virginia Beach,Virginia,49826,1267.6,Virginia Beach,108310.0,36.88974,-76.1441,5,9,22,4,252
28006,23462,385000.0,3,2,1449,233 BOWMAN RD,Virginia Beach,Virginia,66949,2343.8,Virginia Beach,82642.0,36.8366,-76.15105,3,9,22,4,27225
27968,23456,430000.0,4,3,2033,4317 DERBY WHARF DR,Virginia Beach,Virginia,60158,463.3,Virginia Beach,150363.0,36.73435,-76.03492,3,9,22,4,27187
5274,23454,599900.0,4,3,2100,1321 MARTINE CT,Virginia Beach,Virginia,57942,994.7,Virginia Beach,119364.0,36.83216,-76.02616,4,9,22,4,5070
27925,23453,489000.0,4,3,2385,1745 MADISON CROSSING LN,Virginia Beach,Virginia,35199,1489.4,Virginia Beach,95447.0,36.785,-76.07679,3,9,22,4,27144
9521,23455,310000.0,3,2,2000,1925 KING WILLIAM RD,Virginia Beach,Virginia,49826,1267.6,Virginia Beach,108310.0,36.88974,-76.1441,2,9,22,4,9202
20195,23453,245000.0,3,2,1755,1209 BLUE JAY DR,Virginia Beach,Virginia,35199,1489.4,Virginia Beach,95447.0,36.785,-76.07679,1,9,22,4,19566
28046,23464,409900.0,4,3,2024,940 ADELPHI RD,Virginia Beach,Virginia,77139,1786.9,Virginia Beach,108999.0,36.79732,-76.17899,3,9,22,4,27264
9462,23453,304900.0,3,2,1095,3860 FOXGLOVE CT,Virginia Beach,Virginia,35199,1489.4,Virginia Beach,95447.0,36.785,-76.07679,2,9,22,4,9143
18328,23456,985000.0,6,6,4600,809 DASA LEO CT,Virginia Beach,Virginia,60158,463.3,Virginia Beach,150363.0,36.73435,-76.03492,7,9,22,4,17749
9584,23462,289000.0,3,2,1550,416 KELLAM RD,Virginia Beach,Virginia,66949,2343.8,Virginia Beach,82642.0,36.8366,-76.15105,2,9,22,4,9264
5289,23455,559000.0,4,3,2450,3708 E STRATFORD RD # B,Virginia Beach,Virginia,49826,1267.6,Virginia Beach,108310.0,36.88974,-76.1441,4,9,22,4,5085
18329,23456,956899.0,4,4,3734,2808 WESTON LOOP,Virginia Beach,Virginia,60158,463.3,Virginia Beach,150363.0,36.73435,-76.03492,7,9,22,4,17750
9557,23456,307535.0,2,2,1316,1724 DROMOLIN DRIVE # 308,Virginia Beach,Virginia,60158,463.3,Virginia Beach,150363.0,36.73435,-76.03492,2,9,22,4,9237
3438,23454,834900.0,4,4,2676,1721 MIDDLEMOST KY,Virginia Beach,Virginia,57942,994.7,Virginia Beach,119364.0,36.83216,-76.02616,6,9,22,4,3295
9470,23453,296000.0,3,3,1534,1130 OLD CLUBHOUSE RD,Virginia Beach,Virginia,35199,1489.4,Virginia Beach,95447.0,36.785,-76.07679,2,9,22,4,9151
9535,23456,360000.0,3,3,1680,4035 PERIDOT DR,Virginia Beach,Virginia,60158,463.3,Virginia Beach,150363.0,36.73435,-76.03492,2,9,22,4,9215
27907,23452,400000.0,3,2,1300,4160 RUNDEL LN,Virginia Beach,Virginia,56854,1451.3,Virginia Beach,110980.0,36.84604,-76.09197,3,9,22,4,27126
9501,23455,325000.0,3,2,1371,1348 DUNCAN LN,Virginia Beach,Virginia,49826,1267.6,Virginia Beach,108310.0,36.88974,-76.1441,2,9,22,4,9182
9573,23462,360000.0,4,4,1749,253 CARNELIAN ST,Virginia Beach,Virginia,66949,2343.8,Virginia Beach,82642.0,36.8366,-76.15105,2,9,22,4,9253
5271,23454,559000.0,3,2,1959,1257 PARKSIDE PL,Virginia Beach,Virginia,57942,994.7,Virginia Beach,119364.0,36.83216,-76.02616,4,9,22,4,5067
9608,23462,288000.0,3,3,1572,5011 AMBOY CT,Virginia Beach,Virginia,66949,2343.8,Virginia Beach,82642.0,36.8366,-76.15105,2,9,22,4,9288
27865,23451,399000.0,1,1,602,315 34 1/2 ST # A,Virginia Beach,Virginia,43885,857.2,Virginia Beach,136673.0,36.87175,-76.00689,3,9,22,4,27084
28042,23464,399900.0,3,2,2000,6105 CHARLECOTE CIR,Virginia Beach,Virginia,77139,1786.9,Virginia Beach,108999.0,36.79732,-76.17899,3,9,22,4,27260
2752,23456,1112000.0,3,3,2330,304 BLUEFISH LN,Virginia Beach,Virginia,60158,463.3,Virginia Beach,150363.0,36.73435,-76.03492,8,9,22,4,2640
18340,23456,954017.0,4,4,3734,2820 BATTEN ARC,Virginia Beach,Virginia,60158,463.3,Virginia Beach,150363.0,36.73435,-76.03492,7,9,22,4,17761
5322,23462,535000.0,5,4,2901,5504 CONNIE LN,Virginia Beach,Virginia,66949,2343.8,Virginia Beach,82642.0,36.8366,-76.15105,4,9,22,4,5118
27988,23456,439000.0,4,4,2005,4264 DERBY WHARF DR,Virginia Beach,Virginia,60158,463.3,Virginia Beach,150363.0,36.73435,-76.03492,3,9,22,4,27207
28016,23464,434900.0,4,3,2424,6016 CAPITAL PL,Virginia Beach,Virginia,77139,1786.9,Virginia Beach,108999.0,36.79732,-76.17899,3,9,22,4,27235
9576,23462,297000.0,3,1,1248,1104 CAYENNE CT,Virginia Beach,Virginia,66949,2343.8,Virginia Beach,82642.0,36.8366,-76.15105,2,9,22,4,9256
5290,23455,539900.0,3,2,1795,1425 EWELL RD,Virginia Beach,Virginia,49826,1267.6,Virginia Beach,108310.0,36.88974,-76.1441,4,9,22,4,5086
9396,23451,290000.0,2,3,1090,821 SEAWINDS LN,Virginia Beach,Virginia,43885,857.2,Virginia Beach,136673.0,36.87175,-76.00689,2,9,22,4,9077
27871,23451,395000.0,2,2,974,304 28TH ST UNIT 211,Virginia Beach,Virginia,43885,857.2,Virginia Beach,136673.0,36.87175,-76.00689,3,9,22,4,27090
9412,23452,300000.0,3,2,1426,377 DODGE DR,Virginia Beach,Virginia,56854,1451.3,Virginia Beach,110980.0,36.84604,-76.09197,2,9,22,4,9093
3457,23456,775000.0,5,3,3142,1837 MAYBERRY DR,Virginia Beach,Virginia,60158,463.3,Virginia Beach,150363.0,36.73435,-76.03492,6,9,22,4,3314
254,23454,675000.0,4,3,2100,2305 S WOLFSNARE DR,Virginia Beach,Virginia,57942,994.7,Virginia Beach,119364.0,36.83216,-76.02616,5,9,22,4,246
36408,23454,1345000.0,4,4,4180,1852 DUKE OF NORFOLK QUAY,Virginia Beach,Virginia,57942,994.7,Virginia Beach,119364.0,36.83216,-76.02616,10,9,22,4,35368
26799,23457,1150000.0,5,5,4002,4404 MUDDY CREEK RD,Virginia Beach,Virginia,4689,26.7,Virginia Beach,117598.0,36.61686,-76.01576,9,9,22,4,26044
9404,23451,339900.0,2,2,1084,2310 STARFISH RD APT 301,Virginia Beach,Virginia,43885,857.2,Virginia Beach,136673.0,36.87175,-76.00689,2,9,22,4,9085
27986,23456,439900.0,4,3,2755,1869 RIVER ROCK ARCH,Virginia Beach,Virginia,60158,463.3,Virginia Beach,150363.0,36.73435,-76.03492,3,9,22,4,27205
28032,23464,414900.0,5,2,1900,5632 TORENIA CT,Virginia Beach,Virginia,77139,1786.9,Virginia Beach,108999.0,36.79732,-76.17899,3,9,22,4,27250
20188,23452,229900.0,3,2,1175,3910 INVERNESS RD,Virginia Beach,Virginia,56854,1451.3,Virginia Beach,110980.0,36.84604,-76.09197,1,9,22,4,19559
36412,23456,1300000.0,6,4,2700,3601 SANDFIDDLER RD,Virginia Beach,Virginia,60158,463.3,Virginia Beach,150363.0,36.73435,-76.03492,10,9,22,4,35372
20255,23462,247000.0,3,3,1400,806 DEGREE CT,Virginia Beach,Virginia,66949,2343.8,Virginia Beach,82642.0,36.8366,-76.15105,1,9,22,4,19626
2761,23456,1076000.0,3,3,2222,341 PIKE CIR,Virginia Beach,Virginia,60158,463.3,Virginia Beach,150363.0,36.73435,-76.03492,8,9,22,4,2649
20191,23452,225000.0,3,3,1400,3488 BANCROFT DR,Virginia Beach,Virginia,56854,1451.3,Virginia Beach,110980.0,36.84604,-76.09197,1,9,22,4,19562
20190,23452,170000.0,2,1,1021,400 NOTTINGHILL PARK,Virginia Beach,Virginia,56854,1451.3,Virginia Beach,110980.0,36.84604,-76.09197,1,9,22,4,19561
9515,23455,274900.0,3,3,2101,847 CATHEDRAL DR,Virginia Beach,Virginia,49826,1267.6,Virginia Beach,108310.0,36.88974,-76.1441,2,9,22,4,9196
18331,23456,920000.0,4,4,3167,2089 KITTRIDGE DR,Virginia Beach,Virginia,60158,463.3,Virginia Beach,150363.0,36.73435,-76.03492,7,9,22,4,17752
27867,23451,399900.0,2,2,1777,3810 ATLANTIC AVE APT 406,Virginia Beach,Virginia,43885,857.2,Virginia Beach,136673.0,36.87175,-76.00689,3,9,22,4,27086
9666,23464,300000.0,3,2,1068,5445 INDIAN RIVER RD,Virginia Beach,Virginia,77139,1786.9,Virginia Beach,108999.0,36.79732,-76.17899,2,9,22,4,9345
9421,23452,299500.0,3,2,1350,912 MATUNUCK CT,Virginia Beach,Virginia,56854,1451.3,Virginia Beach,110980.0,36.84604,-76.09197,2,9,22,4,9102
251,23454,714000.0,4,3,2450,1049 OLD DAM NECK RD,Virginia Beach,Virginia,57942,994.7,Virginia Beach,119364.0,36.83216,-76.02616,5,9,22,4,243
9622,23462,319500.0,4,4,2168,4461 LEAMORE SQUARE RD,Virginia Beach,Virginia,66949,2343.8,Virginia Beach,82642.0,36.8366,-76.15105,2,9,22,4,9302
20238,23462,205000.0,3,2,1260,6002 MARGATE AVE,Virginia Beach,Virginia,66949,2343.8,Virginia Beach,82642.0,36.8366,-76.15105,1,9,22,4,19609
27969,23456,420000.0,4,3,2334,2457 PINEY BARK DR,Virginia Beach,Virginia,60158,463.3,Virginia Beach,150363.0,36.73435,-76.03492,3,9,22,4,27188
27962,23455,489900.0,3,2,1500,5241 LAKE SHORES RD,Virginia Beach,Virginia,49826,1267.6,Virginia Beach,108310.0,36.88974,-76.1441,3,9,22,4,27181
9644,23464,365000.0,3,2,1479,5304 CANNAN VALLEY AVE,Virginia Beach,Virginia,77139,1786.9,Virginia Beach,108999.0,36.79732,-76.17899,2,9,22,4,9324
9600,23462,370000.0,4,2,1672,4252 BUCKEYE CT,Virginia Beach,Virginia,66949,2343.8,Virginia Beach,82642.0,36.8366,-76.15105,2,9,22,4,9280
20186,23452,240000.0,3,3,1496,3836 CHANCERY LN,Virginia Beach,Virginia,56854,1451.3,Virginia Beach,110980.0,36.84604,-76.09197,1,9,22,4,19557
3455,23456,775000.0,5,3,2918,853 LOS COLONIS DR,Virginia Beach,Virginia,60158,463.3,Virginia Beach,150363.0,36.73435,-76.03492,6,9,22,4,3312
20241,23462,220000.0,2,3,1282,759 HARBOR SPRINGS TRL,Virginia Beach,Virginia,66949,2343.8,Virginia Beach,82642.0,36.8366,-76.15105,1,9,22,4,19612
280,23456,665000.0,5,3,3079,3200 BIBB CT,Virginia Beach,Virginia,60158,463.3,Virginia Beach,150363.0,36.73435,-76.03492,5,9,22,4,272
27989,23456,440000.0,4,3,1822,2516 ALLEGHANY LOOP,Virginia Beach,Virginia,60158,463.3,Virginia Beach,150363.0,36.73435,-76.03492,3,9,22,4,27208
5281,23454,560000.0,7,6,3679,2320 PLANTATION DR,Virginia Beach,Virginia,57942,994.7,Virginia Beach,119364.0,36.83216,-76.02616,4,9,22,4,5077
2760,23456,1133542.0,4,4,3734,1812 MALVERN DR,Virginia Beach,Virginia,60158,463.3,Virginia Beach,150363.0,36.73435,-76.03492,8,9,22,4,2648
36409,23456,1269125.0,4,4,3734,2808 BATTEN ARC,Virginia Beach,Virginia,60158,463.3,Virginia Beach,150363.0,36.73435,-76.03492,10,9,22,4,35369
5297,23456,510000.0,4,3,2917,1908 TALL PINES CT,Virginia Beach,Virginia,60158,463.3,Virginia Beach,150363.0,36.73435,-76.03492,4,9,22,4,5093
20264,23464,154900.0,2,1,760,1435 OLIVEWOOD CT,Virginia Beach,Virginia,77139,1786.9,Virginia Beach,108999.0,36.79732,-76.17899,1,9,22,4,19635
27978,23456,422000.0,2,2,1402,3738 SANDPIPER RD APT 122B,Virginia Beach,Virginia,60158,463.3,Virginia Beach,150363.0,36.73435,-76.03492,3,9,22,4,27197
9639,23464,274900.0,4,3,1771,5515 NEW COLONY DR,Virginia Beach,Virginia,77139,1786.9,Virginia Beach,108999.0,36.79732,-76.17899,2,9,22,4,9319
9673,23464,349900.0,3,3,1701,5684 FREEWILL LN,Virginia Beach,Virginia,77139,1786.9,Virginia Beach,108999.0,36.79732,-76.17899,2,9,22,4,9352
9572,23462,355000.0,4,4,1710,4916 LIMESTONE AVE,Virginia Beach,Virginia,66949,2343.8,Virginia Beach,82642.0,36.8366,-76.15105,2,9,22,4,9252
20222,23462,245000.0,3,3,1356,908 JAY ARE CT,Virginia Beach,Virginia,66949,2343.8,Virginia Beach,82642.0,36.8366,-76.15105,1,9,22,4,19593
27860,23451,499900.0,3,2,1580,310 24TH ST APT 201,Virginia Beach,Virginia,43885,857.2,Virginia Beach,136673.0,36.87175,-76.00689,3,9,22,4,27079
9496,23454,310000.0,3,2,1476,1425 GOLDFINCH LN,Virginia Beach,Virginia,57942,994.7,Virginia Beach,119364.0,36.83216,-76.02616,2,9,22,4,9177
9656,23464,329900.0,3,2,1178,5391 ELM FOREST DR,Virginia Beach,Virginia,77139,1786.9,Virginia Beach,108999.0,36.79732,-76.17899,2,9,22,4,9336
18333,23456,924991.0,5,4,3496,1813 MALVERN DR,Virginia Beach,Virginia,60158,463.3,Virginia Beach,150363.0,36.73435,-76.03492,7,9,22,4,17754
9601,23462,349900.0,3,2,1377,5160 ALLYNE RD,Virginia Beach,Virginia,66949,2343.8,Virginia Beach,82642.0,36.8366,-76.15105,2,9,22,4,9281
9646,23464,290000.0,4,3,2147,1765 LEGARE LN,Virginia Beach,Virginia,77139,1786.9,Virginia Beach,108999.0,36.79732,-76.17899,2,9,22,4,9326
28002,23462,385000.0,5,2,2088,345 COVENTRY RD,Virginia Beach,Virginia,66949,2343.8,Virginia Beach,82642.0,36.8366,-76.15105,3,9,22,4,27221
18334,23456,995000.0,5,6,4453,3209 STONEWOOD DR,Virginia Beach,Virginia,60158,463.3,Virginia Beach,150363.0,36.73435,-76.03492,7,9,22,4,17755
9514,23455,325000.0,2,2,1623,5313 PARSONAGE CT,Virginia Beach,Virginia,49826,1267.6,Virginia Beach,108310.0,36.88974,-76.1441,2,9,22,4,9195
266,23456,639900.0,3,2,1460,309 POMPANO LN,Virginia Beach,Virginia,60158,463.3,Virginia Beach,150363.0,36.73435,-76.03492,5,9,22,4,258
27915,23453,433900.0,3,3,1908,3553 CROFTS PRIDE DR,Virginia Beach,Virginia,35199,1489.4,Virginia Beach,95447.0,36.785,-76.07679,3,9,22,4,27134
5329,23464,530000.0,4,3,2977,5298 W VALLEYSIDE CT,Virginia Beach,Virginia,77139,1786.9,Virginia Beach,108999.0,36.79732,-76.17899,4,9,22,4,5125
20253,23462,200000.0,2,2,1334,3610 CHASE CT,Virginia Beach,Virginia,66949,2343.8,Virginia Beach,82642.0,36.8366,-76.15105,1,9,22,4,19624
5294,23456,565900.0,4,3,2670,2588 PAMLICO LOOP,Virginia Beach,Virginia,60158,463.3,Virginia Beach,150363.0,36.73435,-76.03492,4,9,22,4,5090
5255,23451,525000.0,3,3,1928,1229 TREEFERN DR,Virginia Beach,Virginia,43885,857.2,Virginia Beach,136673.0,36.87175,-76.00689,4,9,22,4,5051
27910,23452,399900.0,4,3,2000,424 OLD FORGE CT,Virginia Beach,Virginia,56854,1451.3,Virginia Beach,110980.0,36.84604,-76.09197,3,9,22,4,27129
20235,23462,239900.0,3,3,1480,805 LIBERAL ARTS CT,Virginia Beach,Virginia,66949,2343.8,Virginia Beach,82642.0,36.8366,-76.15105,1,9,22,4,19606
9657,23464,299999.0,3,2,1374,1449 COLLINGSWOOD TRL,Virginia Beach,Virginia,77139,1786.9,Virginia Beach,108999.0,36.79732,-76.17899,2,9,22,4,9337
9531,23456,364900.0,4,2,1452,2101 LITTLE ROCK CT,Virginia Beach,Virginia,60158,463.3,Virginia Beach,150363.0,36.73435,-76.03492,2,9,22,4,9211
27974,23456,450000.0,4,3,2039,1609 NOTLEY DR,Virginia Beach,Virginia,60158,463.3,Virginia Beach,150363.0,36.73435,-76.03492,3,9,22,4,27193
3443,23455,815000.0,4,3,2523,4317 N WITCHDUCK RD,Virginia Beach,Virginia,49826,1267.6,Virginia Beach,108310.0,36.88974,-76.1441,6,9,22,4,3300
9598,23462,339999.0,3,3,1625,160 UPPERVILLE RD,Virginia Beach,Virginia,66949,2343.8,Virginia Beach,82642.0,36.8366,-76.15105,2,9,22,4,9278
9667,23464,280000.0,2,1,1088,1324 FALLMOUTH CT,Virginia Beach,Virginia,77139,1786.9,Virginia Beach,108999.0,36.79732,-76.17899,2,9,22,4,9346
5280,23454,539900.0,4,3,2405,2429 APIARY CT,Virginia Beach,Virginia,57942,994.7,Virginia Beach,119364.0,36.83216,-76.02616,4,9,22,4,5076
286,23456,685000.0,5,3,3116,2152 TALL PINES BND,Virginia Beach,Virginia,60158,463.3,Virginia Beach,150363.0,36.73435,-76.03492,5,9,22,4,278
9633,23464,265000.0,3,1,1239,1009 EMPORIA AVE,Virginia Beach,Virginia,77139,1786.9,Virginia Beach,108999.0,36.79732,-76.17899,2,9,22,4,9313
9582,23462,350000.0,3,3,1700,3611 DRYDEN CT,Virginia Beach,Virginia,66949,2343.8,Virginia Beach,82642.0,36.8366,-76.15105,2,9,22,4,9262
9426,23452,342000.0,3,2,1791,3856 CUMBERLAND PKWY,Virginia Beach,Virginia,56854,1451.3,Virginia Beach,110980.0,36.84604,-76.09197,2,9,22,4,9107
285,23456,675000.0,3,2,1440,2761 ATWOODTOWN RD,Virginia Beach,Virginia,60158,463.3,Virginia Beach,150363.0,36.73435,-76.03492,5,9,22,4,277
274,23456,650000.0,4,3,2287,2044 CHANNING LN,Virginia Beach,Virginia,60158,463.3,Virginia Beach,150363.0,36.73435,-76.03492,5,9,22,4,266
27866,23451,385000.0,3,3,2118,1113 ARLYNN LN,Virginia Beach,Virginia,43885,857.2,Virginia Beach,136673.0,36.87175,-76.00689,3,9,22,4,27085
27977,23456,439900.0,2,2,1410,3700 SANDPIPER RD APT 111A,Virginia Beach,Virginia,60158,463.3,Virginia Beach,150363.0,36.73435,-76.03492,3,9,22,4,27196
5262,23451,519900.0,5,4,2200,209 S BIRDNECK RD,Virginia Beach,Virginia,43885,857.2,Virginia Beach,136673.0,36.87175,-76.00689,4,9,22,4,5058
27895,23452,399999.0,5,2,1956,3936 BRENTWOOD CRES,Virginia Beach,Virginia,56854,1451.3,Virginia Beach,110980.0,36.84604,-76.09197,3,9,22,4,27114
9662,23464,329900.0,2,4,2196,1506 BRENDLE CT,Virginia Beach,Virginia,77139,1786.9,Virginia Beach,108999.0,36.79732,-76.17899,2,9,22,4,9342
20226,23462,179900.0,2,2,837,426 BABBLING BROOK DR # 426,Virginia Beach,Virginia,66949,2343.8,Virginia Beach,82642.0,36.8366,-76.15105,1,9,22,4,19597
28036,23464,409900.0,4,3,1864,2125 CLARION CT,Virginia Beach,Virginia,77139,1786.9,Virginia Beach,108999.0,36.79732,-76.17899,3,9,22,4,27254
9493,23454,371900.0,3,3,1890,1829 CARLTON E,Virginia Beach,Virginia,57942,994.7,Virginia Beach,119364.0,36.83216,-76.02616,2,9,22,4,9174
5315,23456,539883.0,4,3,2960,4740 LONGMONT RD,Virginia Beach,Virginia,60158,463.3,Virginia Beach,150363.0,36.73435,-76.03492,4,9,22,4,5111
3436,23452,789000.0,4,3,3217,908 SAINT GILES GRN,Virginia Beach,Virginia,56854,1451.3,Virginia Beach,110980.0,36.84604,-76.09197,6,9,22,4,3293
9400,23451,260000.0,3,2,1310,920 CHARNELL DR APT 101,Virginia Beach,Virginia,43885,857.2,Virginia Beach,136673.0,36.87175,-76.00689,2,9,22,4,9081
9443,23452,379900.0,3,2,1400,3625 KIM TER,Virginia Beach,Virginia,56854,1451.3,Virginia Beach,110980.0,36.84604,-76.09197,2,9,22,4,9124
20185,23452,240000.0,2,3,1200,909 WESTWIND PL,Virginia Beach,Virginia,56854,1451.3,Virginia Beach,110980.0,36.84604,-76.09197,1,9,22,4,19556
20229,23462,238000.0,3,3,1594,5720 MORNINGSIDE CT,Virginia Beach,Virginia,66949,2343.8,Virginia Beach,82642.0,36.8366,-76.15105,1,9,22,4,19600
27889,23452,470000.0,5,4,2611,3973 OLD FORGE RD,Virginia Beach,Virginia,56854,1451.3,Virginia Beach,110980.0,36.84604,-76.09197,3,9,22,4,27108
28008,23462,409900.0,4,3,1959,4804 CONESTOGA RD,Virginia Beach,Virginia,66949,2343.8,Virginia Beach,82642.0,36.8366,-76.15105,3,9,22,4,27227
28000,23462,390000.0,3,2,1674,4701 FAIRWAY AVE,Virginia Beach,Virginia,66949,2343.8,Virginia Beach,82642.0,36.8366,-76.15105,3,9,22,4,27219
9660,23464,279900.0,3,3,1638,1516 HERITAGE AVE,Virginia Beach,Virginia,77139,1786.9,Virginia Beach,108999.0,36.79732,-76.17899,2,9,22,4,9340
5309,23456,591555.0,4,4,2891,2412 DUNNING ARCH,Virginia Beach,Virginia,60158,463.3,Virginia Beach,150363.0,36.73435,-76.03492,4,9,22,4,5105
9605,23462,265000.0,3,3,1466,704 AYLESBURY DR,Virginia Beach,Virginia,66949,2343.8,Virginia Beach,82642.0,36.8366,-76.15105,2,9,22,4,9285
9658,23464,324900.0,3,3,1300,5137 RUGBY RD,Virginia Beach,Virginia,77139,1786.9,Virginia Beach,108999.0,36.79732,-76.17899,2,9,22,4,9338
20251,23462,229900.0,2,3,1254,140 CASTILIAN DR,Virginia Beach,Virginia,66949,2343.8,Virginia Beach,82642.0,36.8366,-76.15105,1,9,22,4,19622
9472,23453,375000.0,4,2,1754,3905 HEDGEFIELD CT,Virginia Beach,Virginia,35199,1489.4,Virginia Beach,95447.0,36.785,-76.07679,2,9,22,4,9153
267,23456,699999.0,6,3,3188,2333 TALVERA PL,Virginia Beach,Virginia,60158,463.3,Virginia Beach,150363.0,36.73435,-76.03492,5,9,22,4,259
27884,23451,463000.0,2,2,975,2830 SHORE DR APT 207,Virginia Beach,Virginia,43885,857.2,Virginia Beach,136673.0,36.87175,-76.00689,3,9,22,4,27103
9603,23462,359900.0,3,3,1682,5524 MORAVIAN DR,Virginia Beach,Virginia,66949,2343.8,Virginia Beach,82642.0,36.8366,-76.15105,2,9,22,4,9283
3458,23456,829900.0,4,3,3321,2017 TERRAMAR LN,Virginia Beach,Virginia,60158,463.3,Virginia Beach,150363.0,36.73435,-76.03492,6,9,22,4,3315
27992,23456,461060.0,4,4,2342,2420 DUNNING ARCH,Virginia Beach,Virginia,60158,463.3,Virginia Beach,150363.0,36.73435,-76.03492,3,9,22,4,27211
9555,23456,265750.0,2,2,1293,1732 DROMOLIN DR STE 204,Virginia Beach,Virginia,60158,463.3,Virginia Beach,150363.0,36.73435,-76.03492,2,9,22,4,9235
5310,23456,600000.0,4,3,2385,3916 AVA WAY,Virginia Beach,Virginia,60158,463.3,Virginia Beach,150363.0,36.73435,-76.03492,4,9,22,4,5106
9510,23455,330000.0,2,2,957,3558 SHORE DR APT 207,Virginia Beach,Virginia,49826,1267.6,Virginia Beach,108310.0,36.88974,-76.1441,2,9,22,4,9191
9516,23455,329900.0,3,2,1409,2013 INDEPENDENCE BLVD,Virginia Beach,Virginia,49826,1267.6,Virginia Beach,108310.0,36.88974,-76.1441,2,9,22,4,9197
9635,23464,377000.0,4,3,1834,5672 SHINFIELD DR,Virginia Beach,Virginia,77139,1786.9,Virginia Beach,108999.0,36.79732,-76.17899,2,9,22,4,9315
26782,23451,1249995.0,4,4,2755,7908 ATLANTIC AVE # A,Virginia Beach,Virginia,43885,857.2,Virginia Beach,136673.0,36.87175,-76.00689,9,9,22,4,26027
3439,23454,849000.0,4,3,3051,2500 EARLY CT,Virginia Beach,Virginia,57942,994.7,Virginia Beach,119364.0,36.83216,-76.02616,6,9,22,4,3296
5314,23456,574995.0,4,3,2600,3704 CREEKWOOD DR,Virginia Beach,Virginia,60158,463.3,Virginia Beach,150363.0,36.73435,-76.03492,4,9,22,4,5110
253,23454,650000.0,5,4,2872,2369 N WOLFSNARE DR,Virginia Beach,Virginia,57942,994.7,Virginia Beach,119364.0,36.83216,-76.02616,5,9,22,4,245
3421,23451,839900.0,5,4,2559,821 AZUS WAY,Virginia Beach,Virginia,43885,857.2,Virginia Beach,136673.0,36.87175,-76.00689,6,9,22,4,3278
279,23456,650000.0,4,3,2270,3738 SANDPIPER RD APT 437B,Virginia Beach,Virginia,60158,463.3,Virginia Beach,150363.0,36.73435,-76.03492,5,9,22,4,271
5308,23456,579900.0,4,3,2512,2708 ALAMEDA DR,Virginia Beach,Virginia,60158,463.3,Virginia Beach,150363.0,36.73435,-76.03492,4,9,22,4,5104
18320,23456,899900.0,6,5,4128,2508 LA MIRAGE CT,Virginia Beach,Virginia,60158,463.3,Virginia Beach,150363.0,36.73435,-76.03492,7,9,22,4,17741
9659,23464,305000.0,3,2,1400,1905 RIPPLEMEAD DR,Virginia Beach,Virginia,77139,1786.9,Virginia Beach,108999.0,36.79732,-76.17899,2,9,22,4,9339
28037,23464,444900.0,3,3,2061,1140 NORTHVALE DR,Virginia Beach,Virginia,77139,1786.9,Virginia Beach,108999.0,36.79732,-76.17899,3,9,22,4,27255
9548,23456,375000.0,3,3,1901,3901 CROMWELL PARK DR,Virginia Beach,Virginia,60158,463.3,Virginia Beach,150363.0,36.73435,-76.03492,2,9,22,4,9228
26784,23451,1150000.0,4,4,3871,513 CROATAN HILLS DR,Virginia Beach,Virginia,43885,857.2,Virginia Beach,136673.0,36.87175,-76.00689,9,9,22,4,26029
27872,23451,460000.0,3,2,1643,1305 PRESERVE DR,Virginia Beach,Virginia,43885,857.2,Virginia Beach,136673.0,36.87175,-76.00689,3,9,22,4,27091
9407,23451,309900.0,4,4,1768,698 COQUINA LN,Virginia Beach,Virginia,43885,857.2,Virginia Beach,136673.0,36.87175,-76.00689,2,9,22,4,9088
9579,23462,269000.0,4,2,1650,5941 BLACKPOOLE LN,Virginia Beach,Virginia,66949,2343.8,Virginia Beach,82642.0,36.8366,-76.15105,2,9,22,4,9259
9422,23452,304900.0,4,1,1550,3504 CONTINENTAL ST,Virginia Beach,Virginia,56854,1451.3,Virginia Beach,110980.0,36.84604,-76.09197,2,9,22,4,9103
9414,23452,349900.0,3,3,1634,932 WOODHUE CT,Virginia Beach,Virginia,56854,1451.3,Virginia Beach,110980.0,36.84604,-76.09197,2,9,22,4,9095
20179,23451,210000.0,2,1,684,909 LEISURE SQ APT 201,Virginia Beach,Virginia,43885,857.2,Virginia Beach,136673.0,36.87175,-76.00689,1,9,22,4,19550
27919,23453,435000.0,3,2,1863,3033 BARBERRY LN,Virginia Beach,Virginia,35199,1489.4,Virginia Beach,95447.0,36.785,-76.07679,3,9,22,4,27138
27883,23451,470000.0,2,3,1779,2316 CROIX DR,Virginia Beach,Virginia,43885,857.2,Virginia Beach,136673.0,36.87175,-76.00689,3,9,22,4,27102
27998,23456,400000.0,4,3,2000,1820 FLATROCK CT,Virginia Beach,Virginia,60158,463.3,Virginia Beach,150363.0,36.73435,-76.03492,3,9,22,4,27217
28017,23464,390000.0,6,3,2401,6321 DARTMOUTH WAY,Virginia Beach,Virginia,77139,1786.9,Virginia Beach,108999.0,36.79732,-76.17899,3,9,22,4,27236
27984,23456,499000.0,4,2,2205,2408 MELSTONE CT,Virginia Beach,Virginia,60158,463.3,Virginia Beach,150363.0,36.73435,-76.03492,3,9,22,4,27203
20182,23451,227500.0,2,2,945,504 OCEAN TRACE ARCH APT 102,Virginia Beach,Virginia,43885,857.2,Virginia Beach,136673.0,36.87175,-76.00689,1,9,22,4,19553
27967,23456,399000.0,3,2,1831,1521 INDIAN RIVER RD,Virginia Beach,Virginia,60158,463.3,Virginia Beach,150363.0,36.73435,-76.03492,3,9,22,4,27186
239,23451,665000.0,3,2,1957,705 9TH ST,Virginia Beach,Virginia,43885,857.2,Virginia Beach,136673.0,36.87175,-76.00689,5,9,22,4,231
27875,23451,459900.0,2,3,1600,1268 LASKIN RD APT 302,Virginia Beach,Virginia,43885,857.2,Virginia Beach,136673.0,36.87175,-76.00689,3,9,22,4,27094
9596,23462,290000.0,3,3,1600,312 GAMBRILL CT,Virginia Beach,Virginia,66949,2343.8,Virginia Beach,82642.0,36.8366,-76.15105,2,9,22,4,9276
