Unnamed: 0,Zip Code,Price,Beds,Baths,Living Space,Address,City,State,Zip Code Population,Zip Code Density,County,Median Household Income,Latitude,Longitude,price_label,county_num,city_num,state_num,address_num
10182,28273,300000.0,3,3,1737,8015 KINGS CREEK DR,Charlotte,North Carolina,44048,755.3,Mecklenburg,100576.0,35.12624,-80.94469,2,11,24,5,9857
10020,28213,282500.0,2,3,1537,4016 QUEENSBRIDGE RD,Charlotte,North Carolina,44553,1209.4,Mecklenburg,69585.0,35.28459,-80.73339,2,11,24,5,9697
28448,28269,469000.0,4,3,2524,8236 LAUREL RUN DR,Charlotte,North Carolina,78353,989.6,Mecklenburg,94980.0,35.33747,-80.8026,3,11,24,5,27661
10094,28216,290000.0,3,3,1328,10928 OLDE ENGLISH DR,Charlotte,North Carolina,51477,662.1,Mecklenburg,75507.0,35.31039,-80.8883,2,11,24,5,9771
9954,28205,300000.0,2,2,832,1627 HERRIN AVE,Charlotte,North Carolina,51418,1678.5,Mecklenburg,99270.0,35.22019,-80.78737,2,11,24,5,9632
345,28203,699000.0,2,3,1323,331 EAST BLVD,Charlotte,North Carolina,17358,2139.7,Mecklenburg,147504.0,35.20832,-80.8577,5,11,24,5,336
20374,28277,242500.0,2,2,1013,10214 ROSE MEADOW LN # H,Charlotte,North Carolina,71321,1140.3,Mecklenburg,159304.0,35.05212,-80.81622,1,11,24,5,19743
20355,28226,225000.0,2,2,1090,8817 HUNTER RIDGE DR,Charlotte,North Carolina,38347,1005.4,Mecklenburg,184053.0,35.10767,-80.81837,1,11,24,5,19724
5521,28217,625000.0,3,2,1931,1124 ARCHDALE DR,Charlotte,North Carolina,31338,810.3,Mecklenburg,75391.0,35.17146,-80.9077,4,11,24,5,5315
363,28214,645000.0,4,3,2728,405 FIELDING RD,Charlotte,North Carolina,40619,462.6,Mecklenburg,92059.0,35.27177,-80.96847,5,11,24,5,354
28331,28210,499900.0,4,2,1955,2411 ROUNDABOUT LN,Charlotte,North Carolina,48214,1500.9,Mecklenburg,137848.0,35.12969,-80.8548,3,11,24,5,27547
392,28277,675000.0,3,3,2850,10608 OLD ARDREY KELL RD,Charlotte,North Carolina,71321,1140.3,Mecklenburg,159304.0,35.05212,-80.81622,5,11,24,5,383
5475,28208,525000.0,3,3,1800,2736 PARKWAY AVE,Charlotte,North Carolina,40885,780.1,Mecklenburg,72104.0,35.23153,-80.90611,4,11,24,5,5270
28473,28273,499000.0,4,4,2951,9604 STEELE MEADOW RD,Charlotte,North Carolina,44048,755.3,Mecklenburg,100576.0,35.12624,-80.94469,3,11,24,5,27686
28375,28215,485000.0,4,3,3075,3905 WOODLAND VIEW DR,Charlotte,North Carolina,63548,850.5,Mecklenburg,80157.0,35.24854,-80.69571,3,11,24,5,27591
403,28278,699500.0,4,3,2989,15524 AVIARY ORCHARD WAY,Charlotte,North Carolina,34272,459.3,Mecklenburg,140683.0,35.13063,-81.00753,5,11,24,5,394
9963,28205,299000.0,2,1,933,5039 ERICKSON RD,Charlotte,North Carolina,51418,1678.5,Mecklenburg,99270.0,35.22019,-80.78737,2,11,24,5,9641
394,28277,715000.0,4,3,3151,11532 STONEBRIAR DR,Charlotte,North Carolina,71321,1140.3,Mecklenburg,159304.0,35.05212,-80.81622,5,11,24,5,385
20368,28262,255000.0,3,3,1531,6774 MALLARD PARK DR,Charlotte,North Carolina,43664,802.5,Mecklenburg,78552.0,35.32609,-80.74234,1,11,24,5,19737
3520,28215,850000.0,6,5,4757,12435 ROCKY RIVER CHURCH RD,Charlotte,North Carolina,63548,850.5,Mecklenburg,80157.0,35.24854,-80.69571,6,11,24,5,3376
5498,28211,574900.0,4,4,1886,2204 MAGNOLIA BLOSSOM WAY # 42,Charlotte,North Carolina,31581,1113.4,Mecklenburg,211706.0,35.16816,-80.79604,4,11,24,5,5293
10141,28227,350000.0,3,2,1304,5900 FALSTAFF DR,Charlotte,North Carolina,58524,562.7,Mecklenburg,90457.0,35.18851,-80.6507,2,11,24,5,9817
5541,28227,540000.0,4,3,2785,6728 HOLLOW OAK DR,Charlotte,North Carolina,58524,562.7,Mecklenburg,90457.0,35.18851,-80.6507,4,11,24,5,5335
5575,28278,575000.0,3,3,2850,15714 OLEANDER DR,Charlotte,North Carolina,34272,459.3,Mecklenburg,140683.0,35.13063,-81.00753,4,11,24,5,5369
20334,28213,159900.0,2,2,870,9511 SHANNON GREEN DR APT E,Charlotte,North Carolina,44553,1209.4,Mecklenburg,69585.0,35.28459,-80.73339,1,11,24,5,19703
2769,28203,1100000.0,4,3,2746,2040 WILMORE DR,Charlotte,North Carolina,17358,2139.7,Mecklenburg,147504.0,35.20832,-80.8577,8,11,24,5,2657
5457,28205,565000.0,4,2,1778,3421 COMMONWEALTH AVE,Charlotte,North Carolina,51418,1678.5,Mecklenburg,99270.0,35.22019,-80.78737,4,11,24,5,5252
5571,28278,519990.0,4,3,2420,16023 RIVER TREE LN,Charlotte,North Carolina,34272,459.3,Mecklenburg,140683.0,35.13063,-81.00753,4,11,24,5,5365
377,28226,739500.0,4,3,2511,4100 WINDWOOD CIR,Charlotte,North Carolina,38347,1005.4,Mecklenburg,184053.0,35.10767,-80.81837,5,11,24,5,368
28363,28214,399500.0,5,3,2088,418 NEWFOUND HOLLOW DR,Charlotte,North Carolina,40619,462.6,Mecklenburg,92059.0,35.27177,-80.96847,3,11,24,5,27579
5545,28269,537000.0,5,3,2726,6128 SWANSTON DR,Charlotte,North Carolina,78353,989.6,Mecklenburg,94980.0,35.33747,-80.8026,4,11,24,5,5339
28346,28214,404194.0,4,3,2345,10326 HARWOOD LN,Charlotte,North Carolina,40619,462.6,Mecklenburg,92059.0,35.27177,-80.96847,3,11,24,5,27562
28386,28215,400000.0,4,2,2228,10400 LITTLE WHITEOAK RD,Charlotte,North Carolina,63548,850.5,Mecklenburg,80157.0,35.24854,-80.69571,3,11,24,5,27601
5523,28226,600000.0,3,2,1993,6723 SUMMERLIN PL,Charlotte,North Carolina,38347,1005.4,Mecklenburg,184053.0,35.10767,-80.81837,4,11,24,5,5317
26827,28277,1200000.0,4,5,4940,14015 LISSADELL CIR,Charlotte,North Carolina,71321,1140.3,Mecklenburg,159304.0,35.05212,-80.81622,9,11,24,5,26072
10147,28262,310000.0,3,2,1236,6500 RAIN CREEK WAY,Charlotte,North Carolina,43664,802.5,Mecklenburg,78552.0,35.32609,-80.74234,2,11,24,5,9823
9961,28205,320000.0,2,3,1554,1537 SYLVIA CT,Charlotte,North Carolina,51418,1678.5,Mecklenburg,99270.0,35.22019,-80.78737,2,11,24,5,9639
10027,28213,337000.0,4,3,1756,2032 PIMPERNEL RD,Charlotte,North Carolina,44553,1209.4,Mecklenburg,69585.0,35.28459,-80.73339,2,11,24,5,9704
28335,28211,474500.0,2,2,1364,721 GOVERNOR MORRISON ST,Charlotte,North Carolina,31581,1113.4,Mecklenburg,211706.0,35.16816,-80.79604,3,11,24,5,27551
370,28217,636700.0,3,4,1727,6024 IRWINS BRANCH DR # 11,Charlotte,North Carolina,31338,810.3,Mecklenburg,75391.0,35.17146,-80.9077,5,11,24,5,361
18398,28211,895000.0,4,3,2800,1016 REGENCY DR,Charlotte,North Carolina,31581,1113.4,Mecklenburg,211706.0,35.16816,-80.79604,7,11,24,5,17819
10000,28210,259000.0,2,2,1013,5927 QUAIL HOLLOW RD APT B,Charlotte,North Carolina,48214,1500.9,Mecklenburg,137848.0,35.12969,-80.8548,2,11,24,5,9677
384,28269,715000.0,6,6,3100,3059 & 3061 HUBBARD ROAD,Charlotte,North Carolina,78353,989.6,Mecklenburg,94980.0,35.33747,-80.8026,5,11,24,5,375
10033,28214,315000.0,4,3,1473,4524 MERRYVALE FOREST DR,Charlotte,North Carolina,40619,462.6,Mecklenburg,92059.0,35.27177,-80.96847,2,11,24,5,9710
18403,28270,949900.0,5,4,3258,2348 HOWERTON CT,Charlotte,North Carolina,34583,1074.7,Mecklenburg,165619.0,35.10963,-80.76005,7,11,24,5,17824
10080,28216,279900.0,3,3,1390,4937 HOPEWOOD LN,Charlotte,North Carolina,51477,662.1,Mecklenburg,75507.0,35.31039,-80.8883,2,11,24,5,9757
28356,28214,494840.0,4,3,2208,3148 SEVILLE ST,Charlotte,North Carolina,40619,462.6,Mecklenburg,92059.0,35.27177,-80.96847,3,11,24,5,27572
36434,28277,1300000.0,4,5,3255,12316 OLYMPIC CLUB DR,Charlotte,North Carolina,71321,1140.3,Mecklenburg,159304.0,35.05212,-80.81622,10,11,24,5,35394
18400,28226,949900.0,3,3,3435,6222 FLETCHER CIR,Charlotte,North Carolina,38347,1005.4,Mecklenburg,184053.0,35.10767,-80.81837,7,11,24,5,17821
18404,28277,925000.0,4,3,3398,9113 COTTON PRESS RD,Charlotte,North Carolina,71321,1140.3,Mecklenburg,159304.0,35.05212,-80.81622,7,11,24,5,17825
28329,28210,475000.0,3,2,1541,8719 GRUENEWALD LN,Charlotte,North Carolina,48214,1500.9,Mecklenburg,137848.0,35.12969,-80.8548,3,11,24,5,27545
28382,28215,399000.0,2,1,1274,11910 ROCKY RIVER CHURCH RD,Charlotte,North Carolina,63548,850.5,Mecklenburg,80157.0,35.24854,-80.69571,3,11,24,5,27598
9990,28208,377500.0,3,3,1939,2117 STRAWBERRY PATCH ST # 31,Charlotte,North Carolina,40885,780.1,Mecklenburg,72104.0,35.23153,-80.90611,2,11,24,5,9667
28442,28262,385000.0,3,3,1860,10920 GREENHEAD VIEW RD,Charlotte,North Carolina,43664,802.5,Mecklenburg,78552.0,35.32609,-80.74234,3,11,24,5,27655
10076,28215,370000.0,3,3,1915,9702 CROOMS CT,Charlotte,North Carolina,63548,850.5,Mecklenburg,80157.0,35.24854,-80.69571,2,11,24,5,9753
28419,28226,420000.0,4,3,1908,10932 OSPREY DR,Charlotte,North Carolina,38347,1005.4,Mecklenburg,184053.0,35.10767,-80.81837,3,11,24,5,27632
18407,28277,910000.0,3,5,4240,3720 WINDBLUFF DR,Charlotte,North Carolina,71321,1140.3,Mecklenburg,159304.0,35.05212,-80.81622,7,11,24,5,17828
343,28203,725000.0,3,4,1753,1244 PIERCE ST,Charlotte,North Carolina,17358,2139.7,Mecklenburg,147504.0,35.20832,-80.8577,5,11,24,5,335
28408,28216,399995.0,4,3,1964,813 DALE AVE,Charlotte,North Carolina,51477,662.1,Mecklenburg,75507.0,35.31039,-80.8883,3,11,24,5,27621
36429,28209,1325000.0,4,3,2227,2804 CHELSEA DR,Charlotte,North Carolina,23339,1641.1,Mecklenburg,146696.0,35.17878,-80.85418,10,11,24,5,35389
28423,28227,449999.0,4,3,2024,10437 SURRY CT,Charlotte,North Carolina,58524,562.7,Mecklenburg,90457.0,35.18851,-80.6507,3,11,24,5,27636
10053,28214,361900.0,3,3,1679,6008 LOWE LN,Charlotte,North Carolina,40619,462.6,Mecklenburg,92059.0,35.27177,-80.96847,2,11,24,5,9730
28389,28215,474500.0,3,2,2662,5215 ROCKY RIVER RD,Charlotte,North Carolina,63548,850.5,Mecklenburg,80157.0,35.24854,-80.69571,3,11,24,5,27604
5502,28211,574000.0,3,3,1906,6525 WHEELER DR,Charlotte,North Carolina,31581,1113.4,Mecklenburg,211706.0,35.16816,-80.79604,4,11,24,5,5297
36430,28210,1350000.0,4,5,4727,8232 GREENCASTLE DR,Charlotte,North Carolina,48214,1500.9,Mecklenburg,137848.0,35.12969,-80.8548,10,11,24,5,35390
20365,28227,232500.0,2,3,1205,7653 PETREA LN,Charlotte,North Carolina,58524,562.7,Mecklenburg,90457.0,35.18851,-80.6507,1,11,24,5,19734
28446,28269,425000.0,4,2,2225,10214 STONEYKIRK LN,Charlotte,North Carolina,78353,989.6,Mecklenburg,94980.0,35.33747,-80.8026,3,11,24,5,27659
2772,28209,1095000.0,3,4,2753,2828 HILLSIDE SPRINGS DR,Charlotte,North Carolina,23339,1641.1,Mecklenburg,146696.0,35.17878,-80.85418,8,11,24,5,2660
9980,28208,260000.0,3,1,1156,4800 ELEANOR DR,Charlotte,North Carolina,40885,780.1,Mecklenburg,72104.0,35.23153,-80.90611,2,11,24,5,9658
9956,28205,352000.0,2,2,1034,3726 THE PLZ,Charlotte,North Carolina,51418,1678.5,Mecklenburg,99270.0,35.22019,-80.78737,2,11,24,5,9634
9984,28208,330000.0,3,1,1000,1335 WESTSTONE DR,Charlotte,North Carolina,40885,780.1,Mecklenburg,72104.0,35.23153,-80.90611,2,11,24,5,9661
10041,28214,369900.0,4,3,2265,9516 EAGLE FEATHERS DR,Charlotte,North Carolina,40619,462.6,Mecklenburg,92059.0,35.27177,-80.96847,2,11,24,5,9718
10051,28214,330000.0,3,2,1362,9225 MOUNT HOLLY RD,Charlotte,North Carolina,40619,462.6,Mecklenburg,92059.0,35.27177,-80.96847,2,11,24,5,9728
28358,28214,495000.0,3,3,2339,1122 TOM SADLER RD,Charlotte,North Carolina,40619,462.6,Mecklenburg,92059.0,35.27177,-80.96847,3,11,24,5,27574
3512,28209,775000.0,5,3,2576,4127 STACY BLVD,Charlotte,North Carolina,23339,1641.1,Mecklenburg,146696.0,35.17878,-80.85418,6,11,24,5,3368
395,28277,659900.0,4,3,2665,11620 HARDWOOD WATCH CT,Charlotte,North Carolina,71321,1140.3,Mecklenburg,159304.0,35.05212,-80.81622,5,11,24,5,386
10152,28262,369999.0,4,3,2084,1906 TREEFROG CT,Charlotte,North Carolina,43664,802.5,Mecklenburg,78552.0,35.32609,-80.74234,2,11,24,5,9828
20369,28269,207900.0,2,3,1066,6450 MALLARD VIEW LN,Charlotte,North Carolina,78353,989.6,Mecklenburg,94980.0,35.33747,-80.8026,1,11,24,5,19738
28507,28278,428106.0,3,3,1837,14702 TAMARACK DR # 38,Charlotte,North Carolina,34272,459.3,Mecklenburg,140683.0,35.13063,-81.00753,3,11,24,5,27720
9953,28205,280000.0,2,2,922,1330 GREEN OAKS LN APT A,Charlotte,North Carolina,51418,1678.5,Mecklenburg,99270.0,35.22019,-80.78737,2,11,24,5,9631
10148,28262,339900.0,3,2,1332,1812 HEDGELAWN DR,Charlotte,North Carolina,43664,802.5,Mecklenburg,78552.0,35.32609,-80.74234,2,11,24,5,9824
28361,28214,406535.0,4,3,2052,10019 TRAVIS FLOYD LN # 046,Charlotte,North Carolina,40619,462.6,Mecklenburg,92059.0,35.27177,-80.96847,3,11,24,5,27577
5551,28270,597000.0,3,3,2300,6104 OXWYNN LN,Charlotte,North Carolina,34583,1074.7,Mecklenburg,165619.0,35.10963,-80.76005,4,11,24,5,5345
398,28277,649900.0,4,3,2403,8422 DENNINGTON GROVE LN,Charlotte,North Carolina,71321,1140.3,Mecklenburg,159304.0,35.05212,-80.81622,5,11,24,5,389
3527,28226,850000.0,4,3,2635,4216 ROTUNDA RD,Charlotte,North Carolina,38347,1005.4,Mecklenburg,184053.0,35.10767,-80.81837,6,11,24,5,3383
28430,28227,425000.0,3,2,1854,8832 BLAIR RD,Charlotte,North Carolina,58524,562.7,Mecklenburg,90457.0,35.18851,-80.6507,3,11,24,5,27643
10199,28277,364996.0,3,2,1475,15037 SANTA LUCIA DR,Charlotte,North Carolina,71321,1140.3,Mecklenburg,159304.0,35.05212,-80.81622,2,11,24,5,9874
18386,28204,949900.0,3,2,1856,2405 E 5TH ST,Charlotte,North Carolina,8649,1893.7,Mecklenburg,120966.0,35.21469,-80.82677,7,11,24,5,17807
3524,28217,799900.0,4,4,2293,435 W CAMA ST # 1,Charlotte,North Carolina,31338,810.3,Mecklenburg,75391.0,35.17146,-80.9077,6,11,24,5,3380
10103,28216,323820.0,3,3,1429,8021 MURRAY BRANCH DR,Charlotte,North Carolina,51477,662.1,Mecklenburg,75507.0,35.31039,-80.8883,2,11,24,5,9780
20354,28217,249900.0,2,3,1218,8849 GERREN CT,Charlotte,North Carolina,31338,810.3,Mecklenburg,75391.0,35.17146,-80.9077,1,11,24,5,19723
20362,28227,200000.0,3,2,1350,15420 SHARPE RD,Charlotte,North Carolina,58524,562.7,Mecklenburg,90457.0,35.18851,-80.6507,1,11,24,5,19731
10149,28262,279000.0,3,2,1475,10673 HILL POINT CT,Charlotte,North Carolina,43664,802.5,Mecklenburg,78552.0,35.32609,-80.74234,2,11,24,5,9825
10151,28262,325000.0,3,2,1745,1728 W SUGAR CREEK RD,Charlotte,North Carolina,43664,802.5,Mecklenburg,78552.0,35.32609,-80.74234,2,11,24,5,9827
10001,28210,289000.0,3,3,1450,8012 REGENT PARK LN,Charlotte,North Carolina,48214,1500.9,Mecklenburg,137848.0,35.12969,-80.8548,2,11,24,5,9678
10176,28270,345000.0,3,3,1408,6867 ROTHCHILD DR,Charlotte,North Carolina,34583,1074.7,Mecklenburg,165619.0,35.10963,-80.76005,2,11,24,5,9851
5513,28216,550000.0,3,3,2506,7731 SHALOM DR,Charlotte,North Carolina,51477,662.1,Mecklenburg,75507.0,35.31039,-80.8883,4,11,24,5,5307
10031,28214,259000.0,3,2,1017,7242 KAVAN HUNTER DR,Charlotte,North Carolina,40619,462.6,Mecklenburg,92059.0,35.27177,-80.96847,2,11,24,5,9708
10130,28227,364990.0,3,3,1762,5232 KINSBRIDGE DR # 12D,Charlotte,North Carolina,58524,562.7,Mecklenburg,90457.0,35.18851,-80.6507,2,11,24,5,9807
28480,28273,384999.0,2,4,2525,9965 KINGS PARADE BLVD,Charlotte,North Carolina,44048,755.3,Mecklenburg,100576.0,35.12624,-80.94469,3,11,24,5,27693
10007,28211,290000.0,2,2,1397,4527 GAYNOR RD APT 201,Charlotte,North Carolina,31581,1113.4,Mecklenburg,211706.0,35.16816,-80.79604,2,11,24,5,9684
5540,28227,577773.0,4,3,2396,8221 FRANKLIN TRAIL STREET,Charlotte,North Carolina,58524,562.7,Mecklenburg,90457.0,35.18851,-80.6507,4,11,24,5,5334
383,28227,661001.0,4,4,2896,9510 LIBERTY HILL DR,Charlotte,North Carolina,58524,562.7,Mecklenburg,90457.0,35.18851,-80.6507,5,11,24,5,374
5487,28210,590000.0,4,3,1915,2400 SKYLARK CT,Charlotte,North Carolina,48214,1500.9,Mecklenburg,137848.0,35.12969,-80.8548,4,11,24,5,5282
9955,28205,350000.0,2,2,1053,1837 DALLAS AVE,Charlotte,North Carolina,51418,1678.5,Mecklenburg,99270.0,35.22019,-80.78737,2,11,24,5,9633
18405,28277,889000.0,4,3,2320,4516 ROUNDING RUN RD,Charlotte,North Carolina,71321,1140.3,Mecklenburg,159304.0,35.05212,-80.81622,7,11,24,5,17826
28485,28273,400000.0,5,3,2353,14925 AVEN CREEK CT,Charlotte,North Carolina,44048,755.3,Mecklenburg,100576.0,35.12624,-80.94469,3,11,24,5,27698
28348,28214,450000.0,3,2,1702,4415 BRIGHT RD,Charlotte,North Carolina,40619,462.6,Mecklenburg,92059.0,35.27177,-80.96847,3,11,24,5,27564
10099,28216,290000.0,3,2,1008,2741 REMINGTON ST,Charlotte,North Carolina,51477,662.1,Mecklenburg,75507.0,35.31039,-80.8883,2,11,24,5,9776
397,28277,750000.0,4,3,3280,10507 ROUGEMONT LN,Charlotte,North Carolina,71321,1140.3,Mecklenburg,159304.0,35.05212,-80.81622,5,11,24,5,388
28360,28214,405000.0,3,3,1933,9925 SHELLVIEW LN,Charlotte,North Carolina,40619,462.6,Mecklenburg,92059.0,35.27177,-80.96847,3,11,24,5,27576
10096,28216,370552.0,3,3,1971,3200 MCGEE HILL DR,Charlotte,North Carolina,51477,662.1,Mecklenburg,75507.0,35.31039,-80.8883,2,11,24,5,9773
5462,28205,529990.0,3,4,1580,344 TWINFLOWER LN # 1020D,Charlotte,North Carolina,51418,1678.5,Mecklenburg,99270.0,35.22019,-80.78737,4,11,24,5,5257
5477,28208,595000.0,3,3,2139,635 TENNYSON DR,Charlotte,North Carolina,40885,780.1,Mecklenburg,72104.0,35.23153,-80.90611,4,11,24,5,5272
28437,28262,391000.0,2,4,1593,2145 NOBLE TOWNES WAY,Charlotte,North Carolina,43664,802.5,Mecklenburg,78552.0,35.32609,-80.74234,3,11,24,5,27650
10159,28269,337000.0,4,3,2266,3605 SHALLOW OAK CT,Charlotte,North Carolina,78353,989.6,Mecklenburg,94980.0,35.33747,-80.8026,2,11,24,5,9835
10127,28227,315000.0,3,2,1353,5812 OLD MEADOW RD,Charlotte,North Carolina,58524,562.7,Mecklenburg,90457.0,35.18851,-80.6507,2,11,24,5,9804
28466,28269,390230.0,3,3,1784,7122 BENTZ ST,Charlotte,North Carolina,78353,989.6,Mecklenburg,94980.0,35.33747,-80.8026,3,11,24,5,27679
5542,28227,515000.0,3,2,1866,6200 PHYLISS LN,Charlotte,North Carolina,58524,562.7,Mecklenburg,90457.0,35.18851,-80.6507,4,11,24,5,5336
5504,28213,525555.0,5,3,2486,4805 GATESMILLS AVENUE # 11,Charlotte,North Carolina,44553,1209.4,Mecklenburg,69585.0,35.28459,-80.73339,4,11,24,5,5299
26820,28211,1243260.0,5,5,3428,7223 TERRACE DR,Charlotte,North Carolina,31581,1113.4,Mecklenburg,211706.0,35.16816,-80.79604,9,11,24,5,26065
3516,28211,799000.0,5,4,3421,6323 HONEGGER DR,Charlotte,North Carolina,31581,1113.4,Mecklenburg,211706.0,35.16816,-80.79604,6,11,24,5,3372
10009,28211,312500.0,2,2,1321,1700 ROXBOROUGH RD,Charlotte,North Carolina,31581,1113.4,Mecklenburg,211706.0,35.16816,-80.79604,2,11,24,5,9686
380,28227,750000.0,4,4,3460,9909 MINNIE LEMMOND LN,Charlotte,North Carolina,58524,562.7,Mecklenburg,90457.0,35.18851,-80.6507,5,11,24,5,371
351,28208,725000.0,3,4,2125,1555 DUCKWORTH AVE,Charlotte,North Carolina,40885,780.1,Mecklenburg,72104.0,35.23153,-80.90611,5,11,24,5,342
10157,28269,375000.0,3,2,1716,5400 BARNVIEW CT,Charlotte,North Carolina,78353,989.6,Mecklenburg,94980.0,35.33747,-80.8026,2,11,24,5,9833
9983,28208,325000.0,3,3,1431,2649 HEMPHILL ST,Charlotte,North Carolina,40885,780.1,Mecklenburg,72104.0,35.23153,-80.90611,2,11,24,5,9654
5493,28211,529900.0,3,4,1794,304 CHATTOOGA WAY,Charlotte,North Carolina,31581,1113.4,Mecklenburg,211706.0,35.16816,-80.79604,4,11,24,5,5288
387,28270,675000.0,4,3,2741,7312 LEHARNE DR,Charlotte,North Carolina,34583,1074.7,Mecklenburg,165619.0,35.10963,-80.76005,5,11,24,5,378
28449,28269,460000.0,4,3,2429,4819 DEER CROSS TRL,Charlotte,North Carolina,78353,989.6,Mecklenburg,94980.0,35.33747,-80.8026,3,11,24,5,27662
5529,28227,595000.0,3,4,2842,3229 MARCHERS TRACE DR,Charlotte,North Carolina,58524,562.7,Mecklenburg,90457.0,35.18851,-80.6507,4,11,24,5,5323
18395,28209,1000000.0,4,3,3012,2526 TOWER CT,Charlotte,North Carolina,23339,1641.1,Mecklenburg,146696.0,35.17878,-80.85418,7,11,24,5,17816
5563,28277,615000.0,5,4,2726,17441 CAMPBELL HALL CT,Charlotte,North Carolina,71321,1140.3,Mecklenburg,159304.0,35.05212,-80.81622,4,11,24,5,5357
20356,28226,250000.0,2,2,957,11011 HARROWFIELD RD,Charlotte,North Carolina,38347,1005.4,Mecklenburg,184053.0,35.10767,-80.81837,1,11,24,5,19725
10124,28227,329000.0,3,2,1085,6105 WOODTHRUSH DR,Charlotte,North Carolina,58524,562.7,Mecklenburg,90457.0,35.18851,-80.6507,2,11,24,5,9801
5568,28277,565000.0,4,3,2468,6811 KIRKHOM CT,Charlotte,North Carolina,71321,1140.3,Mecklenburg,159304.0,35.05212,-80.81622,4,11,24,5,5362
20348,28216,225000.0,3,1,1172,805 DEDMON DR,Charlotte,North Carolina,51477,662.1,Mecklenburg,75507.0,35.31039,-80.8883,1,11,24,5,19717
28294,28205,433000.0,3,2,1198,3311 DRAPER AVE,Charlotte,North Carolina,51418,1678.5,Mecklenburg,99270.0,35.22019,-80.78737,3,11,24,5,27510
382,28227,639158.0,4,4,2896,9522 LIBERTY HILL DR,Charlotte,North Carolina,58524,562.7,Mecklenburg,90457.0,35.18851,-80.6507,5,11,24,5,373
5552,28270,549900.0,4,3,2211,2807 GLEN SUMMIT DR,Charlotte,North Carolina,34583,1074.7,Mecklenburg,165619.0,35.10963,-80.76005,4,11,24,5,5346
5572,28278,525000.0,4,3,2628,16327 PALISADES COMMONS DR,Charlotte,North Carolina,34272,459.3,Mecklenburg,140683.0,35.13063,-81.00753,4,11,24,5,5366
3534,28277,825000.0,5,4,3457,5509 PIPER GLEN DR,Charlotte,North Carolina,71321,1140.3,Mecklenburg,159304.0,35.05212,-80.81622,6,11,24,5,3390
3528,28227,845000.0,6,5,4805,10617 EBONY TRESS LN,Charlotte,North Carolina,58524,562.7,Mecklenburg,90457.0,35.18851,-80.6507,6,11,24,5,3384
10008,28211,275000.0,1,2,921,3520 COLONY RD APT F,Charlotte,North Carolina,31581,1113.4,Mecklenburg,211706.0,35.16816,-80.79604,2,11,24,5,9685
28350,28214,490190.0,3,3,2001,3116 SEVILLE ST,Charlotte,North Carolina,40619,462.6,Mecklenburg,92059.0,35.27177,-80.96847,3,11,24,5,27566
9960,28205,350000.0,3,2,1594,117 ROSS MOORE AVE,Charlotte,North Carolina,51418,1678.5,Mecklenburg,99270.0,35.22019,-80.78737,2,11,24,5,9638
28323,28209,420000.0,3,4,1680,1117 KURT CT,Charlotte,North Carolina,23339,1641.1,Mecklenburg,146696.0,35.17878,-80.85418,3,11,24,5,27539
5483,28210,600000.0,3,2,1681,4014 SULKIRK RD,Charlotte,North Carolina,48214,1500.9,Mecklenburg,137848.0,35.12969,-80.8548,4,11,24,5,5278
28302,28205,430000.0,2,1,993,839 DRUMMOND AVE,Charlotte,North Carolina,51418,1678.5,Mecklenburg,99270.0,35.22019,-80.78737,3,11,24,5,27518
28390,28215,389900.0,3,3,1813,13006 PEACOCK LN,Charlotte,North Carolina,63548,850.5,Mecklenburg,80157.0,35.24854,-80.69571,3,11,24,5,27605
28508,28278,470000.0,5,3,3020,10119 WHITEBURN CT,Charlotte,North Carolina,34272,459.3,Mecklenburg,140683.0,35.13063,-81.00753,3,11,24,5,27721
385,28270,650000.0,3,2,2831,7200 CAROSAN LN,Charlotte,North Carolina,34583,1074.7,Mecklenburg,165619.0,35.10963,-80.76005,5,11,24,5,376
28278,28202,399900.0,1,1,845,210 N CHURCH ST UNIT 3213,Charlotte,North Carolina,14359,3072.6,Mecklenburg,132909.0,35.22773,-80.8447,3,11,24,5,27494
28344,28214,413935.0,4,3,2052,10036 TRAVIS FLOYD LN # 010,Charlotte,North Carolina,40619,462.6,Mecklenburg,92059.0,35.27177,-80.96847,3,11,24,5,27560
10012,28212,315000.0,3,2,1653,7511 MEADOWDALE LN,Charlotte,North Carolina,45180,1899.2,Mecklenburg,65165.0,35.1896,-80.74519,2,11,24,5,9689
5573,28278,575000.0,4,4,3166,15117 AUTUMN SAGE DR,Charlotte,North Carolina,34272,459.3,Mecklenburg,140683.0,35.13063,-81.00753,4,11,24,5,5367
10166,28269,293000.0,3,2,1154,8328 HIGHLANDER CT,Charlotte,North Carolina,78353,989.6,Mecklenburg,94980.0,35.33747,-80.8026,2,11,24,5,9842
10032,28214,379900.0,4,3,1800,5217 WOLFRIDGE AVE,Charlotte,North Carolina,40619,462.6,Mecklenburg,92059.0,35.27177,-80.96847,2,11,24,5,9709
28315,28208,389900.0,4,3,2097,2125 STRAWBERRY PATCH ST # 33,Charlotte,North Carolina,40885,780.1,Mecklenburg,72104.0,35.23153,-80.90611,3,11,24,5,27531
5508,28214,522950.0,3,3,2529,5408 CASPER DR,Charlotte,North Carolina,40619,462.6,Mecklenburg,92059.0,35.27177,-80.96847,4,11,24,5,5302
28401,28216,389440.0,3,3,1658,1123 HARLAND ST,Charlotte,North Carolina,51477,662.1,Mecklenburg,75507.0,35.31039,-80.8883,3,11,24,5,27614
9964,28205,325000.0,3,1,1132,1013 NORLAND RD,Charlotte,North Carolina,51418,1678.5,Mecklenburg,99270.0,35.22019,-80.78737,2,11,24,5,9642
10048,28214,351000.0,3,3,2001,641 LUMBER LN,Charlotte,North Carolina,40619,462.6,Mecklenburg,92059.0,35.27177,-80.96847,2,11,24,5,9725
5570,28278,569900.0,3,4,2670,17117 SAND BANK RD,Charlotte,North Carolina,34272,459.3,Mecklenburg,140683.0,35.13063,-81.00753,4,11,24,5,5364
10181,28273,325000.0,3,2,1320,14117 WILLIAMS GLENN RD,Charlotte,North Carolina,44048,755.3,Mecklenburg,100576.0,35.12624,-80.94469,2,11,24,5,9856
10206,28278,370000.0,3,3,1474,5543 MT MANSFIELD RD,Charlotte,North Carolina,34272,459.3,Mecklenburg,140683.0,35.13063,-81.00753,2,11,24,5,9881
10207,28278,345000.0,3,2,1248,14336 FOKKER PL # 217,Charlotte,North Carolina,34272,459.3,Mecklenburg,140683.0,35.13063,-81.00753,2,11,24,5,9882
10142,28227,349900.0,3,2,1653,8921 GOSNELL DR,Charlotte,North Carolina,58524,562.7,Mecklenburg,90457.0,35.18851,-80.6507,2,11,24,5,9818
2770,28203,1100000.0,3,4,2438,2300 FLORAL AVE,Charlotte,North Carolina,17358,2139.7,Mecklenburg,147504.0,35.20832,-80.8577,8,11,24,5,2658
5506,28213,519900.0,5,4,3659,5644 UNDERWOOD AVE,Charlotte,North Carolina,44553,1209.4,Mecklenburg,69585.0,35.28459,-80.73339,4,11,24,5,5301
10025,28213,355000.0,3,3,1519,2727 WINGDALE DR,Charlotte,North Carolina,44553,1209.4,Mecklenburg,69585.0,35.28459,-80.73339,2,11,24,5,9702
10136,28227,364990.0,3,3,1762,5244 KINSBRIDGE DR # 12A,Charlotte,North Carolina,58524,562.7,Mecklenburg,90457.0,35.18851,-80.6507,2,11,24,5,9812
10155,28269,335000.0,3,3,1608,4427 DAVID COX RD,Charlotte,North Carolina,78353,989.6,Mecklenburg,94980.0,35.33747,-80.8026,2,11,24,5,9831
28303,28205,465000.0,3,3,1706,656 CHIPLEY AVE,Charlotte,North Carolina,51418,1678.5,Mecklenburg,99270.0,35.22019,-80.78737,3,11,24,5,27519
28317,28208,399000.0,3,2,1337,2510 CRISPIN AVE,Charlotte,North Carolina,40885,780.1,Mecklenburg,72104.0,35.23153,-80.90611,3,11,24,5,27533
10088,28216,265000.0,2,1,968,525 PEACHTREE RD,Charlotte,North Carolina,51477,662.1,Mecklenburg,75507.0,35.31039,-80.8883,2,11,24,5,9765
10083,28216,314000.0,3,3,1512,2028 CINDY CREEK LN,Charlotte,North Carolina,51477,662.1,Mecklenburg,75507.0,35.31039,-80.8883,2,11,24,5,9760
10168,28269,339908.0,3,3,1628,9304 WIDDEN WAY,Charlotte,North Carolina,78353,989.6,Mecklenburg,94980.0,35.33747,-80.8026,2,11,24,5,9844
10017,28212,365000.0,3,3,1880,4715 CRICKLEWOOD LN,Charlotte,North Carolina,45180,1899.2,Mecklenburg,65165.0,35.1896,-80.74519,2,11,24,5,9694
28467,28270,484900.0,3,3,1761,641 SILVERSMITH LN,Charlotte,North Carolina,34583,1074.7,Mecklenburg,165619.0,35.10963,-80.76005,3,11,24,5,27680
3535,28277,875000.0,4,4,3456,8802 BALMORAL PARK DR,Charlotte,North Carolina,71321,1140.3,Mecklenburg,159304.0,35.05212,-80.81622,6,11,24,5,3391
26825,28270,1150000.0,4,4,3635,218 SARDIS LN,Charlotte,North Carolina,34583,1074.7,Mecklenburg,165619.0,35.10963,-80.76005,9,11,24,5,26070
28332,28210,489500.0,2,2,1145,4620 PIEDMONT ROW DR UNIT 303,Charlotte,North Carolina,48214,1500.9,Mecklenburg,137848.0,35.12969,-80.8548,3,11,24,5,27548
10113,28216,320770.0,3,3,1429,9114 LOWFALLS LN,Charlotte,North Carolina,51477,662.1,Mecklenburg,75507.0,35.31039,-80.8883,2,11,24,5,9790
28305,28206,499000.0,2,1,787,3413 RITCH AVE,Charlotte,North Carolina,12812,708.9,Mecklenburg,67213.0,35.25631,-80.82144,3,11,24,5,27521
5561,28273,530000.0,5,3,3494,11102 HUNTINGTON MEADOW LN,Charlotte,North Carolina,44048,755.3,Mecklenburg,100576.0,35.12624,-80.94469,4,11,24,5,5355
5492,28211,550000.0,4,4,1886,2522 MAGNOLIA BLOSSOM WAY # 14,Charlotte,North Carolina,31581,1113.4,Mecklenburg,211706.0,35.16816,-80.79604,4,11,24,5,5287
28284,28205,399000.0,3,2,1106,2930 WICKLOW PL,Charlotte,North Carolina,51418,1678.5,Mecklenburg,99270.0,35.22019,-80.78737,3,11,24,5,27500
10164,28269,305000.0,2,3,1175,8921 SOCATA WAY,Charlotte,North Carolina,78353,989.6,Mecklenburg,94980.0,35.33747,-80.8026,2,11,24,5,9840
28369,28215,385000.0,4,2,1908,9718 HOLLYSTONE LN,Charlotte,North Carolina,63548,850.5,Mecklenburg,80157.0,35.24854,-80.69571,3,11,24,5,27585
10201,28278,356943.0,3,3,1529,11254 BARTRAMS WAY # 117,Charlotte,North Carolina,34272,459.3,Mecklenburg,140683.0,35.13063,-81.00753,2,11,24,5,9876
28285,28205,429000.0,2,1,1007,3460 AIRLIE ST,Charlotte,North Carolina,51418,1678.5,Mecklenburg,99270.0,35.22019,-80.78737,3,11,24,5,27501
20323,28208,199995.0,3,1,1028,4401 BROOKTREE DR,Charlotte,North Carolina,40885,780.1,Mecklenburg,72104.0,35.23153,-80.90611,1,11,24,5,19692
10119,28226,258000.0,2,3,1224,8217 PINEVILLE MATTHEWS RD APT H,Charlotte,North Carolina,38347,1005.4,Mecklenburg,184053.0,35.10767,-80.81837,2,11,24,5,9796
5495,28211,574900.0,4,4,1886,3004 RED CARDINAL LN # 7,Charlotte,North Carolina,31581,1113.4,Mecklenburg,211706.0,35.16816,-80.79604,4,11,24,5,5290
28479,28273,385000.0,2,3,1546,7848 DENMARK RD,Charlotte,North Carolina,44048,755.3,Mecklenburg,100576.0,35.12624,-80.94469,3,11,24,5,27692
10175,28269,375000.0,3,3,1934,4228 DAVID COX RD,Charlotte,North Carolina,78353,989.6,Mecklenburg,94980.0,35.33747,-80.8026,2,11,24,5,9850
20361,28227,190000.0,2,2,1131,7201 WINERY LN,Charlotte,North Carolina,58524,562.7,Mecklenburg,90457.0,35.18851,-80.6507,1,11,24,5,19730
20342,28215,250000.0,2,3,1274,1165 TRIECE LN,Charlotte,North Carolina,63548,850.5,Mecklenburg,80157.0,35.24854,-80.69571,1,11,24,5,19711
5474,28206,589000.0,3,3,2328,3918 WILLOW GREEN PL,Charlotte,North Carolina,12812,708.9,Mecklenburg,67213.0,35.25631,-80.82144,4,11,24,5,5269
3509,28207,779900.0,4,2,1511,300 CIRCLE AVE,Charlotte,North Carolina,9733,1546.7,Mecklenburg,389928.0,35.19512,-80.82606,6,11,24,5,3365
28409,28216,450000.0,3,3,1623,3616 COWBOY LN,Charlotte,North Carolina,51477,662.1,Mecklenburg,75507.0,35.31039,-80.8883,3,11,24,5,27622
9966,28206,350000.0,4,2,1771,800 THERA DR,Charlotte,North Carolina,12812,708.9,Mecklenburg,67213.0,35.25631,-80.82144,2,11,24,5,9644
28293,28205,498900.0,3,2,1742,3701 WINTERFIELD PL,Charlotte,North Carolina,51418,1678.5,Mecklenburg,99270.0,35.22019,-80.78737,3,11,24,5,27509
28514,28278,405885.0,3,3,1750,15321 BRAID MEADOW DR # 171,Charlotte,North Carolina,34272,459.3,Mecklenburg,140683.0,35.13063,-81.00753,3,11,24,5,27727
28455,28269,498900.0,5,3,2811,11106 BALATA CT,Charlotte,North Carolina,78353,989.6,Mecklenburg,94980.0,35.33747,-80.8026,3,11,24,5,27668
373,28226,719500.0,5,5,3141,3601 REA RD,Charlotte,North Carolina,38347,1005.4,Mecklenburg,184053.0,35.10767,-80.81837,5,11,24,5,364
9979,28208,349000.0,4,2,1486,2638 COLUMBUS CIR,Charlotte,North Carolina,40885,780.1,Mecklenburg,72104.0,35.23153,-80.90611,2,11,24,5,9657
393,28277,679900.0,4,3,2969,9318 HANLIN CT,Charlotte,North Carolina,71321,1140.3,Mecklenburg,159304.0,35.05212,-80.81622,5,11,24,5,384
5525,28226,550000.0,4,2,2031,4141 BON REA DR,Charlotte,North Carolina,38347,1005.4,Mecklenburg,184053.0,35.10767,-80.81837,4,11,24,5,5319
10011,28212,285000.0,3,2,1445,6127 AMITY PL,Charlotte,North Carolina,45180,1899.2,Mecklenburg,65165.0,35.1896,-80.74519,2,11,24,5,9688
28413,28217,465840.0,4,4,2124,3918 MEMORIAL PKWY,Charlotte,North Carolina,31338,810.3,Mecklenburg,75391.0,35.17146,-80.9077,3,11,24,5,27626
28351,28214,420590.0,4,3,2052,10023 TRAVIS FLOYD LN # 045,Charlotte,North Carolina,40619,462.6,Mecklenburg,92059.0,35.27177,-80.96847,3,11,24,5,27567
10200,28277,275000.0,2,3,1114,8135 CIRCLE TREE LN,Charlotte,North Carolina,71321,1140.3,Mecklenburg,159304.0,35.05212,-80.81622,2,11,24,5,9875
10005,28211,315000.0,2,3,1254,3508 COLONY RD APT E,Charlotte,North Carolina,31581,1113.4,Mecklenburg,211706.0,35.16816,-80.79604,2,11,24,5,9682
10039,28214,299900.0,4,3,1549,9430 DEWEY DR,Charlotte,North Carolina,40619,462.6,Mecklenburg,92059.0,35.27177,-80.96847,2,11,24,5,9716
28343,28214,392000.0,3,3,2168,9038 HENRY THOREAU RD,Charlotte,North Carolina,40619,462.6,Mecklenburg,92059.0,35.27177,-80.96847,3,11,24,5,27559
28495,28277,410000.0,2,2,1390,8218 WINDSOR RIDGE DR,Charlotte,North Carolina,71321,1140.3,Mecklenburg,159304.0,35.05212,-80.81622,3,11,24,5,27708
26826,28277,1175000.0,4,4,3616,13108 WHISPER CREEK DR,Charlotte,North Carolina,71321,1140.3,Mecklenburg,159304.0,35.05212,-80.81622,9,11,24,5,26071
28309,28206,435000.0,4,2,1319,2120 EDISON ST,Charlotte,North Carolina,12812,708.9,Mecklenburg,67213.0,35.25631,-80.82144,3,11,24,5,27525
28372,28215,415000.0,4,2,2434,6710 REEDY CREEK RD,Charlotte,North Carolina,63548,850.5,Mecklenburg,80157.0,35.24854,-80.69571,3,11,24,5,27588
5476,28208,550000.0,2,3,1627,159 S BRUNS AVE,Charlotte,North Carolina,40885,780.1,Mecklenburg,72104.0,35.23153,-80.90611,4,11,24,5,5271
20318,28202,239900.0,1,1,512,721 N POPLAR ST APT 8,Charlotte,North Carolina,14359,3072.6,Mecklenburg,132909.0,35.22773,-80.8447,1,11,24,5,19687
3521,28215,798000.0,4,4,3243,7435 SURPRISE CT,Charlotte,North Carolina,63548,850.5,Mecklenburg,80157.0,35.24854,-80.69571,6,11,24,5,3377
9977,28208,379900.0,3,2,1472,2632 ELMIN ST,Charlotte,North Carolina,40885,780.1,Mecklenburg,72104.0,35.23153,-80.90611,2,11,24,5,9655
28484,28273,400000.0,4,2,1971,6012 GROVE CREEK LN,Charlotte,North Carolina,44048,755.3,Mecklenburg,100576.0,35.12624,-80.94469,3,11,24,5,27697
5453,28202,599900.0,2,2,1406,401 N CHURCH ST APT 403,Charlotte,North Carolina,14359,3072.6,Mecklenburg,132909.0,35.22773,-80.8447,4,11,24,5,5248
5528,28227,615526.0,3,4,2333,9612 LIBERTY HILL DR,Charlotte,North Carolina,58524,562.7,Mecklenburg,90457.0,35.18851,-80.6507,4,11,24,5,5322
5526,28226,525000.0,3,4,2839,3227 LUKE CROSSING DR,Charlotte,North Carolina,38347,1005.4,Mecklenburg,184053.0,35.10767,-80.81837,4,11,24,5,5320
5468,28205,550000.0,4,2,1995,4225 & 4227 HIDDENBROOK DRIVE,Charlotte,North Carolina,51418,1678.5,Mecklenburg,99270.0,35.22019,-80.78737,4,11,24,5,5263
399,28277,725000.0,5,3,3573,10828 CARMODY CT,Charlotte,North Carolina,71321,1140.3,Mecklenburg,159304.0,35.05212,-80.81622,5,11,24,5,390
28295,28205,475000.0,5,4,2205,3801 DRIFTWOOD DR,Charlotte,North Carolina,51418,1678.5,Mecklenburg,99270.0,35.22019,-80.78737,3,11,24,5,27511
10101,28216,361670.0,3,3,1704,2133 ALLIUM DRIVE,Charlotte,North Carolina,51477,662.1,Mecklenburg,75507.0,35.31039,-80.8883,2,11,24,5,9778
10187,28273,370000.0,3,2,1371,16017 CIRCLEGREEN DR,Charlotte,North Carolina,44048,755.3,Mecklenburg,100576.0,35.12624,-80.94469,2,11,24,5,9862
28493,28277,385000.0,3,3,1889,10920 PRINCETON COMMONS DR,Charlotte,North Carolina,71321,1140.3,Mecklenburg,159304.0,35.05212,-80.81622,3,11,24,5,27706
20364,28227,229000.0,2,3,1294,8659 WANDERING CREEK WAY,Charlotte,North Carolina,58524,562.7,Mecklenburg,90457.0,35.18851,-80.6507,1,11,24,5,19733
28324,28210,449900.0,3,2,1538,2536 HEIDLEBURG LN,Charlotte,North Carolina,48214,1500.9,Mecklenburg,137848.0,35.12969,-80.8548,3,11,24,5,27540
10042,28214,379900.0,4,3,1800,5139 WOLFRIDGE AVE,Charlotte,North Carolina,40619,462.6,Mecklenburg,92059.0,35.27177,-80.96847,2,11,24,5,9719
20324,28208,145000.0,2,1,726,3219 MINNESOTA RD,Charlotte,North Carolina,40885,780.1,Mecklenburg,72104.0,35.23153,-80.90611,1,11,24,5,19693
28510,28278,459900.0,4,3,2082,11803 THOMPSON FARM LN,Charlotte,North Carolina,34272,459.3,Mecklenburg,140683.0,35.13063,-81.00753,3,11,24,5,27723
10046,28214,355000.0,4,3,1923,11610 CARRINGTON HILL DR,Charlotte,North Carolina,40619,462.6,Mecklenburg,92059.0,35.27177,-80.96847,2,11,24,5,9723
10036,28214,369000.0,3,2,1362,2109 TOM SADLER RD,Charlotte,North Carolina,40619,462.6,Mecklenburg,92059.0,35.27177,-80.96847,2,11,24,5,9713
10173,28269,348000.0,4,3,1738,5518 LEE MARIE LN,Charlotte,North Carolina,78353,989.6,Mecklenburg,94980.0,35.33747,-80.8026,2,11,24,5,9849
9996,28210,365000.0,3,2,1089,7546 STARVALLEY DR,Charlotte,North Carolina,48214,1500.9,Mecklenburg,137848.0,35.12969,-80.8548,2,11,24,5,9673
28403,28216,395000.0,4,4,2592,2428 ALEX RYAN DR,Charlotte,North Carolina,51477,662.1,Mecklenburg,75507.0,35.31039,-80.8883,3,11,24,5,27616
28488,28277,474900.0,3,4,2195,11044 LUCKY HORSESHOE LN,Charlotte,North Carolina,71321,1140.3,Mecklenburg,159304.0,35.05212,-80.81622,3,11,24,5,27701
28292,28205,445600.0,3,2,1417,3914 WOODLEAF RD,Charlotte,North Carolina,51418,1678.5,Mecklenburg,99270.0,35.22019,-80.78737,3,11,24,5,27508
5555,28273,550000.0,5,3,3431,14117 WINGED TEAL RD,Charlotte,North Carolina,44048,755.3,Mecklenburg,100576.0,35.12624,-80.94469,4,11,24,5,5349
5511,28215,623475.0,2,2,2136,8607 PROFIT LN,Charlotte,North Carolina,63548,850.5,Mecklenburg,80157.0,35.24854,-80.69571,4,11,24,5,5305
10144,28227,375000.0,3,2,1468,4516 WOODLAND AVE,Charlotte,North Carolina,58524,562.7,Mecklenburg,90457.0,35.18851,-80.6507,2,11,24,5,9820
10106,28216,294999.0,3,1,1040,2814 SOUTHWEST BLVD,Charlotte,North Carolina,51477,662.1,Mecklenburg,75507.0,35.31039,-80.8883,2,11,24,5,9783
28465,28269,382363.0,3,3,1680,4420 IRON OAK LN # 307,Charlotte,North Carolina,78353,989.6,Mecklenburg,94980.0,35.33747,-80.8026,3,11,24,5,27678
28310,28206,469900.0,3,3,1555,1507 HIDDEN FALLS RD,Charlotte,North Carolina,12812,708.9,Mecklenburg,67213.0,35.25631,-80.82144,3,11,24,5,27526
28407,28216,400000.0,4,3,2207,724 LARMORE AVE,Charlotte,North Carolina,51477,662.1,Mecklenburg,75507.0,35.31039,-80.8883,3,11,24,5,27620
28340,28213,420000.0,3,2,1891,10811 JOHN RUSSELL RD,Charlotte,North Carolina,44553,1209.4,Mecklenburg,69585.0,35.28459,-80.73339,3,11,24,5,27556
10202,28278,369757.0,3,3,1529,14710 TAMARACK DR # 36,Charlotte,North Carolina,34272,459.3,Mecklenburg,140683.0,35.13063,-81.00753,2,11,24,5,9877
28339,28213,390000.0,3,3,1808,309 NEAL DR,Charlotte,North Carolina,44553,1209.4,Mecklenburg,69585.0,35.28459,-80.73339,3,11,24,5,27555
28337,28212,390000.0,4,3,2010,5500 AMITY PL,Charlotte,North Carolina,45180,1899.2,Mecklenburg,65165.0,35.1896,-80.74519,3,11,24,5,27553
5530,28227,621497.0,3,4,2416,9530 LIBERTY HILL DR,Charlotte,North Carolina,58524,562.7,Mecklenburg,90457.0,35.18851,-80.6507,4,11,24,5,5324
10186,28273,290000.0,3,2,1155,8405 KINGS CREEK DR,Charlotte,North Carolina,44048,755.3,Mecklenburg,100576.0,35.12624,-80.94469,2,11,24,5,9861
10190,28273,274500.0,2,3,1332,2248 CIGAR CT,Charlotte,North Carolina,44048,755.3,Mecklenburg,100576.0,35.12624,-80.94469,2,11,24,5,9865
2776,28270,1050000.0,4,4,3984,3109 PLANTATION RD,Charlotte,North Carolina,34583,1074.7,Mecklenburg,165619.0,35.10963,-80.76005,8,11,24,5,2664
28454,28269,424900.0,4,3,2124,4512 VICTORY LANE # 11,Charlotte,North Carolina,78353,989.6,Mecklenburg,94980.0,35.33747,-80.8026,3,11,24,5,27667
5451,28202,525000.0,1,1,1057,333 W TRADE ST UNIT 1808,Charlotte,North Carolina,14359,3072.6,Mecklenburg,132909.0,35.22773,-80.8447,4,11,24,5,5246
10040,28214,290000.0,3,2,1232,1009 DUNLEIGH DR,Charlotte,North Carolina,40619,462.6,Mecklenburg,92059.0,35.27177,-80.96847,2,11,24,5,9717
10117,28217,285000.0,4,2,1326,1058 BRIANNA WAY,Charlotte,North Carolina,31338,810.3,Mecklenburg,75391.0,35.17146,-80.9077,2,11,24,5,9794
28500,28278,435000.0,4,3,2860,10135 WALKERS FERRY RD,Charlotte,North Carolina,34272,459.3,Mecklenburg,140683.0,35.13063,-81.00753,3,11,24,5,27713
3539,28278,850000.0,5,5,3629,13119 FEALE CT,Charlotte,North Carolina,34272,459.3,Mecklenburg,140683.0,35.13063,-81.00753,6,11,24,5,3394
10097,28216,315000.0,3,2,1154,509 N LINWOOD AVE,Charlotte,North Carolina,51477,662.1,Mecklenburg,75507.0,35.31039,-80.8883,2,11,24,5,9774
28366,28215,475000.0,4,3,2338,10200 WINDTREE LN,Charlotte,North Carolina,63548,850.5,Mecklenburg,80157.0,35.24854,-80.69571,3,11,24,5,27582
5554,28270,575000.0,4,3,2022,824 MALLOW PL,Charlotte,North Carolina,34583,1074.7,Mecklenburg,165619.0,35.10963,-80.76005,4,11,24,5,5348
5567,28277,515000.0,4,3,2476,11627 KINGSLEY VIEW DR,Charlotte,North Carolina,71321,1140.3,Mecklenburg,159304.0,35.05212,-80.81622,4,11,24,5,5361
28281,28203,499000.0,2,2,1443,436 E PARK AVE # A,Charlotte,North Carolina,17358,2139.7,Mecklenburg,147504.0,35.20832,-80.8577,3,11,24,5,27497
10057,28214,379900.0,4,3,1800,5147 WOLFRIDGE AVE,Charlotte,North Carolina,40619,462.6,Mecklenburg,92059.0,35.27177,-80.96847,2,11,24,5,9734
5517,28217,596100.0,3,4,1723,6012 IRWINS BRANCH DR # 14,Charlotte,North Carolina,31338,810.3,Mecklenburg,75391.0,35.17146,-80.9077,4,11,24,5,5311
20333,28212,225000.0,2,2,1124,5851 HARRIS GROVE LN,Charlotte,North Carolina,45180,1899.2,Mecklenburg,65165.0,35.1896,-80.74519,1,11,24,5,19702
10064,28215,280000.0,3,1,944,1725 FINCHLEY DR,Charlotte,North Carolina,63548,850.5,Mecklenburg,80157.0,35.24854,-80.69571,2,11,24,5,9741
371,28217,714900.0,4,5,2443,322 E CAMA ST # 66,Charlotte,North Carolina,31338,810.3,Mecklenburg,75391.0,35.17146,-80.9077,5,11,24,5,362
9974,28208,320000.0,3,3,1432,5637 SECOND ST,Charlotte,North Carolina,40885,780.1,Mecklenburg,72104.0,35.23153,-80.90611,2,11,24,5,9652
5574,28278,600000.0,4,4,2688,17105 SAND BANK RD,Charlotte,North Carolina,34272,459.3,Mecklenburg,140683.0,35.13063,-81.00753,4,11,24,5,5368
3543,28278,829999.0,5,4,3841,15230 CIMARRON HILLS LN,Charlotte,North Carolina,34272,459.3,Mecklenburg,140683.0,35.13063,-81.00753,6,11,24,5,3398
20338,28214,249000.0,2,3,1144,9509 DRAINS BAY CT # 7,Charlotte,North Carolina,40619,462.6,Mecklenburg,92059.0,35.27177,-80.96847,1,11,24,5,19707
28368,28215,395002.0,4,3,1964,5227 BELSTONE LANE,Charlotte,North Carolina,63548,850.5,Mecklenburg,80157.0,35.24854,-80.69571,3,11,24,5,27584
28376,28215,437500.0,3,3,1570,1832 PURSER DR,Charlotte,North Carolina,63548,850.5,Mecklenburg,80157.0,35.24854,-80.69571,3,11,24,5,27592
5507,28214,522950.0,3,3,2529,5408 CASPER DR,Charlotte,North Carolina,40619,462.6,Mecklenburg,92059.0,35.27177,-80.96847,4,11,24,5,5302
10085,28216,329240.0,3,3,1429,9102 LOWFALLS LN,Charlotte,North Carolina,51477,662.1,Mecklenburg,75507.0,35.31039,-80.8883,2,11,24,5,9762
10118,28226,265000.0,1,2,1010,7414 ASHFIELD CT # 24,Charlotte,North Carolina,38347,1005.4,Mecklenburg,184053.0,35.10767,-80.81837,2,11,24,5,9795
10091,28216,372402.0,4,3,1971,3144 MCGEE HILL DR,Charlotte,North Carolina,51477,662.1,Mecklenburg,75507.0,35.31039,-80.8883,2,11,24,5,9768
20321,28208,139900.0,1,1,578,201 S HOSKINS RD APT 107,Charlotte,North Carolina,40885,780.1,Mecklenburg,72104.0,35.23153,-80.90611,1,11,24,5,19690
28433,28262,426150.0,3,4,1966,2149 NOBLE TOWNES WAY,Charlotte,North Carolina,43664,802.5,Mecklenburg,78552.0,35.32609,-80.74234,3,11,24,5,27646
10107,28216,328240.0,3,3,1416,9118 LOWFALLS LN,Charlotte,North Carolina,51477,662.1,Mecklenburg,75507.0,35.31039,-80.8883,2,11,24,5,9784
10067,28215,295000.0,3,3,1523,727 PLAZA WALK DR,Charlotte,North Carolina,63548,850.5,Mecklenburg,80157.0,35.24854,-80.69571,2,11,24,5,9744
10089,28216,376665.0,4,3,1927,2141 ALLIUM DRIVE,Charlotte,North Carolina,51477,662.1,Mecklenburg,75507.0,35.31039,-80.8883,2,11,24,5,9766
5482,28209,615000.0,3,2,1640,3929 SELWYN AVE,Charlotte,North Carolina,23339,1641.1,Mecklenburg,146696.0,35.17878,-80.85418,4,11,24,5,5277
28450,28269,469000.0,3,3,1889,2400 KENDRICK AVE,Charlotte,North Carolina,78353,989.6,Mecklenburg,94980.0,35.33747,-80.8026,3,11,24,5,27663
28396,28215,489000.0,3,3,2001,4026 HONEY LOCUST DR,Charlotte,North Carolina,63548,850.5,Mecklenburg,80157.0,35.24854,-80.69571,3,11,24,5,27610
5514,28217,625900.0,3,4,1727,6004 IRWINS BRANCH DR # 16,Charlotte,North Carolina,31338,810.3,Mecklenburg,75391.0,35.17146,-80.9077,4,11,24,5,5308
28447,28269,435000.0,3,3,2104,4123 BEAUVISTA DR,Charlotte,North Carolina,78353,989.6,Mecklenburg,94980.0,35.33747,-80.8026,3,11,24,5,27660
28314,28208,387400.0,4,3,2097,2126 STRAWBERRY PATCH ST # 50,Charlotte,North Carolina,40885,780.1,Mecklenburg,72104.0,35.23153,-80.90611,3,11,24,5,27530
5486,28210,543000.0,3,2,1382,5100 GRICE CT,Charlotte,North Carolina,48214,1500.9,Mecklenburg,137848.0,35.12969,-80.8548,4,11,24,5,5281
28482,28273,489900.0,4,3,2694,4637 COLLINGHAM DR,Charlotte,North Carolina,44048,755.3,Mecklenburg,100576.0,35.12624,-80.94469,3,11,24,5,27695
20349,28216,199900.0,3,1,980,1921 NEWCASTLE ST,Charlotte,North Carolina,51477,662.1,Mecklenburg,75507.0,35.31039,-80.8883,1,11,24,5,19718
390,28277,719900.0,5,3,3084,15548 DONNINGTON DR,Charlotte,North Carolina,71321,1140.3,Mecklenburg,159304.0,35.05212,-80.81622,5,11,24,5,381
10172,28269,312008.0,2,3,1512,9316 WIDDEN WAY,Charlotte,North Carolina,78353,989.6,Mecklenburg,94980.0,35.33747,-80.8026,2,11,24,5,9848
28440,28262,440150.0,3,4,1966,2141 NOBLE TOWNES WAY,Charlotte,North Carolina,43664,802.5,Mecklenburg,78552.0,35.32609,-80.74234,3,11,24,5,27653
5535,28227,629500.0,4,4,3478,9844 HOFSTRA CT,Charlotte,North Carolina,58524,562.7,Mecklenburg,90457.0,35.18851,-80.6507,4,11,24,5,5329
20366,28262,239000.0,2,2,1112,10671 HILL POINT CT,Charlotte,North Carolina,43664,802.5,Mecklenburg,78552.0,35.32609,-80.74234,1,11,24,5,19735
36431,28226,1375000.0,3,3,3730,4605 PROVIDENCE RD,Charlotte,North Carolina,38347,1005.4,Mecklenburg,184053.0,35.10767,-80.81837,10,11,24,5,35391
3513,28209,815000.0,2,3,1732,3100 SELWYN AVE # 8,Charlotte,North Carolina,23339,1641.1,Mecklenburg,146696.0,35.17878,-80.85418,6,11,24,5,3369
3517,28211,819900.0,4,2,2693,1115 S WENDOVER RD,Charlotte,North Carolina,31581,1113.4,Mecklenburg,211706.0,35.16816,-80.79604,6,11,24,5,3373
10104,28216,366670.0,3,3,1608,1057 PLUMCREST DR,Charlotte,North Carolina,51477,662.1,Mecklenburg,75507.0,35.31039,-80.8883,2,11,24,5,9781
28380,28215,436680.0,3,3,1849,5706 RUNNEL WAY,Charlotte,North Carolina,63548,850.5,Mecklenburg,80157.0,35.24854,-80.69571,3,11,24,5,27596
28342,28213,395000.0,4,3,2465,444 BLUE ROCK DR,Charlotte,North Carolina,44553,1209.4,Mecklenburg,69585.0,35.28459,-80.73339,3,11,24,5,27558
5471,28206,582800.0,3,4,1637,2242 N GRAHAM ST # 2,Charlotte,North Carolina,12812,708.9,Mecklenburg,67213.0,35.25631,-80.82144,4,11,24,5,5266
20360,28227,219000.0,3,2,1262,7642 HOLLY GROVE CT,Charlotte,North Carolina,58524,562.7,Mecklenburg,90457.0,35.18851,-80.6507,1,11,24,5,19729
402,28278,670000.0,4,4,3406,15804 WALNUT HILL DR,Charlotte,North Carolina,34272,459.3,Mecklenburg,140683.0,35.13063,-81.00753,5,11,24,5,393
28411,28216,389440.0,3,3,1658,1131 HARLAND ST,Charlotte,North Carolina,51477,662.1,Mecklenburg,75507.0,35.31039,-80.8883,3,11,24,5,27624
28333,28210,440000.0,3,3,1812,2233 WHITFORD LN,Charlotte,North Carolina,48214,1500.9,Mecklenburg,137848.0,35.12969,-80.8548,3,11,24,5,27549
28494,28277,429000.0,3,3,1776,10244 GARMOYLE ST # 150,Charlotte,North Carolina,71321,1140.3,Mecklenburg,159304.0,35.05212,-80.81622,3,11,24,5,27707
28307,28206,398500.0,3,3,1324,3823 WILLOW GREEN PL,Charlotte,North Carolina,12812,708.9,Mecklenburg,67213.0,35.25631,-80.82144,3,11,24,5,27523
28518,28278,408047.0,3,3,1916,11230 BARTRAMS WAY # 123,Charlotte,North Carolina,34272,459.3,Mecklenburg,140683.0,35.13063,-81.00753,3,11,24,5,27731
20320,28205,165000.0,1,1,729,1635 MERRY OAKS RD,Charlotte,North Carolina,51418,1678.5,Mecklenburg,99270.0,35.22019,-80.78737,1,11,24,5,19689
9981,28208,300000.0,3,2,1900,2914 RAVENCROFT DR,Charlotte,North Carolina,40885,780.1,Mecklenburg,72104.0,35.23153,-80.90611,2,11,24,5,9659
18397,28211,899000.0,4,3,2871,4758 ADDISON DR,Charlotte,North Carolina,31581,1113.4,Mecklenburg,211706.0,35.16816,-80.79604,7,11,24,5,17818
5532,28227,625000.0,5,4,3916,9700 BLACKBIRD HILL LN,Charlotte,North Carolina,58524,562.7,Mecklenburg,90457.0,35.18851,-80.6507,4,11,24,5,5326
5556,28273,615000.0,6,6,4250,14427 RHODES HALL DR,Charlotte,North Carolina,44048,755.3,Mecklenburg,100576.0,35.12624,-80.94469,4,11,24,5,5350
378,28226,749900.0,3,3,2265,6314 PROVIDENCE RD,Charlotte,North Carolina,38347,1005.4,Mecklenburg,184053.0,35.10767,-80.81837,5,11,24,5,369
354,28210,675000.0,3,3,2533,5919 BARROWLANDS CT,Charlotte,North Carolina,48214,1500.9,Mecklenburg,137848.0,35.12969,-80.8548,5,11,24,5,345
5452,28202,600000.0,3,2,1520,301 W 10TH ST APT 508,Charlotte,North Carolina,14359,3072.6,Mecklenburg,132909.0,35.22773,-80.8447,4,11,24,5,5247
28486,28277,410000.0,2,2,1381,8238 WINDSOR RIDGE DR,Charlotte,North Carolina,71321,1140.3,Mecklenburg,159304.0,35.05212,-80.81622,3,11,24,5,27699
9982,28208,352400.0,3,3,1563,2121 STRAWBERRY PATCH ST # 32,Charlotte,North Carolina,40885,780.1,Mecklenburg,72104.0,35.23153,-80.90611,2,11,24,5,9660
5557,28273,610000.0,5,4,3449,9934 LOUGHLIN LN # 27,Charlotte,North Carolina,44048,755.3,Mecklenburg,100576.0,35.12624,-80.94469,4,11,24,5,5351
10063,28215,325000.0,4,2,1938,12930 PLAZA ROAD EXT,Charlotte,North Carolina,63548,850.5,Mecklenburg,80157.0,35.24854,-80.69571,2,11,24,5,9740
5481,28209,560000.0,2,2,1517,3278 PARK RD,Charlotte,North Carolina,23339,1641.1,Mecklenburg,146696.0,35.17878,-80.85418,4,11,24,5,5276
9958,28205,375000.0,2,3,1336,614 RAPHAEL PL,Charlotte,North Carolina,51418,1678.5,Mecklenburg,99270.0,35.22019,-80.78737,2,11,24,5,9636
5466,28205,599950.0,3,2,1608,1340 CAROLYN DR,Charlotte,North Carolina,51418,1678.5,Mecklenburg,99270.0,35.22019,-80.78737,4,11,24,5,5261
20343,28215,221000.0,2,2,1032,9542 LITTLELEAF DR,Charlotte,North Carolina,63548,850.5,Mecklenburg,80157.0,35.24854,-80.69571,1,11,24,5,19712
20347,28216,179900.0,3,1,950,3015 LASALLE ST,Charlotte,North Carolina,51477,662.1,Mecklenburg,75507.0,35.31039,-80.8883,1,11,24,5,19716
3530,28227,825000.0,4,4,4301,8635 CARLY LN E,Charlotte,North Carolina,58524,562.7,Mecklenburg,90457.0,35.18851,-80.6507,6,11,24,5,3386
10069,28215,319000.0,3,3,1708,4307 TIRLING CT,Charlotte,North Carolina,63548,850.5,Mecklenburg,80157.0,35.24854,-80.69571,2,11,24,5,9746
28377,28215,410000.0,4,3,2401,9127 BROCKLEHURST LN,Charlotte,North Carolina,63548,850.5,Mecklenburg,80157.0,35.24854,-80.69571,3,11,24,5,27593
10019,28213,365000.0,3,3,2501,9206 SANDBURG AVE,Charlotte,North Carolina,44553,1209.4,Mecklenburg,69585.0,35.28459,-80.73339,2,11,24,5,9696
28436,28262,406000.0,3,3,1895,1348 SOUTHERN SUGAR DR,Charlotte,North Carolina,43664,802.5,Mecklenburg,78552.0,35.32609,-80.74234,3,11,24,5,27649
20337,28213,135000.0,1,1,595,338 ORCHARD TRACE LN APT 8,Charlotte,North Carolina,44553,1209.4,Mecklenburg,69585.0,35.28459,-80.73339,1,11,24,5,19706
3507,28206,795300.0,4,5,2310,3026 KHAN PARK DR # 62,Charlotte,North Carolina,12812,708.9,Mecklenburg,67213.0,35.25631,-80.82144,6,11,24,5,3363
10003,28210,259900.0,2,2,1000,5935 QUAIL HOLLOW RD APT D,Charlotte,North Carolina,48214,1500.9,Mecklenburg,137848.0,35.12969,-80.8548,2,11,24,5,9680
5491,28211,584900.0,4,4,1886,2208 MAGNOLIA BLOSSOM WAY # 41,Charlotte,North Carolina,31581,1113.4,Mecklenburg,211706.0,35.16816,-80.79604,4,11,24,5,5286
28491,28277,475000.0,4,3,1891,7009 BEVINGTON HOLLOW CIR,Charlotte,North Carolina,71321,1140.3,Mecklenburg,159304.0,35.05212,-80.81622,3,11,24,5,27704
20363,28227,184900.0,2,2,1105,7230 WINERY LN,Charlotte,North Carolina,58524,562.7,Mecklenburg,90457.0,35.18851,-80.6507,1,11,24,5,19732
10131,28227,379990.0,3,3,1762,7820 NELSON RD # 19C,Charlotte,North Carolina,58524,562.7,Mecklenburg,90457.0,35.18851,-80.6507,2,11,24,5,9808
28345,28214,385000.0,3,2,1512,5617 GALAXIE RD,Charlotte,North Carolina,40619,462.6,Mecklenburg,92059.0,35.27177,-80.96847,3,11,24,5,27561
28392,28215,489017.0,3,3,2111,5802 STRATHMORE CT,Charlotte,North Carolina,63548,850.5,Mecklenburg,80157.0,35.24854,-80.69571,3,11,24,5,27607
10170,28269,345000.0,3,3,1493,3703 SMALL AVE,Charlotte,North Carolina,78353,989.6,Mecklenburg,94980.0,35.33747,-80.8026,2,11,24,5,9846
5548,28269,599000.0,4,3,2859,9928 COLVARD CIR,Charlotte,North Carolina,78353,989.6,Mecklenburg,94980.0,35.33747,-80.8026,4,11,24,5,5342
20327,28210,239000.0,2,3,1249,7811 LENNOXSHIRE LN,Charlotte,North Carolina,48214,1500.9,Mecklenburg,137848.0,35.12969,-80.8548,1,11,24,5,19696
10075,28215,350000.0,3,2,1273,3716 COBBLERIDGE DR,Charlotte,North Carolina,63548,850.5,Mecklenburg,80157.0,35.24854,-80.69571,2,11,24,5,9752
20352,28216,234999.0,3,2,1038,3038 BRATCHER AVE,Charlotte,North Carolina,51477,662.1,Mecklenburg,75507.0,35.31039,-80.8883,1,11,24,5,19721
376,28226,719900.0,3,3,2265,6304 PROVIDENCE RD,Charlotte,North Carolina,38347,1005.4,Mecklenburg,184053.0,35.10767,-80.81837,5,11,24,5,367
10162,28269,325000.0,3,2,1627,5112 GRANITE CREEK LN,Charlotte,North Carolina,78353,989.6,Mecklenburg,94980.0,35.33747,-80.8026,2,11,24,5,9838
10044,28214,355000.0,3,2,1512,1140 FRANKLIN THOMAS PL,Charlotte,North Carolina,40619,462.6,Mecklenburg,92059.0,35.27177,-80.96847,2,11,24,5,9721
28353,28214,420000.0,4,3,2350,10024 TRAVIS FLOYD LN # 007,Charlotte,North Carolina,40619,462.6,Mecklenburg,92059.0,35.27177,-80.96847,3,11,24,5,27569
9986,28208,268900.0,3,1,975,538 PORTER ST,Charlotte,North Carolina,40885,780.1,Mecklenburg,72104.0,35.23153,-80.90611,2,11,24,5,9663
26816,28202,1250000.0,4,4,3223,337 W 7TH ST,Charlotte,North Carolina,14359,3072.6,Mecklenburg,132909.0,35.22773,-80.8447,9,11,24,5,26061
36433,28226,1375000.0,3,4,3426,2611 HORN POINT CT,Charlotte,North Carolina,38347,1005.4,Mecklenburg,184053.0,35.10767,-80.81837,10,11,24,5,35393
20367,28262,185000.0,2,2,929,7049 SOMERSET SPRINGS DR,Charlotte,North Carolina,43664,802.5,Mecklenburg,78552.0,35.32609,-80.74234,1,11,24,5,19736
5485,28210,565000.0,3,2,1275,1515 EMERYWOOD DR,Charlotte,North Carolina,48214,1500.9,Mecklenburg,137848.0,35.12969,-80.8548,4,11,24,5,5280
28391,28215,399900.0,3,3,2184,7117 LENTON RD,Charlotte,North Carolina,63548,850.5,Mecklenburg,80157.0,35.24854,-80.69571,3,11,24,5,27606
28326,28210,487800.0,3,2,1507,5217 FURMAN PL,Charlotte,North Carolina,48214,1500.9,Mecklenburg,137848.0,35.12969,-80.8548,3,11,24,5,27542
368,28216,749000.0,5,3,3200,4100 NICOLE EILEEN LN,Charlotte,North Carolina,51477,662.1,Mecklenburg,75507.0,35.31039,-80.8883,5,11,24,5,359
10150,28262,270000.0,3,3,1531,6553 QUARTERBRIDGE LN,Charlotte,North Carolina,43664,802.5,Mecklenburg,78552.0,35.32609,-80.74234,2,11,24,5,9826
28458,28269,449995.0,2,2,1706,7108 WAYFARER DRIVE # 0082,Charlotte,North Carolina,78353,989.6,Mecklenburg,94980.0,35.33747,-80.8026,3,11,24,5,27671
10115,28217,299900.0,3,1,888,1609 CHOYCE AVE,Charlotte,North Carolina,31338,810.3,Mecklenburg,75391.0,35.17146,-80.9077,2,11,24,5,9792
10184,28273,260000.0,3,3,1707,8031 KINGS CREEK DR,Charlotte,North Carolina,44048,755.3,Mecklenburg,100576.0,35.12624,-80.94469,2,11,24,5,9859
26824,28227,1250000.0,3,2,1434,5926 MATTHEWS MINT HILL RD,Charlotte,North Carolina,58524,562.7,Mecklenburg,90457.0,35.18851,-80.6507,9,11,24,5,26069
28313,28207,485000.0,2,2,1300,2222 SELWYN AVE APT 703,Charlotte,North Carolina,9733,1546.7,Mecklenburg,389928.0,35.19512,-80.82606,3,11,24,5,27529
28418,28226,499000.0,5,3,2553,7214 CONNAN LN,Charlotte,North Carolina,38347,1005.4,Mecklenburg,184053.0,35.10767,-80.81837,3,11,24,5,27631
36432,28226,1350000.0,5,5,4793,5714 FIVE KNOLLS DR,Charlotte,North Carolina,38347,1005.4,Mecklenburg,184053.0,35.10767,-80.81837,10,11,24,5,35392
3503,28202,799000.0,3,4,2228,382 MCNINCH ST,Charlotte,North Carolina,14359,3072.6,Mecklenburg,132909.0,35.22773,-80.8447,6,11,24,5,3359
10047,28214,368000.0,3,2,1362,2117 TOM SADLER RD,Charlotte,North Carolina,40619,462.6,Mecklenburg,92059.0,35.27177,-80.96847,2,11,24,5,9724
3510,28207,825000.0,3,3,1908,146 PERRIN PL,Charlotte,North Carolina,9733,1546.7,Mecklenburg,389928.0,35.19512,-80.82606,6,11,24,5,3366
10205,28278,353000.0,4,3,1789,4303 BUBBLING BROOK CT,Charlotte,North Carolina,34272,459.3,Mecklenburg,140683.0,35.13063,-81.00753,2,11,24,5,9880
18394,28209,975000.0,4,3,2300,1410 PADDOCK CIR,Charlotte,North Carolina,23339,1641.1,Mecklenburg,146696.0,35.17878,-80.85418,7,11,24,5,17815
5464,28205,566570.0,3,4,1952,6036 TOWERING OAKS DR,Charlotte,North Carolina,51418,1678.5,Mecklenburg,99270.0,35.22019,-80.78737,4,11,24,5,5259
5546,28269,525000.0,5,3,2895,7220 MERIDALE FOREST DR,Charlotte,North Carolina,78353,989.6,Mecklenburg,94980.0,35.33747,-80.8026,4,11,24,5,5340
5536,28227,593357.0,3,3,2048,9608 LIBERTY HILL DR,Charlotte,North Carolina,58524,562.7,Mecklenburg,90457.0,35.18851,-80.6507,4,11,24,5,5330
20339,28214,153000.0,3,3,1302,9108 BLACK HEATH CIR UNIT C,Charlotte,North Carolina,40619,462.6,Mecklenburg,92059.0,35.27177,-80.96847,1,11,24,5,19708
9972,28207,269900.0,1,1,679,118 ALTONDALE AVE,Charlotte,North Carolina,9733,1546.7,Mecklenburg,389928.0,35.19512,-80.82606,2,11,24,5,9650
20344,28215,190000.0,2,3,1098,6404 WINDSOR GATE LN,Charlotte,North Carolina,63548,850.5,Mecklenburg,80157.0,35.24854,-80.69571,1,11,24,5,19713
10022,28213,375000.0,4,3,2091,8305 SHINKANSEN DR,Charlotte,North Carolina,44553,1209.4,Mecklenburg,69585.0,35.28459,-80.73339,2,11,24,5,9699
20335,28213,245000.0,2,2,1102,9121 MEADOW VISTA RD,Charlotte,North Carolina,44553,1209.4,Mecklenburg,69585.0,35.28459,-80.73339,1,11,24,5,19704
34301,28210,124500.0,2,2,997,7992 SHADY OAK TRL,Charlotte,North Carolina,48214,1500.9,Mecklenburg,137848.0,35.12969,-80.8548,0,11,24,5,33284
28395,28215,490000.0,3,3,2493,4600 SARANDON CT,Charlotte,North Carolina,63548,850.5,Mecklenburg,80157.0,35.24854,-80.69571,3,11,24,5,27609
10133,28227,265000.0,3,1,1001,3845 ASHLEY HALL DR,Charlotte,North Carolina,58524,562.7,Mecklenburg,90457.0,35.18851,-80.6507,2,11,24,5,9809
2774,28211,1100000.0,2,4,2710,1228 COTSWOLD PL,Charlotte,North Carolina,31581,1113.4,Mecklenburg,211706.0,35.16816,-80.79604,8,11,24,5,2662
10161,28269,315000.0,3,2,1576,5927 MOOSE LN,Charlotte,North Carolina,78353,989.6,Mecklenburg,94980.0,35.33747,-80.8026,2,11,24,5,9837
28496,28278,399000.0,3,3,2102,12304 HUNTING BIRDS LN,Charlotte,North Carolina,34272,459.3,Mecklenburg,140683.0,35.13063,-81.00753,3,11,24,5,27709
10060,28215,335000.0,3,2,3256,7200 PLOTT RD,Charlotte,North Carolina,63548,850.5,Mecklenburg,80157.0,35.24854,-80.69571,2,11,24,5,9737
10197,28277,375000.0,2,2,1428,8970 SAINT CROIX LN,Charlotte,North Carolina,71321,1140.3,Mecklenburg,159304.0,35.05212,-80.81622,2,11,24,5,9872
28398,28215,470467.0,3,3,2017,5806 STRATHMORE CT,Charlotte,North Carolina,63548,850.5,Mecklenburg,80157.0,35.24854,-80.69571,3,11,24,5,27611
28468,28270,450000.0,5,3,2603,200 KIMROD LN,Charlotte,North Carolina,34583,1074.7,Mecklenburg,165619.0,35.10963,-80.76005,3,11,24,5,27681
10077,28215,375000.0,3,3,1852,5566 WHISPERFIELD LN,Charlotte,North Carolina,63548,850.5,Mecklenburg,80157.0,35.24854,-80.69571,2,11,24,5,9754
9988,28208,349900.0,4,3,1820,3024 SEYMOUR DR,Charlotte,North Carolina,40885,780.1,Mecklenburg,72104.0,35.23153,-80.90611,2,11,24,5,9665
10158,28269,333730.0,2,3,1601,9244 WIDDEN WAY,Charlotte,North Carolina,78353,989.6,Mecklenburg,94980.0,35.33747,-80.8026,2,11,24,5,9834
3514,28210,815000.0,4,3,2588,3532 WINSLOW GREEN DR,Charlotte,North Carolina,48214,1500.9,Mecklenburg,137848.0,35.12969,-80.8548,6,11,24,5,3370
3504,28203,819900.0,4,2,1512,2132 CHARLOTTE DR,Charlotte,North Carolina,17358,2139.7,Mecklenburg,147504.0,35.20832,-80.8577,6,11,24,5,3360
18391,28205,925000.0,3,3,2382,4219 COMMONWEALTH AVE,Charlotte,North Carolina,51418,1678.5,Mecklenburg,99270.0,35.22019,-80.78737,7,11,24,5,17812
9992,28209,370000.0,2,1,767,1820 JAMESTON DR,Charlotte,North Carolina,23339,1641.1,Mecklenburg,146696.0,35.17878,-80.85418,2,11,24,5,9669
5497,28211,559900.0,4,4,1886,526 N SHARON AMITY RD # 6,Charlotte,North Carolina,31581,1113.4,Mecklenburg,211706.0,35.16816,-80.79604,4,11,24,5,5292
5564,28277,624950.0,3,3,2601,13852 BALLANTYNE MEADOWS DR,Charlotte,North Carolina,71321,1140.3,Mecklenburg,159304.0,35.05212,-80.81622,4,11,24,5,5358
359,28211,648000.0,3,3,1830,916 MILLBROOK RD,Charlotte,North Carolina,31581,1113.4,Mecklenburg,211706.0,35.16816,-80.79604,5,11,24,5,350
28439,28262,384900.0,4,2,1857,1007 REIGATE RD,Charlotte,North Carolina,43664,802.5,Mecklenburg,78552.0,35.32609,-80.74234,3,11,24,5,27652
20350,28216,189900.0,3,2,1000,3513 MERRILL PL,Charlotte,North Carolina,51477,662.1,Mecklenburg,75507.0,35.31039,-80.8883,1,11,24,5,19719
5463,28205,528871.0,3,4,1906,6032 TOWERING OAKS DR,Charlotte,North Carolina,51418,1678.5,Mecklenburg,99270.0,35.22019,-80.78737,4,11,24,5,5258
10061,28215,345000.0,3,2,1276,8215 GERA EMMA DR,Charlotte,North Carolina,63548,850.5,Mecklenburg,80157.0,35.24854,-80.69571,2,11,24,5,9738
28286,28205,470000.0,3,3,1954,2111 BIRCHSIDE DR,Charlotte,North Carolina,51418,1678.5,Mecklenburg,99270.0,35.22019,-80.78737,3,11,24,5,27502
10050,28214,355000.0,4,4,2000,8022 BRISTLE LN,Charlotte,North Carolina,40619,462.6,Mecklenburg,92059.0,35.27177,-80.96847,2,11,24,5,9727
28501,28278,395000.0,3,2,1943,6607 LATHERTON LN,Charlotte,North Carolina,34272,459.3,Mecklenburg,140683.0,35.13063,-81.00753,3,11,24,5,27714
18396,28210,950000.0,3,2,1973,3923 KITLEY PL,Charlotte,North Carolina,48214,1500.9,Mecklenburg,137848.0,35.12969,-80.8548,7,11,24,5,17817
28460,28269,450000.0,3,3,2551,9417 HARTINGTON PL,Charlotte,North Carolina,78353,989.6,Mecklenburg,94980.0,35.33747,-80.8026,3,11,24,5,27673
10189,28273,335000.0,3,2,1571,4218 AMHERST VILLA CT,Charlotte,North Carolina,44048,755.3,Mecklenburg,100576.0,35.12624,-80.94469,2,11,24,5,9864
28477,28273,441755.0,3,3,1835,13116 ROVER ST # 226,Charlotte,North Carolina,44048,755.3,Mecklenburg,100576.0,35.12624,-80.94469,3,11,24,5,27690
10049,28214,310000.0,3,3,1531,5804 NATICK DR,Charlotte,North Carolina,40619,462.6,Mecklenburg,92059.0,35.27177,-80.96847,2,11,24,5,9726
9968,28206,349800.0,2,3,1170,402 E 16TH ST,Charlotte,North Carolina,12812,708.9,Mecklenburg,67213.0,35.25631,-80.82144,2,11,24,5,9646
5519,28217,597900.0,3,4,1723,338 E CAMA ST # 62,Charlotte,North Carolina,31338,810.3,Mecklenburg,75391.0,35.17146,-80.9077,4,11,24,5,5313
20358,28226,245000.0,2,2,974,10923 HARROWFIELD RD,Charlotte,North Carolina,38347,1005.4,Mecklenburg,184053.0,35.10767,-80.81837,1,11,24,5,19727
10198,28277,300000.0,2,3,1149,14930 SCOTHURST LN,Charlotte,North Carolina,71321,1140.3,Mecklenburg,159304.0,35.05212,-80.81622,2,11,24,5,9873
10123,28227,299999.0,3,2,1796,6726 PALOVERDE LN,Charlotte,North Carolina,58524,562.7,Mecklenburg,90457.0,35.18851,-80.6507,2,11,24,5,9800
10043,28214,335000.0,3,2,1362,9221 MOUNT HOLLY RD,Charlotte,North Carolina,40619,462.6,Mecklenburg,92059.0,35.27177,-80.96847,2,11,24,5,9720
10120,28226,279900.0,2,3,1444,7909 CHARTER OAK LN,Charlotte,North Carolina,38347,1005.4,Mecklenburg,184053.0,35.10767,-80.81837,2,11,24,5,9797
10137,28227,285000.0,2,2,1024,10110 CROMARTY LN,Charlotte,North Carolina,58524,562.7,Mecklenburg,90457.0,35.18851,-80.6507,2,11,24,5,9813
10108,28216,376665.0,4,3,1927,2137 ALLIUM DRIVE,Charlotte,North Carolina,51477,662.1,Mecklenburg,75507.0,35.31039,-80.8883,2,11,24,5,9785
28316,28208,400000.0,2,1,798,1817 WEST BLVD,Charlotte,North Carolina,40885,780.1,Mecklenburg,72104.0,35.23153,-80.90611,3,11,24,5,27532
5537,28227,566480.0,3,4,2694,12719 TWILIGHT DR,Charlotte,North Carolina,58524,562.7,Mecklenburg,90457.0,35.18851,-80.6507,4,11,24,5,5331
9949,28202,340000.0,1,1,942,626 N GRAHAM ST STE 310,Charlotte,North Carolina,14359,3072.6,Mecklenburg,132909.0,35.22773,-80.8447,2,11,24,5,9627
9995,28210,360000.0,2,3,1600,7244 QUAIL MEADOW LN,Charlotte,North Carolina,48214,1500.9,Mecklenburg,137848.0,35.12969,-80.8548,2,11,24,5,9672
10016,28212,365000.0,4,3,1930,4740 MARTHAS RIDGE DR,Charlotte,North Carolina,45180,1899.2,Mecklenburg,65165.0,35.1896,-80.74519,2,11,24,5,9693
28283,28204,470000.0,3,2,1191,1902 BAXTER ST # 1,Charlotte,North Carolina,8649,1893.7,Mecklenburg,120966.0,35.21469,-80.82677,3,11,24,5,27499
28417,28226,499900.0,4,3,2076,11420 FIVE CEDARS RD,Charlotte,North Carolina,38347,1005.4,Mecklenburg,184053.0,35.10767,-80.81837,3,11,24,5,27630
5460,28205,554352.0,4,4,1952,6024 TOWERING OAKS DR,Charlotte,North Carolina,51418,1678.5,Mecklenburg,99270.0,35.22019,-80.78737,4,11,24,5,5255
9946,28202,264000.0,1,1,600,505 E 6TH ST UNIT 817,Charlotte,North Carolina,14359,3072.6,Mecklenburg,132909.0,35.22773,-80.8447,2,11,24,5,9624
28414,28217,435000.0,3,2,1200,3943 FIELDCREST RD,Charlotte,North Carolina,31338,810.3,Mecklenburg,75391.0,35.17146,-80.9077,3,11,24,5,27627
9998,28210,357500.0,2,3,1600,7204 QUAIL MEADOW LN,Charlotte,North Carolina,48214,1500.9,Mecklenburg,137848.0,35.12969,-80.8548,2,11,24,5,9675
9976,28208,325000.0,3,3,1431,2649 HEMPHILL ST,Charlotte,North Carolina,40885,780.1,Mecklenburg,72104.0,35.23153,-80.90611,2,11,24,5,9654
9962,28205,349000.0,3,2,1393,4201 THE PLZ,Charlotte,North Carolina,51418,1678.5,Mecklenburg,99270.0,35.22019,-80.78737,2,11,24,5,9640
10058,28214,379900.0,4,3,1800,5213 WOLFRIDGE AVE,Charlotte,North Carolina,40619,462.6,Mecklenburg,92059.0,35.27177,-80.96847,2,11,24,5,9735
28349,28214,385000.0,3,3,2136,9030 HENRY THOREAU RD,Charlotte,North Carolina,40619,462.6,Mecklenburg,92059.0,35.27177,-80.96847,3,11,24,5,27565
5543,28227,553291.0,4,3,2517,8226 FRANKLIN TRAIL STREET,Charlotte,North Carolina,58524,562.7,Mecklenburg,90457.0,35.18851,-80.6507,4,11,24,5,5337
10093,28216,363752.0,3,3,1896,3201 MCGEE HILL DR,Charlotte,North Carolina,51477,662.1,Mecklenburg,75507.0,35.31039,-80.8883,2,11,24,5,9770
10185,28273,379900.0,3,3,1748,7620 RED MULBERRY WAY,Charlotte,North Carolina,44048,755.3,Mecklenburg,100576.0,35.12624,-80.94469,2,11,24,5,9860
10192,28277,370000.0,3,2,1401,14933 SANTA LUCIA DR,Charlotte,North Carolina,71321,1140.3,Mecklenburg,159304.0,35.05212,-80.81622,2,11,24,5,9867
9957,28205,345000.0,3,2,1154,4716 CRESTMONT DR,Charlotte,North Carolina,51418,1678.5,Mecklenburg,99270.0,35.22019,-80.78737,2,11,24,5,9635
10139,28227,280000.0,3,2,1104,9933 HEATHERGATE LN,Charlotte,North Carolina,58524,562.7,Mecklenburg,90457.0,35.18851,-80.6507,2,11,24,5,9815
10015,28212,315000.0,3,2,1448,5906 MEADOW HILL DR,Charlotte,North Carolina,45180,1899.2,Mecklenburg,65165.0,35.1896,-80.74519,2,11,24,5,9692
5472,28206,579100.0,3,4,1637,2234 N GRAHAM ST # 4,Charlotte,North Carolina,12812,708.9,Mecklenburg,67213.0,35.25631,-80.82144,4,11,24,5,5267
28388,28215,398000.0,3,2,1580,6926 PASSERES CT,Charlotte,North Carolina,63548,850.5,Mecklenburg,80157.0,35.24854,-80.69571,3,11,24,5,27603
18392,28207,955500.0,3,4,2620,2553 VAIL AVE,Charlotte,North Carolina,9733,1546.7,Mecklenburg,389928.0,35.19512,-80.82606,7,11,24,5,17813
28517,28278,439900.0,4,3,2338,10213 BARRANDS LN,Charlotte,North Carolina,34272,459.3,Mecklenburg,140683.0,35.13063,-81.00753,3,11,24,5,27730
20325,28208,187999.0,2,1,1010,201 HOSKINS RD,Charlotte,North Carolina,40885,780.1,Mecklenburg,72104.0,35.23153,-80.90611,1,11,24,5,19694
3542,28278,850000.0,4,4,2563,16428 CROSSHAVEN DR,Charlotte,North Carolina,34272,459.3,Mecklenburg,140683.0,35.13063,-81.00753,6,11,24,5,3397
20332,28212,237000.0,2,2,1001,2908 IRON GATE LN,Charlotte,North Carolina,45180,1899.2,Mecklenburg,65165.0,35.1896,-80.74519,1,11,24,5,19701
10079,28216,370000.0,3,2,1329,5600 OAK DR,Charlotte,North Carolina,51477,662.1,Mecklenburg,75507.0,35.31039,-80.8883,2,11,24,5,9756
5489,28210,574900.0,3,2,1359,5225 FARMBROOK DR,Charlotte,North Carolina,48214,1500.9,Mecklenburg,137848.0,35.12969,-80.8548,4,11,24,5,5284
28378,28215,450000.0,2,2,1590,6912 KEPLAR RD,Charlotte,North Carolina,63548,850.5,Mecklenburg,80157.0,35.24854,-80.69571,3,11,24,5,27594
28410,28216,403270.0,3,3,1658,1118 HARLAND ST,Charlotte,North Carolina,51477,662.1,Mecklenburg,75507.0,35.31039,-80.8883,3,11,24,5,27623
10128,28227,370000.0,3,2,1288,624 ALLISTER DR,Charlotte,North Carolina,58524,562.7,Mecklenburg,90457.0,35.18851,-80.6507,2,11,24,5,9805
18385,28203,900000.0,3,4,2105,1571 S CHURCH ST,Charlotte,North Carolina,17358,2139.7,Mecklenburg,147504.0,35.20832,-80.8577,7,11,24,5,17806
9965,28205,379500.0,3,2,1906,5035 AUBURNDALE RD,Charlotte,North Carolina,51418,1678.5,Mecklenburg,99270.0,35.22019,-80.78737,2,11,24,5,9643
9971,28207,325000.0,2,1,802,102 COLVILLE RD APT 51C,Charlotte,North Carolina,9733,1546.7,Mecklenburg,389928.0,35.19512,-80.82606,2,11,24,5,9649
20328,28210,253500.0,1,1,759,6510 CLAVELL LN APT A,Charlotte,North Carolina,48214,1500.9,Mecklenburg,137848.0,35.12969,-80.8548,1,11,24,5,19697
367,28215,669000.0,3,3,2492,10220 SUPERB LN,Charlotte,North Carolina,63548,850.5,Mecklenburg,80157.0,35.24854,-80.69571,5,11,24,5,358
5558,28273,510000.0,5,4,2855,8314 FLINT HILL DR,Charlotte,North Carolina,44048,755.3,Mecklenburg,100576.0,35.12624,-80.94469,4,11,24,5,5352
28457,28269,485000.0,5,3,2502,10232 DOMINION VILLAGE DR,Charlotte,North Carolina,78353,989.6,Mecklenburg,94980.0,35.33747,-80.8026,3,11,24,5,27670
28483,28273,447370.0,3,3,1835,13108 ROVER ST # 228,Charlotte,North Carolina,44048,755.3,Mecklenburg,100576.0,35.12624,-80.94469,3,11,24,5,27696
26828,28278,1150000.0,6,5,4632,10402 QUIET BAY CT,Charlotte,North Carolina,34272,459.3,Mecklenburg,140683.0,35.13063,-81.00753,9,11,24,5,26073
28415,28217,449000.0,3,2,1276,3419 MANCHESTER DR,Charlotte,North Carolina,31338,810.3,Mecklenburg,75391.0,35.17146,-80.9077,3,11,24,5,27628
10160,28269,350000.0,2,2,1481,8932 KESTRAL RIDGE DR,Charlotte,North Carolina,78353,989.6,Mecklenburg,94980.0,35.33747,-80.8026,2,11,24,5,9836
10177,28270,359900.0,3,3,1666,11926 LAMBERT BRIDGE DR,Charlotte,North Carolina,34583,1074.7,Mecklenburg,165619.0,35.10963,-80.76005,2,11,24,5,9852
10029,28213,335000.0,4,3,1800,9629 MELANIE THOMPSON DR,Charlotte,North Carolina,44553,1209.4,Mecklenburg,69585.0,35.28459,-80.73339,2,11,24,5,9706
28359,28214,411675.0,4,3,2350,10015 TRAVIS FLOYD LN # 047,Charlotte,North Carolina,40619,462.6,Mecklenburg,92059.0,35.27177,-80.96847,3,11,24,5,27575
10174,28269,348000.0,3,3,1448,9114 SWALLOW TAIL LN,Charlotte,North Carolina,78353,989.6,Mecklenburg,94980.0,35.33747,-80.8026,2,11,24,5,9845
28291,28205,465000.0,3,2,1304,2226 BIRCHCREST DR,Charlotte,North Carolina,51418,1678.5,Mecklenburg,99270.0,35.22019,-80.78737,3,11,24,5,27507
388,28270,700000.0,4,4,2837,2312 OBERWOOD DR,Charlotte,North Carolina,34583,1074.7,Mecklenburg,165619.0,35.10963,-80.76005,5,11,24,5,379
10193,28277,289900.0,2,2,1282,12081 COPPER MOUNTAIN BLVD,Charlotte,North Carolina,71321,1140.3,Mecklenburg,159304.0,35.05212,-80.81622,2,11,24,5,9868
10072,28215,305000.0,3,2,1394,314 FRANK DR,Charlotte,North Carolina,63548,850.5,Mecklenburg,80157.0,35.24854,-80.69571,2,11,24,5,9749
348,28205,728550.0,3,4,1619,2041 THURMOND PL,Charlotte,North Carolina,51418,1678.5,Mecklenburg,99270.0,35.22019,-80.78737,5,11,24,5,339
28367,28215,465000.0,3,3,2444,4785 BIRCHHOLLOW DR,Charlotte,North Carolina,63548,850.5,Mecklenburg,80157.0,35.24854,-80.69571,3,11,24,5,27583
20340,28214,175000.0,3,3,1302,9100 BLACK HEATH CIR UNIT B,Charlotte,North Carolina,40619,462.6,Mecklenburg,92059.0,35.27177,-80.96847,1,11,24,5,19709
28298,28205,457000.0,3,2,1572,3512 HAVENWOOD RD,Charlotte,North Carolina,51418,1678.5,Mecklenburg,99270.0,35.22019,-80.78737,3,11,24,5,27514
10178,28270,350000.0,2,3,1628,2514 MIDDLEBRIDGE LN,Charlotte,North Carolina,34583,1074.7,Mecklenburg,165619.0,35.10963,-80.76005,2,11,24,5,9853
28412,28217,405000.0,3,3,1653,6834 SQUIRRELS FOOT CT,Charlotte,North Carolina,31338,810.3,Mecklenburg,75391.0,35.17146,-80.9077,3,11,24,5,27625
10068,28215,375000.0,3,3,2377,7033 LAKESIDE DR E,Charlotte,North Carolina,63548,850.5,Mecklenburg,80157.0,35.24854,-80.69571,2,11,24,5,9745
18384,28203,999500.0,3,2,1601,1818 EUCLID AVE,Charlotte,North Carolina,17358,2139.7,Mecklenburg,147504.0,35.20832,-80.8577,7,11,24,5,17805
28290,28205,491260.0,3,4,1739,3112 ALLOY LN,Charlotte,North Carolina,51418,1678.5,Mecklenburg,99270.0,35.22019,-80.78737,3,11,24,5,27506
5527,28227,553510.0,3,3,2268,8225 FRANKLIN TRAIL STREET,Charlotte,North Carolina,58524,562.7,Mecklenburg,90457.0,35.18851,-80.6507,4,11,24,5,5321
5496,28211,589900.0,4,4,1886,2220 MAGNOLIA BLOSSOM WAY # 38,Charlotte,North Carolina,31581,1113.4,Mecklenburg,211706.0,35.16816,-80.79604,4,11,24,5,5291
341,28203,650000.0,3,4,1727,1937 ABBOTT ST,Charlotte,North Carolina,17358,2139.7,Mecklenburg,147504.0,35.20832,-80.8577,5,11,24,5,333
28321,28208,399000.0,2,3,1430,1521 WALTON RD,Charlotte,North Carolina,40885,780.1,Mecklenburg,72104.0,35.23153,-80.90611,3,11,24,5,27537
5512,28215,545000.0,2,2,2262,7106 OVERJOYED XING,Charlotte,North Carolina,63548,850.5,Mecklenburg,80157.0,35.24854,-80.69571,4,11,24,5,5306
28461,28269,475000.0,4,3,2778,8512 RIDGELINE LN,Charlotte,North Carolina,78353,989.6,Mecklenburg,94980.0,35.33747,-80.8026,3,11,24,5,27674
375,28226,754900.0,3,3,2265,6318 PROVIDENCE RD,Charlotte,North Carolina,38347,1005.4,Mecklenburg,184053.0,35.10767,-80.81837,5,11,24,5,366
28502,28278,484879.0,4,3,2202,14023 TURNCLOAK DR # 160,Charlotte,North Carolina,34272,459.3,Mecklenburg,140683.0,35.13063,-81.00753,3,11,24,5,27715
5473,28206,604500.0,3,4,1661,2226 N GRAHAM ST # 6,Charlotte,North Carolina,12812,708.9,Mecklenburg,67213.0,35.25631,-80.82144,4,11,24,5,5268
28428,28227,425000.0,3,2,2032,1804 MARLWOOD CIR,Charlotte,North Carolina,58524,562.7,Mecklenburg,90457.0,35.18851,-80.6507,3,11,24,5,27641
28509,28278,457500.0,3,3,2341,13610 KENSAL GREEN DR # 60,Charlotte,North Carolina,34272,459.3,Mecklenburg,140683.0,35.13063,-81.00753,3,11,24,5,27722
28402,28216,450000.0,4,3,2217,207 SURREY OAK LANE,Charlotte,North Carolina,51477,662.1,Mecklenburg,75507.0,35.31039,-80.8883,3,11,24,5,27615
9997,28210,309900.0,2,2,992,5007 SHARON RD UNIT Q,Charlotte,North Carolina,48214,1500.9,Mecklenburg,137848.0,35.12969,-80.8548,2,11,24,5,9674
10054,28214,315000.0,3,2,1168,8035 BRISTLE LN,Charlotte,North Carolina,40619,462.6,Mecklenburg,92059.0,35.27177,-80.96847,2,11,24,5,9731
5560,28273,560000.0,4,3,2912,11323 HUNTINGTON MEADOW LN,Charlotte,North Carolina,44048,755.3,Mecklenburg,100576.0,35.12624,-80.94469,4,11,24,5,5354
9952,28204,350000.0,2,2,885,301 QUEENS RD APT 304,Charlotte,North Carolina,8649,1893.7,Mecklenburg,120966.0,35.21469,-80.82677,2,11,24,5,9630
20371,28269,249995.0,4,3,1854,2702 ROBYNS GLEN DR,Charlotte,North Carolina,78353,989.6,Mecklenburg,94980.0,35.33747,-80.8026,1,11,24,5,19740
28399,28216,399900.0,4,3,2264,6810 BROAD VALLEY CT,Charlotte,North Carolina,51477,662.1,Mecklenburg,75507.0,35.31039,-80.8883,3,11,24,5,27612
20370,28269,200000.0,2,2,976,3015 SUMMERCROFT LN,Charlotte,North Carolina,78353,989.6,Mecklenburg,94980.0,35.33747,-80.8026,1,11,24,5,19739
10102,28216,270000.0,3,2,1015,3719 MAGGIE LANEY DR,Charlotte,North Carolina,51477,662.1,Mecklenburg,75507.0,35.31039,-80.8883,2,11,24,5,9779
3529,28227,831500.0,5,5,3322,10438 ARDLEY PLACE CIR # 11,Charlotte,North Carolina,58524,562.7,Mecklenburg,90457.0,35.18851,-80.6507,6,11,24,5,3385
28280,28202,499900.0,3,3,1768,821 4TH STREET,Charlotte,North Carolina,14359,3072.6,Mecklenburg,132909.0,35.22773,-80.8447,3,11,24,5,27496
5490,28210,600000.0,4,3,2267,5816 SHARON RD,Charlotte,North Carolina,48214,1500.9,Mecklenburg,137848.0,35.12969,-80.8548,4,11,24,5,5285
9975,28208,380000.0,3,3,1630,2917 MACVEAN LN,Charlotte,North Carolina,40885,780.1,Mecklenburg,72104.0,35.23153,-80.90611,2,11,24,5,9653
28435,28262,441550.0,3,4,1966,2207 NOBLE TOWNES WAY,Charlotte,North Carolina,43664,802.5,Mecklenburg,78552.0,35.32609,-80.74234,3,11,24,5,27648
5565,28277,612000.0,5,3,2633,8428 CASTLEBAY DR,Charlotte,North Carolina,71321,1140.3,Mecklenburg,159304.0,35.05212,-80.81622,4,11,24,5,5359
10179,28270,265000.0,2,2,1142,9004 NOLLEY CT UNIT B,Charlotte,North Carolina,34583,1074.7,Mecklenburg,165619.0,35.10963,-80.76005,2,11,24,5,9854
28311,28206,445000.0,4,3,1614,4119 RUTGERS AVE,Charlotte,North Carolina,12812,708.9,Mecklenburg,67213.0,35.25631,-80.82144,3,11,24,5,27527
10066,28215,259000.0,3,1,1050,5409 LARCHMONT AVE,Charlotte,North Carolina,63548,850.5,Mecklenburg,80157.0,35.24854,-80.69571,2,11,24,5,9743
28499,28278,487023.0,3,3,1832,16038 RIVER TREE LN,Charlotte,North Carolina,34272,459.3,Mecklenburg,140683.0,35.13063,-81.00753,3,11,24,5,27712
5569,28278,549000.0,4,3,2816,10511 HONEYFUR CT,Charlotte,North Carolina,34272,459.3,Mecklenburg,140683.0,35.13063,-81.00753,4,11,24,5,5363
26822,28214,1225000.0,5,5,3662,2727 MT ISLE HARBOR DR,Charlotte,North Carolina,40619,462.6,Mecklenburg,92059.0,35.27177,-80.96847,9,11,24,5,26067
28487,28277,445000.0,3,2,1722,8839 SHAVER DR,Charlotte,North Carolina,71321,1140.3,Mecklenburg,159304.0,35.05212,-80.81622,3,11,24,5,27700
28327,28210,465000.0,3,2,1212,6201 NETHERWOOD DR,Charlotte,North Carolina,48214,1500.9,Mecklenburg,137848.0,35.12969,-80.8548,3,11,24,5,27543
10171,28269,377341.0,3,3,1680,4421 IRON OAK LN # 338,Charlotte,North Carolina,78353,989.6,Mecklenburg,94980.0,35.33747,-80.8026,2,11,24,5,9847
18406,28277,915000.0,4,4,3715,9902 TRIPLE OAK RD,Charlotte,North Carolina,71321,1140.3,Mecklenburg,159304.0,35.05212,-80.81622,7,11,24,5,17827
20341,28215,225000.0,2,2,1050,5141 MAGNOLIA TREE LN,Charlotte,North Carolina,63548,850.5,Mecklenburg,80157.0,35.24854,-80.69571,1,11,24,5,19710
10010,28212,269000.0,4,2,1600,6021 MORNINGLOW CT,Charlotte,North Carolina,45180,1899.2,Mecklenburg,65165.0,35.1896,-80.74519,2,11,24,5,9687
10153,28269,350000.0,3,2,1344,6400 CARVER BLVD,Charlotte,North Carolina,78353,989.6,Mecklenburg,94980.0,35.33747,-80.8026,2,11,24,5,9829
28320,28208,450000.0,4,2,1400,2500 REVOLUTION PARK DR,Charlotte,North Carolina,40885,780.1,Mecklenburg,72104.0,35.23153,-80.90611,3,11,24,5,27536
20322,28208,235000.0,3,1,981,1520 WESTDALE DR,Charlotte,North Carolina,40885,780.1,Mecklenburg,72104.0,35.23153,-80.90611,1,11,24,5,19691
20326,28208,160000.0,3,1,916,3025 MINNESOTA RD,Charlotte,North Carolina,40885,780.1,Mecklenburg,72104.0,35.23153,-80.90611,1,11,24,5,19695
26817,28205,1170000.0,4,4,3160,1905 ALLEN ST,Charlotte,North Carolina,51418,1678.5,Mecklenburg,99270.0,35.22019,-80.78737,9,11,24,5,26062
5465,28205,565000.0,4,2,1678,633 MAYVIEW DR,Charlotte,North Carolina,51418,1678.5,Mecklenburg,99270.0,35.22019,-80.78737,4,11,24,5,5260
10082,28216,350000.0,4,3,1865,2215 B AVE,Charlotte,North Carolina,51477,662.1,Mecklenburg,75507.0,35.31039,-80.8883,2,11,24,5,9759
5549,28270,545000.0,4,4,2878,2305 WYTHE HOUSE CT,Charlotte,North Carolina,34583,1074.7,Mecklenburg,165619.0,35.10963,-80.76005,4,11,24,5,5343
28279,28202,439000.0,2,1,1275,301 W 10TH ST APT 106,Charlotte,North Carolina,14359,3072.6,Mecklenburg,132909.0,35.22773,-80.8447,3,11,24,5,27495
5553,28270,560000.0,4,3,2641,3129 SURREYHILL CT,Charlotte,North Carolina,34583,1074.7,Mecklenburg,165619.0,35.10963,-80.76005,4,11,24,5,5347
10143,28227,295000.0,3,2,1529,6719 MONTEZUMA TRL,Charlotte,North Carolina,58524,562.7,Mecklenburg,90457.0,35.18851,-80.6507,2,11,24,5,9819
34302,28213,115000.0,1,1,606,326 ORCHARD TRACE LN APT 3,Charlotte,North Carolina,44553,1209.4,Mecklenburg,69585.0,35.28459,-80.73339,0,11,24,5,33285
9989,28208,359000.0,4,3,1693,1409 EFFINGHAM RD,Charlotte,North Carolina,40885,780.1,Mecklenburg,72104.0,35.23153,-80.90611,2,11,24,5,9666
18409,28278,955000.0,5,5,3985,16729 DOVES CANYON LN,Charlotte,North Carolina,34272,459.3,Mecklenburg,140683.0,35.13063,-81.00753,7,11,24,5,17830
362,28211,650000.0,3,3,2479,1514 FALCON STREET,Charlotte,North Carolina,31581,1113.4,Mecklenburg,211706.0,35.16816,-80.79604,5,11,24,5,353
28506,28278,402230.0,3,3,1742,14714 TAMARACK DR # 35,Charlotte,North Carolina,34272,459.3,Mecklenburg,140683.0,35.13063,-81.00753,3,11,24,5,27719
10134,28227,354990.0,3,3,1762,5240 KINSBRIDGE DR # 12B,Charlotte,North Carolina,58524,562.7,Mecklenburg,90457.0,35.18851,-80.6507,2,11,24,5,9810
5539,28227,585350.0,3,4,2269,9435 LIBERTY HILL DR,Charlotte,North Carolina,58524,562.7,Mecklenburg,90457.0,35.18851,-80.6507,4,11,24,5,5333
20351,28216,225000.0,3,2,1203,6930 REESE FURR DR,Charlotte,North Carolina,51477,662.1,Mecklenburg,75507.0,35.31039,-80.8883,1,11,24,5,19720
386,28270,750000.0,5,3,2457,8301 ADRIAN CT,Charlotte,North Carolina,34583,1074.7,Mecklenburg,165619.0,35.10963,-80.76005,5,11,24,5,377
20336,28213,220000.0,2,2,1220,9616 VINCA CIR APT D,Charlotte,North Carolina,44553,1209.4,Mecklenburg,69585.0,35.28459,-80.73339,1,11,24,5,19705
3540,28278,775000.0,4,5,3083,8810 WINDYGAP RD,Charlotte,North Carolina,34272,459.3,Mecklenburg,140683.0,35.13063,-81.00753,6,11,24,5,3395
3518,28211,789900.0,4,4,3200,1701 RAMA RD LOT 1,Charlotte,North Carolina,31581,1113.4,Mecklenburg,211706.0,35.16816,-80.79604,6,11,24,5,3374
28463,28269,424900.0,4,3,2480,5704 FALLS RIDGE LN,Charlotte,North Carolina,78353,989.6,Mecklenburg,94980.0,35.33747,-80.8026,3,11,24,5,27676
18390,28205,890000.0,4,4,2509,3713 OAKWOOD AVE,Charlotte,North Carolina,51418,1678.5,Mecklenburg,99270.0,35.22019,-80.78737,7,11,24,5,17811
28444,28269,402000.0,4,3,2767,4316 HUBBARD RD,Charlotte,North Carolina,78353,989.6,Mecklenburg,94980.0,35.33747,-80.8026,3,11,24,5,27657
28489,28277,390000.0,2,3,1610,8206 CHURCHTON PL,Charlotte,North Carolina,71321,1140.3,Mecklenburg,159304.0,35.05212,-80.81622,3,11,24,5,27702
26818,28205,1250000.0,12,6,5184,1111 BELMONT AVE,Charlotte,North Carolina,51418,1678.5,Mecklenburg,99270.0,35.22019,-80.78737,9,11,24,5,26063
5459,28205,524468.0,3,4,1952,6020 TOWERING OAKS DR,Charlotte,North Carolina,51418,1678.5,Mecklenburg,99270.0,35.22019,-80.78737,4,11,24,5,5254
5550,28270,525000.0,3,2,1687,6545 CEDAR CROFT DR,Charlotte,North Carolina,34583,1074.7,Mecklenburg,165619.0,35.10963,-80.76005,4,11,24,5,5344
364,28214,719900.0,5,4,3522,6522 JEPSON CT,Charlotte,North Carolina,40619,462.6,Mecklenburg,92059.0,35.27177,-80.96847,5,11,24,5,355
10059,28215,315000.0,3,2,1199,1408 SHANNONHOUSE DR,Charlotte,North Carolina,63548,850.5,Mecklenburg,80157.0,35.24854,-80.69571,2,11,24,5,9736
10129,28227,340000.0,3,3,1655,7105 SYCAMORE GROVE CT,Charlotte,North Carolina,58524,562.7,Mecklenburg,90457.0,35.18851,-80.6507,2,11,24,5,9806
20373,28270,225000.0,1,1,814,806 SARDIS COVE DR,Charlotte,North Carolina,34583,1074.7,Mecklenburg,165619.0,35.10963,-80.76005,1,11,24,5,19742
18401,28226,989000.0,3,3,3205,5629 MERRY MOUNT DR,Charlotte,North Carolina,38347,1005.4,Mecklenburg,184053.0,35.10767,-80.81837,7,11,24,5,17822
34303,28215,115000.0,2,2,992,4408 SHARON CHASE DR APT B,Charlotte,North Carolina,63548,850.5,Mecklenburg,80157.0,35.24854,-80.69571,0,11,24,5,33286
5547,28269,525000.0,4,4,2767,3008 CHEYNEY PARK DR,Charlotte,North Carolina,78353,989.6,Mecklenburg,94980.0,35.33747,-80.8026,4,11,24,5,5341
18389,28205,999000.0,3,2,2017,1401 THE PLZ,Charlotte,North Carolina,51418,1678.5,Mecklenburg,99270.0,35.22019,-80.78737,7,11,24,5,17810
10188,28273,375000.0,3,3,2018,13339 SAVANNAH POINT DR,Charlotte,North Carolina,44048,755.3,Mecklenburg,100576.0,35.12624,-80.94469,2,11,24,5,9863
347,28205,689900.0,3,3,1647,2157 MCCLINTOCK RD # 212,Charlotte,North Carolina,51418,1678.5,Mecklenburg,99270.0,35.22019,-80.78737,5,11,24,5,338
2771,28205,1039000.0,3,3,2217,2101 THE PLZ,Charlotte,North Carolina,51418,1678.5,Mecklenburg,99270.0,35.22019,-80.78737,8,11,24,5,2659
28443,28269,485000.0,5,3,2666,10300 FAIRBOURNE CT,Charlotte,North Carolina,78353,989.6,Mecklenburg,94980.0,35.33747,-80.8026,3,11,24,5,27656
10196,28277,350000.0,2,3,1631,15546 STRONVAR HOUSE LN,Charlotte,North Carolina,71321,1140.3,Mecklenburg,159304.0,35.05212,-80.81622,2,11,24,5,9871
9970,28207,315000.0,2,2,939,2427 VAIL AVE APT B16,Charlotte,North Carolina,9733,1546.7,Mecklenburg,389928.0,35.19512,-80.82606,2,11,24,5,9648
10087,28216,300000.0,3,2,1612,9463 KIMMEL LN,Charlotte,North Carolina,51477,662.1,Mecklenburg,75507.0,35.31039,-80.8883,2,11,24,5,9764
28469,28270,390000.0,3,2,1598,9509 COVEDALE DR,Charlotte,North Carolina,34583,1074.7,Mecklenburg,165619.0,35.10963,-80.76005,3,11,24,5,27682
28426,28227,450000.0,4,2,1496,6518 DOUBLETREE DR,Charlotte,North Carolina,58524,562.7,Mecklenburg,90457.0,35.18851,-80.6507,3,11,24,5,27639
28425,28227,490000.0,5,3,3408,7531 KUCK RD,Charlotte,North Carolina,58524,562.7,Mecklenburg,90457.0,35.18851,-80.6507,3,11,24,5,27638
9951,28202,360000.0,1,1,777,210 N CHURCH ST UNIT 1906,Charlotte,North Carolina,14359,3072.6,Mecklenburg,132909.0,35.22773,-80.8447,2,11,24,5,9629
5454,28202,530000.0,2,3,1300,405 W 7TH ST APT 305,Charlotte,North Carolina,14359,3072.6,Mecklenburg,132909.0,35.22773,-80.8447,4,11,24,5,5249
9969,28207,340000.0,2,2,970,1300 QUEENS RD UNIT 208,Charlotte,North Carolina,9733,1546.7,Mecklenburg,389928.0,35.19512,-80.82606,2,11,24,5,9647
20329,28210,239000.0,2,3,1734,7348 QUAIL MEADOW LN,Charlotte,North Carolina,48214,1500.9,Mecklenburg,137848.0,35.12969,-80.8548,1,11,24,5,19698
28381,28215,389000.0,3,2,1396,7640 FARM GATE DR,Charlotte,North Carolina,63548,850.5,Mecklenburg,80157.0,35.24854,-80.69571,3,11,24,5,27597
18387,28204,995000.0,4,3,3089,2117 E 8TH ST,Charlotte,North Carolina,8649,1893.7,Mecklenburg,120966.0,35.21469,-80.82677,7,11,24,5,17808
28318,28208,398000.0,4,3,1690,3414 PELLIGRINI ST,Charlotte,North Carolina,40885,780.1,Mecklenburg,72104.0,35.23153,-80.90611,3,11,24,5,27534
10002,28210,299990.0,2,3,1175,5947 QUAIL HOLLOW RD APT B,Charlotte,North Carolina,48214,1500.9,Mecklenburg,137848.0,35.12969,-80.8548,2,11,24,5,9679
28357,28214,470000.0,4,3,2510,4335 BRIGHT RD,Charlotte,North Carolina,40619,462.6,Mecklenburg,92059.0,35.27177,-80.96847,3,11,24,5,27573
5505,28213,519000.0,4,3,2826,12315 CALDWELL RD # 2,Charlotte,North Carolina,44553,1209.4,Mecklenburg,69585.0,35.28459,-80.73339,4,11,24,5,5300
10145,28227,369990.0,3,3,1762,7816 NELSON RD # 19B,Charlotte,North Carolina,58524,562.7,Mecklenburg,90457.0,35.18851,-80.6507,2,11,24,5,9821
28452,28269,430000.0,4,3,2500,11509 SWEETBRIAR RIDGE DR,Charlotte,North Carolina,78353,989.6,Mecklenburg,94980.0,35.33747,-80.8026,3,11,24,5,27665
28384,28215,425000.0,3,3,1570,1828 PURSER DR,Charlotte,North Carolina,63548,850.5,Mecklenburg,80157.0,35.24854,-80.69571,3,11,24,5,27600
349,28205,700000.0,4,4,2520,922 ACADEMY ST,Charlotte,North Carolina,51418,1678.5,Mecklenburg,99270.0,35.22019,-80.78737,5,11,24,5,340
28441,28262,387997.0,4,3,2204,13433 CIRCLE DR,Charlotte,North Carolina,43664,802.5,Mecklenburg,78552.0,35.32609,-80.74234,3,11,24,5,27654
10116,28217,276000.0,2,3,1287,7027 WALNUT RIDGE CT,Charlotte,North Carolina,31338,810.3,Mecklenburg,75391.0,35.17146,-80.9077,2,11,24,5,9793
5484,28210,523000.0,3,2,1659,1148 SENECA PL,Charlotte,North Carolina,48214,1500.9,Mecklenburg,137848.0,35.12969,-80.8548,4,11,24,5,5279
28364,28215,486583.0,3,3,2300,4025 PECKHAM PL # KEN0029,Charlotte,North Carolina,63548,850.5,Mecklenburg,80157.0,35.24854,-80.69571,3,11,24,5,27580
5518,28217,588100.0,3,4,1723,6020 IRWINS BRANCH DR # 12,Charlotte,North Carolina,31338,810.3,Mecklenburg,75391.0,35.17146,-80.9077,4,11,24,5,5312
374,28226,699900.0,3,3,2223,6308 PROVIDENCE RD,Charlotte,North Carolina,38347,1005.4,Mecklenburg,184053.0,35.10767,-80.81837,5,11,24,5,365
20331,28212,175000.0,2,2,877,8208 CEDAR GLEN DR,Charlotte,North Carolina,45180,1899.2,Mecklenburg,65165.0,35.1896,-80.74519,1,11,24,5,19700
3525,28226,847700.0,4,3,3140,4320 CARMEL RD,Charlotte,North Carolina,38347,1005.4,Mecklenburg,184053.0,35.10767,-80.81837,6,11,24,5,3381
28393,28215,452080.0,5,3,2850,6660 KINGBIRD CT,Charlotte,North Carolina,63548,850.5,Mecklenburg,80157.0,35.24854,-80.69571,3,11,24,5,27608
5509,28215,517740.0,3,3,2690,4029 PECKHAM PL # KEN0028,Charlotte,North Carolina,63548,850.5,Mecklenburg,80157.0,35.24854,-80.69571,4,11,24,5,5303
5515,28217,593900.0,3,4,1723,6016 IRWINS BRANCH DR # 13,Charlotte,North Carolina,31338,810.3,Mecklenburg,75391.0,35.17146,-80.9077,4,11,24,5,5309
379,28227,658060.0,4,4,2922,9514 LIBERTY HILL DR,Charlotte,North Carolina,58524,562.7,Mecklenburg,90457.0,35.18851,-80.6507,5,11,24,5,370
5531,28227,628396.0,3,4,2677,9417 LIBERTY HILL DR,Charlotte,North Carolina,58524,562.7,Mecklenburg,90457.0,35.18851,-80.6507,4,11,24,5,5325
28515,28278,425000.0,3,2,2111,13546 PLANTERS ROW DR,Charlotte,North Carolina,34272,459.3,Mecklenburg,140683.0,35.13063,-81.00753,3,11,24,5,27728
28282,28204,399000.0,2,2,1393,2406 E 5TH ST,Charlotte,North Carolina,8649,1893.7,Mecklenburg,120966.0,35.21469,-80.82677,3,11,24,5,27498
5467,28205,550000.0,2,3,1637,2957 SIMPSON DR,Charlotte,North Carolina,51418,1678.5,Mecklenburg,99270.0,35.22019,-80.78737,4,11,24,5,5262
10110,28216,318690.0,3,3,1416,9106 LOWFALLS LN,Charlotte,North Carolina,51477,662.1,Mecklenburg,75507.0,35.31039,-80.8883,2,11,24,5,9787
26819,28210,1200000.0,3,4,2788,6114 CAMPANA LN,Charlotte,North Carolina,48214,1500.9,Mecklenburg,137848.0,35.12969,-80.8548,9,11,24,5,26064
9948,28202,268000.0,1,1,544,715 N CHURCH ST UNIT 804,Charlotte,North Carolina,14359,3072.6,Mecklenburg,132909.0,35.22773,-80.8447,2,11,24,5,9626
5478,28208,535000.0,2,3,1356,120 JUDSON AVE,Charlotte,North Carolina,40885,780.1,Mecklenburg,72104.0,35.23153,-80.90611,4,11,24,5,5273
26821,28211,1235000.0,3,2,2154,2501 TANGLEWOOD LN,Charlotte,North Carolina,31581,1113.4,Mecklenburg,211706.0,35.16816,-80.79604,9,11,24,5,26066
5461,28205,559812.0,3,4,1906,6016 TOWERING OAKS DR,Charlotte,North Carolina,51418,1678.5,Mecklenburg,99270.0,35.22019,-80.78737,4,11,24,5,5256
5488,28210,565000.0,3,2,1516,4118 ASHTON DR,Charlotte,North Carolina,48214,1500.9,Mecklenburg,137848.0,35.12969,-80.8548,4,11,24,5,5283
10070,28215,377610.0,3,3,2013,5223 BELSTONE LANE,Charlotte,North Carolina,63548,850.5,Mecklenburg,80157.0,35.24854,-80.69571,2,11,24,5,9747
10208,28278,361989.0,3,3,1529,11238 BARTRAMS WAY # 121,Charlotte,North Carolina,34272,459.3,Mecklenburg,140683.0,35.13063,-81.00753,2,11,24,5,9883
28400,28216,395000.0,3,3,2017,8917 OVERLAY CT,Charlotte,North Carolina,51477,662.1,Mecklenburg,75507.0,35.31039,-80.8883,3,11,24,5,27613
10084,28216,295000.0,3,2,922,2815 SOUTHWEST BLVD,Charlotte,North Carolina,51477,662.1,Mecklenburg,75507.0,35.31039,-80.8883,2,11,24,5,9761
9967,28206,339900.0,3,2,1357,2616 MONTREAT ST,Charlotte,North Carolina,12812,708.9,Mecklenburg,67213.0,35.25631,-80.82144,2,11,24,5,9645
9994,28209,295000.0,2,1,1030,3210 SELWYN FARMS LN APT 1,Charlotte,North Carolina,23339,1641.1,Mecklenburg,146696.0,35.17878,-80.85418,2,11,24,5,9671
10034,28214,379900.0,4,3,1800,5220 WOLFRIDGE AVE,Charlotte,North Carolina,40619,462.6,Mecklenburg,92059.0,35.27177,-80.96847,2,11,24,5,9711
28387,28215,459900.0,3,3,1544,4117 OAK FOREST DR,Charlotte,North Carolina,63548,850.5,Mecklenburg,80157.0,35.24854,-80.69571,3,11,24,5,27602
5533,28227,602358.0,4,4,2298,9526 LIBERTY HILL DR,Charlotte,North Carolina,58524,562.7,Mecklenburg,90457.0,35.18851,-80.6507,4,11,24,5,5327
10013,28212,359900.0,3,1,1040,5423 LANTANA AVE,Charlotte,North Carolina,45180,1899.2,Mecklenburg,65165.0,35.1896,-80.74519,2,11,24,5,9690
401,28277,750000.0,5,4,3233,10012 PAXTON RUN RD,Charlotte,North Carolina,71321,1140.3,Mecklenburg,159304.0,35.05212,-80.81622,5,11,24,5,392
28404,28216,425000.0,4,3,2768,11113 CHASTAIN PARC DR,Charlotte,North Carolina,51477,662.1,Mecklenburg,75507.0,35.31039,-80.8883,3,11,24,5,27617
3541,28278,775000.0,5,5,3704,15127 SHALLOW RIDGE RD,Charlotte,North Carolina,34272,459.3,Mecklenburg,140683.0,35.13063,-81.00753,6,11,24,5,3396
28371,28215,415000.0,4,3,1892,7114 COVECREEK DR,Charlotte,North Carolina,63548,850.5,Mecklenburg,80157.0,35.24854,-80.69571,3,11,24,5,27587
10092,28216,350000.0,3,3,1414,3825 BLACK AVE,Charlotte,North Carolina,51477,662.1,Mecklenburg,75507.0,35.31039,-80.8883,2,11,24,5,9769
28438,28262,475000.0,4,3,2938,13813 MALLARD LAKE RD,Charlotte,North Carolina,43664,802.5,Mecklenburg,78552.0,35.32609,-80.74234,3,11,24,5,27651
28478,28273,399000.0,4,3,1756,3231 MEADOW STONE CT,Charlotte,North Carolina,44048,755.3,Mecklenburg,100576.0,35.12624,-80.94469,3,11,24,5,27691
360,28211,700000.0,4,3,2695,6221 AMBER MIST LN,Charlotte,North Carolina,31581,1113.4,Mecklenburg,211706.0,35.16816,-80.79604,5,11,24,5,351
10021,28213,310000.0,3,2,1507,6036 FAIRHAVEN DR,Charlotte,North Carolina,44553,1209.4,Mecklenburg,69585.0,35.28459,-80.73339,2,11,24,5,9698
10081,28216,364460.0,3,3,1608,1025 PLUMCREST DR,Charlotte,North Carolina,51477,662.1,Mecklenburg,75507.0,35.31039,-80.8883,2,11,24,5,9758
20346,28216,225000.0,3,3,1273,2024 LASALLE ST,Charlotte,North Carolina,51477,662.1,Mecklenburg,75507.0,35.31039,-80.8883,1,11,24,5,19715
9959,28205,279000.0,2,2,852,1218 GREEN OAKS LN APT D,Charlotte,North Carolina,51418,1678.5,Mecklenburg,99270.0,35.22019,-80.78737,2,11,24,5,9637
9991,28209,345000.0,2,2,1142,1000 E WOODLAWN RD APT 123,Charlotte,North Carolina,23339,1641.1,Mecklenburg,146696.0,35.17878,-80.85418,2,11,24,5,9668
20330,28212,198900.0,2,2,1004,8041 CEDAR GLEN DR,Charlotte,North Carolina,45180,1899.2,Mecklenburg,65165.0,35.1896,-80.74519,1,11,24,5,19699
28497,28278,420016.0,3,3,1837,11242 BARTRAMS WAY # 120,Charlotte,North Carolina,34272,459.3,Mecklenburg,140683.0,35.13063,-81.00753,3,11,24,5,27710
5499,28211,600000.0,3,3,2240,5427 ADDISON DR,Charlotte,North Carolina,31581,1113.4,Mecklenburg,211706.0,35.16816,-80.79604,4,11,24,5,5294
10028,28213,350000.0,3,2,1680,16209 HAYFIELD RD,Charlotte,North Carolina,44553,1209.4,Mecklenburg,69585.0,35.28459,-80.73339,2,11,24,5,9705
3519,28214,819900.0,5,3,3868,2600 MT ISLE HARBOR DR,Charlotte,North Carolina,40619,462.6,Mecklenburg,92059.0,35.27177,-80.96847,6,11,24,5,3375
28459,28269,495000.0,5,3,2678,7303 RIDGEFIELD DR,Charlotte,North Carolina,78353,989.6,Mecklenburg,94980.0,35.33747,-80.8026,3,11,24,5,27672
28338,28213,409900.0,3,3,2223,5936 RIVER MEADOW CT,Charlotte,North Carolina,44553,1209.4,Mecklenburg,69585.0,35.28459,-80.73339,3,11,24,5,27554
28355,28214,396065.0,4,3,2164,4538 OPUS LANE,Charlotte,North Carolina,40619,462.6,Mecklenburg,92059.0,35.27177,-80.96847,3,11,24,5,27571
356,28210,650000.0,3,2,1813,7116 BRIDLESPUR LN,Charlotte,North Carolina,48214,1500.9,Mecklenburg,137848.0,35.12969,-80.8548,5,11,24,5,347
10126,28227,379990.0,3,3,1762,7812 NELSON RD # 19A,Charlotte,North Carolina,58524,562.7,Mecklenburg,90457.0,35.18851,-80.6507,2,11,24,5,9803
10169,28269,348000.0,3,3,1448,9114 SWALLOW TAIL LN,Charlotte,North Carolina,78353,989.6,Mecklenburg,94980.0,35.33747,-80.8026,2,11,24,5,9845
28304,28205,490000.0,3,2,1686,4242 FOLKSTON DR,Charlotte,North Carolina,51418,1678.5,Mecklenburg,99270.0,35.22019,-80.78737,3,11,24,5,27520
28334,28211,399000.0,3,2,1622,1704 ROXBOROUGH RD,Charlotte,North Carolina,31581,1113.4,Mecklenburg,211706.0,35.16816,-80.79604,3,11,24,5,27550
28503,28278,493696.0,4,3,2012,16034 RIVER TREE LN,Charlotte,North Carolina,34272,459.3,Mecklenburg,140683.0,35.13063,-81.00753,3,11,24,5,27716
10109,28216,295000.0,3,2,1534,8941 CINNABAY DR,Charlotte,North Carolina,51477,662.1,Mecklenburg,75507.0,35.31039,-80.8883,2,11,24,5,9786
10038,28214,319000.0,4,3,1705,3931 ROSFIELD DR,Charlotte,North Carolina,40619,462.6,Mecklenburg,92059.0,35.27177,-80.96847,2,11,24,5,9715
3522,28216,800000.0,4,3,2995,4010 NICOLE EILEEN LN,Charlotte,North Carolina,51477,662.1,Mecklenburg,75507.0,35.31039,-80.8883,6,11,24,5,3378
28432,28262,390000.0,4,3,2166,10506 BARVAS ST,Charlotte,North Carolina,43664,802.5,Mecklenburg,78552.0,35.32609,-80.74234,3,11,24,5,27645
355,28210,675000.0,3,2,1842,4008 RHODES AVE,Charlotte,North Carolina,48214,1500.9,Mecklenburg,137848.0,35.12969,-80.8548,5,11,24,5,346
10052,28214,350000.0,3,2,1575,1609 RUNNING BROOK RD,Charlotte,North Carolina,40619,462.6,Mecklenburg,92059.0,35.27177,-80.96847,2,11,24,5,9729
10122,28227,354900.0,3,3,1626,8226 MEADOWDALE LN,Charlotte,North Carolina,58524,562.7,Mecklenburg,90457.0,35.18851,-80.6507,2,11,24,5,9799
28513,28278,503249.0,4,3,2012,16042 RIVER TREE LN,Charlotte,North Carolina,34272,459.3,Mecklenburg,140683.0,35.13063,-81.00753,3,11,24,5,27726
28300,28205,450000.0,3,1,1661,1409 PINECREST AVE,Charlotte,North Carolina,51418,1678.5,Mecklenburg,99270.0,35.22019,-80.78737,3,11,24,5,27516
10045,28214,325000.0,4,2,1471,7912 LOBILIA LN,Charlotte,North Carolina,40619,462.6,Mecklenburg,92059.0,35.27177,-80.96847,2,11,24,5,9722
28511,28278,442188.0,3,4,2077,14706 TAMARACK DR # 37,Charlotte,North Carolina,34272,459.3,Mecklenburg,140683.0,35.13063,-81.00753,3,11,24,5,27724
10132,28227,355000.0,3,3,1696,9315 MAGNOLIA LILY AVE,Charlotte,North Carolina,58524,562.7,Mecklenburg,90457.0,35.18851,-80.6507,2,11,24,5,9802
20319,28205,190000.0,2,2,1028,2507 KILBORNE DR APT F,Charlotte,North Carolina,51418,1678.5,Mecklenburg,99270.0,35.22019,-80.78737,1,11,24,5,19688
10163,28269,350000.0,4,3,1900,5023 DOWNHAUL DR,Charlotte,North Carolina,78353,989.6,Mecklenburg,94980.0,35.33747,-80.8026,2,11,24,5,9839
28481,28273,449040.0,3,3,1835,13124 ROVER ST # 224,Charlotte,North Carolina,44048,755.3,Mecklenburg,100576.0,35.12624,-80.94469,3,11,24,5,27694
28365,28215,400000.0,4,2,1916,6011 OLINDA ST APT 6013,Charlotte,North Carolina,63548,850.5,Mecklenburg,80157.0,35.24854,-80.69571,3,11,24,5,27581
5480,28209,575000.0,3,2,1389,537 INWOOD DR,Charlotte,North Carolina,23339,1641.1,Mecklenburg,146696.0,35.17878,-80.85418,4,11,24,5,5275
28347,28214,389900.0,4,3,2338,1208 LONG PAW LN,Charlotte,North Carolina,40619,462.6,Mecklenburg,92059.0,35.27177,-80.96847,3,11,24,5,27563
26823,28226,1200000.0,4,5,3829,2228 ROCK CREEK DR,Charlotte,North Carolina,38347,1005.4,Mecklenburg,184053.0,35.10767,-80.81837,9,11,24,5,26068
5516,28217,591000.0,3,4,1723,6008 IRWINS BRANCH DR # 15,Charlotte,North Carolina,31338,810.3,Mecklenburg,75391.0,35.17146,-80.9077,4,11,24,5,5310
10146,28262,300000.0,3,3,1504,6744 MALLARD PARK DR # 6744,Charlotte,North Carolina,43664,802.5,Mecklenburg,78552.0,35.32609,-80.74234,2,11,24,5,9822
3508,28206,761900.0,4,5,2284,3032 KHAN PARK DR # 63,Charlotte,North Carolina,12812,708.9,Mecklenburg,67213.0,35.25631,-80.82144,6,11,24,5,3364
28422,28226,499900.0,4,3,1982,8709 NIGHTINGALE LN,Charlotte,North Carolina,38347,1005.4,Mecklenburg,184053.0,35.10767,-80.81837,3,11,24,5,27635
